claim_id,patient_id,doctor_id,doctor_name,department,insurance_company,bill_amount,paid_amount,submit_date,payment_date,days_to_payment,status,rejection_reason,data_quality_flag,submit_month
CLM00001,PT01310,DR002,Dr. Suresh Patil,Orthopedics,Starhealth,112524.82,105111.44,2024-05-05,2024-08-06,93.0,Approved,nan,OK,2024-05
CLM00002,PT00066,DR001,Dr. Priya Nair,Cardiology,Starhealth,36702.51,32676.66,2024-09-15,2024-12-22,98.0,Approved,nan,OK,2024-09
CLM00003,PT01207,DR005,Dr. Sunita Kulkarni,General Medicine,Starhealth,115027.07,96054.81,2024-03-22,2024-04-17,26.0,Approved,nan,OK,2024-03
CLM00004,PT00779,DR002,Dr. Suresh Patil,Orthopedics,Bajajallianz,127886.68,97304.19,2024-11-05,2025-01-09,65.0,Approved,nan,OK,2024-11
CLM00005,PT01131,DR005,Dr. Sunita Kulkarni,General Medicine,Unitedhealthindia,133390.5,123538.67,2024-07-04,2024-07-16,12.0,Approved,nan,OK,2024-07
CLM00006,PT01752,DR004,Dr. Rajan Mehta,Oncology,Starhealth,60118.3,50572.0,2024-08-20,2024-10-13,54.0,Approved,nan,OK,2024-08
CLM00007,PT01400,DR002,Dr. Suresh Patil,Orthopedics,Unitedhealthindia,97071.85,76769.33,2024-09-30,2024-11-24,55.0,Approved,nan,OK,2024-09
CLM00008,PT00450,DR006,Dr. Kavya Iyer,Pediatrics,Starhealth,38211.97,32491.3,2024-01-17,2024-02-01,15.0,Approved,nan,OK,2024-01
CLM00009,PT00645,DR004,Dr. Rajan Mehta,Oncology,Hdfcergo,62366.63,50904.89,2024-11-25,2025-01-02,38.0,Approved,nan,OK,2024-11
CLM00010,PT00878,DR010,Dr. Rohit Verma,Orthopedics,Hdfcergo,57489.48,44423.69,2024-03-11,2024-03-24,13.0,Approved,nan,OK,2024-03
CLM00011,PT01394,DR007,Dr. Deepak Sharma,Gynecology,Unitedhealthindia,14211.52,12321.57,2024-07-14,2024-08-22,39.0,Approved,nan,OK,2024-07
CLM00012,PT01477,DR002,Dr. Suresh Patil,Orthopedics,Unitedhealthindia,113877.28,93763.71,2024-11-24,2024-12-21,27.0,Approved,nan,OK,2024-11
CLM00013,PT00540,DR009,Dr. Meera Pillai,Cardiology,Nationalinsurance,78613.84,64825.85,2024-02-24,2024-05-22,88.0,Approved,nan,OK,2024-02
CLM00014,PT00331,DR009,Dr. Meera Pillai,Cardiology,Unitedhealthindia,138181.56,104309.0,2024-11-02,2024-12-25,53.0,Approved,nan,OK,2024-11
CLM00015,PT00119,DR004,Dr. Rajan Mehta,Oncology,Unitedhealthindia,142307.67,135762.34,2024-02-13,2024-05-27,104.0,Approved,nan,OK,2024-02
CLM00016,PT01940,DR009,Dr. Meera Pillai,Cardiology,Nationalinsurance,43433.21,34874.68,2024-11-06,2025-01-21,76.0,Approved,nan,OK,2024-11
CLM00017,PT00818,DR006,Dr. Kavya Iyer,Pediatrics,Hdfcergo,135444.04,109191.51,2024-08-19,2024-10-08,50.0,Approved,nan,OK,2024-08
CLM00018,PT00015,DR002,Dr. Suresh Patil,Orthopedics,Starhealth,38196.56,29324.05,2024-01-17,2024-02-23,37.0,Approved,nan,OK,2024-01
CLM00019,PT01482,DR010,Dr. Rohit Verma,Orthopedics,Unitedhealthindia,73537.3,58653.53,2024-08-30,2024-09-18,19.0,Approved,nan,OK,2024-08
CLM00020,PT01770,DR001,Dr. Priya Nair,Cardiology,Starhealth,13788.84,10718.3,2024-06-22,2024-07-23,31.0,Approved,nan,OK,2024-06
CLM00021,PT00571,DR008,Dr. Anil Joshi,Emergency,Nationalinsurance,131800.46,127231.9,2024-02-08,2024-04-25,77.0,Approved,nan,OK,2024-02
CLM00023,PT01898,DR008,Dr. Anil Joshi,Emergency,Bajajallianz,66336.09,57823.04,2024-10-11,2024-11-11,31.0,Approved,nan,OK,2024-10
CLM00024,PT01111,DR001,Dr. Priya Nair,Cardiology,Bajajallianz,13288.96,13021.14,2024-10-26,2025-01-08,74.0,Approved,nan,OK,2024-10
CLM00025,PT00381,DR002,Dr. Suresh Patil,Orthopedics,Unitedhealthindia,14854.33,14637.44,2024-04-30,2024-07-18,79.0,Approved,nan,OK,2024-04
CLM00026,PT00859,DR010,Dr. Rohit Verma,Orthopedics,Unitedhealthindia,80803.49,0.0,2024-05-13,,,Rejected,Incomplete documents,OK,2024-05
CLM00027,PT00615,DR008,Dr. Anil Joshi,Emergency,Bajajallianz,139707.66,0.0,2024-02-07,,,Rejected,Wrong diagnosis code,OK,2024-02
CLM00028,PT01912,DR006,Dr. Kavya Iyer,Pediatrics,Starhealth,132494.19,113884.87,2024-07-08,2024-09-22,76.0,Approved,nan,OK,2024-07
CLM00029,PT01340,DR009,Dr. Meera Pillai,Cardiology,Starhealth,101840.16,93270.02,2024-10-10,2025-02-06,119.0,Approved,nan,OK,2024-10
CLM00030,PT01134,DR003,Dr. Aarti Deshmukh,Neurology,Bajajallianz,45854.66,36724.97,2024-04-17,2024-07-14,88.0,Approved,nan,OK,2024-04
CLM00031,PT01860,DR001,Dr. Priya Nair,Cardiology,Starhealth,96971.24,0.0,2024-05-21,,,Rejected,Incomplete documents,OK,2024-05
CLM00032,PT01519,DR008,Dr. Anil Joshi,Emergency,Unitedhealthindia,107321.78,0.0,2024-10-14,,,Rejected,Wrong diagnosis code,OK,2024-10
CLM00033,PT00074,DR006,Dr. Kavya Iyer,Pediatrics,Unitedhealthindia,85116.14,0.0,2024-08-08,,,Rejected,Late submission,OK,2024-08
CLM00034,PT00082,DR006,Dr. Kavya Iyer,Pediatrics,Nationalinsurance,103899.67,0.0,2024-12-07,,,Rejected,Patient details mismatch,OK,2024-12
CLM00035,PT00485,DR003,Dr. Aarti Deshmukh,Neurology,Nationalinsurance,132805.35,0.0,2024-01-13,,,Rejected,Incomplete documents,OK,2024-01
CLM00036,PT01506,DR004,Dr. Rajan Mehta,Oncology,Bajajallianz,28083.69,0.0,2024-12-25,,,Rejected,Pre-authorization missing,OK,2024-12
CLM00037,PT00943,DR006,Dr. Kavya Iyer,Pediatrics,Bajajallianz,123977.78,113440.7,2024-04-26,2024-06-23,58.0,Approved,nan,OK,2024-04
CLM00038,PT00572,DR006,Dr. Kavya Iyer,Pediatrics,Unitedhealthindia,62953.37,47649.41,2024-10-01,2025-01-28,119.0,Approved,nan,OK,2024-10
CLM00039,PT00544,DR001,Dr. Priya Nair,Cardiology,Starhealth,91502.83,75802.71,2024-06-25,2024-09-17,84.0,Approved,nan,OK,2024-06
CLM00040,PT00390,DR005,Dr. Sunita Kulkarni,General Medicine,Starhealth,107773.87,102560.6,2024-01-01,2024-04-04,94.0,Approved,nan,OK,2024-01
CLM00041,PT00746,DR007,Dr. Deepak Sharma,Gynecology,Starhealth,142586.8,130587.67,2024-06-18,2024-07-10,22.0,Approved,nan,OK,2024-06
CLM00042,PT00837,DR006,Dr. Kavya Iyer,Pediatrics,Hdfcergo,106095.22,90723.25,2024-10-10,2024-12-04,55.0,Approved,nan,OK,2024-10
CLM00043,PT00617,DR007,Dr. Deepak Sharma,Gynecology,Unitedhealthindia,125890.15,107947.28,2024-06-04,2024-08-24,81.0,Approved,nan,OK,2024-06
CLM00044,PT01384,DR004,Dr. Rajan Mehta,Oncology,Unitedhealthindia,73612.0,60431.52,2024-03-27,2024-06-26,91.0,Approved,nan,OK,2024-03
CLM00045,PT01539,DR004,Dr. Rajan Mehta,Oncology,Bajajallianz,37572.9,28613.77,2024-04-11,2024-06-17,67.0,Approved,nan,OK,2024-04
CLM00046,PT01815,DR010,Dr. Rohit Verma,Orthopedics,Nationalinsurance,109160.16,88528.47,2024-07-15,2024-10-13,90.0,Approved,nan,OK,2024-07
CLM00047,PT01814,DR002,Dr. Suresh Patil,Orthopedics,Hdfcergo,36731.96,28010.12,2024-12-22,2025-01-29,38.0,Approved,nan,OK,2024-12
CLM00048,PT00952,DR009,Dr. Meera Pillai,Cardiology,Unitedhealthindia,91340.59,84930.17,2024-08-14,2024-10-24,71.0,Approved,nan,OK,2024-08
CLM00049,PT00326,DR008,Dr. Anil Joshi,Emergency,Hdfcergo,42582.77,34889.25,2024-05-06,2024-08-20,106.0,Approved,nan,OK,2024-05
CLM00050,PT00159,DR005,Dr. Sunita Kulkarni,General Medicine,Nationalinsurance,44398.69,34193.4,2024-06-12,2024-07-08,26.0,Approved,nan,OK,2024-06
CLM00051,PT00132,DR007,Dr. Deepak Sharma,Gynecology,Hdfcergo,52977.8,42472.76,2024-08-26,2024-10-25,60.0,Approved,nan,OK,2024-08
CLM00052,PT00041,DR010,Dr. Rohit Verma,Orthopedics,Hdfcergo,74162.06,62852.1,2024-06-29,2024-10-20,113.0,Approved,nan,OK,2024-06
CLM00053,PT01236,DR004,Dr. Rajan Mehta,Oncology,Hdfcergo,36816.14,31191.16,2024-08-11,2024-11-11,92.0,Approved,nan,OK,2024-08
CLM00054,PT00958,DR003,Dr. Aarti Deshmukh,Neurology,Unitedhealthindia,82447.93,75501.69,2024-07-20,2024-08-06,17.0,Approved,nan,OK,2024-07
CLM00055,PT00103,DR005,Dr. Sunita Kulkarni,General Medicine,Hdfcergo,52466.14,49334.3,2024-08-20,2024-10-14,55.0,Approved,nan,OK,2024-08
CLM00056,PT01710,DR002,Dr. Suresh Patil,Orthopedics,Hdfcergo,7810.58,0.0,2024-10-03,,,Rejected,Incomplete documents,OK,2024-10
CLM00057,PT00083,DR001,Dr. Priya Nair,Cardiology,Nationalinsurance,33907.3,27452.58,2024-01-11,2024-03-18,67.0,Approved,nan,OK,2024-01
CLM00058,PT01433,DR005,Dr. Sunita Kulkarni,General Medicine,Bajajallianz,29329.43,27264.32,2024-11-06,2025-02-20,106.0,Approved,nan,OK,2024-11
CLM00059,PT00053,DR005,Dr. Sunita Kulkarni,General Medicine,Unitedhealthindia,103215.36,95861.65,2024-07-11,2024-07-27,16.0,Approved,nan,OK,2024-07
CLM00060,PT01428,DR005,Dr. Sunita Kulkarni,General Medicine,Unitedhealthindia,121801.55,101923.65,2024-10-16,2024-12-16,61.0,Approved,nan,OK,2024-10
CLM00061,PT00026,DR007,Dr. Deepak Sharma,Gynecology,Hdfcergo,20303.14,19433.7,2024-07-04,2024-10-09,97.0,Approved,nan,OK,2024-07
CLM00062,PT01333,DR005,Dr. Sunita Kulkarni,General Medicine,Unitedhealthindia,122188.89,105842.27,2024-10-02,2025-01-22,112.0,Approved,nan,OK,2024-10
CLM00063,PT01702,DR002,Dr. Suresh Patil,Orthopedics,Bajajallianz,132836.52,118551.6,2024-05-04,2024-08-04,92.0,Approved,nan,OK,2024-05
CLM00064,PT00373,DR008,Dr. Anil Joshi,Emergency,Nationalinsurance,56449.62,54760.65,2024-05-12,2024-08-16,96.0,Approved,nan,OK,2024-05
CLM00065,PT00392,DR002,Dr. Suresh Patil,Orthopedics,Nationalinsurance,109410.83,88631.63,2024-09-07,2024-11-13,67.0,Approved,nan,OK,2024-09
CLM00066,PT00191,DR005,Dr. Sunita Kulkarni,General Medicine,Nationalinsurance,63638.16,0.0,2024-05-04,,,Rejected,Incomplete documents,OK,2024-05
CLM00067,PT01528,DR009,Dr. Meera Pillai,Cardiology,Bajajallianz,56012.53,45529.84,2024-08-20,2024-09-11,22.0,Approved,nan,OK,2024-08
CLM00068,PT01948,DR003,Dr. Aarti Deshmukh,Neurology,Nationalinsurance,36375.77,0.0,2024-09-04,,,Rejected,Late submission,OK,2024-09
CLM00069,PT00740,DR003,Dr. Aarti Deshmukh,Neurology,Bajajallianz,7051.51,5368.87,2024-09-30,2024-10-13,13.0,Approved,nan,OK,2024-09
CLM00070,PT01779,DR008,Dr. Anil Joshi,Emergency,Starhealth,131544.36,114401.31,2024-10-20,2024-12-09,50.0,Approved,nan,OK,2024-10
CLM00071,PT00979,DR002,Dr. Suresh Patil,Orthopedics,Starhealth,63102.58,58156.14,2024-02-07,2024-03-04,26.0,Approved,nan,OK,2024-02
CLM00072,PT00509,DR002,Dr. Suresh Patil,Orthopedics,Unitedhealthindia,115844.3,104793.29,2024-11-06,2025-02-20,106.0,Approved,nan,OK,2024-11
CLM00073,PT01762,DR010,Dr. Rohit Verma,Orthopedics,Hdfcergo,49280.14,0.0,2024-11-13,,,Rejected,Wrong diagnosis code,OK,2024-11
CLM00074,PT01353,DR002,Dr. Suresh Patil,Orthopedics,Nationalinsurance,39780.45,0.0,2024-10-09,,,Rejected,Pre-authorization missing,OK,2024-10
CLM00075,PT00067,DR004,Dr. Rajan Mehta,Oncology,Bajajallianz,107508.6,82544.56,2024-12-25,2025-01-30,36.0,Approved,nan,OK,2024-12
CLM00076,PT01355,DR004,Dr. Rajan Mehta,Oncology,Hdfcergo,21642.56,21147.01,2024-04-25,2024-08-15,112.0,Approved,nan,OK,2024-04
CLM00077,PT01219,DR010,Dr. Rohit Verma,Orthopedics,Bajajallianz,68677.25,63521.88,2024-08-27,2024-10-07,41.0,Approved,nan,OK,2024-08
CLM00078,PT00082,DR007,Dr. Deepak Sharma,Gynecology,Bajajallianz,92538.48,0.0,2024-01-14,,,Rejected,Pre-authorization missing,OK,2024-01
CLM00079,PT00083,DR003,Dr. Aarti Deshmukh,Neurology,Hdfcergo,80249.76,63828.44,2024-08-14,2024-11-03,81.0,Approved,nan,OK,2024-08
CLM00080,PT00963,DR006,Dr. Kavya Iyer,Pediatrics,Hdfcergo,53329.72,42141.48,2024-12-09,2025-02-06,59.0,Approved,nan,OK,2024-12
CLM00081,PT01667,DR009,Dr. Meera Pillai,Cardiology,Starhealth,70949.76,55268.47,2024-06-10,2024-09-23,105.0,Approved,nan,OK,2024-06
CLM00082,PT01347,DR009,Dr. Meera Pillai,Cardiology,Hdfcergo,64920.9,58796.16,2024-04-06,2024-06-15,70.0,Approved,nan,OK,2024-04
CLM00083,PT01125,DR003,Dr. Aarti Deshmukh,Neurology,Bajajallianz,68526.83,51889.71,2024-12-23,2025-03-20,87.0,Approved,nan,OK,2024-12
CLM00084,PT01129,DR001,Dr. Priya Nair,Cardiology,Unitedhealthindia,64158.65,62762.07,2024-04-25,2024-06-30,66.0,Approved,nan,OK,2024-04
CLM00085,PT01911,DR005,Dr. Sunita Kulkarni,General Medicine,Unitedhealthindia,107284.69,106754.83,2024-07-31,2024-09-07,38.0,Approved,nan,OK,2024-07
CLM00086,PT01228,DR009,Dr. Meera Pillai,Cardiology,Nationalinsurance,130283.91,125541.98,2024-05-21,2024-07-10,50.0,Approved,nan,OK,2024-05
CLM00087,PT00580,DR005,Dr. Sunita Kulkarni,General Medicine,Unitedhealthindia,89088.89,70126.22,2024-12-03,2025-02-16,75.0,Approved,nan,OK,2024-12
CLM00088,PT00773,DR008,Dr. Anil Joshi,Emergency,Bajajallianz,131092.24,110870.31,2024-12-23,2025-04-18,116.0,Approved,nan,OK,2024-12
CLM00089,PT01445,DR007,Dr. Deepak Sharma,Gynecology,Hdfcergo,148320.03,129606.81,2024-11-29,2024-12-10,11.0,Approved,nan,OK,2024-11
CLM00090,PT00206,DR008,Dr. Anil Joshi,Emergency,Starhealth,81262.91,0.0,2024-08-21,,,Rejected,Service not covered,OK,2024-08
CLM00091,PT00962,DR005,Dr. Sunita Kulkarni,General Medicine,Bajajallianz,95372.61,91838.23,2024-07-22,2024-11-15,116.0,Approved,nan,OK,2024-07
CLM00092,PT01284,DR008,Dr. Anil Joshi,Emergency,Unitedhealthindia,10205.37,0.0,2024-02-05,,,Rejected,Late submission,OK,2024-02
CLM00093,PT00202,DR002,Dr. Suresh Patil,Orthopedics,Hdfcergo,29122.89,22177.01,2024-06-02,2024-09-18,108.0,Approved,nan,OK,2024-06
CLM00094,PT00501,DR009,Dr. Meera Pillai,Cardiology,Hdfcergo,87059.57,67013.42,2024-04-02,2024-07-29,118.0,Approved,nan,OK,2024-04
CLM00095,PT01195,DR003,Dr. Aarti Deshmukh,Neurology,Nationalinsurance,71866.74,65880.97,2024-05-10,2024-08-27,109.0,Approved,nan,OK,2024-05
CLM00096,PT00152,DR008,Dr. Anil Joshi,Emergency,Bajajallianz,148209.5,126878.78,2024-06-02,2024-07-11,39.0,Approved,nan,OK,2024-06
CLM00097,PT01748,DR008,Dr. Anil Joshi,Emergency,Starhealth,39394.83,32460.08,2024-10-19,2025-01-23,96.0,Approved,nan,OK,2024-10
CLM00098,PT00563,DR001,Dr. Priya Nair,Cardiology,Unitedhealthindia,130434.77,122125.17,2024-01-26,2024-05-18,113.0,Approved,nan,OK,2024-01
CLM00099,PT01244,DR006,Dr. Kavya Iyer,Pediatrics,Nationalinsurance,97309.59,0.0,2024-11-13,,,Rejected,Service not covered,OK,2024-11
CLM00100,PT00633,DR008,Dr. Anil Joshi,Emergency,Starhealth,89038.2,73347.68,2024-03-08,2024-06-18,102.0,Approved,nan,OK,2024-03
CLM00101,PT01795,DR006,Dr. Kavya Iyer,Pediatrics,Unitedhealthindia,77760.24,63315.69,2024-05-19,2024-09-08,112.0,Approved,nan,OK,2024-05
CLM00102,PT01783,DR006,Dr. Kavya Iyer,Pediatrics,Starhealth,72908.05,72297.45,2024-02-08,2024-06-04,117.0,Approved,nan,OK,2024-02
CLM00103,PT01733,DR009,Dr. Meera Pillai,Cardiology,Bajajallianz,18093.92,0.0,2024-07-21,,,Rejected,Wrong diagnosis code,OK,2024-07
CLM00104,PT01198,DR007,Dr. Deepak Sharma,Gynecology,Bajajallianz,20710.18,18740.37,2024-04-29,2024-07-16,78.0,Approved,nan,OK,2024-04
CLM00105,PT01302,DR008,Dr. Anil Joshi,Emergency,Bajajallianz,99139.72,97807.82,2024-02-29,2024-04-14,45.0,Approved,nan,OK,2024-02
CLM00106,PT01101,DR003,Dr. Aarti Deshmukh,Neurology,Hdfcergo,70778.34,65407.75,2024-12-09,2025-02-23,76.0,Approved,nan,OK,2024-12
CLM00107,PT00850,DR002,Dr. Suresh Patil,Orthopedics,Hdfcergo,94269.57,0.0,2024-05-23,,,Rejected,Incomplete documents,OK,2024-05
CLM00108,PT00743,DR002,Dr. Suresh Patil,Orthopedics,Bajajallianz,83947.55,71316.37,2024-11-26,2024-12-27,31.0,Approved,nan,OK,2024-11
CLM00109,PT00188,DR004,Dr. Rajan Mehta,Oncology,Unitedhealthindia,145808.53,118235.0,2024-01-26,2024-02-18,23.0,Approved,nan,OK,2024-01
CLM00110,PT01136,DR004,Dr. Rajan Mehta,Oncology,Unitedhealthindia,36312.95,28574.24,2024-04-29,2024-07-21,83.0,Approved,nan,OK,2024-04
CLM00111,PT00267,DR009,Dr. Meera Pillai,Cardiology,Bajajallianz,120784.5,91366.84,2024-02-26,2024-03-05,8.0,Approved,nan,OK,2024-02
CLM00112,PT00033,DR003,Dr. Aarti Deshmukh,Neurology,Bajajallianz,12597.86,11796.84,2024-08-03,2024-10-09,67.0,Approved,nan,OK,2024-08
CLM00113,PT00926,DR009,Dr. Meera Pillai,Cardiology,Nationalinsurance,142085.27,138844.01,2024-01-23,2024-04-23,91.0,Approved,nan,OK,2024-01
CLM00114,PT00125,DR008,Dr. Anil Joshi,Emergency,Hdfcergo,66809.67,65301.46,2024-02-25,2024-03-12,16.0,Approved,nan,OK,2024-02
CLM00115,PT00259,DR005,Dr. Sunita Kulkarni,General Medicine,Unitedhealthindia,96796.13,81814.62,2024-10-07,2024-12-29,83.0,Approved,nan,OK,2024-10
CLM00116,PT00204,DR002,Dr. Suresh Patil,Orthopedics,Unitedhealthindia,109521.79,106457.67,2024-04-20,2024-06-18,59.0,Approved,nan,OK,2024-04
CLM00117,PT00195,DR006,Dr. Kavya Iyer,Pediatrics,Hdfcergo,50315.92,39656.98,2024-05-10,2024-07-16,67.0,Approved,nan,OK,2024-05
CLM00118,PT00198,DR006,Dr. Kavya Iyer,Pediatrics,Nationalinsurance,85673.76,76285.7,2024-10-27,2025-01-27,92.0,Approved,nan,OK,2024-10
CLM00119,PT01537,DR007,Dr. Deepak Sharma,Gynecology,Starhealth,145417.8,112829.69,2024-11-03,2025-01-13,71.0,Approved,nan,OK,2024-11
CLM00120,PT00222,DR006,Dr. Kavya Iyer,Pediatrics,Unitedhealthindia,58296.35,55486.78,2024-05-22,2024-09-14,115.0,Approved,nan,OK,2024-05
CLM00121,PT01383,DR009,Dr. Meera Pillai,Cardiology,Starhealth,93304.26,76216.7,2024-12-02,2025-01-01,30.0,Approved,nan,OK,2024-12
CLM00122,PT00719,DR001,Dr. Priya Nair,Cardiology,Nationalinsurance,131130.09,100628.75,2024-10-16,2025-01-25,101.0,Approved,nan,OK,2024-10
CLM00123,PT00441,DR007,Dr. Deepak Sharma,Gynecology,Hdfcergo,70778.64,65852.38,2024-03-21,2024-07-05,106.0,Approved,nan,OK,2024-03
CLM00124,PT00319,DR003,Dr. Aarti Deshmukh,Neurology,Unitedhealthindia,12215.56,11183.16,2024-02-11,2024-04-20,69.0,Approved,nan,OK,2024-02
CLM00125,PT01050,DR002,Dr. Suresh Patil,Orthopedics,Bajajallianz,67337.48,60488.15,2024-05-25,2024-08-07,74.0,Approved,nan,OK,2024-05
CLM00127,PT00360,DR003,Dr. Aarti Deshmukh,Neurology,Hdfcergo,82224.44,78798.85,2024-04-27,2024-08-15,110.0,Approved,nan,OK,2024-04
CLM00128,PT00894,DR001,Dr. Priya Nair,Cardiology,Hdfcergo,138568.55,123790.2,2024-06-09,2024-09-14,97.0,Approved,nan,OK,2024-06
CLM00129,PT01979,DR006,Dr. Kavya Iyer,Pediatrics,Nationalinsurance,121191.71,111787.54,2024-11-12,2025-01-04,53.0,Approved,nan,OK,2024-11
CLM00130,PT01207,DR007,Dr. Deepak Sharma,Gynecology,Unitedhealthindia,16403.83,13211.53,2024-06-07,2024-09-21,106.0,Approved,nan,OK,2024-06
CLM00131,PT01045,DR004,Dr. Rajan Mehta,Oncology,Bajajallianz,55909.46,45234.51,2024-11-26,2024-12-21,25.0,Approved,nan,OK,2024-11
CLM00132,PT01555,DR002,Dr. Suresh Patil,Orthopedics,Nationalinsurance,142937.36,134162.64,2024-11-17,2025-03-01,104.0,Approved,nan,OK,2024-11
CLM00133,PT01317,DR010,Dr. Rohit Verma,Orthopedics,Bajajallianz,130315.8,112063.86,2024-11-17,2025-01-23,67.0,Approved,nan,OK,2024-11
CLM00134,PT00116,DR006,Dr. Kavya Iyer,Pediatrics,Unitedhealthindia,15757.65,12042.35,2024-08-24,2024-12-15,113.0,Approved,nan,OK,2024-08
CLM00135,PT00185,DR010,Dr. Rohit Verma,Orthopedics,Unitedhealthindia,78524.83,77626.34,2024-08-24,2024-12-03,101.0,Approved,nan,OK,2024-08
CLM00136,PT01335,DR004,Dr. Rajan Mehta,Oncology,Bajajallianz,92725.85,70978.71,2024-09-13,2024-10-03,20.0,Approved,nan,OK,2024-09
CLM00137,PT00173,DR009,Dr. Meera Pillai,Cardiology,Nationalinsurance,10675.61,9179.48,2024-12-28,2025-03-11,73.0,Approved,nan,OK,2024-12
CLM00138,PT00794,DR007,Dr. Deepak Sharma,Gynecology,Bajajallianz,103440.17,94319.47,2024-01-27,2024-02-11,15.0,Approved,nan,OK,2024-01
CLM00139,PT00517,DR010,Dr. Rohit Verma,Orthopedics,Nationalinsurance,53337.5,52227.37,2024-10-25,2024-12-10,46.0,Approved,nan,OK,2024-10
CLM00140,PT01219,DR002,Dr. Suresh Patil,Orthopedics,Bajajallianz,86043.7,82025.13,2024-11-25,2025-02-25,92.0,Approved,nan,OK,2024-11
CLM00141,PT01869,DR009,Dr. Meera Pillai,Cardiology,Starhealth,98673.6,74454.92,2024-08-04,2024-09-19,46.0,Approved,nan,OK,2024-08
CLM00142,PT00996,DR004,Dr. Rajan Mehta,Oncology,Nationalinsurance,149996.61,0.0,2024-03-20,,,Rejected,Wrong diagnosis code,OK,2024-03
CLM00143,PT01079,DR001,Dr. Priya Nair,Cardiology,Bajajallianz,132076.95,111496.72,2024-11-12,2024-12-09,27.0,Approved,nan,OK,2024-11
CLM00144,PT01849,DR003,Dr. Aarti Deshmukh,Neurology,Hdfcergo,11335.4,9174.67,2024-07-05,2024-09-06,63.0,Approved,nan,OK,2024-07
CLM00145,PT00480,DR009,Dr. Meera Pillai,Cardiology,Nationalinsurance,49872.85,39823.67,2024-08-28,2024-11-29,93.0,Approved,nan,OK,2024-08
CLM00146,PT00578,DR007,Dr. Deepak Sharma,Gynecology,Unitedhealthindia,81481.67,77433.24,2024-03-23,2024-04-16,24.0,Approved,nan,OK,2024-03
CLM00147,PT00761,DR009,Dr. Meera Pillai,Cardiology,Starhealth,108153.14,88822.47,2024-09-21,2025-01-03,104.0,Approved,nan,OK,2024-09
CLM00148,PT01702,DR007,Dr. Deepak Sharma,Gynecology,Starhealth,142229.92,138127.65,2024-04-23,2024-05-03,10.0,Approved,nan,OK,2024-04
CLM00149,PT00791,DR002,Dr. Suresh Patil,Orthopedics,Bajajallianz,37558.12,36048.06,2024-06-12,2024-09-10,90.0,Approved,nan,OK,2024-06
CLM00150,PT01879,DR008,Dr. Anil Joshi,Emergency,Nationalinsurance,115031.97,86424.99,2024-08-28,2024-09-14,17.0,Approved,nan,OK,2024-08
CLM00151,PT01926,DR010,Dr. Rohit Verma,Orthopedics,Unitedhealthindia,66371.94,0.0,2024-05-27,,,Rejected,Wrong diagnosis code,OK,2024-05
CLM00152,PT00937,DR002,Dr. Suresh Patil,Orthopedics,Starhealth,126319.72,95258.82,2024-09-12,2024-11-23,72.0,Approved,nan,OK,2024-09
CLM00153,PT00004,DR010,Dr. Rohit Verma,Orthopedics,Bajajallianz,39881.81,36573.76,2024-08-01,2024-10-14,74.0,Approved,nan,OK,2024-08
CLM00154,PT01040,DR009,Dr. Meera Pillai,Cardiology,Unitedhealthindia,7948.47,0.0,2024-08-28,,,Rejected,Patient details mismatch,OK,2024-08
CLM00155,PT01615,DR002,Dr. Suresh Patil,Orthopedics,Bajajallianz,39963.26,37680.37,2024-12-02,2025-03-13,101.0,Approved,nan,OK,2024-12
CLM00156,PT00694,DR003,Dr. Aarti Deshmukh,Neurology,Hdfcergo,147218.78,140281.01,2024-09-02,2024-09-17,15.0,Approved,nan,OK,2024-09
CLM00157,PT00413,DR001,Dr. Priya Nair,Cardiology,Nationalinsurance,133439.61,117272.85,2024-06-10,2024-09-29,111.0,Approved,nan,OK,2024-06
CLM00158,PT00392,DR005,Dr. Sunita Kulkarni,General Medicine,Bajajallianz,130010.09,108295.96,2024-01-25,2024-02-16,22.0,Approved,nan,OK,2024-01
CLM00159,PT00901,DR007,Dr. Deepak Sharma,Gynecology,Bajajallianz,146189.92,123068.04,2024-09-11,2024-12-29,109.0,Approved,nan,OK,2024-09
CLM00160,PT00162,DR007,Dr. Deepak Sharma,Gynecology,Unitedhealthindia,149289.23,123955.27,2024-04-02,2024-04-19,17.0,Approved,nan,OK,2024-04
CLM00161,PT01470,DR007,Dr. Deepak Sharma,Gynecology,Nationalinsurance,105015.9,97843.69,2024-06-28,2024-08-19,52.0,Approved,nan,OK,2024-06
CLM00162,PT01621,DR001,Dr. Priya Nair,Cardiology,Starhealth,102321.66,97233.61,2024-07-26,2024-10-27,93.0,Approved,nan,OK,2024-07
CLM00163,PT01389,DR008,Dr. Anil Joshi,Emergency,Starhealth,23303.35,19611.68,2024-04-30,2024-06-25,56.0,Approved,nan,OK,2024-04
CLM00164,PT00922,DR006,Dr. Kavya Iyer,Pediatrics,Bajajallianz,69371.2,61210.72,2024-02-09,2024-04-06,57.0,Approved,nan,OK,2024-02
CLM00165,PT00054,DR003,Dr. Aarti Deshmukh,Neurology,Hdfcergo,80073.06,75568.24,2024-10-14,2025-01-19,97.0,Approved,nan,OK,2024-10
CLM00166,PT01877,DR008,Dr. Anil Joshi,Emergency,Nationalinsurance,22782.43,22205.35,2024-02-07,2024-04-10,63.0,Approved,nan,OK,2024-02
CLM00167,PT00655,DR006,Dr. Kavya Iyer,Pediatrics,Starhealth,84749.59,81600.34,2024-05-28,2024-09-03,98.0,Approved,nan,OK,2024-05
CLM00168,PT00741,DR009,Dr. Meera Pillai,Cardiology,Nationalinsurance,22597.56,18285.59,2024-04-12,2024-06-21,70.0,Approved,nan,OK,2024-04
CLM00169,PT01646,DR009,Dr. Meera Pillai,Cardiology,Nationalinsurance,93732.51,0.0,2024-02-14,,,Rejected,Patient details mismatch,OK,2024-02
CLM00170,PT01576,DR007,Dr. Deepak Sharma,Gynecology,Unitedhealthindia,15693.85,13535.85,2024-06-11,2024-09-13,94.0,Approved,nan,OK,2024-06
CLM00171,PT01130,DR010,Dr. Rohit Verma,Orthopedics,Nationalinsurance,116328.34,113731.67,2024-03-07,2024-03-21,14.0,Approved,nan,OK,2024-03
CLM00172,PT00332,DR006,Dr. Kavya Iyer,Pediatrics,Nationalinsurance,55173.35,53048.26,2024-09-22,2024-10-31,39.0,Approved,nan,OK,2024-09
CLM00173,PT01281,DR005,Dr. Sunita Kulkarni,General Medicine,Unitedhealthindia,82354.31,73950.23,2024-09-14,2024-12-04,81.0,Approved,nan,OK,2024-09
CLM00174,PT01240,DR006,Dr. Kavya Iyer,Pediatrics,Unitedhealthindia,10973.17,0.0,2024-01-15,,,Rejected,Late submission,OK,2024-01
CLM00175,PT01309,DR001,Dr. Priya Nair,Cardiology,Hdfcergo,133904.55,132453.37,2024-10-06,2024-12-13,68.0,Approved,nan,OK,2024-10
CLM00176,PT00929,DR002,Dr. Suresh Patil,Orthopedics,Starhealth,27921.66,22365.41,2024-07-31,2024-10-23,84.0,Approved,nan,OK,2024-07
CLM00177,PT01763,DR006,Dr. Kavya Iyer,Pediatrics,Hdfcergo,23961.09,18606.89,2024-07-08,2024-08-14,37.0,Approved,nan,OK,2024-07
CLM00178,PT00199,DR001,Dr. Priya Nair,Cardiology,Bajajallianz,142080.81,140755.4,2024-11-11,2024-12-08,27.0,Approved,nan,OK,2024-11
CLM00179,PT00389,DR003,Dr. Aarti Deshmukh,Neurology,Hdfcergo,149415.56,123586.86,2024-08-27,2024-09-05,9.0,Approved,nan,OK,2024-08
CLM00180,PT00494,DR004,Dr. Rajan Mehta,Oncology,Unitedhealthindia,56169.79,50517.97,2024-01-26,2024-05-19,114.0,Approved,nan,OK,2024-01
CLM00181,PT01736,DR002,Dr. Suresh Patil,Orthopedics,Hdfcergo,24420.57,22978.88,2024-05-15,2024-07-07,53.0,Approved,nan,OK,2024-05
CLM00182,PT00743,DR009,Dr. Meera Pillai,Cardiology,Bajajallianz,15662.1,13899.55,2024-09-15,2025-01-05,112.0,Approved,nan,OK,2024-09
CLM00183,PT01997,DR002,Dr. Suresh Patil,Orthopedics,Hdfcergo,59113.76,49738.41,2024-06-22,2024-07-17,25.0,Approved,nan,OK,2024-06
CLM00184,PT00093,DR001,Dr. Priya Nair,Cardiology,Nationalinsurance,108470.82,85392.04,2024-08-30,2024-11-10,72.0,Approved,nan,OK,2024-08
CLM00185,PT00805,DR010,Dr. Rohit Verma,Orthopedics,Bajajallianz,91090.08,80440.28,2024-09-16,2024-12-22,97.0,Approved,nan,OK,2024-09
CLM00186,PT00679,DR002,Dr. Suresh Patil,Orthopedics,Hdfcergo,89636.81,80603.88,2024-12-18,2025-01-27,40.0,Approved,nan,OK,2024-12
CLM00187,PT01183,DR004,Dr. Rajan Mehta,Oncology,Starhealth,89610.88,83364.62,2024-03-28,2024-07-12,106.0,Approved,nan,OK,2024-03
CLM00188,PT00065,DR010,Dr. Rohit Verma,Orthopedics,Starhealth,32663.73,25734.37,2024-08-13,2024-11-16,95.0,Approved,nan,OK,2024-08
CLM00189,PT00966,DR001,Dr. Priya Nair,Cardiology,Nationalinsurance,80209.07,73435.95,2024-10-14,2024-12-27,74.0,Approved,nan,OK,2024-10
CLM00190,PT01092,DR006,Dr. Kavya Iyer,Pediatrics,Unitedhealthindia,56371.61,52049.5,2024-12-14,2025-03-09,85.0,Approved,nan,OK,2024-12
CLM00191,PT00612,DR004,Dr. Rajan Mehta,Oncology,Bajajallianz,116820.27,108204.43,2024-12-26,2025-02-11,47.0,Approved,nan,OK,2024-12
CLM00192,PT01478,DR005,Dr. Sunita Kulkarni,General Medicine,Bajajallianz,22671.75,22080.93,2024-12-12,2025-02-07,57.0,Approved,nan,OK,2024-12
CLM00193,PT00595,DR001,Dr. Priya Nair,Cardiology,Bajajallianz,143520.49,123512.88,2024-02-10,2024-03-20,39.0,Approved,nan,OK,2024-02
CLM00194,PT00556,DR009,Dr. Meera Pillai,Cardiology,Bajajallianz,24904.58,20168.24,2024-11-11,2024-11-24,13.0,Approved,nan,OK,2024-11
CLM00195,PT00108,DR002,Dr. Suresh Patil,Orthopedics,Hdfcergo,52892.58,49861.39,2024-08-29,2024-09-05,7.0,Approved,nan,OK,2024-08
CLM00196,PT01338,DR008,Dr. Anil Joshi,Emergency,Hdfcergo,99328.11,90535.04,2024-05-27,2024-09-09,105.0,Approved,nan,OK,2024-05
CLM00197,PT01481,DR001,Dr. Priya Nair,Cardiology,Nationalinsurance,65593.32,49790.9,2024-03-31,2024-07-23,114.0,Approved,nan,OK,2024-03
CLM00198,PT01971,DR005,Dr. Sunita Kulkarni,General Medicine,Starhealth,6343.74,6230.27,2024-10-17,2024-12-05,49.0,Approved,nan,OK,2024-10
CLM00199,PT01012,DR003,Dr. Aarti Deshmukh,Neurology,Unitedhealthindia,72863.01,60670.92,2024-04-08,2024-07-17,100.0,Approved,nan,OK,2024-04
CLM00200,PT01509,DR006,Dr. Kavya Iyer,Pediatrics,Bajajallianz,87328.28,84187.66,2024-04-08,2024-06-05,58.0,Approved,nan,OK,2024-04
CLM00201,PT01371,DR002,Dr. Suresh Patil,Orthopedics,Nationalinsurance,147344.35,119645.35,2024-09-01,2024-10-11,40.0,Approved,nan,OK,2024-09
CLM00202,PT00676,DR005,Dr. Sunita Kulkarni,General Medicine,Unitedhealthindia,109817.97,0.0,2024-01-06,,,Rejected,Incomplete documents,OK,2024-01
CLM00203,PT00629,DR003,Dr. Aarti Deshmukh,Neurology,Hdfcergo,104480.67,96391.0,2024-12-26,2025-03-24,88.0,Approved,nan,OK,2024-12
CLM00204,PT00449,DR003,Dr. Aarti Deshmukh,Neurology,Hdfcergo,27211.91,25184.22,2024-11-06,2025-01-12,67.0,Approved,nan,OK,2024-11
CLM00205,PT01561,DR004,Dr. Rajan Mehta,Oncology,Unitedhealthindia,131604.58,116080.94,2024-02-11,2024-04-04,53.0,Approved,nan,OK,2024-02
CLM00206,PT01122,DR009,Dr. Meera Pillai,Cardiology,Nationalinsurance,88041.74,0.0,2024-03-17,,,Rejected,Policy lapsed,OK,2024-03
CLM00207,PT00187,DR009,Dr. Meera Pillai,Cardiology,Hdfcergo,122260.35,104392.75,2024-08-20,2024-11-07,79.0,Approved,nan,OK,2024-08
CLM00208,PT01482,DR001,Dr. Priya Nair,Cardiology,Hdfcergo,41896.3,37479.5,2024-01-02,2024-01-14,12.0,Approved,nan,OK,2024-01
CLM00209,PT00124,DR002,Dr. Suresh Patil,Orthopedics,Hdfcergo,9601.56,7526.25,2024-07-28,2024-10-25,89.0,Approved,nan,OK,2024-07
CLM00210,PT01826,DR007,Dr. Deepak Sharma,Gynecology,Hdfcergo,131094.94,120696.83,2024-07-12,2024-10-11,91.0,Approved,nan,OK,2024-07
CLM00211,PT00243,DR003,Dr. Aarti Deshmukh,Neurology,Unitedhealthindia,61993.5,49946.46,2024-03-06,2024-03-13,7.0,Approved,nan,OK,2024-03
CLM00212,PT01473,DR009,Dr. Meera Pillai,Cardiology,Hdfcergo,82130.37,68705.33,2024-04-27,2024-06-08,42.0,Approved,nan,OK,2024-04
CLM00213,PT00066,DR007,Dr. Deepak Sharma,Gynecology,Unitedhealthindia,116077.75,0.0,2024-01-09,,,Rejected,Wrong diagnosis code,OK,2024-01
CLM00214,PT01441,DR001,Dr. Priya Nair,Cardiology,Nationalinsurance,112378.46,99448.19,2024-07-24,2024-11-04,103.0,Approved,nan,OK,2024-07
CLM00215,PT00593,DR004,Dr. Rajan Mehta,Oncology,Unitedhealthindia,51241.04,48914.47,2024-11-02,2024-12-09,37.0,Approved,nan,OK,2024-11
CLM00216,PT00453,DR007,Dr. Deepak Sharma,Gynecology,Bajajallianz,44897.32,43547.19,2024-10-12,2024-11-10,29.0,Approved,nan,OK,2024-10
CLM00217,PT01992,DR006,Dr. Kavya Iyer,Pediatrics,Hdfcergo,118941.67,101346.01,2024-06-12,2024-07-27,45.0,Approved,nan,OK,2024-06
CLM00218,PT01740,DR004,Dr. Rajan Mehta,Oncology,Bajajallianz,129343.48,126586.56,2024-03-14,2024-05-31,78.0,Approved,nan,OK,2024-03
CLM00219,PT00796,DR004,Dr. Rajan Mehta,Oncology,Bajajallianz,34483.83,0.0,2024-11-27,,,Rejected,Policy lapsed,OK,2024-11
CLM00220,PT00391,DR001,Dr. Priya Nair,Cardiology,Bajajallianz,59689.36,57803.48,2024-11-05,2024-12-06,31.0,Approved,nan,OK,2024-11
CLM00221,PT00445,DR008,Dr. Anil Joshi,Emergency,Nationalinsurance,131073.71,0.0,2024-06-19,,,Rejected,Pre-authorization missing,OK,2024-06
CLM00222,PT01530,DR008,Dr. Anil Joshi,Emergency,Nationalinsurance,105865.81,0.0,2024-12-26,,,Rejected,Duplicate claim,OK,2024-12
CLM00223,PT01093,DR006,Dr. Kavya Iyer,Pediatrics,Bajajallianz,42926.44,37195.8,2024-09-19,2025-01-06,109.0,Approved,nan,OK,2024-09
CLM00224,PT01873,DR004,Dr. Rajan Mehta,Oncology,Bajajallianz,50373.69,40566.87,2024-01-24,2024-02-18,25.0,Approved,nan,OK,2024-01
CLM00225,PT01475,DR007,Dr. Deepak Sharma,Gynecology,Bajajallianz,27099.65,24185.01,2024-06-17,2024-07-25,38.0,Approved,nan,OK,2024-06
CLM00226,PT00528,DR008,Dr. Anil Joshi,Emergency,Hdfcergo,71820.2,66798.42,2024-06-29,2024-09-06,69.0,Approved,nan,OK,2024-06
CLM00227,PT01961,DR001,Dr. Priya Nair,Cardiology,Unitedhealthindia,9904.44,9082.91,2024-02-08,2024-05-22,104.0,Approved,nan,OK,2024-02
CLM00228,PT00140,DR003,Dr. Aarti Deshmukh,Neurology,Starhealth,36714.35,33206.62,2024-08-21,2024-11-21,92.0,Approved,nan,OK,2024-08
CLM00229,PT00033,DR001,Dr. Priya Nair,Cardiology,Unitedhealthindia,84988.32,0.0,2024-01-07,,,Rejected,Late submission,OK,2024-01
CLM00230,PT01430,DR007,Dr. Deepak Sharma,Gynecology,Nationalinsurance,20517.38,16624.05,2024-02-19,2024-05-15,86.0,Approved,nan,OK,2024-02
CLM00231,PT00813,DR002,Dr. Suresh Patil,Orthopedics,Bajajallianz,144098.18,143746.33,2024-08-23,2024-09-27,35.0,Approved,nan,OK,2024-08
CLM00232,PT01758,DR001,Dr. Priya Nair,Cardiology,Starhealth,63765.35,48718.56,2024-07-12,2024-07-20,8.0,Approved,nan,OK,2024-07
CLM00233,PT01321,DR006,Dr. Kavya Iyer,Pediatrics,Unitedhealthindia,146712.74,143747.39,2024-02-18,2024-03-25,36.0,Approved,nan,OK,2024-02
CLM00234,PT00974,DR005,Dr. Sunita Kulkarni,General Medicine,Starhealth,139003.09,135504.09,2024-12-16,2025-03-05,79.0,Approved,nan,OK,2024-12
CLM00235,PT00033,DR004,Dr. Rajan Mehta,Oncology,Unitedhealthindia,25907.78,25447.11,2024-12-30,2025-02-13,45.0,Approved,nan,OK,2024-12
CLM00236,PT00797,DR009,Dr. Meera Pillai,Cardiology,Bajajallianz,60657.7,55946.27,2024-03-12,2024-03-29,17.0,Approved,nan,OK,2024-03
CLM00237,PT00896,DR004,Dr. Rajan Mehta,Oncology,Starhealth,54385.95,46183.23,2024-11-10,2025-02-24,106.0,Approved,nan,OK,2024-11
CLM00238,PT00923,DR008,Dr. Anil Joshi,Emergency,Nationalinsurance,56592.62,52060.89,2024-07-11,2024-10-10,91.0,Approved,nan,OK,2024-07
CLM00239,PT00505,DR002,Dr. Suresh Patil,Orthopedics,Starhealth,43855.94,39842.03,2024-07-13,2024-10-22,101.0,Approved,nan,OK,2024-07
CLM00240,PT01932,DR005,Dr. Sunita Kulkarni,General Medicine,Hdfcergo,57188.04,44139.12,2024-05-18,2024-07-19,62.0,Approved,nan,OK,2024-05
CLM00241,PT00054,DR002,Dr. Suresh Patil,Orthopedics,Bajajallianz,85361.87,70944.9,2024-11-01,2024-12-27,56.0,Approved,nan,OK,2024-11
CLM00242,PT01485,DR009,Dr. Meera Pillai,Cardiology,Nationalinsurance,87934.26,69676.95,2024-03-27,2024-05-07,41.0,Approved,nan,OK,2024-03
CLM00243,PT00891,DR005,Dr. Sunita Kulkarni,General Medicine,Hdfcergo,48464.08,47788.28,2024-02-09,2024-05-18,99.0,Approved,nan,OK,2024-02
CLM00244,PT00220,DR003,Dr. Aarti Deshmukh,Neurology,Bajajallianz,5981.27,5413.34,2024-07-21,2024-11-07,109.0,Approved,nan,OK,2024-07
CLM00245,PT01687,DR010,Dr. Rohit Verma,Orthopedics,Nationalinsurance,48563.12,38860.83,2024-11-04,2024-12-21,47.0,Approved,nan,OK,2024-11
CLM00246,PT01506,DR008,Dr. Anil Joshi,Emergency,Unitedhealthindia,118386.28,112955.15,2024-06-15,2024-08-11,57.0,Approved,nan,OK,2024-06
CLM00247,PT01118,DR003,Dr. Aarti Deshmukh,Neurology,Unitedhealthindia,8902.84,7143.75,2024-08-24,2024-12-11,109.0,Approved,nan,OK,2024-08
CLM00248,PT01630,DR007,Dr. Deepak Sharma,Gynecology,Hdfcergo,25180.97,23032.17,2024-06-04,2024-09-10,98.0,Approved,nan,OK,2024-06
CLM00249,PT01225,DR008,Dr. Anil Joshi,Emergency,Unitedhealthindia,63116.74,61059.67,2024-09-16,2024-11-15,60.0,Approved,nan,OK,2024-09
CLM00250,PT01834,DR009,Dr. Meera Pillai,Cardiology,Unitedhealthindia,97536.15,0.0,2024-02-13,,,Rejected,Duplicate claim,OK,2024-02
CLM00251,PT00091,DR010,Dr. Rohit Verma,Orthopedics,Hdfcergo,145187.61,124514.91,2024-06-18,2024-06-26,8.0,Approved,nan,OK,2024-06
CLM00252,PT01143,DR010,Dr. Rohit Verma,Orthopedics,Unitedhealthindia,37049.6,34940.94,2024-07-10,2024-09-30,82.0,Approved,nan,OK,2024-07
CLM00253,PT00989,DR002,Dr. Suresh Patil,Orthopedics,Bajajallianz,65316.44,0.0,2024-02-13,,,Rejected,Service not covered,OK,2024-02
CLM00254,PT01068,DR008,Dr. Anil Joshi,Emergency,Bajajallianz,74043.57,63907.88,2024-08-12,2024-08-27,15.0,Approved,nan,OK,2024-08
CLM00255,PT01740,DR006,Dr. Kavya Iyer,Pediatrics,Starhealth,103185.2,96490.79,2024-03-25,2024-06-06,73.0,Approved,nan,OK,2024-03
CLM00256,PT01963,DR008,Dr. Anil Joshi,Emergency,Nationalinsurance,120674.59,0.0,2024-11-18,,,Rejected,Patient details mismatch,OK,2024-11
CLM00257,PT00921,DR010,Dr. Rohit Verma,Orthopedics,Hdfcergo,61381.19,50307.18,2024-12-26,2025-04-02,97.0,Approved,nan,OK,2024-12
CLM00258,PT01786,DR009,Dr. Meera Pillai,Cardiology,Nationalinsurance,58039.99,47336.74,2024-04-10,2024-08-05,117.0,Approved,nan,OK,2024-04
CLM00259,PT00796,DR010,Dr. Rohit Verma,Orthopedics,Hdfcergo,90115.68,77901.86,2024-06-27,2024-07-26,29.0,Approved,nan,OK,2024-06
CLM00260,PT01259,DR010,Dr. Rohit Verma,Orthopedics,Starhealth,102455.96,84663.97,2024-06-09,2024-07-09,30.0,Approved,nan,OK,2024-06
CLM00261,PT01222,DR003,Dr. Aarti Deshmukh,Neurology,Unitedhealthindia,60637.94,53624.85,2024-04-05,2024-07-03,89.0,Approved,nan,OK,2024-04
CLM00262,PT00592,DR003,Dr. Aarti Deshmukh,Neurology,Nationalinsurance,50614.1,48912.48,2024-08-18,2024-08-26,8.0,Approved,nan,OK,2024-08
CLM00263,PT01151,DR009,Dr. Meera Pillai,Cardiology,Hdfcergo,64324.48,61749.76,2024-09-08,2024-11-16,69.0,Approved,nan,OK,2024-09
CLM00264,PT00452,DR005,Dr. Sunita Kulkarni,General Medicine,Starhealth,44853.67,42395.02,2024-10-02,2024-12-20,79.0,Approved,nan,OK,2024-10
CLM00265,PT00232,DR010,Dr. Rohit Verma,Orthopedics,Starhealth,43843.89,36904.08,2024-10-05,2025-01-25,112.0,Approved,nan,OK,2024-10
CLM00266,PT00448,DR007,Dr. Deepak Sharma,Gynecology,Starhealth,111718.36,92103.66,2024-11-30,2024-12-11,11.0,Approved,nan,OK,2024-11
CLM00267,PT00900,DR002,Dr. Suresh Patil,Orthopedics,Nationalinsurance,35432.33,34201.49,2024-10-28,2025-01-21,85.0,Approved,nan,OK,2024-10
CLM00268,PT00424,DR004,Dr. Rajan Mehta,Oncology,Starhealth,87660.78,77552.8,2024-09-29,2024-11-16,48.0,Approved,nan,OK,2024-09
CLM00269,PT01951,DR009,Dr. Meera Pillai,Cardiology,Starhealth,24660.39,24614.07,2024-07-29,2024-11-23,117.0,Approved,nan,OK,2024-07
CLM00270,PT00300,DR006,Dr. Kavya Iyer,Pediatrics,Nationalinsurance,115413.67,90662.39,2024-12-12,2025-03-09,87.0,Approved,nan,OK,2024-12
CLM00271,PT01298,DR002,Dr. Suresh Patil,Orthopedics,Hdfcergo,79763.95,77317.54,2024-05-22,2024-07-26,65.0,Approved,nan,OK,2024-05
CLM00272,PT01586,DR002,Dr. Suresh Patil,Orthopedics,Hdfcergo,97051.88,74325.5,2024-12-23,2025-03-08,75.0,Approved,nan,OK,2024-12
CLM00273,PT01014,DR005,Dr. Sunita Kulkarni,General Medicine,Bajajallianz,125109.82,97917.02,2024-06-21,2024-10-15,116.0,Approved,nan,OK,2024-06
CLM00275,PT00415,DR003,Dr. Aarti Deshmukh,Neurology,Bajajallianz,28051.73,0.0,2024-05-20,,,Rejected,Incomplete documents,OK,2024-05
CLM00277,PT00272,DR010,Dr. Rohit Verma,Orthopedics,Nationalinsurance,80319.42,0.0,2024-08-15,,,Rejected,Incomplete documents,OK,2024-08
CLM00278,PT00271,DR008,Dr. Anil Joshi,Emergency,Starhealth,38197.3,29626.09,2024-02-15,2024-04-02,47.0,Approved,nan,OK,2024-02
CLM00279,PT01666,DR003,Dr. Aarti Deshmukh,Neurology,Nationalinsurance,14919.68,0.0,2024-10-15,,,Rejected,Service not covered,OK,2024-10
CLM00280,PT00311,DR007,Dr. Deepak Sharma,Gynecology,Unitedhealthindia,104552.09,0.0,2024-04-21,,,Rejected,Wrong diagnosis code,OK,2024-04
CLM00281,PT00720,DR007,Dr. Deepak Sharma,Gynecology,Bajajallianz,119706.12,92300.86,2024-05-06,2024-07-22,77.0,Approved,nan,OK,2024-05
CLM00282,PT01928,DR001,Dr. Priya Nair,Cardiology,Bajajallianz,34789.63,32596.52,2024-11-06,2024-12-20,44.0,Approved,nan,OK,2024-11
CLM00283,PT00491,DR008,Dr. Anil Joshi,Emergency,Hdfcergo,21347.83,16389.86,2024-09-12,2025-01-10,120.0,Approved,nan,OK,2024-09
CLM00284,PT00271,DR007,Dr. Deepak Sharma,Gynecology,Unitedhealthindia,66025.21,62108.69,2024-10-06,2025-01-19,105.0,Approved,nan,OK,2024-10
CLM00285,PT00442,DR001,Dr. Priya Nair,Cardiology,Starhealth,142558.6,129320.99,2024-07-22,2024-10-01,71.0,Approved,nan,OK,2024-07
CLM00286,PT01312,DR009,Dr. Meera Pillai,Cardiology,Unitedhealthindia,94326.82,0.0,2024-05-22,,,Rejected,Wrong diagnosis code,OK,2024-05
CLM00287,PT01099,DR006,Dr. Kavya Iyer,Pediatrics,Hdfcergo,90033.39,69013.18,2024-11-28,2025-03-04,96.0,Approved,nan,OK,2024-11
CLM00288,PT00501,DR002,Dr. Suresh Patil,Orthopedics,Hdfcergo,21818.05,18050.56,2024-11-09,2025-02-18,101.0,Approved,nan,OK,2024-11
CLM00289,PT00282,DR001,Dr. Priya Nair,Cardiology,Nationalinsurance,76979.88,72803.47,2024-06-26,2024-10-03,99.0,Approved,nan,OK,2024-06
CLM00290,PT01789,DR005,Dr. Sunita Kulkarni,General Medicine,Starhealth,116857.39,100185.48,2024-01-16,2024-03-30,74.0,Approved,nan,OK,2024-01
CLM00291,PT00158,DR008,Dr. Anil Joshi,Emergency,Hdfcergo,79063.37,70502.51,2024-01-29,2024-03-23,54.0,Approved,nan,OK,2024-01
CLM00292,PT01381,DR002,Dr. Suresh Patil,Orthopedics,Nationalinsurance,112413.09,0.0,2024-01-02,,,Rejected,Pre-authorization missing,OK,2024-01
CLM00293,PT00308,DR003,Dr. Aarti Deshmukh,Neurology,Starhealth,85165.39,72802.98,2024-12-31,2025-02-17,48.0,Approved,nan,OK,2024-12
CLM00294,PT01692,DR002,Dr. Suresh Patil,Orthopedics,Unitedhealthindia,59057.18,45070.55,2024-09-14,2024-10-19,35.0,Approved,nan,OK,2024-09
CLM00295,PT00142,DR008,Dr. Anil Joshi,Emergency,Bajajallianz,117161.48,104071.36,2024-06-08,2024-06-16,8.0,Approved,nan,OK,2024-06
CLM00296,PT01515,DR010,Dr. Rohit Verma,Orthopedics,Nationalinsurance,72269.37,72229.39,2024-10-29,2025-02-12,106.0,Approved,nan,OK,2024-10
CLM00298,PT01555,DR007,Dr. Deepak Sharma,Gynecology,Bajajallianz,20072.61,17161.16,2024-09-28,2024-10-12,14.0,Approved,nan,OK,2024-09
CLM00299,PT00090,DR004,Dr. Rajan Mehta,Oncology,Unitedhealthindia,64893.24,60803.33,2024-07-09,2024-09-28,81.0,Approved,nan,OK,2024-07
CLM00300,PT00154,DR010,Dr. Rohit Verma,Orthopedics,Unitedhealthindia,14031.02,11353.8,2024-12-05,2025-01-14,40.0,Approved,nan,OK,2024-12
CLM00301,PT01704,DR006,Dr. Kavya Iyer,Pediatrics,Bajajallianz,70649.89,0.0,2024-04-29,,,Rejected,Duplicate claim,OK,2024-04
CLM00302,PT00217,DR003,Dr. Aarti Deshmukh,Neurology,Hdfcergo,72577.99,60934.44,2024-07-27,2024-11-09,105.0,Approved,nan,OK,2024-07
CLM00303,PT00246,DR002,Dr. Suresh Patil,Orthopedics,Nationalinsurance,122101.55,112848.63,2024-06-04,2024-06-16,12.0,Approved,nan,OK,2024-06
CLM00304,PT01457,DR004,Dr. Rajan Mehta,Oncology,Bajajallianz,62455.45,50903.8,2024-01-26,2024-02-24,29.0,Approved,nan,OK,2024-01
CLM00305,PT01533,DR009,Dr. Meera Pillai,Cardiology,Nationalinsurance,18735.17,14706.14,2024-02-22,2024-03-01,8.0,Approved,nan,OK,2024-02
CLM00306,PT00406,DR007,Dr. Deepak Sharma,Gynecology,Bajajallianz,104511.36,0.0,2024-11-26,,,Rejected,Late submission,OK,2024-11
CLM00307,PT00405,DR008,Dr. Anil Joshi,Emergency,Nationalinsurance,18336.9,0.0,2024-06-18,,,Rejected,Policy lapsed,OK,2024-06
CLM00308,PT01484,DR007,Dr. Deepak Sharma,Gynecology,Hdfcergo,9274.93,7776.9,2024-12-15,2025-01-14,30.0,Approved,nan,OK,2024-12
CLM00309,PT01258,DR010,Dr. Rohit Verma,Orthopedics,Unitedhealthindia,40638.79,39447.86,2024-05-31,2024-08-07,68.0,Approved,nan,OK,2024-05
CLM00310,PT00409,DR009,Dr. Meera Pillai,Cardiology,Nationalinsurance,96459.39,96203.86,2024-10-05,2025-01-20,107.0,Approved,nan,OK,2024-10
CLM00311,PT00705,DR010,Dr. Rohit Verma,Orthopedics,Unitedhealthindia,51632.64,0.0,2024-05-18,,,Rejected,Incomplete documents,OK,2024-05
CLM00312,PT00576,DR001,Dr. Priya Nair,Cardiology,Hdfcergo,81767.68,81235.78,2024-10-26,2024-11-14,19.0,Approved,nan,OK,2024-10
CLM00313,PT01621,DR001,Dr. Priya Nair,Cardiology,Nationalinsurance,88475.36,84919.14,2024-07-17,2024-11-09,115.0,Approved,nan,OK,2024-07
CLM00314,PT01512,DR006,Dr. Kavya Iyer,Pediatrics,Unitedhealthindia,9089.95,8107.44,2024-12-24,2025-01-18,25.0,Approved,nan,OK,2024-12
CLM00315,PT01806,DR008,Dr. Anil Joshi,Emergency,Unitedhealthindia,49812.7,0.0,2024-09-08,,,Rejected,Pre-authorization missing,OK,2024-09
CLM00316,PT00002,DR006,Dr. Kavya Iyer,Pediatrics,Unitedhealthindia,34212.34,27177.08,2024-03-07,2024-06-24,109.0,Approved,nan,OK,2024-03
CLM00317,PT01202,DR003,Dr. Aarti Deshmukh,Neurology,Starhealth,127739.73,107735.39,2024-07-05,2024-10-04,91.0,Approved,nan,OK,2024-07
CLM00318,PT00280,DR003,Dr. Aarti Deshmukh,Neurology,Hdfcergo,119817.17,95081.0,2024-09-06,2024-11-23,78.0,Approved,nan,OK,2024-09
CLM00319,PT00458,DR010,Dr. Rohit Verma,Orthopedics,Nationalinsurance,59865.7,0.0,2024-12-18,,,Rejected,Service not covered,OK,2024-12
CLM00320,PT00802,DR010,Dr. Rohit Verma,Orthopedics,Starhealth,31401.85,31146.96,2024-06-11,2024-07-16,35.0,Approved,nan,OK,2024-06
CLM00321,PT00679,DR002,Dr. Suresh Patil,Orthopedics,Nationalinsurance,55287.47,0.0,2024-06-12,,,Rejected,Wrong diagnosis code,OK,2024-06
CLM00323,PT01501,DR007,Dr. Deepak Sharma,Gynecology,Nationalinsurance,133260.04,111646.3,2024-09-09,2024-11-03,55.0,Approved,nan,OK,2024-09
CLM00324,PT01334,DR004,Dr. Rajan Mehta,Oncology,Nationalinsurance,70436.68,0.0,2024-01-18,,,Rejected,Incomplete documents,OK,2024-01
CLM00325,PT01819,DR007,Dr. Deepak Sharma,Gynecology,Nationalinsurance,111137.84,110527.74,2024-10-07,2024-11-26,50.0,Approved,nan,OK,2024-10
CLM00326,PT00064,DR007,Dr. Deepak Sharma,Gynecology,Nationalinsurance,93061.06,0.0,2024-08-10,,,Rejected,Wrong diagnosis code,OK,2024-08
CLM00327,PT01135,DR009,Dr. Meera Pillai,Cardiology,Bajajallianz,100786.69,76840.67,2024-06-01,2024-08-20,80.0,Approved,nan,OK,2024-06
CLM00328,PT00008,DR007,Dr. Deepak Sharma,Gynecology,Starhealth,47709.67,41511.33,2024-12-04,2024-12-23,19.0,Approved,nan,OK,2024-12
CLM00329,PT00168,DR008,Dr. Anil Joshi,Emergency,Starhealth,49711.24,48404.8,2024-07-22,2024-08-31,40.0,Approved,nan,OK,2024-07
CLM00330,PT01814,DR007,Dr. Deepak Sharma,Gynecology,Bajajallianz,32054.53,27767.7,2024-01-23,2024-02-27,35.0,Approved,nan,OK,2024-01
CLM00331,PT01427,DR002,Dr. Suresh Patil,Orthopedics,Starhealth,101880.47,95677.4,2024-10-04,2024-11-09,36.0,Approved,nan,OK,2024-10
CLM00332,PT00858,DR009,Dr. Meera Pillai,Cardiology,Hdfcergo,88043.57,67770.55,2024-04-30,2024-08-24,116.0,Approved,nan,OK,2024-04
CLM00333,PT01640,DR010,Dr. Rohit Verma,Orthopedics,Unitedhealthindia,26379.91,0.0,2024-08-17,,,Rejected,Service not covered,OK,2024-08
CLM00334,PT00868,DR002,Dr. Suresh Patil,Orthopedics,Hdfcergo,34278.3,30808.03,2024-11-17,2025-01-03,47.0,Approved,nan,OK,2024-11
CLM00335,PT00795,DR009,Dr. Meera Pillai,Cardiology,Hdfcergo,85047.86,83286.56,2024-05-21,2024-05-29,8.0,Approved,nan,OK,2024-05
CLM00336,PT00860,DR002,Dr. Suresh Patil,Orthopedics,Hdfcergo,26698.14,25085.42,2024-10-17,2024-11-05,19.0,Approved,nan,OK,2024-10
CLM00337,PT00586,DR009,Dr. Meera Pillai,Cardiology,Bajajallianz,132294.57,115280.99,2024-05-15,2024-08-07,84.0,Approved,nan,OK,2024-05
CLM00338,PT01267,DR010,Dr. Rohit Verma,Orthopedics,Hdfcergo,10623.47,8098.51,2024-06-18,2024-08-24,67.0,Approved,nan,OK,2024-06
CLM00339,PT01675,DR005,Dr. Sunita Kulkarni,General Medicine,Bajajallianz,45650.26,42053.61,2024-09-08,2025-01-04,118.0,Approved,nan,OK,2024-09
CLM00340,PT01586,DR006,Dr. Kavya Iyer,Pediatrics,Bajajallianz,110675.91,88206.92,2024-11-05,2024-12-09,34.0,Approved,nan,OK,2024-11
CLM00341,PT01058,DR006,Dr. Kavya Iyer,Pediatrics,Starhealth,79714.11,0.0,2024-03-22,,,Rejected,Patient details mismatch,OK,2024-03
CLM00342,PT00060,DR003,Dr. Aarti Deshmukh,Neurology,Nationalinsurance,131901.18,107152.9,2024-04-12,2024-06-16,65.0,Approved,nan,OK,2024-04
CLM00343,PT00755,DR008,Dr. Anil Joshi,Emergency,Unitedhealthindia,62556.63,50701.18,2024-03-04,2024-05-12,69.0,Approved,nan,OK,2024-03
CLM00344,PT01202,DR009,Dr. Meera Pillai,Cardiology,Bajajallianz,54916.11,50644.33,2024-05-12,2024-06-24,43.0,Approved,nan,OK,2024-05
CLM00345,PT01598,DR004,Dr. Rajan Mehta,Oncology,Nationalinsurance,98870.08,0.0,2024-12-12,,,Rejected,Patient details mismatch,OK,2024-12
CLM00346,PT01398,DR001,Dr. Priya Nair,Cardiology,Hdfcergo,137169.74,130340.91,2024-11-27,2025-01-01,35.0,Approved,nan,OK,2024-11
CLM00347,PT01981,DR005,Dr. Sunita Kulkarni,General Medicine,Hdfcergo,134845.03,108489.87,2024-06-27,2024-08-11,45.0,Approved,nan,OK,2024-06
CLM00348,PT00210,DR001,Dr. Priya Nair,Cardiology,Unitedhealthindia,149917.26,134692.13,2024-07-10,2024-08-22,43.0,Approved,nan,OK,2024-07
CLM00349,PT00567,DR006,Dr. Kavya Iyer,Pediatrics,Bajajallianz,42866.3,39131.21,2024-12-30,2025-01-30,31.0,Approved,nan,OK,2024-12
CLM00350,PT01650,DR010,Dr. Rohit Verma,Orthopedics,Hdfcergo,100776.9,76224.0,2024-12-14,2025-02-22,70.0,Approved,nan,OK,2024-12
CLM00351,PT00796,DR001,Dr. Priya Nair,Cardiology,Unitedhealthindia,107670.0,89989.7,2024-10-19,2025-01-25,98.0,Approved,nan,OK,2024-10
CLM00352,PT01857,DR006,Dr. Kavya Iyer,Pediatrics,Unitedhealthindia,48528.25,47029.88,2024-03-28,2024-04-27,30.0,Approved,nan,OK,2024-03
CLM00353,PT01486,DR009,Dr. Meera Pillai,Cardiology,Nationalinsurance,142303.89,114634.8,2024-06-20,2024-07-25,35.0,Approved,nan,OK,2024-06
CLM00354,PT00679,DR006,Dr. Kavya Iyer,Pediatrics,Bajajallianz,89907.75,78007.03,2024-08-25,2024-12-20,117.0,Approved,nan,OK,2024-08
CLM00355,PT00968,DR004,Dr. Rajan Mehta,Oncology,Unitedhealthindia,22373.31,18448.78,2024-12-14,2024-12-27,13.0,Approved,nan,OK,2024-12
CLM00356,PT00702,DR007,Dr. Deepak Sharma,Gynecology,Unitedhealthindia,134462.54,0.0,2024-08-22,,,Rejected,Service not covered,OK,2024-08
CLM00357,PT00363,DR006,Dr. Kavya Iyer,Pediatrics,Starhealth,5683.46,5361.69,2024-05-20,2024-08-08,80.0,Approved,nan,OK,2024-05
CLM00358,PT00181,DR003,Dr. Aarti Deshmukh,Neurology,Unitedhealthindia,67888.16,67299.7,2024-08-07,2024-10-02,56.0,Approved,nan,OK,2024-08
CLM00359,PT01946,DR001,Dr. Priya Nair,Cardiology,Bajajallianz,114742.92,105470.2,2024-09-28,2024-12-24,87.0,Approved,nan,OK,2024-09
CLM00360,PT00640,DR003,Dr. Aarti Deshmukh,Neurology,Starhealth,60614.82,46450.46,2024-10-28,2024-11-09,12.0,Approved,nan,OK,2024-10
CLM00361,PT01222,DR009,Dr. Meera Pillai,Cardiology,Bajajallianz,67881.46,56727.4,2024-12-17,2025-02-24,69.0,Approved,nan,OK,2024-12
CLM00362,PT01881,DR007,Dr. Deepak Sharma,Gynecology,Starhealth,38120.65,28799.32,2024-03-08,2024-05-18,71.0,Approved,nan,OK,2024-03
CLM00363,PT00077,DR007,Dr. Deepak Sharma,Gynecology,Bajajallianz,116831.2,0.0,2024-11-15,,,Rejected,Pre-authorization missing,OK,2024-11
CLM00364,PT01413,DR002,Dr. Suresh Patil,Orthopedics,Hdfcergo,69425.57,60302.99,2024-03-04,2024-03-30,26.0,Approved,nan,OK,2024-03
CLM00365,PT00862,DR002,Dr. Suresh Patil,Orthopedics,Unitedhealthindia,44146.69,37732.46,2024-11-06,2024-11-26,20.0,Approved,nan,OK,2024-11
CLM00366,PT01608,DR002,Dr. Suresh Patil,Orthopedics,Hdfcergo,33803.77,32379.78,2024-04-12,2024-05-14,32.0,Approved,nan,OK,2024-04
CLM00367,PT01123,DR008,Dr. Anil Joshi,Emergency,Nationalinsurance,104789.57,78663.91,2024-09-03,2024-12-04,92.0,Approved,nan,OK,2024-09
CLM00368,PT01012,DR003,Dr. Aarti Deshmukh,Neurology,Starhealth,118031.3,91512.34,2024-02-08,2024-03-18,39.0,Approved,nan,OK,2024-02
CLM00369,PT00541,DR008,Dr. Anil Joshi,Emergency,Starhealth,19472.29,18753.03,2024-03-30,2024-05-22,53.0,Approved,nan,OK,2024-03
CLM00370,PT00195,DR001,Dr. Priya Nair,Cardiology,Starhealth,128539.82,106966.37,2024-12-05,2025-02-06,63.0,Approved,nan,OK,2024-12
CLM00371,PT00764,DR006,Dr. Kavya Iyer,Pediatrics,Nationalinsurance,21505.64,17590.72,2024-07-23,2024-09-17,56.0,Approved,nan,OK,2024-07
CLM00372,PT01815,DR003,Dr. Aarti Deshmukh,Neurology,Starhealth,24214.18,23271.94,2024-01-31,2024-02-20,20.0,Approved,nan,OK,2024-01
CLM00373,PT01390,DR008,Dr. Anil Joshi,Emergency,Nationalinsurance,93641.86,90424.69,2024-07-02,2024-10-29,119.0,Approved,nan,OK,2024-07
CLM00375,PT01075,DR010,Dr. Rohit Verma,Orthopedics,Unitedhealthindia,37477.81,32972.04,2024-12-08,2025-03-13,95.0,Approved,nan,OK,2024-12
CLM00376,PT00510,DR008,Dr. Anil Joshi,Emergency,Bajajallianz,101238.04,97164.04,2024-11-24,2025-02-10,78.0,Approved,nan,OK,2024-11
CLM00377,PT01914,DR003,Dr. Aarti Deshmukh,Neurology,Unitedhealthindia,128082.61,98459.19,2024-09-10,2024-11-18,69.0,Approved,nan,OK,2024-09
CLM00378,PT01039,DR004,Dr. Rajan Mehta,Oncology,Unitedhealthindia,98281.01,75647.65,2024-07-25,2024-09-26,63.0,Approved,nan,OK,2024-07
CLM00379,PT00916,DR006,Dr. Kavya Iyer,Pediatrics,Starhealth,147197.26,0.0,2024-11-30,,,Rejected,Patient details mismatch,OK,2024-11
CLM00380,PT00187,DR010,Dr. Rohit Verma,Orthopedics,Unitedhealthindia,97443.03,89028.73,2024-09-17,2024-11-21,65.0,Approved,nan,OK,2024-09
CLM00381,PT00457,DR008,Dr. Anil Joshi,Emergency,Bajajallianz,86221.87,80114.3,2024-11-13,2025-01-05,53.0,Approved,nan,OK,2024-11
CLM00382,PT00455,DR001,Dr. Priya Nair,Cardiology,Bajajallianz,56495.15,46495.28,2024-11-20,2025-02-01,73.0,Approved,nan,OK,2024-11
CLM00383,PT01009,DR003,Dr. Aarti Deshmukh,Neurology,Hdfcergo,20509.42,16001.17,2024-11-08,2025-03-04,116.0,Approved,nan,OK,2024-11
CLM00384,PT01468,DR006,Dr. Kavya Iyer,Pediatrics,Starhealth,114786.65,110122.47,2024-01-24,2024-04-15,82.0,Approved,nan,OK,2024-01
CLM00385,PT01207,DR009,Dr. Meera Pillai,Cardiology,Nationalinsurance,144758.94,110327.0,2024-01-03,2024-03-05,62.0,Approved,nan,OK,2024-01
CLM00386,PT01887,DR003,Dr. Aarti Deshmukh,Neurology,Unitedhealthindia,30179.29,0.0,2024-03-06,,,Rejected,Incomplete documents,OK,2024-03
CLM00387,PT01876,DR004,Dr. Rajan Mehta,Oncology,Bajajallianz,62691.15,54115.72,2024-06-24,2024-07-18,24.0,Approved,nan,OK,2024-06
CLM00388,PT01050,DR005,Dr. Sunita Kulkarni,General Medicine,Unitedhealthindia,129802.59,115316.02,2024-12-30,2025-02-02,34.0,Approved,nan,OK,2024-12
CLM00389,PT00708,DR003,Dr. Aarti Deshmukh,Neurology,Nationalinsurance,78064.55,72411.75,2024-12-21,2025-04-04,104.0,Approved,nan,OK,2024-12
CLM00390,PT01367,DR007,Dr. Deepak Sharma,Gynecology,Unitedhealthindia,46459.56,40916.12,2024-08-04,2024-08-14,10.0,Approved,nan,OK,2024-08
CLM00391,PT00547,DR003,Dr. Aarti Deshmukh,Neurology,Bajajallianz,104091.6,96039.98,2024-03-15,2024-04-28,44.0,Approved,nan,OK,2024-03
CLM00392,PT00927,DR002,Dr. Suresh Patil,Orthopedics,Unitedhealthindia,130865.13,122437.83,2024-10-14,2024-12-31,78.0,Approved,nan,OK,2024-10
CLM00393,PT01426,DR005,Dr. Sunita Kulkarni,General Medicine,Starhealth,139340.3,131959.15,2024-07-17,2024-10-19,94.0,Approved,nan,OK,2024-07
CLM00394,PT00515,DR004,Dr. Rajan Mehta,Oncology,Unitedhealthindia,130983.24,128084.79,2024-08-14,2024-11-19,97.0,Approved,nan,OK,2024-08
CLM00395,PT01513,DR010,Dr. Rohit Verma,Orthopedics,Nationalinsurance,117541.28,0.0,2024-04-09,,,Rejected,Service not covered,OK,2024-04
CLM00396,PT01506,DR009,Dr. Meera Pillai,Cardiology,Starhealth,59693.74,48713.67,2024-08-07,2024-09-03,27.0,Approved,nan,OK,2024-08
CLM00397,PT01454,DR003,Dr. Aarti Deshmukh,Neurology,Starhealth,27286.99,25742.96,2024-06-14,2024-09-09,87.0,Approved,nan,OK,2024-06
CLM00398,PT01173,DR009,Dr. Meera Pillai,Cardiology,Bajajallianz,15567.72,12531.87,2024-12-28,2025-01-27,30.0,Approved,nan,OK,2024-12
CLM00399,PT01113,DR009,Dr. Meera Pillai,Cardiology,Hdfcergo,18332.11,16789.16,2024-04-23,2024-06-11,49.0,Approved,nan,OK,2024-04
CLM00400,PT01087,DR008,Dr. Anil Joshi,Emergency,Unitedhealthindia,124434.82,0.0,2024-11-28,,,Rejected,Incomplete documents,OK,2024-11
CLM00401,PT01273,DR004,Dr. Rajan Mehta,Oncology,Starhealth,103969.95,98672.85,2024-06-13,2024-07-04,21.0,Approved,nan,OK,2024-06
CLM00402,PT01867,DR009,Dr. Meera Pillai,Cardiology,Bajajallianz,79574.81,60553.48,2024-09-17,2024-12-16,90.0,Approved,nan,OK,2024-09
CLM00403,PT00343,DR009,Dr. Meera Pillai,Cardiology,Unitedhealthindia,6062.94,0.0,2024-02-03,,,Rejected,Duplicate claim,OK,2024-02
CLM00404,PT01102,DR007,Dr. Deepak Sharma,Gynecology,Starhealth,113299.17,0.0,2024-03-19,,,Rejected,Incomplete documents,OK,2024-03
CLM00405,PT00516,DR009,Dr. Meera Pillai,Cardiology,Starhealth,88369.53,75282.73,2024-04-26,2024-06-29,64.0,Approved,nan,OK,2024-04
CLM00406,PT01379,DR002,Dr. Suresh Patil,Orthopedics,Unitedhealthindia,5855.34,0.0,2024-11-12,,,Rejected,Pre-authorization missing,OK,2024-11
CLM00407,PT00218,DR005,Dr. Sunita Kulkarni,General Medicine,Bajajallianz,92952.05,79884.76,2024-05-24,2024-07-20,57.0,Approved,nan,OK,2024-05
CLM00408,PT00451,DR003,Dr. Aarti Deshmukh,Neurology,Hdfcergo,120531.71,109504.43,2024-10-06,2024-11-20,45.0,Approved,nan,OK,2024-10
CLM00409,PT01494,DR006,Dr. Kavya Iyer,Pediatrics,Starhealth,85261.01,64836.16,2024-10-11,2024-12-30,80.0,Approved,nan,OK,2024-10
CLM00410,PT00625,DR004,Dr. Rajan Mehta,Oncology,Bajajallianz,35701.86,28047.87,2024-11-26,2024-12-26,30.0,Approved,nan,OK,2024-11
CLM00411,PT00372,DR010,Dr. Rohit Verma,Orthopedics,Starhealth,128451.22,113989.69,2024-10-08,2024-11-21,44.0,Approved,nan,OK,2024-10
CLM00412,PT01190,DR008,Dr. Anil Joshi,Emergency,Bajajallianz,56785.06,44009.06,2024-12-09,2025-03-05,86.0,Approved,nan,OK,2024-12
CLM00413,PT00673,DR010,Dr. Rohit Verma,Orthopedics,Bajajallianz,105551.43,88781.77,2024-03-19,2024-05-05,47.0,Approved,nan,OK,2024-03
CLM00414,PT01610,DR004,Dr. Rajan Mehta,Oncology,Hdfcergo,45118.58,42106.61,2024-07-03,2024-10-30,119.0,Approved,nan,OK,2024-07
CLM00415,PT00998,DR009,Dr. Meera Pillai,Cardiology,Starhealth,30486.67,25003.76,2024-11-06,2025-02-26,112.0,Approved,nan,OK,2024-11
CLM00416,PT01816,DR002,Dr. Suresh Patil,Orthopedics,Starhealth,134355.25,128062.13,2024-09-16,2024-12-06,81.0,Approved,nan,OK,2024-09
CLM00417,PT01130,DR005,Dr. Sunita Kulkarni,General Medicine,Unitedhealthindia,134627.96,127061.78,2024-10-03,2024-11-25,53.0,Approved,nan,OK,2024-10
CLM00418,PT01756,DR005,Dr. Sunita Kulkarni,General Medicine,Nationalinsurance,72381.67,0.0,2024-09-18,,,Rejected,Incomplete documents,OK,2024-09
CLM00419,PT01652,DR010,Dr. Rohit Verma,Orthopedics,Nationalinsurance,114794.88,91237.4,2024-03-12,2024-05-30,79.0,Approved,nan,OK,2024-03
CLM00420,PT00991,DR006,Dr. Kavya Iyer,Pediatrics,Starhealth,36728.77,29973.96,2024-09-06,2024-10-12,36.0,Approved,nan,OK,2024-09
CLM00421,PT00740,DR007,Dr. Deepak Sharma,Gynecology,Hdfcergo,138095.78,0.0,2024-01-24,,,Rejected,Incomplete documents,OK,2024-01
CLM00422,PT00561,DR005,Dr. Sunita Kulkarni,General Medicine,Unitedhealthindia,83930.76,70890.41,2024-03-30,2024-06-20,82.0,Approved,nan,OK,2024-03
CLM00423,PT00771,DR004,Dr. Rajan Mehta,Oncology,Unitedhealthindia,63847.12,55580.68,2024-06-25,2024-09-17,84.0,Approved,nan,OK,2024-06
CLM00424,PT00472,DR002,Dr. Suresh Patil,Orthopedics,Unitedhealthindia,98304.17,0.0,2024-04-18,,,Rejected,Service not covered,OK,2024-04
CLM00425,PT00472,DR007,Dr. Deepak Sharma,Gynecology,Bajajallianz,109437.07,95183.47,2024-09-03,2024-11-24,82.0,Approved,nan,OK,2024-09
CLM00426,PT00089,DR003,Dr. Aarti Deshmukh,Neurology,Unitedhealthindia,90890.41,69058.33,2024-03-09,2024-05-28,80.0,Approved,nan,OK,2024-03
CLM00427,PT01059,DR007,Dr. Deepak Sharma,Gynecology,Unitedhealthindia,145540.33,0.0,2024-11-22,,,Rejected,Late submission,OK,2024-11
CLM00428,PT00966,DR008,Dr. Anil Joshi,Emergency,Nationalinsurance,36807.75,34917.82,2024-07-29,2024-11-18,112.0,Approved,nan,OK,2024-07
CLM00429,PT00344,DR006,Dr. Kavya Iyer,Pediatrics,Hdfcergo,91497.34,77440.19,2024-02-05,2024-02-25,20.0,Approved,nan,OK,2024-02
CLM00430,PT01402,DR007,Dr. Deepak Sharma,Gynecology,Nationalinsurance,92799.1,83861.34,2024-03-31,2024-04-11,11.0,Approved,nan,OK,2024-03
CLM00431,PT00191,DR008,Dr. Anil Joshi,Emergency,Nationalinsurance,135787.79,132290.2,2024-10-03,2025-01-17,106.0,Approved,nan,OK,2024-10
CLM00432,PT01792,DR001,Dr. Priya Nair,Cardiology,Unitedhealthindia,67198.66,56803.64,2024-09-03,2024-11-24,82.0,Approved,nan,OK,2024-09
CLM00433,PT01180,DR002,Dr. Suresh Patil,Orthopedics,Hdfcergo,24413.05,23864.28,2024-09-01,2024-09-18,17.0,Approved,nan,OK,2024-09
CLM00434,PT00388,DR001,Dr. Priya Nair,Cardiology,Starhealth,88808.14,74932.53,2024-03-01,2024-04-03,33.0,Approved,nan,OK,2024-03
CLM00435,PT00317,DR007,Dr. Deepak Sharma,Gynecology,Unitedhealthindia,41776.75,35151.42,2024-10-01,2024-11-12,42.0,Approved,nan,OK,2024-10
CLM00436,PT01131,DR009,Dr. Meera Pillai,Cardiology,Hdfcergo,30914.34,25147.1,2024-10-13,2024-11-28,46.0,Approved,nan,OK,2024-10
CLM00437,PT00283,DR002,Dr. Suresh Patil,Orthopedics,Nationalinsurance,69756.26,54065.96,2024-12-24,2025-03-06,72.0,Approved,nan,OK,2024-12
CLM00438,PT01428,DR001,Dr. Priya Nair,Cardiology,Nationalinsurance,61420.03,0.0,2024-11-21,,,Rejected,Wrong diagnosis code,OK,2024-11
CLM00439,PT00181,DR002,Dr. Suresh Patil,Orthopedics,Bajajallianz,37156.69,34597.47,2024-02-10,2024-04-08,58.0,Approved,nan,OK,2024-02
CLM00440,PT01224,DR001,Dr. Priya Nair,Cardiology,Nationalinsurance,97842.24,0.0,2024-08-12,,,Rejected,Late submission,OK,2024-08
CLM00441,PT01431,DR004,Dr. Rajan Mehta,Oncology,Unitedhealthindia,29575.02,27024.32,2024-01-19,2024-02-15,27.0,Approved,nan,OK,2024-01
CLM00442,PT01372,DR007,Dr. Deepak Sharma,Gynecology,Hdfcergo,89981.62,0.0,2024-09-22,,,Rejected,Wrong diagnosis code,OK,2024-09
CLM00443,PT01146,DR010,Dr. Rohit Verma,Orthopedics,Bajajallianz,55383.89,54872.38,2024-05-21,2024-07-25,65.0,Approved,nan,OK,2024-05
CLM00444,PT00834,DR009,Dr. Meera Pillai,Cardiology,Starhealth,86001.45,84862.26,2024-09-14,2025-01-01,109.0,Approved,nan,OK,2024-09
CLM00445,PT01625,DR010,Dr. Rohit Verma,Orthopedics,Bajajallianz,105657.82,99581.63,2024-07-12,2024-10-23,103.0,Approved,nan,OK,2024-07
CLM00446,PT01837,DR010,Dr. Rohit Verma,Orthopedics,Starhealth,74885.67,0.0,2024-05-12,,,Rejected,Duplicate claim,OK,2024-05
CLM00447,PT01957,DR006,Dr. Kavya Iyer,Pediatrics,Unitedhealthindia,82669.53,67132.98,2024-12-24,2025-01-11,18.0,Approved,nan,OK,2024-12
CLM00448,PT01136,DR003,Dr. Aarti Deshmukh,Neurology,Hdfcergo,50511.55,41281.52,2024-04-21,2024-08-01,102.0,Approved,nan,OK,2024-04
CLM00449,PT00409,DR004,Dr. Rajan Mehta,Oncology,Nationalinsurance,131547.66,0.0,2024-04-15,,,Rejected,Duplicate claim,OK,2024-04
CLM00450,PT00246,DR002,Dr. Suresh Patil,Orthopedics,Hdfcergo,94004.91,90432.97,2024-10-04,2024-11-27,54.0,Approved,nan,OK,2024-10
CLM00451,PT01838,DR010,Dr. Rohit Verma,Orthopedics,Bajajallianz,76166.78,61354.11,2024-09-18,2024-12-07,80.0,Approved,nan,OK,2024-09
CLM00452,PT01925,DR009,Dr. Meera Pillai,Cardiology,Starhealth,77858.91,73496.94,2024-07-20,2024-09-23,65.0,Approved,nan,OK,2024-07
CLM00453,PT01412,DR001,Dr. Priya Nair,Cardiology,Starhealth,102744.94,85417.94,2024-07-13,2024-10-06,85.0,Approved,nan,OK,2024-07
CLM00454,PT00552,DR008,Dr. Anil Joshi,Emergency,Unitedhealthindia,54748.99,43943.35,2024-04-04,2024-07-09,96.0,Approved,nan,OK,2024-04
CLM00455,PT00924,DR003,Dr. Aarti Deshmukh,Neurology,Unitedhealthindia,24015.18,22899.62,2024-10-21,2025-01-28,99.0,Approved,nan,OK,2024-10
CLM00456,PT00781,DR004,Dr. Rajan Mehta,Oncology,Nationalinsurance,121005.43,91048.79,2024-03-17,2024-05-16,60.0,Approved,nan,OK,2024-03
CLM00457,PT01059,DR009,Dr. Meera Pillai,Cardiology,Bajajallianz,118873.28,114668.2,2024-06-02,2024-06-15,13.0,Approved,nan,OK,2024-06
CLM00458,PT01667,DR005,Dr. Sunita Kulkarni,General Medicine,Hdfcergo,126650.9,105584.31,2024-02-19,2024-04-12,53.0,Approved,nan,OK,2024-02
CLM00459,PT00705,DR001,Dr. Priya Nair,Cardiology,Hdfcergo,22579.44,18057.67,2024-12-13,2025-03-03,80.0,Approved,nan,OK,2024-12
CLM00460,PT00583,DR006,Dr. Kavya Iyer,Pediatrics,Bajajallianz,102612.96,88424.93,2024-09-06,2024-09-23,17.0,Approved,nan,OK,2024-09
CLM00461,PT00297,DR003,Dr. Aarti Deshmukh,Neurology,Bajajallianz,66163.39,63664.08,2024-11-09,2024-11-25,16.0,Approved,nan,OK,2024-11
CLM00462,PT01338,DR005,Dr. Sunita Kulkarni,General Medicine,Bajajallianz,92780.82,79905.12,2024-07-21,2024-11-15,117.0,Approved,nan,OK,2024-07
CLM00463,PT00923,DR007,Dr. Deepak Sharma,Gynecology,Nationalinsurance,31663.5,0.0,2024-01-12,,,Rejected,Duplicate claim,OK,2024-01
CLM00464,PT00164,DR004,Dr. Rajan Mehta,Oncology,Nationalinsurance,62571.61,0.0,2024-02-18,,,Rejected,Policy lapsed,OK,2024-02
CLM00465,PT01567,DR002,Dr. Suresh Patil,Orthopedics,Starhealth,43055.58,42319.22,2024-03-20,2024-05-15,56.0,Approved,nan,OK,2024-03
CLM00466,PT01284,DR003,Dr. Aarti Deshmukh,Neurology,Nationalinsurance,81377.64,0.0,2024-03-28,,,Rejected,Incomplete documents,OK,2024-03
CLM00467,PT01997,DR009,Dr. Meera Pillai,Cardiology,Bajajallianz,84539.06,78148.39,2024-03-10,2024-04-08,29.0,Approved,nan,OK,2024-03
CLM00468,PT01797,DR010,Dr. Rohit Verma,Orthopedics,Hdfcergo,80901.67,79059.6,2024-11-23,2025-01-30,68.0,Approved,nan,OK,2024-11
CLM00469,PT00750,DR007,Dr. Deepak Sharma,Gynecology,Bajajallianz,27579.04,0.0,2024-01-06,,,Rejected,Service not covered,OK,2024-01
CLM00470,PT01889,DR008,Dr. Anil Joshi,Emergency,Hdfcergo,48443.53,43562.89,2024-08-08,2024-11-24,108.0,Approved,nan,OK,2024-08
CLM00471,PT01149,DR007,Dr. Deepak Sharma,Gynecology,Hdfcergo,41234.94,34826.6,2024-11-26,2025-01-05,40.0,Approved,nan,OK,2024-11
CLM00472,PT01639,DR010,Dr. Rohit Verma,Orthopedics,Bajajallianz,46278.14,39485.71,2024-09-29,2025-01-23,116.0,Approved,nan,OK,2024-09
CLM00473,PT00933,DR010,Dr. Rohit Verma,Orthopedics,Hdfcergo,44459.45,36908.5,2024-11-14,2024-12-10,26.0,Approved,nan,OK,2024-11
CLM00474,PT00210,DR005,Dr. Sunita Kulkarni,General Medicine,Bajajallianz,23130.68,18694.28,2024-08-12,2024-09-07,26.0,Approved,nan,OK,2024-08
CLM00475,PT01610,DR008,Dr. Anil Joshi,Emergency,Bajajallianz,72234.25,69408.92,2024-01-17,2024-02-11,25.0,Approved,nan,OK,2024-01
CLM00476,PT00963,DR003,Dr. Aarti Deshmukh,Neurology,Nationalinsurance,134876.35,129085.17,2024-05-08,2024-05-30,22.0,Approved,nan,OK,2024-05
CLM00477,PT01997,DR008,Dr. Anil Joshi,Emergency,Nationalinsurance,111954.76,0.0,2024-01-18,,,Rejected,Wrong diagnosis code,OK,2024-01
CLM00478,PT01396,DR005,Dr. Sunita Kulkarni,General Medicine,Bajajallianz,27998.66,24845.87,2024-01-22,2024-02-13,22.0,Approved,nan,OK,2024-01
CLM00479,PT01818,DR001,Dr. Priya Nair,Cardiology,Nationalinsurance,146124.74,121448.42,2024-04-30,2024-05-28,28.0,Approved,nan,OK,2024-04
CLM00480,PT00498,DR001,Dr. Priya Nair,Cardiology,Starhealth,89256.17,80246.03,2024-12-19,2025-02-11,54.0,Approved,nan,OK,2024-12
CLM00481,PT01405,DR010,Dr. Rohit Verma,Orthopedics,Bajajallianz,139973.07,0.0,2024-11-16,,,Rejected,Incomplete documents,OK,2024-11
CLM00482,PT00258,DR008,Dr. Anil Joshi,Emergency,Nationalinsurance,50927.24,47829.56,2024-10-12,2025-01-30,110.0,Approved,nan,OK,2024-10
CLM00483,PT00774,DR006,Dr. Kavya Iyer,Pediatrics,Nationalinsurance,41350.95,35535.97,2024-01-21,2024-03-05,44.0,Approved,nan,OK,2024-01
CLM00484,PT01114,DR006,Dr. Kavya Iyer,Pediatrics,Bajajallianz,111198.35,100041.82,2024-05-20,2024-09-14,117.0,Approved,nan,OK,2024-05
CLM00486,PT01590,DR010,Dr. Rohit Verma,Orthopedics,Nationalinsurance,51500.64,45564.63,2024-02-02,2024-03-29,56.0,Approved,nan,OK,2024-02
CLM00487,PT00316,DR010,Dr. Rohit Verma,Orthopedics,Bajajallianz,51777.01,40078.72,2024-11-24,2025-02-23,91.0,Approved,nan,OK,2024-11
CLM00488,PT01789,DR001,Dr. Priya Nair,Cardiology,Nationalinsurance,20523.0,0.0,2024-04-08,,,Rejected,Patient details mismatch,OK,2024-04
CLM00489,PT00525,DR001,Dr. Priya Nair,Cardiology,Bajajallianz,37004.8,0.0,2024-02-06,,,Rejected,Duplicate claim,OK,2024-02
CLM00490,PT00959,DR001,Dr. Priya Nair,Cardiology,Bajajallianz,85912.88,81493.73,2024-07-31,2024-08-14,14.0,Approved,nan,OK,2024-07
CLM00491,PT00145,DR005,Dr. Sunita Kulkarni,General Medicine,Starhealth,141967.5,132213.34,2024-09-22,2024-12-06,75.0,Approved,nan,OK,2024-09
CLM00492,PT01168,DR003,Dr. Aarti Deshmukh,Neurology,Unitedhealthindia,113633.18,106993.69,2024-07-31,2024-10-19,80.0,Approved,nan,OK,2024-07
CLM00493,PT01809,DR002,Dr. Suresh Patil,Orthopedics,Nationalinsurance,119906.93,100047.73,2024-10-08,2024-11-04,27.0,Approved,nan,OK,2024-10
CLM00494,PT01849,DR006,Dr. Kavya Iyer,Pediatrics,Unitedhealthindia,148762.13,126906.86,2024-06-15,2024-09-11,88.0,Approved,nan,OK,2024-06
CLM00495,PT01154,DR009,Dr. Meera Pillai,Cardiology,Nationalinsurance,59384.15,48310.33,2024-10-08,2024-12-11,64.0,Approved,nan,OK,2024-10
CLM00496,PT00583,DR010,Dr. Rohit Verma,Orthopedics,Starhealth,80053.36,0.0,2024-06-03,,,Rejected,Duplicate claim,OK,2024-06
CLM00497,PT01932,DR005,Dr. Sunita Kulkarni,General Medicine,Unitedhealthindia,79134.37,62411.59,2024-10-19,2024-10-30,11.0,Approved,nan,OK,2024-10
CLM00498,PT01822,DR010,Dr. Rohit Verma,Orthopedics,Nationalinsurance,38784.15,0.0,2024-06-02,,,Rejected,Patient details mismatch,OK,2024-06
CLM00499,PT00665,DR008,Dr. Anil Joshi,Emergency,Nationalinsurance,75800.08,72379.89,2024-12-19,2025-01-07,19.0,Approved,nan,OK,2024-12
CLM00500,PT01181,DR007,Dr. Deepak Sharma,Gynecology,Starhealth,118117.68,112717.98,2024-06-20,2024-08-19,60.0,Approved,nan,OK,2024-06
CLM00501,PT01532,DR010,Dr. Rohit Verma,Orthopedics,Starhealth,96913.63,80069.64,2024-11-19,2024-12-01,12.0,Approved,nan,OK,2024-11
CLM00502,PT01430,DR004,Dr. Rajan Mehta,Oncology,Nationalinsurance,12325.37,11563.79,2024-07-20,2024-10-08,80.0,Approved,nan,OK,2024-07
CLM00503,PT00808,DR003,Dr. Aarti Deshmukh,Neurology,Nationalinsurance,53744.39,40970.84,2024-08-31,2024-10-28,58.0,Approved,nan,OK,2024-08
CLM00504,PT01430,DR003,Dr. Aarti Deshmukh,Neurology,Nationalinsurance,74733.76,68236.56,2024-04-11,2024-05-13,32.0,Approved,nan,OK,2024-04
CLM00505,PT00497,DR002,Dr. Suresh Patil,Orthopedics,Bajajallianz,117631.93,105163.48,2024-06-14,2024-07-05,21.0,Approved,nan,OK,2024-06
CLM00506,PT00657,DR006,Dr. Kavya Iyer,Pediatrics,Unitedhealthindia,100034.43,0.0,2024-06-05,,,Rejected,Incomplete documents,OK,2024-06
CLM00507,PT00299,DR008,Dr. Anil Joshi,Emergency,Starhealth,139010.92,117249.48,2024-04-29,2024-08-10,103.0,Approved,nan,OK,2024-04
CLM00508,PT00498,DR010,Dr. Rohit Verma,Orthopedics,Nationalinsurance,130969.09,0.0,2024-05-27,,,Rejected,Wrong diagnosis code,OK,2024-05
CLM00509,PT01516,DR009,Dr. Meera Pillai,Cardiology,Nationalinsurance,34551.2,30653.83,2024-09-24,2024-12-19,86.0,Approved,nan,OK,2024-09
CLM00510,PT00038,DR007,Dr. Deepak Sharma,Gynecology,Unitedhealthindia,136375.84,0.0,2024-09-26,,,Rejected,Service not covered,OK,2024-09
CLM00511,PT00556,DR001,Dr. Priya Nair,Cardiology,Hdfcergo,99939.89,0.0,2024-01-05,,,Rejected,Late submission,OK,2024-01
CLM00512,PT00221,DR001,Dr. Priya Nair,Cardiology,Bajajallianz,130774.51,130113.86,2024-11-28,2025-02-08,72.0,Approved,nan,OK,2024-11
CLM00513,PT01776,DR010,Dr. Rohit Verma,Orthopedics,Unitedhealthindia,17763.0,15356.05,2024-04-11,2024-07-18,98.0,Approved,nan,OK,2024-04
CLM00514,PT00684,DR008,Dr. Anil Joshi,Emergency,Hdfcergo,112936.65,94638.46,2024-01-10,2024-04-06,87.0,Approved,nan,OK,2024-01
CLM00515,PT00565,DR001,Dr. Priya Nair,Cardiology,Bajajallianz,132408.2,130723.85,2024-01-16,2024-02-20,35.0,Approved,nan,OK,2024-01
CLM00516,PT00180,DR007,Dr. Deepak Sharma,Gynecology,Unitedhealthindia,144287.83,132980.11,2024-11-09,2025-01-08,60.0,Approved,nan,OK,2024-11
CLM00517,PT01864,DR010,Dr. Rohit Verma,Orthopedics,Bajajallianz,70129.53,55026.72,2024-03-08,2024-05-23,76.0,Approved,nan,OK,2024-03
CLM00518,PT01411,DR009,Dr. Meera Pillai,Cardiology,Nationalinsurance,67359.32,60031.37,2024-03-15,2024-04-11,27.0,Approved,nan,OK,2024-03
CLM00519,PT00243,DR003,Dr. Aarti Deshmukh,Neurology,Bajajallianz,126730.76,119299.11,2024-03-15,2024-07-12,119.0,Approved,nan,OK,2024-03
CLM00520,PT01528,DR005,Dr. Sunita Kulkarni,General Medicine,Nationalinsurance,117970.64,0.0,2024-02-24,,,Rejected,Pre-authorization missing,OK,2024-02
CLM00521,PT01162,DR010,Dr. Rohit Verma,Orthopedics,Nationalinsurance,91472.3,76819.84,2024-04-28,2024-08-01,95.0,Approved,nan,OK,2024-04
CLM00522,PT00961,DR006,Dr. Kavya Iyer,Pediatrics,Nationalinsurance,128558.77,101683.12,2024-09-08,2024-10-13,35.0,Approved,nan,OK,2024-09
CLM00523,PT00553,DR007,Dr. Deepak Sharma,Gynecology,Nationalinsurance,112643.17,86344.83,2024-04-13,2024-06-15,63.0,Approved,nan,OK,2024-04
CLM00524,PT00938,DR004,Dr. Rajan Mehta,Oncology,Hdfcergo,63705.68,60907.86,2024-01-22,2024-04-30,99.0,Approved,nan,OK,2024-01
CLM00525,PT01217,DR009,Dr. Meera Pillai,Cardiology,Unitedhealthindia,98002.1,86257.75,2024-12-26,2025-02-28,64.0,Approved,nan,OK,2024-12
CLM00526,PT00504,DR009,Dr. Meera Pillai,Cardiology,Unitedhealthindia,62363.62,54819.6,2024-01-21,2024-04-17,87.0,Approved,nan,OK,2024-01
CLM00527,PT01812,DR005,Dr. Sunita Kulkarni,General Medicine,Bajajallianz,71895.34,70440.05,2024-08-04,2024-11-07,95.0,Approved,nan,OK,2024-08
CLM00528,PT00926,DR002,Dr. Suresh Patil,Orthopedics,Unitedhealthindia,21409.88,19783.34,2024-10-26,2024-11-19,24.0,Approved,nan,OK,2024-10
CLM00529,PT00930,DR010,Dr. Rohit Verma,Orthopedics,Nationalinsurance,132969.52,0.0,2024-02-16,,,Rejected,Service not covered,OK,2024-02
CLM00530,PT00921,DR006,Dr. Kavya Iyer,Pediatrics,Starhealth,80953.51,80451.42,2024-07-15,2024-10-08,85.0,Approved,nan,OK,2024-07
CLM00531,PT01574,DR003,Dr. Aarti Deshmukh,Neurology,Bajajallianz,86996.28,68773.26,2024-12-03,2024-12-28,25.0,Approved,nan,OK,2024-12
CLM00532,PT00634,DR008,Dr. Anil Joshi,Emergency,Bajajallianz,95835.66,94887.7,2024-03-01,2024-03-08,7.0,Approved,nan,OK,2024-03
CLM00533,PT01752,DR008,Dr. Anil Joshi,Emergency,Unitedhealthindia,122080.91,98820.78,2024-11-07,2025-01-28,82.0,Approved,nan,OK,2024-11
CLM00534,PT01232,DR010,Dr. Rohit Verma,Orthopedics,Starhealth,40483.41,36724.88,2024-10-07,2025-01-26,111.0,Approved,nan,OK,2024-10
CLM00535,PT01338,DR006,Dr. Kavya Iyer,Pediatrics,Starhealth,26079.29,25023.17,2024-01-17,2024-03-02,45.0,Approved,nan,OK,2024-01
CLM00536,PT00366,DR003,Dr. Aarti Deshmukh,Neurology,Bajajallianz,93608.01,83598.57,2024-12-20,2025-03-08,78.0,Approved,nan,OK,2024-12
CLM00537,PT01908,DR001,Dr. Priya Nair,Cardiology,Starhealth,116434.24,98356.06,2024-06-14,2024-06-29,15.0,Approved,nan,OK,2024-06
CLM00538,PT00965,DR003,Dr. Aarti Deshmukh,Neurology,Starhealth,105719.82,90225.47,2024-05-20,2024-06-22,33.0,Approved,nan,OK,2024-05
CLM00539,PT01495,DR009,Dr. Meera Pillai,Cardiology,Starhealth,75131.13,71152.65,2024-12-18,2025-03-25,97.0,Approved,nan,OK,2024-12
CLM00540,PT01077,DR010,Dr. Rohit Verma,Orthopedics,Unitedhealthindia,56308.73,49219.42,2024-03-07,2024-06-15,100.0,Approved,nan,OK,2024-03
CLM00541,PT01249,DR004,Dr. Rajan Mehta,Oncology,Bajajallianz,146992.36,0.0,2024-01-01,,,Rejected,Policy lapsed,OK,2024-01
CLM00542,PT01638,DR010,Dr. Rohit Verma,Orthopedics,Hdfcergo,65035.97,61882.43,2024-06-19,2024-07-23,34.0,Approved,nan,OK,2024-06
CLM00543,PT01619,DR002,Dr. Suresh Patil,Orthopedics,Bajajallianz,48541.18,36480.29,2024-10-08,2025-01-10,94.0,Approved,nan,OK,2024-10
CLM00544,PT01967,DR001,Dr. Priya Nair,Cardiology,Nationalinsurance,33132.26,28817.68,2024-06-22,2024-08-28,67.0,Approved,nan,OK,2024-06
CLM00545,PT01285,DR008,Dr. Anil Joshi,Emergency,Unitedhealthindia,134909.65,115143.8,2024-08-24,2024-12-04,102.0,Approved,nan,OK,2024-08
CLM00546,PT01389,DR006,Dr. Kavya Iyer,Pediatrics,Unitedhealthindia,82703.39,68886.12,2024-04-16,2024-08-14,120.0,Approved,nan,OK,2024-04
CLM00547,PT01722,DR001,Dr. Priya Nair,Cardiology,Bajajallianz,147624.72,116843.84,2024-11-16,2025-02-08,84.0,Approved,nan,OK,2024-11
CLM00548,PT01540,DR005,Dr. Sunita Kulkarni,General Medicine,Bajajallianz,107926.8,94356.47,2024-05-19,2024-06-25,37.0,Approved,nan,OK,2024-05
CLM00549,PT01076,DR005,Dr. Sunita Kulkarni,General Medicine,Nationalinsurance,21273.53,20812.71,2024-01-20,2024-03-23,63.0,Approved,nan,OK,2024-01
CLM00550,PT00316,DR004,Dr. Rajan Mehta,Oncology,Bajajallianz,138927.33,115564.54,2024-09-25,2025-01-08,105.0,Approved,nan,OK,2024-09
CLM00551,PT01386,DR003,Dr. Aarti Deshmukh,Neurology,Nationalinsurance,110062.74,106342.9,2024-08-23,2024-09-13,21.0,Approved,nan,OK,2024-08
CLM00552,PT01218,DR002,Dr. Suresh Patil,Orthopedics,Bajajallianz,72697.01,0.0,2024-01-24,,,Rejected,Late submission,OK,2024-01
CLM00553,PT00430,DR006,Dr. Kavya Iyer,Pediatrics,Nationalinsurance,32919.12,31049.21,2024-05-21,2024-08-21,92.0,Approved,nan,OK,2024-05
CLM00554,PT00032,DR010,Dr. Rohit Verma,Orthopedics,Unitedhealthindia,79538.8,70578.07,2024-04-15,2024-05-26,41.0,Approved,nan,OK,2024-04
CLM00555,PT00502,DR003,Dr. Aarti Deshmukh,Neurology,Starhealth,50149.75,38248.29,2024-06-22,2024-07-02,10.0,Approved,nan,OK,2024-06
CLM00556,PT00111,DR002,Dr. Suresh Patil,Orthopedics,Hdfcergo,61827.93,55533.17,2024-12-26,2025-04-19,114.0,Approved,nan,OK,2024-12
CLM00557,PT00681,DR004,Dr. Rajan Mehta,Oncology,Unitedhealthindia,16389.11,12672.54,2024-08-26,2024-12-13,109.0,Approved,nan,OK,2024-08
CLM00558,PT01402,DR008,Dr. Anil Joshi,Emergency,Hdfcergo,38595.66,37589.29,2024-04-24,2024-06-03,40.0,Approved,nan,OK,2024-04
CLM00559,PT01363,DR006,Dr. Kavya Iyer,Pediatrics,Bajajallianz,70726.04,0.0,2024-01-16,,,Rejected,Wrong diagnosis code,OK,2024-01
CLM00560,PT01573,DR006,Dr. Kavya Iyer,Pediatrics,Unitedhealthindia,88328.35,0.0,2024-09-17,,,Rejected,Wrong diagnosis code,OK,2024-09
CLM00561,PT01092,DR008,Dr. Anil Joshi,Emergency,Hdfcergo,90627.71,80385.62,2024-05-02,2024-07-09,68.0,Approved,nan,OK,2024-05
CLM00562,PT01211,DR007,Dr. Deepak Sharma,Gynecology,Hdfcergo,87245.62,70585.07,2024-06-24,2024-09-23,91.0,Approved,nan,OK,2024-06
CLM00563,PT01714,DR008,Dr. Anil Joshi,Emergency,Starhealth,90863.65,70366.04,2024-08-25,2024-10-27,63.0,Approved,nan,OK,2024-08
CLM00564,PT00223,DR010,Dr. Rohit Verma,Orthopedics,Hdfcergo,52474.2,40543.31,2024-11-26,2025-03-17,111.0,Approved,nan,OK,2024-11
CLM00565,PT01659,DR001,Dr. Priya Nair,Cardiology,Nationalinsurance,100827.8,85451.12,2024-08-19,2024-11-07,80.0,Approved,nan,OK,2024-08
CLM00566,PT00614,DR010,Dr. Rohit Verma,Orthopedics,Bajajallianz,138182.74,135250.43,2024-08-10,2024-08-28,18.0,Approved,nan,OK,2024-08
CLM00567,PT01736,DR003,Dr. Aarti Deshmukh,Neurology,Bajajallianz,14049.53,10540.11,2024-10-08,2024-12-25,78.0,Approved,nan,OK,2024-10
CLM00568,PT01773,DR001,Dr. Priya Nair,Cardiology,Nationalinsurance,67598.75,56075.31,2024-10-29,2024-12-23,55.0,Approved,nan,OK,2024-10
CLM00569,PT00356,DR008,Dr. Anil Joshi,Emergency,Nationalinsurance,32292.89,27128.35,2024-07-15,2024-09-13,60.0,Approved,nan,OK,2024-07
CLM00570,PT00276,DR001,Dr. Priya Nair,Cardiology,Starhealth,99016.44,86310.19,2024-03-14,2024-05-15,62.0,Approved,nan,OK,2024-03
CLM00571,PT01651,DR007,Dr. Deepak Sharma,Gynecology,Hdfcergo,134569.46,115248.79,2024-12-22,2025-01-21,30.0,Approved,nan,OK,2024-12
CLM00572,PT00788,DR006,Dr. Kavya Iyer,Pediatrics,Nationalinsurance,31939.7,0.0,2024-11-05,,,Rejected,Policy lapsed,OK,2024-11
CLM00573,PT00842,DR009,Dr. Meera Pillai,Cardiology,Unitedhealthindia,58210.65,53915.91,2024-01-20,2024-02-10,21.0,Approved,nan,OK,2024-01
CLM00574,PT01496,DR009,Dr. Meera Pillai,Cardiology,Bajajallianz,72415.77,65356.51,2024-02-10,2024-03-19,38.0,Approved,nan,OK,2024-02
CLM00575,PT00160,DR009,Dr. Meera Pillai,Cardiology,Unitedhealthindia,50312.46,44464.05,2024-01-28,2024-02-05,8.0,Approved,nan,OK,2024-01
CLM00576,PT01503,DR006,Dr. Kavya Iyer,Pediatrics,Hdfcergo,56172.61,42625.55,2024-05-30,2024-08-21,83.0,Approved,nan,OK,2024-05
CLM00577,PT00126,DR008,Dr. Anil Joshi,Emergency,Unitedhealthindia,29516.49,24290.25,2024-01-27,2024-05-07,101.0,Approved,nan,OK,2024-01
CLM00578,PT01036,DR002,Dr. Suresh Patil,Orthopedics,Bajajallianz,41547.39,40070.99,2024-11-11,2024-11-19,8.0,Approved,nan,OK,2024-11
CLM00579,PT01514,DR003,Dr. Aarti Deshmukh,Neurology,Hdfcergo,58616.19,54231.33,2024-03-30,2024-06-07,69.0,Approved,nan,OK,2024-03
CLM00580,PT00173,DR003,Dr. Aarti Deshmukh,Neurology,Unitedhealthindia,140421.57,131742.16,2024-03-19,2024-05-17,59.0,Approved,nan,OK,2024-03
CLM00581,PT01306,DR003,Dr. Aarti Deshmukh,Neurology,Nationalinsurance,88774.82,0.0,2024-06-25,,,Rejected,Late submission,OK,2024-06
CLM00582,PT00817,DR008,Dr. Anil Joshi,Emergency,Bajajallianz,74058.6,68198.9,2024-09-29,2024-11-24,56.0,Approved,nan,OK,2024-09
CLM00583,PT00025,DR005,Dr. Sunita Kulkarni,General Medicine,Hdfcergo,60390.59,55602.77,2024-06-10,2024-06-22,12.0,Approved,nan,OK,2024-06
CLM00584,PT01730,DR007,Dr. Deepak Sharma,Gynecology,Unitedhealthindia,138116.09,112809.35,2024-05-19,2024-06-07,19.0,Approved,nan,OK,2024-05
CLM00586,PT00140,DR001,Dr. Priya Nair,Cardiology,Hdfcergo,19166.32,16059.06,2024-02-23,2024-06-01,99.0,Approved,nan,OK,2024-02
CLM00587,PT00189,DR001,Dr. Priya Nair,Cardiology,Unitedhealthindia,100207.8,91141.07,2024-04-21,2024-07-27,97.0,Approved,nan,OK,2024-04
CLM00588,PT00770,DR010,Dr. Rohit Verma,Orthopedics,Nationalinsurance,134920.24,0.0,2024-12-22,,,Rejected,Late submission,OK,2024-12
CLM00589,PT01890,DR005,Dr. Sunita Kulkarni,General Medicine,Hdfcergo,105372.12,87548.53,2024-12-07,2025-01-03,27.0,Approved,nan,OK,2024-12
CLM00590,PT00796,DR006,Dr. Kavya Iyer,Pediatrics,Starhealth,42444.6,32569.85,2024-05-15,2024-06-16,32.0,Approved,nan,OK,2024-05
CLM00591,PT00295,DR009,Dr. Meera Pillai,Cardiology,Hdfcergo,36666.04,31547.29,2024-11-25,2025-01-04,40.0,Approved,nan,OK,2024-11
CLM00592,PT00514,DR008,Dr. Anil Joshi,Emergency,Starhealth,134994.3,101275.01,2024-03-17,2024-03-28,11.0,Approved,nan,OK,2024-03
CLM00593,PT01853,DR007,Dr. Deepak Sharma,Gynecology,Unitedhealthindia,5537.04,4832.01,2024-12-28,2025-02-28,62.0,Approved,nan,OK,2024-12
CLM00594,PT00144,DR009,Dr. Meera Pillai,Cardiology,Nationalinsurance,5479.57,4770.06,2024-12-18,2025-03-07,79.0,Approved,nan,OK,2024-12
CLM00595,PT00621,DR007,Dr. Deepak Sharma,Gynecology,Starhealth,96679.52,85431.49,2024-11-27,2025-01-16,50.0,Approved,nan,OK,2024-11
CLM00596,PT01327,DR004,Dr. Rajan Mehta,Oncology,Nationalinsurance,85398.94,70430.01,2024-07-15,2024-09-09,56.0,Approved,nan,OK,2024-07
CLM00597,PT00174,DR008,Dr. Anil Joshi,Emergency,Nationalinsurance,25291.73,0.0,2024-04-08,,,Rejected,Duplicate claim,OK,2024-04
CLM00598,PT00631,DR008,Dr. Anil Joshi,Emergency,Unitedhealthindia,144918.31,109283.56,2024-08-18,2024-10-07,50.0,Approved,nan,OK,2024-08
CLM00599,PT00243,DR004,Dr. Rajan Mehta,Oncology,Unitedhealthindia,71463.7,63183.94,2024-12-13,2025-03-24,101.0,Approved,nan,OK,2024-12
CLM00600,PT00290,DR008,Dr. Anil Joshi,Emergency,Starhealth,73326.85,0.0,2024-11-12,,,Rejected,Service not covered,OK,2024-11
CLM00601,PT01681,DR002,Dr. Suresh Patil,Orthopedics,Hdfcergo,93627.75,0.0,2024-10-29,,,Rejected,Wrong diagnosis code,OK,2024-10
CLM00602,PT00130,DR004,Dr. Rajan Mehta,Oncology,Hdfcergo,53914.75,42064.32,2024-12-13,2025-03-17,94.0,Approved,nan,OK,2024-12
CLM00603,PT01625,DR004,Dr. Rajan Mehta,Oncology,Starhealth,90997.36,0.0,2024-06-20,,,Rejected,Late submission,OK,2024-06
CLM00604,PT01134,DR003,Dr. Aarti Deshmukh,Neurology,Hdfcergo,40328.47,0.0,2024-10-24,,,Rejected,Wrong diagnosis code,OK,2024-10
CLM00605,PT00324,DR001,Dr. Priya Nair,Cardiology,Hdfcergo,16704.78,12900.86,2024-01-04,2024-04-03,90.0,Approved,nan,OK,2024-01
CLM00606,PT01623,DR008,Dr. Anil Joshi,Emergency,Nationalinsurance,34893.23,0.0,2024-11-23,,,Rejected,Policy lapsed,OK,2024-11
CLM00607,PT00078,DR010,Dr. Rohit Verma,Orthopedics,Nationalinsurance,108993.82,98835.37,2024-11-09,2025-02-24,107.0,Approved,nan,OK,2024-11
CLM00608,PT00394,DR002,Dr. Suresh Patil,Orthopedics,Unitedhealthindia,146634.76,137878.03,2024-11-12,2025-01-27,76.0,Approved,nan,OK,2024-11
CLM00609,PT00427,DR005,Dr. Sunita Kulkarni,General Medicine,Starhealth,33089.25,32829.28,2024-03-17,2024-05-23,67.0,Approved,nan,OK,2024-03
CLM00610,PT00111,DR006,Dr. Kavya Iyer,Pediatrics,Bajajallianz,35390.51,33666.58,2024-05-08,2024-08-20,104.0,Approved,nan,OK,2024-05
CLM00611,PT01101,DR003,Dr. Aarti Deshmukh,Neurology,Nationalinsurance,118896.34,91278.49,2024-09-05,2024-10-12,37.0,Approved,nan,OK,2024-09
CLM00612,PT00408,DR006,Dr. Kavya Iyer,Pediatrics,Nationalinsurance,117951.42,0.0,2024-06-15,,,Rejected,Duplicate claim,OK,2024-06
CLM00613,PT00452,DR002,Dr. Suresh Patil,Orthopedics,Hdfcergo,89838.38,70634.11,2024-01-28,2024-04-22,85.0,Approved,nan,OK,2024-01
CLM00614,PT01475,DR004,Dr. Rajan Mehta,Oncology,Bajajallianz,146455.6,111016.81,2024-04-13,2024-07-01,79.0,Approved,nan,OK,2024-04
CLM00615,PT00940,DR007,Dr. Deepak Sharma,Gynecology,Nationalinsurance,115249.24,103829.08,2024-04-22,2024-08-08,108.0,Approved,nan,OK,2024-04
CLM00616,PT01184,DR009,Dr. Meera Pillai,Cardiology,Nationalinsurance,17538.78,17519.77,2024-09-24,2024-12-15,82.0,Approved,nan,OK,2024-09
CLM00617,PT00877,DR004,Dr. Rajan Mehta,Oncology,Nationalinsurance,52457.91,0.0,2024-10-23,,,Rejected,Service not covered,OK,2024-10
CLM00618,PT00091,DR001,Dr. Priya Nair,Cardiology,Hdfcergo,111354.06,0.0,2024-09-15,,,Rejected,Patient details mismatch,OK,2024-09
CLM00619,PT00927,DR008,Dr. Anil Joshi,Emergency,Nationalinsurance,17048.27,14519.24,2024-01-07,2024-02-10,34.0,Approved,nan,OK,2024-01
CLM00620,PT00186,DR001,Dr. Priya Nair,Cardiology,Hdfcergo,102010.16,98386.81,2024-03-23,2024-07-03,102.0,Approved,nan,OK,2024-03
CLM00621,PT00284,DR007,Dr. Deepak Sharma,Gynecology,Nationalinsurance,119529.51,110681.4,2024-07-08,2024-07-15,7.0,Approved,nan,OK,2024-07
CLM00622,PT00682,DR009,Dr. Meera Pillai,Cardiology,Starhealth,48005.55,43355.03,2024-05-18,2024-08-06,80.0,Approved,nan,OK,2024-05
CLM00623,PT01804,DR006,Dr. Kavya Iyer,Pediatrics,Starhealth,79636.79,60754.16,2024-12-11,2025-02-05,56.0,Approved,nan,OK,2024-12
CLM00624,PT00359,DR009,Dr. Meera Pillai,Cardiology,Starhealth,86309.94,71959.4,2024-04-14,2024-06-29,76.0,Approved,nan,OK,2024-04
CLM00625,PT01189,DR004,Dr. Rajan Mehta,Oncology,Nationalinsurance,51467.25,44042.19,2024-05-16,2024-05-29,13.0,Approved,nan,OK,2024-05
CLM00626,PT01079,DR002,Dr. Suresh Patil,Orthopedics,Hdfcergo,107924.67,105211.75,2024-12-13,2025-02-15,64.0,Approved,nan,OK,2024-12
CLM00627,PT01657,DR002,Dr. Suresh Patil,Orthopedics,Nationalinsurance,134325.97,0.0,2024-08-22,,,Rejected,Patient details mismatch,OK,2024-08
CLM00628,PT00224,DR003,Dr. Aarti Deshmukh,Neurology,Bajajallianz,21243.56,20579.66,2024-03-16,2024-05-28,73.0,Approved,nan,OK,2024-03
CLM00629,PT01398,DR009,Dr. Meera Pillai,Cardiology,Nationalinsurance,73716.21,67168.08,2024-08-03,2024-09-16,44.0,Approved,nan,OK,2024-08
CLM00630,PT01710,DR009,Dr. Meera Pillai,Cardiology,Bajajallianz,64695.3,61247.43,2024-06-24,2024-09-01,69.0,Approved,nan,OK,2024-06
CLM00631,PT00912,DR008,Dr. Anil Joshi,Emergency,Bajajallianz,87251.49,71110.13,2024-06-05,2024-08-12,68.0,Approved,nan,OK,2024-06
CLM00632,PT00304,DR006,Dr. Kavya Iyer,Pediatrics,Bajajallianz,71109.35,56190.43,2024-03-26,2024-06-09,75.0,Approved,nan,OK,2024-03
CLM00633,PT01419,DR003,Dr. Aarti Deshmukh,Neurology,Nationalinsurance,39496.27,35295.1,2024-01-22,2024-03-25,63.0,Approved,nan,OK,2024-01
CLM00634,PT00072,DR006,Dr. Kavya Iyer,Pediatrics,Bajajallianz,26451.91,20914.19,2024-08-17,2024-10-01,45.0,Approved,nan,OK,2024-08
CLM00635,PT01574,DR003,Dr. Aarti Deshmukh,Neurology,Hdfcergo,139532.64,0.0,2024-03-20,,,Rejected,Incomplete documents,OK,2024-03
CLM00636,PT01986,DR010,Dr. Rohit Verma,Orthopedics,Nationalinsurance,120938.55,94099.73,2024-08-14,2024-10-21,68.0,Approved,nan,OK,2024-08
CLM00637,PT00631,DR001,Dr. Priya Nair,Cardiology,Hdfcergo,94540.69,73091.32,2024-04-22,2024-05-06,14.0,Approved,nan,OK,2024-04
CLM00638,PT01601,DR005,Dr. Sunita Kulkarni,General Medicine,Nationalinsurance,8269.55,7601.91,2024-10-02,2024-10-20,18.0,Approved,nan,OK,2024-10
CLM00639,PT01236,DR010,Dr. Rohit Verma,Orthopedics,Unitedhealthindia,141793.31,111589.42,2024-12-07,2025-04-02,116.0,Approved,nan,OK,2024-12
CLM00640,PT00707,DR006,Dr. Kavya Iyer,Pediatrics,Bajajallianz,146740.93,0.0,2024-10-14,,,Rejected,Policy lapsed,OK,2024-10
CLM00641,PT00336,DR007,Dr. Deepak Sharma,Gynecology,Hdfcergo,25237.31,19834.25,2024-10-27,2024-12-11,45.0,Approved,nan,OK,2024-10
CLM00642,PT00136,DR010,Dr. Rohit Verma,Orthopedics,Hdfcergo,17825.0,14586.77,2024-07-28,2024-08-26,29.0,Approved,nan,OK,2024-07
CLM00643,PT00281,DR004,Dr. Rajan Mehta,Oncology,Nationalinsurance,125681.14,95587.83,2024-05-28,2024-09-17,112.0,Approved,nan,OK,2024-05
CLM00644,PT01516,DR008,Dr. Anil Joshi,Emergency,Nationalinsurance,8891.8,0.0,2024-01-02,,,Rejected,Late submission,OK,2024-01
CLM00645,PT01340,DR005,Dr. Sunita Kulkarni,General Medicine,Hdfcergo,31008.98,23477.23,2024-12-18,2025-04-01,104.0,Approved,nan,OK,2024-12
CLM00646,PT01527,DR006,Dr. Kavya Iyer,Pediatrics,Unitedhealthindia,74670.46,67726.03,2024-08-11,2024-10-17,67.0,Approved,nan,OK,2024-08
CLM00647,PT01502,DR010,Dr. Rohit Verma,Orthopedics,Starhealth,127565.61,100334.73,2024-03-24,2024-05-29,66.0,Approved,nan,OK,2024-03
CLM00648,PT00559,DR006,Dr. Kavya Iyer,Pediatrics,Hdfcergo,97255.83,0.0,2024-07-01,,,Rejected,Late submission,OK,2024-07
CLM00649,PT01570,DR003,Dr. Aarti Deshmukh,Neurology,Starhealth,91820.56,88892.47,2024-03-26,2024-07-16,112.0,Approved,nan,OK,2024-03
CLM00650,PT01430,DR006,Dr. Kavya Iyer,Pediatrics,Starhealth,82490.95,62134.2,2024-06-29,2024-09-10,73.0,Approved,nan,OK,2024-06
CLM00651,PT01887,DR003,Dr. Aarti Deshmukh,Neurology,Starhealth,36592.05,29167.68,2024-09-14,2024-12-01,78.0,Approved,nan,OK,2024-09
CLM00652,PT01090,DR009,Dr. Meera Pillai,Cardiology,Starhealth,65515.21,51285.83,2024-02-09,2024-02-18,9.0,Approved,nan,OK,2024-02
CLM00653,PT01674,DR008,Dr. Anil Joshi,Emergency,Unitedhealthindia,80852.56,0.0,2024-06-24,,,Rejected,Late submission,OK,2024-06
CLM00654,PT01755,DR003,Dr. Aarti Deshmukh,Neurology,Nationalinsurance,49577.11,0.0,2024-04-17,,,Rejected,Wrong diagnosis code,OK,2024-04
CLM00655,PT00039,DR008,Dr. Anil Joshi,Emergency,Hdfcergo,11164.96,0.0,2024-02-25,,,Rejected,Pre-authorization missing,OK,2024-02
CLM00656,PT00618,DR001,Dr. Priya Nair,Cardiology,Starhealth,118443.77,115517.46,2024-11-04,2024-12-04,30.0,Approved,nan,OK,2024-11
CLM00657,PT01529,DR005,Dr. Sunita Kulkarni,General Medicine,Unitedhealthindia,55436.3,52398.42,2024-03-23,2024-06-16,85.0,Approved,nan,OK,2024-03
CLM00658,PT01185,DR001,Dr. Priya Nair,Cardiology,Unitedhealthindia,36464.72,28914.46,2024-04-08,2024-07-20,103.0,Approved,nan,OK,2024-04
CLM00659,PT00439,DR009,Dr. Meera Pillai,Cardiology,Hdfcergo,58137.14,53392.07,2024-10-28,2024-11-17,20.0,Approved,nan,OK,2024-10
CLM00660,PT00439,DR009,Dr. Meera Pillai,Cardiology,Nationalinsurance,64098.81,0.0,2024-06-09,,,Rejected,Wrong diagnosis code,OK,2024-06
CLM00661,PT00591,DR009,Dr. Meera Pillai,Cardiology,Starhealth,16925.95,13894.56,2024-09-09,2024-12-01,83.0,Approved,nan,OK,2024-09
CLM00662,PT00463,DR009,Dr. Meera Pillai,Cardiology,Hdfcergo,47135.45,36171.85,2024-08-07,2024-11-29,114.0,Approved,nan,OK,2024-08
CLM00663,PT00027,DR008,Dr. Anil Joshi,Emergency,Starhealth,62473.61,48182.86,2024-09-24,2024-10-19,25.0,Approved,nan,OK,2024-09
CLM00664,PT01519,DR003,Dr. Aarti Deshmukh,Neurology,Starhealth,57737.95,51891.42,2024-04-11,2024-06-08,58.0,Approved,nan,OK,2024-04
CLM00665,PT00571,DR010,Dr. Rohit Verma,Orthopedics,Unitedhealthindia,44581.05,37404.59,2024-11-25,2025-02-25,92.0,Approved,nan,OK,2024-11
CLM00666,PT00572,DR003,Dr. Aarti Deshmukh,Neurology,Hdfcergo,20665.32,16691.49,2024-05-08,2024-06-01,24.0,Approved,nan,OK,2024-05
CLM00667,PT01021,DR001,Dr. Priya Nair,Cardiology,Nationalinsurance,60481.78,49939.09,2024-12-13,2025-03-09,86.0,Approved,nan,OK,2024-12
CLM00668,PT01572,DR008,Dr. Anil Joshi,Emergency,Hdfcergo,34280.1,30036.18,2024-12-04,2025-02-18,76.0,Approved,nan,OK,2024-12
CLM00669,PT01951,DR001,Dr. Priya Nair,Cardiology,Hdfcergo,132618.22,109892.74,2024-03-01,2024-04-25,55.0,Approved,nan,OK,2024-03
CLM00670,PT01351,DR005,Dr. Sunita Kulkarni,General Medicine,Nationalinsurance,76264.54,64616.67,2024-03-09,2024-06-21,104.0,Approved,nan,OK,2024-03
CLM00671,PT01404,DR009,Dr. Meera Pillai,Cardiology,Unitedhealthindia,73123.67,64105.42,2024-10-14,2024-12-10,57.0,Approved,nan,OK,2024-10
CLM00672,PT01386,DR006,Dr. Kavya Iyer,Pediatrics,Bajajallianz,51470.0,40252.09,2024-01-15,2024-03-08,53.0,Approved,nan,OK,2024-01
CLM00673,PT01826,DR006,Dr. Kavya Iyer,Pediatrics,Hdfcergo,19115.76,16305.41,2024-06-25,2024-07-09,14.0,Approved,nan,OK,2024-06
CLM00674,PT01214,DR002,Dr. Suresh Patil,Orthopedics,Starhealth,130996.29,98892.77,2024-02-28,2024-04-16,48.0,Approved,nan,OK,2024-02
CLM00675,PT01055,DR007,Dr. Deepak Sharma,Gynecology,Bajajallianz,7958.33,7930.01,2024-08-28,2024-10-22,55.0,Approved,nan,OK,2024-08
CLM00676,PT01001,DR002,Dr. Suresh Patil,Orthopedics,Nationalinsurance,53715.28,49248.69,2024-09-14,2024-10-12,28.0,Approved,nan,OK,2024-09
CLM00677,PT01018,DR002,Dr. Suresh Patil,Orthopedics,Unitedhealthindia,36041.62,0.0,2024-05-15,,,Rejected,Patient details mismatch,OK,2024-05
CLM00678,PT01470,DR010,Dr. Rohit Verma,Orthopedics,Starhealth,90820.38,0.0,2024-05-19,,,Rejected,Policy lapsed,OK,2024-05
CLM00679,PT01688,DR005,Dr. Sunita Kulkarni,General Medicine,Unitedhealthindia,121598.37,100724.58,2024-08-09,2024-10-08,60.0,Approved,nan,OK,2024-08
CLM00680,PT01564,DR009,Dr. Meera Pillai,Cardiology,Nationalinsurance,132730.0,128174.37,2024-11-17,2025-02-05,80.0,Approved,nan,OK,2024-11
CLM00681,PT01922,DR008,Dr. Anil Joshi,Emergency,Bajajallianz,140888.62,135703.03,2024-09-29,2024-11-30,62.0,Approved,nan,OK,2024-09
CLM00682,PT00411,DR006,Dr. Kavya Iyer,Pediatrics,Hdfcergo,26422.83,24873.99,2024-03-18,2024-07-11,115.0,Approved,nan,OK,2024-03
CLM00683,PT00132,DR004,Dr. Rajan Mehta,Oncology,Hdfcergo,43705.54,35581.19,2024-05-26,2024-08-17,83.0,Approved,nan,OK,2024-05
CLM00684,PT00057,DR004,Dr. Rajan Mehta,Oncology,Bajajallianz,72303.16,61855.7,2024-10-13,2024-10-24,11.0,Approved,nan,OK,2024-10
CLM00685,PT01618,DR005,Dr. Sunita Kulkarni,General Medicine,Unitedhealthindia,30517.86,26595.11,2024-01-22,2024-01-31,9.0,Approved,nan,OK,2024-01
CLM00686,PT00611,DR002,Dr. Suresh Patil,Orthopedics,Hdfcergo,135032.12,104322.65,2024-12-09,2025-04-02,114.0,Approved,nan,OK,2024-12
CLM00687,PT01505,DR009,Dr. Meera Pillai,Cardiology,Starhealth,80683.85,79303.26,2024-10-24,2024-12-02,39.0,Approved,nan,OK,2024-10
CLM00688,PT01584,DR006,Dr. Kavya Iyer,Pediatrics,Bajajallianz,125688.45,117643.1,2024-07-18,2024-09-17,61.0,Approved,nan,OK,2024-07
CLM00689,PT00563,DR008,Dr. Anil Joshi,Emergency,Hdfcergo,41874.36,0.0,2024-10-28,,,Rejected,Incomplete documents,OK,2024-10
CLM00690,PT00973,DR004,Dr. Rajan Mehta,Oncology,Bajajallianz,132517.86,123098.2,2024-03-15,2024-07-05,112.0,Approved,nan,OK,2024-03
CLM00691,PT00072,DR001,Dr. Priya Nair,Cardiology,Nationalinsurance,41682.52,0.0,2024-07-15,,,Rejected,Incomplete documents,OK,2024-07
CLM00692,PT00485,DR008,Dr. Anil Joshi,Emergency,Hdfcergo,6140.59,6014.6,2024-07-20,2024-09-03,45.0,Approved,nan,OK,2024-07
CLM00693,PT00431,DR003,Dr. Aarti Deshmukh,Neurology,Hdfcergo,96546.14,73227.39,2024-11-25,2025-03-22,117.0,Approved,nan,OK,2024-11
CLM00694,PT01510,DR007,Dr. Deepak Sharma,Gynecology,Bajajallianz,109020.97,100803.03,2024-02-21,2024-05-02,71.0,Approved,nan,OK,2024-02
CLM00695,PT01122,DR006,Dr. Kavya Iyer,Pediatrics,Hdfcergo,105805.46,84214.26,2024-01-27,2024-03-30,63.0,Approved,nan,OK,2024-01
CLM00696,PT01287,DR005,Dr. Sunita Kulkarni,General Medicine,Bajajallianz,88492.36,77792.88,2024-02-26,2024-06-10,105.0,Approved,nan,OK,2024-02
CLM00697,PT01405,DR007,Dr. Deepak Sharma,Gynecology,Bajajallianz,70466.04,64960.3,2024-03-09,2024-06-29,112.0,Approved,nan,OK,2024-03
CLM00698,PT00753,DR003,Dr. Aarti Deshmukh,Neurology,Hdfcergo,132076.55,130363.16,2024-10-19,2025-01-05,78.0,Approved,nan,OK,2024-10
CLM00699,PT01996,DR008,Dr. Anil Joshi,Emergency,Nationalinsurance,42958.56,0.0,2024-03-27,,,Rejected,Patient details mismatch,OK,2024-03
CLM00700,PT00349,DR010,Dr. Rohit Verma,Orthopedics,Starhealth,7046.66,6905.71,2024-09-26,2024-11-30,65.0,Approved,nan,OK,2024-09
CLM00701,PT00417,DR004,Dr. Rajan Mehta,Oncology,Bajajallianz,46754.49,40107.27,2024-09-10,2024-10-13,33.0,Approved,nan,OK,2024-09
CLM00702,PT01387,DR004,Dr. Rajan Mehta,Oncology,Hdfcergo,31153.63,0.0,2024-03-15,,,Rejected,Late submission,OK,2024-03
CLM00703,PT01194,DR008,Dr. Anil Joshi,Emergency,Starhealth,6496.44,6454.86,2024-03-09,2024-05-05,57.0,Approved,nan,OK,2024-03
CLM00704,PT01508,DR010,Dr. Rohit Verma,Orthopedics,Bajajallianz,15593.06,0.0,2024-10-12,,,Rejected,Incomplete documents,OK,2024-10
CLM00705,PT01242,DR010,Dr. Rohit Verma,Orthopedics,Starhealth,5777.34,4769.93,2024-09-15,2024-11-11,57.0,Approved,nan,OK,2024-09
CLM00706,PT00085,DR010,Dr. Rohit Verma,Orthopedics,Nationalinsurance,42742.29,35681.02,2024-09-14,2024-11-19,66.0,Approved,nan,OK,2024-09
CLM00707,PT00291,DR005,Dr. Sunita Kulkarni,General Medicine,Starhealth,50424.09,50088.41,2024-03-06,2024-04-17,42.0,Approved,nan,OK,2024-03
CLM00708,PT01796,DR005,Dr. Sunita Kulkarni,General Medicine,Unitedhealthindia,125290.43,107617.44,2024-05-15,2024-06-12,28.0,Approved,nan,OK,2024-05
CLM00709,PT00310,DR009,Dr. Meera Pillai,Cardiology,Hdfcergo,12717.22,0.0,2024-03-17,,,Rejected,Service not covered,OK,2024-03
CLM00710,PT00894,DR002,Dr. Suresh Patil,Orthopedics,Hdfcergo,10914.8,9716.5,2024-07-01,2024-09-04,65.0,Approved,nan,OK,2024-07
CLM00711,PT00254,DR006,Dr. Kavya Iyer,Pediatrics,Starhealth,34541.39,27359.33,2024-05-25,2024-08-05,72.0,Approved,nan,OK,2024-05
CLM00712,PT00435,DR010,Dr. Rohit Verma,Orthopedics,Starhealth,81272.23,79655.18,2024-10-19,2024-11-26,38.0,Approved,nan,OK,2024-10
CLM00713,PT00054,DR005,Dr. Sunita Kulkarni,General Medicine,Starhealth,62154.62,48264.15,2024-10-29,2024-12-16,48.0,Approved,nan,OK,2024-10
CLM00714,PT01351,DR008,Dr. Anil Joshi,Emergency,Hdfcergo,96111.73,72223.29,2024-05-17,2024-05-29,12.0,Approved,nan,OK,2024-05
CLM00715,PT01499,DR010,Dr. Rohit Verma,Orthopedics,Nationalinsurance,35648.19,29257.84,2024-01-25,2024-05-13,109.0,Approved,nan,OK,2024-01
CLM00716,PT00782,DR002,Dr. Suresh Patil,Orthopedics,Hdfcergo,41998.77,40586.72,2024-05-02,2024-05-20,18.0,Approved,nan,OK,2024-05
CLM00717,PT00825,DR005,Dr. Sunita Kulkarni,General Medicine,Nationalinsurance,22487.29,21002.51,2024-09-08,2024-10-24,46.0,Approved,nan,OK,2024-09
CLM00718,PT00197,DR006,Dr. Kavya Iyer,Pediatrics,Unitedhealthindia,33981.33,29533.51,2024-08-16,2024-11-03,79.0,Approved,nan,OK,2024-08
CLM00719,PT00755,DR010,Dr. Rohit Verma,Orthopedics,Nationalinsurance,67945.36,0.0,2024-08-06,,,Rejected,Incomplete documents,OK,2024-08
CLM00720,PT01462,DR003,Dr. Aarti Deshmukh,Neurology,Hdfcergo,81455.41,67011.39,2024-11-27,2025-01-28,62.0,Approved,nan,OK,2024-11
CLM00721,PT00262,DR005,Dr. Sunita Kulkarni,General Medicine,Nationalinsurance,80848.35,71773.01,2024-05-31,2024-06-12,12.0,Approved,nan,OK,2024-05
CLM00722,PT00952,DR010,Dr. Rohit Verma,Orthopedics,Bajajallianz,56541.36,0.0,2024-10-26,,,Rejected,Pre-authorization missing,OK,2024-10
CLM00723,PT00374,DR007,Dr. Deepak Sharma,Gynecology,Starhealth,17077.13,15314.81,2024-12-26,2025-03-01,65.0,Approved,nan,OK,2024-12
CLM00725,PT00028,DR003,Dr. Aarti Deshmukh,Neurology,Hdfcergo,71723.64,71110.47,2024-07-26,2024-10-18,84.0,Approved,nan,OK,2024-07
CLM00726,PT01264,DR006,Dr. Kavya Iyer,Pediatrics,Hdfcergo,121672.91,91676.76,2024-02-14,2024-03-06,21.0,Approved,nan,OK,2024-02
CLM00727,PT00055,DR004,Dr. Rajan Mehta,Oncology,Hdfcergo,99050.37,95140.1,2024-11-28,2025-03-24,116.0,Approved,nan,OK,2024-11
CLM00728,PT00950,DR003,Dr. Aarti Deshmukh,Neurology,Hdfcergo,66172.49,52150.91,2024-02-29,2024-06-04,96.0,Approved,nan,OK,2024-02
CLM00729,PT00921,DR010,Dr. Rohit Verma,Orthopedics,Nationalinsurance,34194.07,28994.29,2024-10-18,2024-12-06,49.0,Approved,nan,OK,2024-10
CLM00730,PT00852,DR008,Dr. Anil Joshi,Emergency,Unitedhealthindia,91396.73,69393.36,2024-10-10,2024-12-07,58.0,Approved,nan,OK,2024-10
CLM00731,PT01390,DR008,Dr. Anil Joshi,Emergency,Nationalinsurance,108572.1,0.0,2024-09-27,,,Rejected,Incomplete documents,OK,2024-09
CLM00732,PT01821,DR008,Dr. Anil Joshi,Emergency,Starhealth,76744.38,70940.86,2024-11-26,2024-12-05,9.0,Approved,nan,OK,2024-11
CLM00733,PT00898,DR004,Dr. Rajan Mehta,Oncology,Unitedhealthindia,36856.84,33190.51,2024-12-16,2025-04-09,114.0,Approved,nan,OK,2024-12
CLM00734,PT01481,DR007,Dr. Deepak Sharma,Gynecology,Hdfcergo,125796.71,105677.27,2024-12-10,2025-02-15,67.0,Approved,nan,OK,2024-12
CLM00735,PT00579,DR002,Dr. Suresh Patil,Orthopedics,Hdfcergo,23719.0,20707.79,2024-04-12,2024-07-29,108.0,Approved,nan,OK,2024-04
CLM00736,PT00429,DR009,Dr. Meera Pillai,Cardiology,Starhealth,149892.88,125799.24,2024-07-02,2024-07-29,27.0,Approved,nan,OK,2024-07
CLM00737,PT01653,DR002,Dr. Suresh Patil,Orthopedics,Bajajallianz,67439.97,60054.98,2024-11-12,2025-01-20,69.0,Approved,nan,OK,2024-11
CLM00738,PT00096,DR009,Dr. Meera Pillai,Cardiology,Bajajallianz,134966.07,121614.2,2024-12-19,2025-01-08,20.0,Approved,nan,OK,2024-12
CLM00739,PT00937,DR002,Dr. Suresh Patil,Orthopedics,Starhealth,118339.6,116782.95,2024-11-08,2025-02-28,112.0,Approved,nan,OK,2024-11
CLM00740,PT00242,DR004,Dr. Rajan Mehta,Oncology,Bajajallianz,27769.72,26117.18,2024-05-29,2024-08-07,70.0,Approved,nan,OK,2024-05
CLM00741,PT00686,DR003,Dr. Aarti Deshmukh,Neurology,Starhealth,128046.29,120658.64,2024-08-12,2024-08-19,7.0,Approved,nan,OK,2024-08
CLM00742,PT01035,DR003,Dr. Aarti Deshmukh,Neurology,Starhealth,43572.27,39923.04,2024-07-31,2024-08-26,26.0,Approved,nan,OK,2024-07
CLM00743,PT00283,DR007,Dr. Deepak Sharma,Gynecology,Hdfcergo,138112.91,121406.61,2024-08-22,2024-11-24,94.0,Approved,nan,OK,2024-08
CLM00744,PT00021,DR009,Dr. Meera Pillai,Cardiology,Starhealth,17292.84,16308.76,2024-06-10,2024-08-11,62.0,Approved,nan,OK,2024-06
CLM00745,PT01314,DR003,Dr. Aarti Deshmukh,Neurology,Unitedhealthindia,13382.43,12710.2,2024-11-19,2025-03-18,119.0,Approved,nan,OK,2024-11
CLM00746,PT01395,DR009,Dr. Meera Pillai,Cardiology,Bajajallianz,109624.9,82435.25,2024-06-09,2024-07-21,42.0,Approved,nan,OK,2024-06
CLM00747,PT00828,DR008,Dr. Anil Joshi,Emergency,Nationalinsurance,133699.06,122068.48,2024-11-15,2025-02-19,96.0,Approved,nan,OK,2024-11
CLM00748,PT01589,DR004,Dr. Rajan Mehta,Oncology,Bajajallianz,17220.73,16037.23,2024-10-02,2025-01-11,101.0,Approved,nan,OK,2024-10
CLM00749,PT00438,DR002,Dr. Suresh Patil,Orthopedics,Unitedhealthindia,85008.95,77266.45,2024-09-23,2024-10-02,9.0,Approved,nan,OK,2024-09
CLM00750,PT00495,DR005,Dr. Sunita Kulkarni,General Medicine,Hdfcergo,148108.43,142242.72,2024-02-26,2024-04-06,40.0,Approved,nan,OK,2024-02
CLM00751,PT01334,DR002,Dr. Suresh Patil,Orthopedics,Hdfcergo,48204.36,47998.9,2024-01-03,2024-04-22,110.0,Approved,nan,OK,2024-01
CLM00752,PT01921,DR009,Dr. Meera Pillai,Cardiology,Unitedhealthindia,38906.5,36813.23,2024-06-02,2024-09-08,98.0,Approved,nan,OK,2024-06
CLM00753,PT01511,DR004,Dr. Rajan Mehta,Oncology,Starhealth,52537.81,49629.18,2024-10-25,2024-12-29,65.0,Approved,nan,OK,2024-10
CLM00754,PT00168,DR002,Dr. Suresh Patil,Orthopedics,Starhealth,66608.58,57386.02,2024-03-07,2024-04-30,54.0,Approved,nan,OK,2024-03
CLM00755,PT01596,DR007,Dr. Deepak Sharma,Gynecology,Bajajallianz,89724.05,77164.48,2024-11-21,2025-01-29,69.0,Approved,nan,OK,2024-11
CLM00756,PT01036,DR003,Dr. Aarti Deshmukh,Neurology,Hdfcergo,108116.83,94958.62,2024-03-07,2024-05-20,74.0,Approved,nan,OK,2024-03
CLM00757,PT01529,DR003,Dr. Aarti Deshmukh,Neurology,Unitedhealthindia,58553.15,49896.36,2024-03-01,2024-03-23,22.0,Approved,nan,OK,2024-03
CLM00758,PT00242,DR006,Dr. Kavya Iyer,Pediatrics,Bajajallianz,148697.91,112563.49,2024-06-04,2024-06-29,25.0,Approved,nan,OK,2024-06
CLM00759,PT01832,DR005,Dr. Sunita Kulkarni,General Medicine,Bajajallianz,36259.31,0.0,2024-09-07,,,Rejected,Incomplete documents,OK,2024-09
CLM00760,PT00635,DR010,Dr. Rohit Verma,Orthopedics,Hdfcergo,135541.66,126054.88,2024-07-12,2024-10-04,84.0,Approved,nan,OK,2024-07
CLM00761,PT01560,DR008,Dr. Anil Joshi,Emergency,Hdfcergo,26602.48,0.0,2024-06-15,,,Rejected,Patient details mismatch,OK,2024-06
CLM00762,PT00094,DR008,Dr. Anil Joshi,Emergency,Bajajallianz,98657.9,88101.38,2024-03-25,2024-07-11,108.0,Approved,nan,OK,2024-03
CLM00763,PT01319,DR009,Dr. Meera Pillai,Cardiology,Starhealth,32901.88,30908.15,2024-11-12,2025-01-30,79.0,Approved,nan,OK,2024-11
CLM00764,PT00039,DR002,Dr. Suresh Patil,Orthopedics,Unitedhealthindia,31062.79,24895.31,2024-01-10,2024-05-02,113.0,Approved,nan,OK,2024-01
CLM00765,PT01653,DR009,Dr. Meera Pillai,Cardiology,Unitedhealthindia,51462.52,0.0,2024-10-28,,,Rejected,Pre-authorization missing,OK,2024-10
CLM00766,PT01082,DR006,Dr. Kavya Iyer,Pediatrics,Hdfcergo,42290.78,37446.15,2024-02-28,2024-04-11,43.0,Approved,nan,OK,2024-02
CLM00767,PT00629,DR007,Dr. Deepak Sharma,Gynecology,Nationalinsurance,13542.49,0.0,2024-06-15,,,Rejected,Pre-authorization missing,OK,2024-06
CLM00768,PT01829,DR006,Dr. Kavya Iyer,Pediatrics,Bajajallianz,59449.41,0.0,2024-03-02,,,Rejected,Duplicate claim,OK,2024-03
CLM00769,PT01541,DR009,Dr. Meera Pillai,Cardiology,Hdfcergo,142656.77,0.0,2024-05-17,,,Rejected,Policy lapsed,OK,2024-05
CLM00770,PT01298,DR004,Dr. Rajan Mehta,Oncology,Starhealth,44028.16,35732.33,2024-10-27,2025-01-13,78.0,Approved,nan,OK,2024-10
CLM00771,PT00914,DR002,Dr. Suresh Patil,Orthopedics,Unitedhealthindia,34501.25,34374.53,2024-03-13,2024-06-28,107.0,Approved,nan,OK,2024-03
CLM00773,PT00988,DR005,Dr. Sunita Kulkarni,General Medicine,Unitedhealthindia,41378.9,34669.5,2024-12-14,2025-03-11,87.0,Approved,nan,OK,2024-12
CLM00774,PT00331,DR009,Dr. Meera Pillai,Cardiology,Unitedhealthindia,15140.61,11820.94,2024-02-15,2024-03-10,24.0,Approved,nan,OK,2024-02
CLM00775,PT00432,DR010,Dr. Rohit Verma,Orthopedics,Unitedhealthindia,143825.49,141862.58,2024-06-11,2024-09-07,88.0,Approved,nan,OK,2024-06
CLM00777,PT01847,DR001,Dr. Priya Nair,Cardiology,Nationalinsurance,64908.64,61054.13,2024-12-22,2025-03-07,75.0,Approved,nan,OK,2024-12
CLM00778,PT01104,DR001,Dr. Priya Nair,Cardiology,Hdfcergo,102475.66,86499.1,2024-06-29,2024-09-20,83.0,Approved,nan,OK,2024-06
CLM00779,PT01428,DR001,Dr. Priya Nair,Cardiology,Starhealth,72090.42,58060.2,2024-04-08,2024-04-17,9.0,Approved,nan,OK,2024-04
CLM00780,PT00393,DR002,Dr. Suresh Patil,Orthopedics,Unitedhealthindia,95659.3,0.0,2024-04-23,,,Rejected,Policy lapsed,OK,2024-04
CLM00781,PT01442,DR010,Dr. Rohit Verma,Orthopedics,Nationalinsurance,6034.63,5838.38,2024-11-22,2025-02-09,79.0,Approved,nan,OK,2024-11
CLM00782,PT01514,DR010,Dr. Rohit Verma,Orthopedics,Unitedhealthindia,86945.33,81423.72,2024-02-03,2024-02-26,23.0,Approved,nan,OK,2024-02
CLM00783,PT01072,DR005,Dr. Sunita Kulkarni,General Medicine,Nationalinsurance,127911.74,118094.06,2024-01-12,2024-03-27,75.0,Approved,nan,OK,2024-01
CLM00784,PT00005,DR007,Dr. Deepak Sharma,Gynecology,Starhealth,128809.67,128652.09,2024-06-14,2024-07-26,42.0,Approved,nan,OK,2024-06
CLM00785,PT01060,DR001,Dr. Priya Nair,Cardiology,Nationalinsurance,11809.87,9791.1,2024-08-03,2024-09-29,57.0,Approved,nan,OK,2024-08
CLM00786,PT00052,DR004,Dr. Rajan Mehta,Oncology,Hdfcergo,143877.47,119750.1,2024-05-07,2024-05-22,15.0,Approved,nan,OK,2024-05
CLM00787,PT01655,DR001,Dr. Priya Nair,Cardiology,Unitedhealthindia,120597.03,97899.27,2024-06-20,2024-08-26,67.0,Approved,nan,OK,2024-06
CLM00788,PT00684,DR009,Dr. Meera Pillai,Cardiology,Nationalinsurance,141814.4,133450.85,2024-11-03,2025-01-29,87.0,Approved,nan,OK,2024-11
CLM00789,PT01878,DR001,Dr. Priya Nair,Cardiology,Hdfcergo,50425.52,0.0,2024-12-21,,,Rejected,Service not covered,OK,2024-12
CLM00790,PT01251,DR007,Dr. Deepak Sharma,Gynecology,Starhealth,19765.0,16281.01,2024-01-29,2024-03-24,55.0,Approved,nan,OK,2024-01
CLM00791,PT01771,DR010,Dr. Rohit Verma,Orthopedics,Unitedhealthindia,6537.95,5603.2,2024-07-15,2024-10-09,86.0,Approved,nan,OK,2024-07
CLM00792,PT01604,DR001,Dr. Priya Nair,Cardiology,Hdfcergo,79995.87,62050.59,2024-10-27,2025-01-18,83.0,Approved,nan,OK,2024-10
CLM00793,PT01853,DR010,Dr. Rohit Verma,Orthopedics,Nationalinsurance,97417.74,84787.51,2024-05-11,2024-08-05,86.0,Approved,nan,OK,2024-05
CLM00794,PT00124,DR003,Dr. Aarti Deshmukh,Neurology,Bajajallianz,89755.73,84244.14,2024-09-19,2024-11-04,46.0,Approved,nan,OK,2024-09
CLM00795,PT00962,DR005,Dr. Sunita Kulkarni,General Medicine,Unitedhealthindia,54720.55,48122.35,2024-07-07,2024-10-06,91.0,Approved,nan,OK,2024-07
CLM00796,PT01711,DR009,Dr. Meera Pillai,Cardiology,Starhealth,66198.87,60250.15,2024-04-10,2024-05-12,32.0,Approved,nan,OK,2024-04
CLM00797,PT01423,DR008,Dr. Anil Joshi,Emergency,Unitedhealthindia,105400.01,87894.66,2024-10-23,2024-12-07,45.0,Approved,nan,OK,2024-10
CLM00798,PT01617,DR001,Dr. Priya Nair,Cardiology,Hdfcergo,36813.85,33990.42,2024-01-02,2024-03-08,66.0,Approved,nan,OK,2024-01
CLM00799,PT01951,DR006,Dr. Kavya Iyer,Pediatrics,Hdfcergo,34770.87,26136.61,2024-04-04,2024-04-12,8.0,Approved,nan,OK,2024-04
CLM00800,PT00596,DR008,Dr. Anil Joshi,Emergency,Nationalinsurance,96543.51,0.0,2024-07-03,,,Rejected,Pre-authorization missing,OK,2024-07
CLM00801,PT00537,DR003,Dr. Aarti Deshmukh,Neurology,Bajajallianz,127892.46,96606.51,2024-05-05,2024-08-27,114.0,Approved,nan,OK,2024-05
CLM00802,PT00282,DR007,Dr. Deepak Sharma,Gynecology,Starhealth,54065.58,43795.15,2024-04-17,2024-08-05,110.0,Approved,nan,OK,2024-04
CLM00803,PT01637,DR010,Dr. Rohit Verma,Orthopedics,Hdfcergo,132366.24,128485.37,2024-02-03,2024-02-26,23.0,Approved,nan,OK,2024-02
CLM00804,PT00767,DR006,Dr. Kavya Iyer,Pediatrics,Unitedhealthindia,67283.32,0.0,2024-11-21,,,Rejected,Pre-authorization missing,OK,2024-11
CLM00805,PT00603,DR003,Dr. Aarti Deshmukh,Neurology,Bajajallianz,40839.89,39541.71,2024-11-18,2025-03-13,115.0,Approved,nan,OK,2024-11
CLM00806,PT01490,DR002,Dr. Suresh Patil,Orthopedics,Hdfcergo,119694.6,0.0,2024-11-10,,,Rejected,Patient details mismatch,OK,2024-11
CLM00807,PT01022,DR009,Dr. Meera Pillai,Cardiology,Hdfcergo,30954.79,28590.69,2024-12-30,2025-04-07,98.0,Approved,nan,OK,2024-12
CLM00808,PT01307,DR010,Dr. Rohit Verma,Orthopedics,Starhealth,35043.94,28336.39,2024-04-13,2024-05-17,34.0,Approved,nan,OK,2024-04
CLM00809,PT01916,DR006,Dr. Kavya Iyer,Pediatrics,Bajajallianz,84830.04,69879.76,2024-03-09,2024-05-21,73.0,Approved,nan,OK,2024-03
CLM00810,PT01273,DR006,Dr. Kavya Iyer,Pediatrics,Hdfcergo,70416.92,66975.37,2024-08-09,2024-09-25,47.0,Approved,nan,OK,2024-08
CLM00811,PT00544,DR002,Dr. Suresh Patil,Orthopedics,Bajajallianz,135714.0,119183.73,2024-05-30,2024-08-27,89.0,Approved,nan,OK,2024-05
CLM00812,PT00243,DR002,Dr. Suresh Patil,Orthopedics,Bajajallianz,10550.8,9693.83,2024-04-12,2024-05-21,39.0,Approved,nan,OK,2024-04
CLM00813,PT00563,DR004,Dr. Rajan Mehta,Oncology,Unitedhealthindia,149709.38,112601.44,2024-10-05,2024-11-19,45.0,Approved,nan,OK,2024-10
CLM00814,PT01938,DR007,Dr. Deepak Sharma,Gynecology,Unitedhealthindia,114881.88,100884.87,2024-01-07,2024-04-20,104.0,Approved,nan,OK,2024-01
CLM00815,PT01482,DR004,Dr. Rajan Mehta,Oncology,Hdfcergo,38889.86,36533.34,2024-10-27,2025-02-03,99.0,Approved,nan,OK,2024-10
CLM00816,PT01733,DR004,Dr. Rajan Mehta,Oncology,Hdfcergo,116669.0,100296.86,2024-12-23,2025-04-18,116.0,Approved,nan,OK,2024-12
CLM00817,PT00263,DR005,Dr. Sunita Kulkarni,General Medicine,Starhealth,77471.03,64684.87,2024-12-03,2025-02-01,60.0,Approved,nan,OK,2024-12
CLM00818,PT01415,DR009,Dr. Meera Pillai,Cardiology,Bajajallianz,52281.53,39632.13,2024-01-12,2024-02-05,24.0,Approved,nan,OK,2024-01
CLM00819,PT01290,DR010,Dr. Rohit Verma,Orthopedics,Unitedhealthindia,88212.42,70662.66,2024-07-19,2024-09-14,57.0,Approved,nan,OK,2024-07
CLM00820,PT00674,DR010,Dr. Rohit Verma,Orthopedics,Hdfcergo,97655.48,75788.3,2024-06-04,2024-08-20,77.0,Approved,nan,OK,2024-06
CLM00821,PT00055,DR003,Dr. Aarti Deshmukh,Neurology,Nationalinsurance,15076.2,0.0,2024-07-16,,,Rejected,Duplicate claim,OK,2024-07
CLM00822,PT00755,DR009,Dr. Meera Pillai,Cardiology,Starhealth,29914.73,29836.92,2024-07-29,2024-08-21,23.0,Approved,nan,OK,2024-07
CLM00823,PT01957,DR004,Dr. Rajan Mehta,Oncology,Nationalinsurance,131215.11,121691.24,2024-06-07,2024-08-13,67.0,Approved,nan,OK,2024-06
CLM00824,PT00416,DR009,Dr. Meera Pillai,Cardiology,Hdfcergo,44938.94,38711.88,2024-01-04,2024-04-25,112.0,Approved,nan,OK,2024-01
CLM00825,PT01865,DR010,Dr. Rohit Verma,Orthopedics,Hdfcergo,71729.66,0.0,2024-10-21,,,Rejected,Wrong diagnosis code,OK,2024-10
CLM00826,PT01435,DR005,Dr. Sunita Kulkarni,General Medicine,Hdfcergo,93888.99,74631.84,2024-03-30,2024-06-24,86.0,Approved,nan,OK,2024-03
CLM00827,PT00376,DR010,Dr. Rohit Verma,Orthopedics,Starhealth,62064.94,60056.2,2024-01-23,2024-03-05,42.0,Approved,nan,OK,2024-01
CLM00828,PT00137,DR004,Dr. Rajan Mehta,Oncology,Hdfcergo,64635.33,54434.78,2024-10-10,2025-01-21,103.0,Approved,nan,OK,2024-10
CLM00829,PT00924,DR003,Dr. Aarti Deshmukh,Neurology,Bajajallianz,35068.95,26943.43,2024-01-23,2024-04-27,95.0,Approved,nan,OK,2024-01
CLM00830,PT00818,DR004,Dr. Rajan Mehta,Oncology,Hdfcergo,10477.33,10260.28,2024-05-08,2024-06-25,48.0,Approved,nan,OK,2024-05
CLM00831,PT00170,DR009,Dr. Meera Pillai,Cardiology,Nationalinsurance,108469.32,0.0,2024-08-12,,,Rejected,Late submission,OK,2024-08
CLM00832,PT00206,DR003,Dr. Aarti Deshmukh,Neurology,Bajajallianz,23001.95,21112.29,2024-07-19,2024-07-27,8.0,Approved,nan,OK,2024-07
CLM00833,PT00444,DR001,Dr. Priya Nair,Cardiology,Unitedhealthindia,36344.14,0.0,2024-12-22,,,Rejected,Wrong diagnosis code,OK,2024-12
CLM00834,PT00010,DR001,Dr. Priya Nair,Cardiology,Hdfcergo,116231.56,94105.15,2024-05-07,2024-05-25,18.0,Approved,nan,OK,2024-05
CLM00835,PT01681,DR004,Dr. Rajan Mehta,Oncology,Starhealth,36982.34,35414.76,2024-02-19,2024-03-18,28.0,Approved,nan,OK,2024-02
CLM00836,PT01671,DR006,Dr. Kavya Iyer,Pediatrics,Bajajallianz,86497.85,85077.71,2024-04-07,2024-06-03,57.0,Approved,nan,OK,2024-04
CLM00837,PT00731,DR006,Dr. Kavya Iyer,Pediatrics,Nationalinsurance,7174.21,6078.68,2024-11-30,2025-02-03,65.0,Approved,nan,OK,2024-11
CLM00838,PT01278,DR006,Dr. Kavya Iyer,Pediatrics,Starhealth,14763.03,13905.1,2024-04-21,2024-06-30,70.0,Approved,nan,OK,2024-04
CLM00839,PT01889,DR010,Dr. Rohit Verma,Orthopedics,Nationalinsurance,41531.32,41338.36,2024-02-18,2024-05-24,96.0,Approved,nan,OK,2024-02
CLM00841,PT00920,DR007,Dr. Deepak Sharma,Gynecology,Unitedhealthindia,97885.83,90657.67,2024-04-29,2024-05-07,8.0,Approved,nan,OK,2024-04
CLM00842,PT00633,DR004,Dr. Rajan Mehta,Oncology,Hdfcergo,114800.63,0.0,2024-11-13,,,Rejected,Service not covered,OK,2024-11
CLM00843,PT00419,DR001,Dr. Priya Nair,Cardiology,Nationalinsurance,138894.33,119578.51,2024-11-02,2025-03-01,119.0,Approved,nan,OK,2024-11
CLM00844,PT01558,DR001,Dr. Priya Nair,Cardiology,Unitedhealthindia,119808.07,98495.86,2024-07-31,2024-08-10,10.0,Approved,nan,OK,2024-07
CLM00845,PT00422,DR009,Dr. Meera Pillai,Cardiology,Starhealth,136461.65,129688.1,2024-12-06,2025-03-12,96.0,Approved,nan,OK,2024-12
CLM00846,PT00659,DR003,Dr. Aarti Deshmukh,Neurology,Hdfcergo,96318.46,73924.05,2024-02-03,2024-03-05,31.0,Approved,nan,OK,2024-02
CLM00847,PT00258,DR002,Dr. Suresh Patil,Orthopedics,Nationalinsurance,90931.44,0.0,2024-04-14,,,Rejected,Wrong diagnosis code,OK,2024-04
CLM00848,PT00405,DR004,Dr. Rajan Mehta,Oncology,Hdfcergo,30583.15,27344.56,2024-05-07,2024-08-03,88.0,Approved,nan,OK,2024-05
CLM00849,PT01948,DR006,Dr. Kavya Iyer,Pediatrics,Hdfcergo,59769.04,52376.99,2024-08-29,2024-12-08,101.0,Approved,nan,OK,2024-08
CLM00850,PT00988,DR001,Dr. Priya Nair,Cardiology,Hdfcergo,66972.61,65658.82,2024-02-12,2024-05-05,83.0,Approved,nan,OK,2024-02
CLM00851,PT00780,DR008,Dr. Anil Joshi,Emergency,Bajajallianz,70772.45,61586.97,2024-07-11,2024-08-29,49.0,Approved,nan,OK,2024-07
CLM00852,PT00389,DR001,Dr. Priya Nair,Cardiology,Starhealth,129939.99,127526.06,2024-07-10,2024-09-05,57.0,Approved,nan,OK,2024-07
CLM00853,PT01313,DR010,Dr. Rohit Verma,Orthopedics,Starhealth,64274.2,50205.82,2024-01-20,2024-04-08,79.0,Approved,nan,OK,2024-01
CLM00854,PT01580,DR006,Dr. Kavya Iyer,Pediatrics,Unitedhealthindia,107823.63,99641.31,2024-11-21,2025-02-19,90.0,Approved,nan,OK,2024-11
CLM00855,PT00979,DR001,Dr. Priya Nair,Cardiology,Bajajallianz,96488.14,0.0,2024-12-12,,,Rejected,Service not covered,OK,2024-12
CLM00856,PT00521,DR004,Dr. Rajan Mehta,Oncology,Unitedhealthindia,88859.56,66918.74,2024-12-05,2025-03-20,105.0,Approved,nan,OK,2024-12
CLM00857,PT01447,DR010,Dr. Rohit Verma,Orthopedics,Starhealth,80187.87,63465.16,2024-04-06,2024-06-06,61.0,Approved,nan,OK,2024-04
CLM00858,PT01349,DR007,Dr. Deepak Sharma,Gynecology,Unitedhealthindia,49656.94,48717.44,2024-07-29,2024-11-24,118.0,Approved,nan,OK,2024-07
CLM00860,PT01427,DR007,Dr. Deepak Sharma,Gynecology,Unitedhealthindia,65442.14,51873.27,2024-05-27,2024-07-20,54.0,Approved,nan,OK,2024-05
CLM00861,PT01030,DR002,Dr. Suresh Patil,Orthopedics,Hdfcergo,87228.36,66707.5,2024-04-18,2024-05-18,30.0,Approved,nan,OK,2024-04
CLM00862,PT01786,DR007,Dr. Deepak Sharma,Gynecology,Hdfcergo,95891.42,87175.7,2024-11-15,2024-12-02,17.0,Approved,nan,OK,2024-11
CLM00863,PT00701,DR001,Dr. Priya Nair,Cardiology,Unitedhealthindia,39043.12,30266.32,2024-09-05,2024-09-19,14.0,Approved,nan,OK,2024-09
CLM00864,PT01617,DR001,Dr. Priya Nair,Cardiology,Starhealth,35604.91,31332.98,2024-01-04,2024-04-17,104.0,Approved,nan,OK,2024-01
CLM00865,PT01238,DR007,Dr. Deepak Sharma,Gynecology,Bajajallianz,58763.84,56073.15,2024-06-24,2024-08-16,53.0,Approved,nan,OK,2024-06
CLM00866,PT00730,DR006,Dr. Kavya Iyer,Pediatrics,Starhealth,5447.28,5223.15,2024-12-23,2025-01-16,24.0,Approved,nan,OK,2024-12
CLM00868,PT01930,DR006,Dr. Kavya Iyer,Pediatrics,Starhealth,96897.71,90497.93,2024-01-24,2024-04-26,93.0,Approved,nan,OK,2024-01
CLM00869,PT01255,DR002,Dr. Suresh Patil,Orthopedics,Bajajallianz,67047.86,64652.58,2024-08-31,2024-09-19,19.0,Approved,nan,OK,2024-08
CLM00870,PT00294,DR009,Dr. Meera Pillai,Cardiology,Unitedhealthindia,118804.98,0.0,2024-09-15,,,Rejected,Policy lapsed,OK,2024-09
CLM00871,PT01124,DR008,Dr. Anil Joshi,Emergency,Nationalinsurance,134979.24,119479.17,2024-02-29,2024-04-07,38.0,Approved,nan,OK,2024-02
CLM00872,PT00184,DR002,Dr. Suresh Patil,Orthopedics,Hdfcergo,149037.41,146390.78,2024-01-15,2024-03-11,56.0,Approved,nan,OK,2024-01
CLM00873,PT00976,DR002,Dr. Suresh Patil,Orthopedics,Nationalinsurance,138796.75,107235.82,2024-11-20,2025-02-23,95.0,Approved,nan,OK,2024-11
CLM00874,PT01893,DR010,Dr. Rohit Verma,Orthopedics,Starhealth,98378.05,92056.47,2024-07-12,2024-10-19,99.0,Approved,nan,OK,2024-07
CLM00875,PT01754,DR007,Dr. Deepak Sharma,Gynecology,Nationalinsurance,37414.87,0.0,2024-02-29,,,Rejected,Wrong diagnosis code,OK,2024-02
CLM00876,PT01525,DR002,Dr. Suresh Patil,Orthopedics,Unitedhealthindia,58321.87,52153.12,2024-06-09,2024-06-16,7.0,Approved,nan,OK,2024-06
CLM00877,PT00795,DR007,Dr. Deepak Sharma,Gynecology,Bajajallianz,116835.73,91316.1,2024-12-13,2025-03-14,91.0,Approved,nan,OK,2024-12
CLM00878,PT01103,DR008,Dr. Anil Joshi,Emergency,Bajajallianz,25981.61,22732.82,2024-05-31,2024-08-04,65.0,Approved,nan,OK,2024-05
CLM00879,PT01740,DR001,Dr. Priya Nair,Cardiology,Unitedhealthindia,51420.21,40152.29,2024-09-14,2025-01-07,115.0,Approved,nan,OK,2024-09
CLM00880,PT01014,DR005,Dr. Sunita Kulkarni,General Medicine,Hdfcergo,13527.83,12569.95,2024-06-19,2024-10-12,115.0,Approved,nan,OK,2024-06
CLM00881,PT00108,DR003,Dr. Aarti Deshmukh,Neurology,Hdfcergo,110472.34,101061.49,2024-06-02,2024-09-25,115.0,Approved,nan,OK,2024-06
CLM00882,PT00866,DR008,Dr. Anil Joshi,Emergency,Bajajallianz,114868.56,0.0,2024-07-19,,,Rejected,Late submission,OK,2024-07
CLM00883,PT01123,DR007,Dr. Deepak Sharma,Gynecology,Starhealth,23980.6,18309.93,2024-10-24,2025-01-29,97.0,Approved,nan,OK,2024-10
CLM00884,PT00905,DR008,Dr. Anil Joshi,Emergency,Bajajallianz,135096.62,126598.45,2024-04-17,2024-07-27,101.0,Approved,nan,OK,2024-04
CLM00885,PT00209,DR003,Dr. Aarti Deshmukh,Neurology,Hdfcergo,142807.73,113111.68,2024-08-06,2024-08-20,14.0,Approved,nan,OK,2024-08
CLM00886,PT00108,DR002,Dr. Suresh Patil,Orthopedics,Unitedhealthindia,99264.18,78135.01,2024-10-30,2025-02-06,99.0,Approved,nan,OK,2024-10
CLM00887,PT01001,DR005,Dr. Sunita Kulkarni,General Medicine,Unitedhealthindia,143410.53,135374.16,2024-11-30,2025-03-18,108.0,Approved,nan,OK,2024-11
CLM00888,PT01676,DR007,Dr. Deepak Sharma,Gynecology,Bajajallianz,96688.36,75416.93,2024-08-15,2024-09-01,17.0,Approved,nan,OK,2024-08
CLM00889,PT00461,DR001,Dr. Priya Nair,Cardiology,Unitedhealthindia,88082.38,81338.04,2024-10-20,2024-11-08,19.0,Approved,nan,OK,2024-10
CLM00890,PT01321,DR007,Dr. Deepak Sharma,Gynecology,Bajajallianz,87856.35,81569.53,2024-02-20,2024-06-16,117.0,Approved,nan,OK,2024-02
CLM00891,PT00041,DR007,Dr. Deepak Sharma,Gynecology,Unitedhealthindia,123532.11,108674.32,2024-09-28,2024-12-18,81.0,Approved,nan,OK,2024-09
CLM00892,PT01544,DR004,Dr. Rajan Mehta,Oncology,Starhealth,31196.31,23438.75,2024-11-02,2025-01-05,64.0,Approved,nan,OK,2024-11
CLM00893,PT00423,DR003,Dr. Aarti Deshmukh,Neurology,Starhealth,86561.95,67620.4,2024-01-18,2024-03-03,45.0,Approved,nan,OK,2024-01
CLM00894,PT01936,DR001,Dr. Priya Nair,Cardiology,Nationalinsurance,48587.0,40004.07,2024-09-22,2024-12-06,75.0,Approved,nan,OK,2024-09
CLM00895,PT01071,DR006,Dr. Kavya Iyer,Pediatrics,Unitedhealthindia,83040.38,76036.28,2024-04-17,2024-04-29,12.0,Approved,nan,OK,2024-04
CLM00896,PT01706,DR004,Dr. Rajan Mehta,Oncology,Nationalinsurance,92310.94,75634.87,2024-04-20,2024-07-29,100.0,Approved,nan,OK,2024-04
CLM00897,PT00782,DR003,Dr. Aarti Deshmukh,Neurology,Hdfcergo,71129.82,70066.42,2024-05-10,2024-06-04,25.0,Approved,nan,OK,2024-05
CLM00898,PT01297,DR004,Dr. Rajan Mehta,Oncology,Bajajallianz,86728.11,78162.51,2024-11-27,2025-01-26,60.0,Approved,nan,OK,2024-11
CLM00899,PT00777,DR001,Dr. Priya Nair,Cardiology,Unitedhealthindia,40887.16,0.0,2024-05-18,,,Rejected,Wrong diagnosis code,OK,2024-05
CLM00900,PT00183,DR006,Dr. Kavya Iyer,Pediatrics,Bajajallianz,117820.29,95015.16,2024-03-15,2024-03-23,8.0,Approved,nan,OK,2024-03
CLM00901,PT01950,DR002,Dr. Suresh Patil,Orthopedics,Starhealth,30481.05,29008.8,2024-06-05,2024-06-24,19.0,Approved,nan,OK,2024-06
CLM00902,PT01130,DR005,Dr. Sunita Kulkarni,General Medicine,Unitedhealthindia,19364.59,0.0,2024-01-25,,,Rejected,Patient details mismatch,OK,2024-01
CLM00903,PT01616,DR009,Dr. Meera Pillai,Cardiology,Unitedhealthindia,91219.46,71323.86,2024-07-25,2024-08-02,8.0,Approved,nan,OK,2024-07
CLM00904,PT00293,DR007,Dr. Deepak Sharma,Gynecology,Unitedhealthindia,111636.24,101566.47,2024-01-28,2024-03-22,54.0,Approved,nan,OK,2024-01
CLM00905,PT01448,DR008,Dr. Anil Joshi,Emergency,Nationalinsurance,68649.2,60106.31,2024-06-30,2024-08-11,42.0,Approved,nan,OK,2024-06
CLM00906,PT01892,DR004,Dr. Rajan Mehta,Oncology,Bajajallianz,97167.11,82750.3,2024-02-14,2024-04-01,47.0,Approved,nan,OK,2024-02
CLM00908,PT01387,DR009,Dr. Meera Pillai,Cardiology,Nationalinsurance,74550.11,68525.98,2024-09-20,2024-12-04,75.0,Approved,nan,OK,2024-09
CLM00909,PT01866,DR001,Dr. Priya Nair,Cardiology,Hdfcergo,106875.8,99901.7,2024-06-25,2024-10-15,112.0,Approved,nan,OK,2024-06
CLM00910,PT00087,DR010,Dr. Rohit Verma,Orthopedics,Hdfcergo,144873.87,136315.82,2024-12-11,2025-01-15,35.0,Approved,nan,OK,2024-12
CLM00911,PT00724,DR001,Dr. Priya Nair,Cardiology,Hdfcergo,76848.64,59811.94,2024-03-28,2024-06-29,93.0,Approved,nan,OK,2024-03
CLM00912,PT00242,DR005,Dr. Sunita Kulkarni,General Medicine,Bajajallianz,75053.08,70137.59,2024-05-15,2024-08-02,79.0,Approved,nan,OK,2024-05
CLM00913,PT01965,DR009,Dr. Meera Pillai,Cardiology,Starhealth,140635.09,107497.83,2024-11-12,2024-11-19,7.0,Approved,nan,OK,2024-11
CLM00914,PT00011,DR006,Dr. Kavya Iyer,Pediatrics,Nationalinsurance,63299.87,0.0,2024-01-05,,,Rejected,Policy lapsed,OK,2024-01
CLM00915,PT00842,DR002,Dr. Suresh Patil,Orthopedics,Hdfcergo,6002.02,5207.8,2024-12-02,2025-01-25,54.0,Approved,nan,OK,2024-12
CLM00917,PT01453,DR004,Dr. Rajan Mehta,Oncology,Starhealth,32487.22,27785.15,2024-01-21,2024-03-10,49.0,Approved,nan,OK,2024-01
CLM00918,PT00982,DR005,Dr. Sunita Kulkarni,General Medicine,Starhealth,66058.82,60802.79,2024-10-08,2024-10-31,23.0,Approved,nan,OK,2024-10
CLM00919,PT01028,DR007,Dr. Deepak Sharma,Gynecology,Nationalinsurance,20911.25,16342.79,2024-02-25,2024-04-16,51.0,Approved,nan,OK,2024-02
CLM00920,PT01390,DR006,Dr. Kavya Iyer,Pediatrics,Hdfcergo,146583.59,120545.46,2024-01-05,2024-03-14,69.0,Approved,nan,OK,2024-01
CLM00921,PT01494,DR009,Dr. Meera Pillai,Cardiology,Nationalinsurance,41172.68,41113.57,2024-02-28,2024-04-06,38.0,Approved,nan,OK,2024-02
CLM00922,PT01604,DR002,Dr. Suresh Patil,Orthopedics,Unitedhealthindia,93609.56,84042.57,2024-04-06,2024-07-03,88.0,Approved,nan,OK,2024-04
CLM00923,PT00561,DR004,Dr. Rajan Mehta,Oncology,Nationalinsurance,66813.93,0.0,2024-11-11,,,Rejected,Pre-authorization missing,OK,2024-11
CLM00924,PT00474,DR004,Dr. Rajan Mehta,Oncology,Bajajallianz,66781.0,60835.37,2024-02-01,2024-03-17,45.0,Approved,nan,OK,2024-02
CLM00925,PT01458,DR007,Dr. Deepak Sharma,Gynecology,Nationalinsurance,51376.93,0.0,2024-01-25,,,Rejected,Pre-authorization missing,OK,2024-01
CLM00926,PT00967,DR005,Dr. Sunita Kulkarni,General Medicine,Unitedhealthindia,19610.45,0.0,2024-04-04,,,Rejected,Policy lapsed,OK,2024-04
CLM00927,PT00028,DR009,Dr. Meera Pillai,Cardiology,Nationalinsurance,53025.7,47576.13,2024-07-04,2024-09-26,84.0,Approved,nan,OK,2024-07
CLM00928,PT00787,DR002,Dr. Suresh Patil,Orthopedics,Starhealth,23920.38,21447.98,2024-11-04,2025-03-04,120.0,Approved,nan,OK,2024-11
CLM00929,PT01896,DR002,Dr. Suresh Patil,Orthopedics,Starhealth,141563.61,131843.52,2024-11-12,2025-02-24,104.0,Approved,nan,OK,2024-11
CLM00930,PT00393,DR007,Dr. Deepak Sharma,Gynecology,Unitedhealthindia,108182.45,105340.31,2024-10-13,2024-12-16,64.0,Approved,nan,OK,2024-10
CLM00931,PT00989,DR007,Dr. Deepak Sharma,Gynecology,Unitedhealthindia,140043.19,110876.92,2024-09-14,2024-10-26,42.0,Approved,nan,OK,2024-09
CLM00932,PT01160,DR001,Dr. Priya Nair,Cardiology,Nationalinsurance,112403.7,99265.67,2024-07-22,2024-10-02,72.0,Approved,nan,OK,2024-07
CLM00933,PT00787,DR009,Dr. Meera Pillai,Cardiology,Hdfcergo,63123.1,47399.14,2024-05-19,2024-08-07,80.0,Approved,nan,OK,2024-05
CLM00934,PT01620,DR009,Dr. Meera Pillai,Cardiology,Hdfcergo,78053.58,75174.87,2024-09-25,2024-11-08,44.0,Approved,nan,OK,2024-09
CLM00935,PT00094,DR009,Dr. Meera Pillai,Cardiology,Nationalinsurance,47317.28,0.0,2024-11-23,,,Rejected,Late submission,OK,2024-11
CLM00936,PT01316,DR004,Dr. Rajan Mehta,Oncology,Nationalinsurance,82516.26,74938.85,2024-01-01,2024-02-24,54.0,Approved,nan,OK,2024-01
CLM00937,PT00541,DR003,Dr. Aarti Deshmukh,Neurology,Hdfcergo,135258.69,103380.36,2024-05-30,2024-09-18,111.0,Approved,nan,OK,2024-05
CLM00938,PT00573,DR003,Dr. Aarti Deshmukh,Neurology,Bajajallianz,145882.68,141067.89,2024-10-02,2025-01-16,106.0,Approved,nan,OK,2024-10
CLM00939,PT01937,DR005,Dr. Sunita Kulkarni,General Medicine,Unitedhealthindia,84877.28,0.0,2024-08-14,,,Rejected,Late submission,OK,2024-08
CLM00940,PT00810,DR003,Dr. Aarti Deshmukh,Neurology,Hdfcergo,38599.86,37655.79,2024-08-10,2024-08-28,18.0,Approved,nan,OK,2024-08
CLM00941,PT00361,DR004,Dr. Rajan Mehta,Oncology,Unitedhealthindia,76125.17,57494.43,2024-04-02,2024-04-29,27.0,Approved,nan,OK,2024-04
CLM00942,PT00385,DR002,Dr. Suresh Patil,Orthopedics,Nationalinsurance,15447.06,14076.59,2024-05-05,2024-07-02,58.0,Approved,nan,OK,2024-05
CLM00943,PT01655,DR001,Dr. Priya Nair,Cardiology,Unitedhealthindia,19460.84,0.0,2024-07-15,,,Rejected,Pre-authorization missing,OK,2024-07
CLM00944,PT00509,DR002,Dr. Suresh Patil,Orthopedics,Bajajallianz,25682.16,24349.26,2024-11-17,2024-11-25,8.0,Approved,nan,OK,2024-11
CLM00945,PT00694,DR002,Dr. Suresh Patil,Orthopedics,Nationalinsurance,25188.36,24026.33,2024-10-15,2024-11-30,46.0,Approved,nan,OK,2024-10
CLM00946,PT01418,DR005,Dr. Sunita Kulkarni,General Medicine,Unitedhealthindia,22845.95,0.0,2024-01-23,,,Rejected,Late submission,OK,2024-01
CLM00947,PT00003,DR004,Dr. Rajan Mehta,Oncology,Starhealth,37867.9,34605.25,2024-07-16,2024-08-20,35.0,Approved,nan,OK,2024-07
CLM00948,PT01465,DR002,Dr. Suresh Patil,Orthopedics,Hdfcergo,29586.06,29264.06,2024-02-26,2024-04-09,43.0,Approved,nan,OK,2024-02
CLM00949,PT01891,DR002,Dr. Suresh Patil,Orthopedics,Starhealth,92653.43,77246.19,2024-04-01,2024-05-01,30.0,Approved,nan,OK,2024-04
CLM00950,PT00618,DR010,Dr. Rohit Verma,Orthopedics,Bajajallianz,55515.92,48566.03,2024-02-23,2024-04-17,54.0,Approved,nan,OK,2024-02
CLM00951,PT00157,DR001,Dr. Priya Nair,Cardiology,Nationalinsurance,117778.69,99835.09,2024-03-16,2024-06-23,99.0,Approved,nan,OK,2024-03
CLM00952,PT00232,DR010,Dr. Rohit Verma,Orthopedics,Hdfcergo,144139.87,119746.12,2024-05-22,2024-06-14,23.0,Approved,nan,OK,2024-05
CLM00953,PT00869,DR008,Dr. Anil Joshi,Emergency,Hdfcergo,92252.75,87689.49,2024-11-21,2025-02-19,90.0,Approved,nan,OK,2024-11
CLM00954,PT01104,DR009,Dr. Meera Pillai,Cardiology,Hdfcergo,82208.79,73596.68,2024-04-27,2024-06-26,60.0,Approved,nan,OK,2024-04
CLM00955,PT00450,DR002,Dr. Suresh Patil,Orthopedics,Nationalinsurance,57447.87,43332.28,2024-04-14,2024-07-01,78.0,Approved,nan,OK,2024-04
CLM00956,PT01867,DR006,Dr. Kavya Iyer,Pediatrics,Bajajallianz,128068.97,100666.7,2024-03-12,2024-07-06,116.0,Approved,nan,OK,2024-03
CLM00957,PT00432,DR004,Dr. Rajan Mehta,Oncology,Starhealth,113314.33,104928.02,2024-03-01,2024-04-25,55.0,Approved,nan,OK,2024-03
CLM00958,PT00111,DR002,Dr. Suresh Patil,Orthopedics,Unitedhealthindia,15696.69,11890.97,2024-10-31,2024-12-23,53.0,Approved,nan,OK,2024-10
CLM00959,PT01703,DR007,Dr. Deepak Sharma,Gynecology,Nationalinsurance,115985.57,108681.59,2024-08-28,2024-12-02,96.0,Approved,nan,OK,2024-08
CLM00960,PT00910,DR001,Dr. Priya Nair,Cardiology,Bajajallianz,21133.67,16019.95,2024-01-31,2024-05-13,103.0,Approved,nan,OK,2024-01
CLM00961,PT00868,DR008,Dr. Anil Joshi,Emergency,Unitedhealthindia,108153.98,94685.36,2024-05-12,2024-08-17,97.0,Approved,nan,OK,2024-05
CLM00962,PT00189,DR009,Dr. Meera Pillai,Cardiology,Hdfcergo,146799.31,124794.18,2024-03-05,2024-03-19,14.0,Approved,nan,OK,2024-03
CLM00963,PT01146,DR010,Dr. Rohit Verma,Orthopedics,Starhealth,123401.03,112686.73,2024-08-27,2024-10-24,58.0,Approved,nan,OK,2024-08
CLM00964,PT01325,DR007,Dr. Deepak Sharma,Gynecology,Nationalinsurance,44138.34,0.0,2024-02-23,,,Rejected,Incomplete documents,OK,2024-02
CLM00965,PT00134,DR004,Dr. Rajan Mehta,Oncology,Unitedhealthindia,6591.67,0.0,2024-06-07,,,Rejected,Duplicate claim,OK,2024-06
CLM00966,PT01168,DR010,Dr. Rohit Verma,Orthopedics,Starhealth,86742.2,0.0,2024-09-04,,,Rejected,Incomplete documents,OK,2024-09
CLM00967,PT01540,DR005,Dr. Sunita Kulkarni,General Medicine,Hdfcergo,77531.33,72214.39,2024-06-10,2024-07-03,23.0,Approved,nan,OK,2024-06
CLM00968,PT01519,DR009,Dr. Meera Pillai,Cardiology,Starhealth,77815.68,0.0,2024-03-17,,,Rejected,Patient details mismatch,OK,2024-03
CLM00969,PT00331,DR003,Dr. Aarti Deshmukh,Neurology,Hdfcergo,16419.16,15263.51,2024-11-16,2025-03-16,120.0,Approved,nan,OK,2024-11
CLM00970,PT01472,DR003,Dr. Aarti Deshmukh,Neurology,Unitedhealthindia,79863.62,78470.54,2024-11-07,2024-12-27,50.0,Approved,nan,OK,2024-11
CLM00971,PT01277,DR007,Dr. Deepak Sharma,Gynecology,Starhealth,134148.59,107614.69,2024-12-15,2025-03-10,85.0,Approved,nan,OK,2024-12
CLM00972,PT01019,DR002,Dr. Suresh Patil,Orthopedics,Starhealth,25680.27,25480.91,2024-06-07,2024-09-22,107.0,Approved,nan,OK,2024-06
CLM00973,PT00348,DR005,Dr. Sunita Kulkarni,General Medicine,Nationalinsurance,14883.47,11494.61,2024-10-22,2024-11-20,29.0,Approved,nan,OK,2024-10
CLM00974,PT00525,DR008,Dr. Anil Joshi,Emergency,Nationalinsurance,141275.27,118793.86,2024-10-18,2024-11-30,43.0,Approved,nan,OK,2024-10
CLM00975,PT00265,DR008,Dr. Anil Joshi,Emergency,Bajajallianz,79309.49,66891.27,2024-11-15,2025-02-17,94.0,Approved,nan,OK,2024-11
CLM00976,PT01398,DR001,Dr. Priya Nair,Cardiology,Unitedhealthindia,146727.59,119026.04,2024-01-30,2024-05-21,112.0,Approved,nan,OK,2024-01
CLM00977,PT00770,DR003,Dr. Aarti Deshmukh,Neurology,Unitedhealthindia,62895.66,0.0,2024-02-07,,,Rejected,Policy lapsed,OK,2024-02
CLM00978,PT01096,DR008,Dr. Anil Joshi,Emergency,Starhealth,17444.27,17106.25,2024-02-25,2024-06-09,105.0,Approved,nan,OK,2024-02
CLM00979,PT00702,DR010,Dr. Rohit Verma,Orthopedics,Hdfcergo,35832.1,30946.2,2024-08-31,2024-11-15,76.0,Approved,nan,OK,2024-08
CLM00980,PT00656,DR010,Dr. Rohit Verma,Orthopedics,Starhealth,148232.56,0.0,2024-07-13,,,Rejected,Incomplete documents,OK,2024-07
CLM00981,PT00434,DR001,Dr. Priya Nair,Cardiology,Hdfcergo,44127.98,34659.64,2024-11-21,2025-01-02,42.0,Approved,nan,OK,2024-11
CLM00982,PT01785,DR007,Dr. Deepak Sharma,Gynecology,Unitedhealthindia,36045.21,0.0,2024-05-12,,,Rejected,Pre-authorization missing,OK,2024-05
CLM00983,PT01543,DR005,Dr. Sunita Kulkarni,General Medicine,Nationalinsurance,33797.77,29873.06,2024-08-02,2024-11-17,107.0,Approved,nan,OK,2024-08
CLM00984,PT01420,DR010,Dr. Rohit Verma,Orthopedics,Hdfcergo,124337.28,111814.3,2024-10-14,2024-10-30,16.0,Approved,nan,OK,2024-10
CLM00985,PT01361,DR006,Dr. Kavya Iyer,Pediatrics,Starhealth,26823.41,23466.77,2024-08-22,2024-10-08,47.0,Approved,nan,OK,2024-08
CLM00986,PT01067,DR001,Dr. Priya Nair,Cardiology,Hdfcergo,141781.94,128983.16,2024-03-05,2024-05-25,81.0,Approved,nan,OK,2024-03
CLM00988,PT00034,DR005,Dr. Sunita Kulkarni,General Medicine,Bajajallianz,77802.35,70973.48,2024-03-04,2024-05-08,65.0,Approved,nan,OK,2024-03
CLM00989,PT00873,DR009,Dr. Meera Pillai,Cardiology,Bajajallianz,21440.1,18080.02,2024-03-31,2024-06-16,77.0,Approved,nan,OK,2024-03
CLM00991,PT00213,DR008,Dr. Anil Joshi,Emergency,Unitedhealthindia,139448.19,122134.36,2024-02-21,2024-06-10,110.0,Approved,nan,OK,2024-02
CLM00992,PT00457,DR008,Dr. Anil Joshi,Emergency,Unitedhealthindia,60256.58,59511.68,2024-04-10,2024-05-31,51.0,Approved,nan,OK,2024-04
CLM00993,PT01681,DR007,Dr. Deepak Sharma,Gynecology,Starhealth,141244.44,115382.91,2024-04-24,2024-07-24,91.0,Approved,nan,OK,2024-04
CLM00994,PT00850,DR004,Dr. Rajan Mehta,Oncology,Starhealth,135527.15,0.0,2024-07-31,,,Rejected,Pre-authorization missing,OK,2024-07
CLM00995,PT01680,DR010,Dr. Rohit Verma,Orthopedics,Bajajallianz,53588.04,43430.84,2024-10-19,2024-12-15,57.0,Approved,nan,OK,2024-10
CLM00996,PT01642,DR010,Dr. Rohit Verma,Orthopedics,Hdfcergo,23686.22,22076.22,2024-11-21,2025-01-18,58.0,Approved,nan,OK,2024-11
CLM00997,PT00204,DR003,Dr. Aarti Deshmukh,Neurology,Unitedhealthindia,22164.05,21294.28,2024-10-22,2025-01-17,87.0,Approved,nan,OK,2024-10
CLM00998,PT00661,DR004,Dr. Rajan Mehta,Oncology,Starhealth,18523.48,0.0,2024-08-11,,,Rejected,Service not covered,OK,2024-08
CLM00999,PT00162,DR010,Dr. Rohit Verma,Orthopedics,Hdfcergo,8667.03,7875.0,2024-03-07,2024-06-21,106.0,Approved,nan,OK,2024-03
CLM01000,PT00609,DR004,Dr. Rajan Mehta,Oncology,Unitedhealthindia,126866.23,116059.06,2024-07-12,2024-08-23,42.0,Approved,nan,OK,2024-07
CLM01001,PT01187,DR002,Dr. Suresh Patil,Orthopedics,Starhealth,71573.52,56218.05,2024-11-01,2024-12-11,40.0,Approved,nan,OK,2024-11
CLM01002,PT00741,DR004,Dr. Rajan Mehta,Oncology,Hdfcergo,19597.4,17081.67,2024-01-12,2024-04-08,87.0,Approved,nan,OK,2024-01
CLM01003,PT00643,DR008,Dr. Anil Joshi,Emergency,Nationalinsurance,31071.93,28428.22,2024-01-06,2024-04-02,87.0,Approved,nan,OK,2024-01
CLM01004,PT00711,DR008,Dr. Anil Joshi,Emergency,Unitedhealthindia,91998.97,0.0,2024-01-03,,,Rejected,Late submission,OK,2024-01
CLM01005,PT00048,DR009,Dr. Meera Pillai,Cardiology,Unitedhealthindia,115339.34,89814.41,2024-04-20,2024-05-24,34.0,Approved,nan,OK,2024-04
CLM01006,PT01417,DR003,Dr. Aarti Deshmukh,Neurology,Bajajallianz,44681.64,37404.71,2024-04-12,2024-06-28,77.0,Approved,nan,OK,2024-04
CLM01007,PT00894,DR009,Dr. Meera Pillai,Cardiology,Hdfcergo,138740.47,127886.02,2024-05-08,2024-09-05,120.0,Approved,nan,OK,2024-05
CLM01008,PT01625,DR010,Dr. Rohit Verma,Orthopedics,Bajajallianz,29019.7,25303.96,2024-04-15,2024-08-13,120.0,Approved,nan,OK,2024-04
CLM01009,PT00653,DR010,Dr. Rohit Verma,Orthopedics,Starhealth,93057.87,78003.79,2024-08-07,2024-11-02,87.0,Approved,nan,OK,2024-08
CLM01010,PT01963,DR009,Dr. Meera Pillai,Cardiology,Bajajallianz,90096.04,87331.26,2024-05-30,2024-08-12,74.0,Approved,nan,OK,2024-05
CLM01011,PT00661,DR007,Dr. Deepak Sharma,Gynecology,Nationalinsurance,56872.95,0.0,2024-02-07,,,Rejected,Incomplete documents,OK,2024-02
CLM01012,PT00653,DR001,Dr. Priya Nair,Cardiology,Bajajallianz,35997.0,35085.77,2024-10-17,2025-01-03,78.0,Approved,nan,OK,2024-10
CLM01013,PT00446,DR002,Dr. Suresh Patil,Orthopedics,Unitedhealthindia,45317.03,43135.32,2024-11-07,2025-02-07,92.0,Approved,nan,OK,2024-11
CLM01014,PT01549,DR007,Dr. Deepak Sharma,Gynecology,Bajajallianz,122942.2,116878.85,2024-04-11,2024-06-20,70.0,Approved,nan,OK,2024-04
CLM01015,PT00928,DR003,Dr. Aarti Deshmukh,Neurology,Unitedhealthindia,52396.84,0.0,2024-07-15,,,Rejected,Pre-authorization missing,OK,2024-07
CLM01017,PT01700,DR007,Dr. Deepak Sharma,Gynecology,Bajajallianz,44827.66,39856.84,2024-06-26,2024-08-12,47.0,Approved,nan,OK,2024-06
CLM01018,PT00931,DR008,Dr. Anil Joshi,Emergency,Starhealth,127245.97,102560.71,2024-11-12,2025-03-04,112.0,Approved,nan,OK,2024-11
CLM01019,PT01409,DR007,Dr. Deepak Sharma,Gynecology,Nationalinsurance,29677.76,28285.0,2024-04-07,2024-07-27,111.0,Approved,nan,OK,2024-04
CLM01020,PT01778,DR001,Dr. Priya Nair,Cardiology,Bajajallianz,133081.31,0.0,2024-01-23,,,Rejected,Late submission,OK,2024-01
CLM01021,PT01664,DR007,Dr. Deepak Sharma,Gynecology,Bajajallianz,106306.4,82916.37,2024-03-11,2024-04-27,47.0,Approved,nan,OK,2024-03
CLM01022,PT01979,DR007,Dr. Deepak Sharma,Gynecology,Hdfcergo,101894.11,91141.34,2024-09-24,2024-12-24,91.0,Approved,nan,OK,2024-09
CLM01023,PT00989,DR004,Dr. Rajan Mehta,Oncology,Starhealth,43252.74,36256.71,2024-05-31,2024-09-21,113.0,Approved,nan,OK,2024-05
CLM01024,PT00422,DR002,Dr. Suresh Patil,Orthopedics,Starhealth,145905.96,133886.92,2024-01-31,2024-04-06,66.0,Approved,nan,OK,2024-01
CLM01025,PT00428,DR010,Dr. Rohit Verma,Orthopedics,Unitedhealthindia,79519.46,65838.64,2024-06-09,2024-08-13,65.0,Approved,nan,OK,2024-06
CLM01026,PT00267,DR004,Dr. Rajan Mehta,Oncology,Bajajallianz,60908.48,53499.94,2024-08-19,2024-12-03,106.0,Approved,nan,OK,2024-08
CLM01027,PT01406,DR005,Dr. Sunita Kulkarni,General Medicine,Unitedhealthindia,99015.53,76914.6,2024-03-16,2024-04-06,21.0,Approved,nan,OK,2024-03
CLM01028,PT00059,DR008,Dr. Anil Joshi,Emergency,Unitedhealthindia,70632.93,0.0,2024-05-15,,,Rejected,Wrong diagnosis code,OK,2024-05
CLM01029,PT00883,DR009,Dr. Meera Pillai,Cardiology,Bajajallianz,12707.78,9686.93,2024-05-19,2024-07-13,55.0,Approved,nan,OK,2024-05
CLM01030,PT00825,DR003,Dr. Aarti Deshmukh,Neurology,Unitedhealthindia,45009.23,38635.53,2024-11-07,2025-02-09,94.0,Approved,nan,OK,2024-11
CLM01031,PT00236,DR001,Dr. Priya Nair,Cardiology,Starhealth,88408.42,0.0,2024-05-02,,,Rejected,Wrong diagnosis code,OK,2024-05
CLM01032,PT00829,DR007,Dr. Deepak Sharma,Gynecology,Hdfcergo,19689.12,15779.38,2024-12-20,2025-04-06,107.0,Approved,nan,OK,2024-12
CLM01033,PT00590,DR001,Dr. Priya Nair,Cardiology,Starhealth,31836.43,29759.83,2024-12-24,2025-04-19,116.0,Approved,nan,OK,2024-12
CLM01034,PT00143,DR003,Dr. Aarti Deshmukh,Neurology,Nationalinsurance,53162.52,0.0,2024-08-21,,,Rejected,Pre-authorization missing,OK,2024-08
CLM01035,PT01996,DR005,Dr. Sunita Kulkarni,General Medicine,Starhealth,29755.14,29528.57,2024-01-05,2024-03-26,81.0,Approved,nan,OK,2024-01
CLM01036,PT00093,DR001,Dr. Priya Nair,Cardiology,Unitedhealthindia,103606.71,91310.39,2024-05-28,2024-06-25,28.0,Approved,nan,OK,2024-05
CLM01037,PT01647,DR006,Dr. Kavya Iyer,Pediatrics,Hdfcergo,76145.97,62008.32,2024-06-28,2024-09-05,69.0,Approved,nan,OK,2024-06
CLM01038,PT00617,DR006,Dr. Kavya Iyer,Pediatrics,Unitedhealthindia,117306.31,95896.07,2024-11-01,2025-01-13,73.0,Approved,nan,OK,2024-11
CLM01039,PT01754,DR004,Dr. Rajan Mehta,Oncology,Nationalinsurance,56793.19,0.0,2024-01-16,,,Rejected,Patient details mismatch,OK,2024-01
CLM01040,PT01956,DR007,Dr. Deepak Sharma,Gynecology,Starhealth,144990.69,141337.7,2024-11-16,2025-01-19,64.0,Approved,nan,OK,2024-11
CLM01041,PT01865,DR006,Dr. Kavya Iyer,Pediatrics,Bajajallianz,61698.8,50535.13,2024-08-01,2024-09-01,31.0,Approved,nan,OK,2024-08
CLM01043,PT00302,DR008,Dr. Anil Joshi,Emergency,Nationalinsurance,80861.99,74076.06,2024-05-28,2024-07-12,45.0,Approved,nan,OK,2024-05
CLM01044,PT00930,DR001,Dr. Priya Nair,Cardiology,Nationalinsurance,46037.51,0.0,2024-10-30,,,Rejected,Policy lapsed,OK,2024-10
CLM01045,PT00002,DR001,Dr. Priya Nair,Cardiology,Bajajallianz,24969.22,21860.51,2024-05-25,2024-09-07,105.0,Approved,nan,OK,2024-05
CLM01046,PT00293,DR004,Dr. Rajan Mehta,Oncology,Hdfcergo,89857.6,68115.13,2024-02-11,2024-04-03,52.0,Approved,nan,OK,2024-02
CLM01047,PT00818,DR002,Dr. Suresh Patil,Orthopedics,Bajajallianz,138428.15,123336.28,2024-11-01,2025-02-02,93.0,Approved,nan,OK,2024-11
CLM01048,PT01573,DR004,Dr. Rajan Mehta,Oncology,Bajajallianz,24675.16,20387.83,2024-10-10,2024-11-24,45.0,Approved,nan,OK,2024-10
CLM01049,PT00770,DR007,Dr. Deepak Sharma,Gynecology,Starhealth,25098.43,21985.06,2024-08-14,2024-11-16,94.0,Approved,nan,OK,2024-08
CLM01050,PT00862,DR007,Dr. Deepak Sharma,Gynecology,Hdfcergo,9012.58,0.0,2024-10-13,,,Rejected,Patient details mismatch,OK,2024-10
CLM01051,PT01612,DR004,Dr. Rajan Mehta,Oncology,Unitedhealthindia,79269.99,77286.5,2024-03-06,2024-07-03,119.0,Approved,nan,OK,2024-03
CLM01052,PT00826,DR001,Dr. Priya Nair,Cardiology,Hdfcergo,122084.75,93222.27,2024-09-22,2024-10-06,14.0,Approved,nan,OK,2024-09
CLM01053,PT01218,DR002,Dr. Suresh Patil,Orthopedics,Bajajallianz,86989.29,66565.61,2024-12-19,2025-03-30,101.0,Approved,nan,OK,2024-12
CLM01054,PT01437,DR004,Dr. Rajan Mehta,Oncology,Unitedhealthindia,25902.03,0.0,2024-09-10,,,Rejected,Service not covered,OK,2024-09
CLM01055,PT00014,DR008,Dr. Anil Joshi,Emergency,Unitedhealthindia,104727.33,0.0,2024-02-28,,,Rejected,Service not covered,OK,2024-02
CLM01056,PT00419,DR002,Dr. Suresh Patil,Orthopedics,Hdfcergo,8575.18,6550.69,2024-09-15,2024-10-07,22.0,Approved,nan,OK,2024-09
CLM01057,PT00482,DR009,Dr. Meera Pillai,Cardiology,Bajajallianz,124144.54,113535.13,2024-12-14,2025-01-05,22.0,Approved,nan,OK,2024-12
CLM01058,PT01677,DR004,Dr. Rajan Mehta,Oncology,Nationalinsurance,79169.67,68801.58,2024-12-24,2025-02-06,44.0,Approved,nan,OK,2024-12
CLM01059,PT00753,DR005,Dr. Sunita Kulkarni,General Medicine,Hdfcergo,60944.01,58102.4,2024-02-24,2024-03-20,25.0,Approved,nan,OK,2024-02
CLM01060,PT00023,DR010,Dr. Rohit Verma,Orthopedics,Bajajallianz,9942.11,8997.3,2024-11-29,2024-12-11,12.0,Approved,nan,OK,2024-11
CLM01061,PT01808,DR008,Dr. Anil Joshi,Emergency,Bajajallianz,6322.41,6094.55,2024-03-22,2024-06-01,71.0,Approved,nan,OK,2024-03
CLM01062,PT01051,DR002,Dr. Suresh Patil,Orthopedics,Nationalinsurance,100108.29,89175.16,2024-06-29,2024-09-02,65.0,Approved,nan,OK,2024-06
CLM01063,PT01562,DR005,Dr. Sunita Kulkarni,General Medicine,Hdfcergo,14890.47,14751.08,2024-11-26,2025-02-18,84.0,Approved,nan,OK,2024-11
CLM01064,PT01589,DR009,Dr. Meera Pillai,Cardiology,Bajajallianz,23766.19,21275.05,2024-06-14,2024-09-03,81.0,Approved,nan,OK,2024-06
CLM01065,PT01745,DR003,Dr. Aarti Deshmukh,Neurology,Nationalinsurance,18998.36,17475.27,2024-02-24,2024-04-12,48.0,Approved,nan,OK,2024-02
CLM01066,PT01501,DR004,Dr. Rajan Mehta,Oncology,Starhealth,135470.17,114610.59,2024-03-30,2024-05-29,60.0,Approved,nan,OK,2024-03
CLM01067,PT00077,DR002,Dr. Suresh Patil,Orthopedics,Hdfcergo,115686.03,87616.53,2024-11-06,2024-12-05,29.0,Approved,nan,OK,2024-11
CLM01068,PT01306,DR010,Dr. Rohit Verma,Orthopedics,Unitedhealthindia,33961.49,31234.8,2024-05-09,2024-06-13,35.0,Approved,nan,OK,2024-05
CLM01069,PT01657,DR004,Dr. Rajan Mehta,Oncology,Starhealth,89405.65,69204.58,2024-11-18,2024-11-29,11.0,Approved,nan,OK,2024-11
CLM01070,PT00836,DR010,Dr. Rohit Verma,Orthopedics,Unitedhealthindia,130351.22,0.0,2024-06-23,,,Rejected,Policy lapsed,OK,2024-06
CLM01071,PT01026,DR006,Dr. Kavya Iyer,Pediatrics,Bajajallianz,94679.44,89983.24,2024-10-13,2024-12-15,63.0,Approved,nan,OK,2024-10
CLM01072,PT00161,DR003,Dr. Aarti Deshmukh,Neurology,Unitedhealthindia,48242.91,36803.06,2024-03-01,2024-05-16,76.0,Approved,nan,OK,2024-03
CLM01073,PT01889,DR005,Dr. Sunita Kulkarni,General Medicine,Hdfcergo,106974.63,84452.81,2024-02-04,2024-03-18,43.0,Approved,nan,OK,2024-02
CLM01074,PT01909,DR010,Dr. Rohit Verma,Orthopedics,Unitedhealthindia,50274.7,0.0,2024-11-12,,,Rejected,Wrong diagnosis code,OK,2024-11
CLM01075,PT01338,DR001,Dr. Priya Nair,Cardiology,Starhealth,54016.56,52504.47,2024-05-13,2024-05-27,14.0,Approved,nan,OK,2024-05
CLM01076,PT01893,DR001,Dr. Priya Nair,Cardiology,Nationalinsurance,76565.49,70882.24,2024-10-15,2025-01-27,104.0,Approved,nan,OK,2024-10
CLM01077,PT00853,DR010,Dr. Rohit Verma,Orthopedics,Unitedhealthindia,139757.72,109341.71,2024-10-09,2025-01-16,99.0,Approved,nan,OK,2024-10
CLM01078,PT01332,DR006,Dr. Kavya Iyer,Pediatrics,Hdfcergo,74250.93,0.0,2024-04-26,,,Rejected,Pre-authorization missing,OK,2024-04
CLM01079,PT01246,DR007,Dr. Deepak Sharma,Gynecology,Starhealth,85111.91,71860.58,2024-01-27,2024-02-19,23.0,Approved,nan,OK,2024-01
CLM01080,PT00897,DR002,Dr. Suresh Patil,Orthopedics,Unitedhealthindia,147467.51,123250.6,2024-07-07,2024-07-21,14.0,Approved,nan,OK,2024-07
CLM01081,PT00846,DR009,Dr. Meera Pillai,Cardiology,Unitedhealthindia,11638.06,9455.7,2024-01-08,2024-01-22,14.0,Approved,nan,OK,2024-01
CLM01082,PT00090,DR006,Dr. Kavya Iyer,Pediatrics,Bajajallianz,92350.32,72257.57,2024-05-05,2024-07-01,57.0,Approved,nan,OK,2024-05
CLM01083,PT00513,DR009,Dr. Meera Pillai,Cardiology,Nationalinsurance,76764.74,74054.18,2024-07-01,2024-09-02,63.0,Approved,nan,OK,2024-07
CLM01084,PT00600,DR004,Dr. Rajan Mehta,Oncology,Unitedhealthindia,134481.88,117787.48,2024-06-12,2024-06-25,13.0,Approved,nan,OK,2024-06
CLM01085,PT00996,DR005,Dr. Sunita Kulkarni,General Medicine,Starhealth,34515.47,30382.2,2024-03-11,2024-04-26,46.0,Approved,nan,OK,2024-03
CLM01086,PT01672,DR003,Dr. Aarti Deshmukh,Neurology,Starhealth,146796.91,138142.94,2024-12-23,2025-01-13,21.0,Approved,nan,OK,2024-12
CLM01087,PT01205,DR007,Dr. Deepak Sharma,Gynecology,Bajajallianz,124940.93,0.0,2024-02-13,,,Rejected,Patient details mismatch,OK,2024-02
CLM01088,PT00091,DR004,Dr. Rajan Mehta,Oncology,Nationalinsurance,60002.41,45785.73,2024-12-03,2025-01-18,46.0,Approved,nan,OK,2024-12
CLM01089,PT01864,DR010,Dr. Rohit Verma,Orthopedics,Bajajallianz,138791.31,124598.46,2024-05-14,2024-08-25,103.0,Approved,nan,OK,2024-05
CLM01090,PT01774,DR007,Dr. Deepak Sharma,Gynecology,Starhealth,122072.52,113567.03,2024-10-10,2025-01-11,93.0,Approved,nan,OK,2024-10
CLM01091,PT00869,DR010,Dr. Rohit Verma,Orthopedics,Unitedhealthindia,116506.79,0.0,2024-05-13,,,Rejected,Patient details mismatch,OK,2024-05
CLM01092,PT01859,DR001,Dr. Priya Nair,Cardiology,Bajajallianz,120940.39,0.0,2024-05-20,,,Rejected,Duplicate claim,OK,2024-05
CLM01093,PT00080,DR010,Dr. Rohit Verma,Orthopedics,Bajajallianz,57445.76,52462.79,2024-12-03,2025-03-18,105.0,Approved,nan,OK,2024-12
CLM01094,PT00658,DR005,Dr. Sunita Kulkarni,General Medicine,Nationalinsurance,69352.26,60101.35,2024-01-09,2024-03-01,52.0,Approved,nan,OK,2024-01
CLM01095,PT00120,DR010,Dr. Rohit Verma,Orthopedics,Starhealth,45084.62,44558.18,2024-11-08,2025-01-10,63.0,Approved,nan,OK,2024-11
CLM01096,PT01780,DR008,Dr. Anil Joshi,Emergency,Nationalinsurance,37975.74,0.0,2024-03-30,,,Rejected,Pre-authorization missing,OK,2024-03
CLM01097,PT01038,DR008,Dr. Anil Joshi,Emergency,Unitedhealthindia,51013.49,39035.69,2024-10-10,2025-01-16,98.0,Approved,nan,OK,2024-10
CLM01098,PT01731,DR006,Dr. Kavya Iyer,Pediatrics,Unitedhealthindia,109156.3,0.0,2024-11-03,,,Rejected,Wrong diagnosis code,OK,2024-11
CLM01099,PT00486,DR004,Dr. Rajan Mehta,Oncology,Bajajallianz,87703.05,79851.15,2024-12-14,2025-04-12,119.0,Approved,nan,OK,2024-12
CLM01100,PT00738,DR006,Dr. Kavya Iyer,Pediatrics,Hdfcergo,135121.87,134226.73,2024-07-10,2024-10-04,86.0,Approved,nan,OK,2024-07
CLM01101,PT00308,DR010,Dr. Rohit Verma,Orthopedics,Starhealth,20403.66,17908.27,2024-04-18,2024-08-02,106.0,Approved,nan,OK,2024-04
CLM01102,PT01925,DR004,Dr. Rajan Mehta,Oncology,Hdfcergo,125455.38,98798.45,2024-01-17,2024-04-30,104.0,Approved,nan,OK,2024-01
CLM01103,PT01916,DR004,Dr. Rajan Mehta,Oncology,Unitedhealthindia,78006.9,72818.49,2024-10-21,2025-01-04,75.0,Approved,nan,OK,2024-10
CLM01104,PT00106,DR010,Dr. Rohit Verma,Orthopedics,Hdfcergo,100583.68,82206.61,2024-09-23,2025-01-15,114.0,Approved,nan,OK,2024-09
CLM01105,PT01637,DR006,Dr. Kavya Iyer,Pediatrics,Nationalinsurance,71094.07,61229.9,2024-02-29,2024-06-27,119.0,Approved,nan,OK,2024-02
CLM01106,PT00157,DR006,Dr. Kavya Iyer,Pediatrics,Hdfcergo,92756.69,74895.54,2024-08-17,2024-12-07,112.0,Approved,nan,OK,2024-08
CLM01107,PT01591,DR007,Dr. Deepak Sharma,Gynecology,Unitedhealthindia,101555.88,0.0,2024-11-06,,,Rejected,Late submission,OK,2024-11
CLM01108,PT01035,DR003,Dr. Aarti Deshmukh,Neurology,Unitedhealthindia,76659.03,74290.38,2024-04-11,2024-04-19,8.0,Approved,nan,OK,2024-04
CLM01109,PT01457,DR008,Dr. Anil Joshi,Emergency,Starhealth,23327.7,17635.34,2024-01-18,2024-02-15,28.0,Approved,nan,OK,2024-01
CLM01110,PT01882,DR007,Dr. Deepak Sharma,Gynecology,Hdfcergo,56383.33,45690.72,2024-07-24,2024-09-06,44.0,Approved,nan,OK,2024-07
CLM01111,PT01212,DR010,Dr. Rohit Verma,Orthopedics,Unitedhealthindia,20626.91,0.0,2024-01-24,,,Rejected,Incomplete documents,OK,2024-01
CLM01112,PT01517,DR007,Dr. Deepak Sharma,Gynecology,Bajajallianz,114860.71,91413.35,2024-12-24,2025-04-08,105.0,Approved,nan,OK,2024-12
CLM01113,PT00312,DR001,Dr. Priya Nair,Cardiology,Unitedhealthindia,90992.0,76874.01,2024-12-11,2025-02-12,63.0,Approved,nan,OK,2024-12
CLM01114,PT01584,DR002,Dr. Suresh Patil,Orthopedics,Nationalinsurance,48115.54,0.0,2024-06-23,,,Rejected,Patient details mismatch,OK,2024-06
CLM01115,PT01953,DR003,Dr. Aarti Deshmukh,Neurology,Starhealth,123028.14,100829.44,2024-04-17,2024-08-14,119.0,Approved,nan,OK,2024-04
CLM01116,PT00243,DR005,Dr. Sunita Kulkarni,General Medicine,Bajajallianz,75562.18,62121.16,2024-04-24,2024-06-03,40.0,Approved,nan,OK,2024-04
CLM01117,PT01365,DR005,Dr. Sunita Kulkarni,General Medicine,Nationalinsurance,18916.52,17757.24,2024-10-09,2024-10-19,10.0,Approved,nan,OK,2024-10
CLM01118,PT01102,DR004,Dr. Rajan Mehta,Oncology,Starhealth,75813.05,62201.53,2024-01-14,2024-04-03,80.0,Approved,nan,OK,2024-01
CLM01119,PT00930,DR005,Dr. Sunita Kulkarni,General Medicine,Starhealth,108856.38,93406.01,2024-03-02,2024-04-11,40.0,Approved,nan,OK,2024-03
CLM01120,PT01370,DR002,Dr. Suresh Patil,Orthopedics,Bajajallianz,121527.96,101084.4,2024-04-23,2024-07-03,71.0,Approved,nan,OK,2024-04
CLM01121,PT01377,DR002,Dr. Suresh Patil,Orthopedics,Bajajallianz,134379.51,132107.42,2024-01-20,2024-05-07,108.0,Approved,nan,OK,2024-01
CLM01122,PT01716,DR001,Dr. Priya Nair,Cardiology,Starhealth,40657.49,40079.77,2024-10-27,2025-01-28,93.0,Approved,nan,OK,2024-10
CLM01123,PT00384,DR008,Dr. Anil Joshi,Emergency,Bajajallianz,24109.83,23813.48,2024-11-21,2025-03-17,116.0,Approved,nan,OK,2024-11
CLM01124,PT01005,DR009,Dr. Meera Pillai,Cardiology,Unitedhealthindia,35239.31,0.0,2024-04-01,,,Rejected,Late submission,OK,2024-04
CLM01125,PT00715,DR008,Dr. Anil Joshi,Emergency,Unitedhealthindia,100256.44,96263.52,2024-04-02,2024-07-30,119.0,Approved,nan,OK,2024-04
CLM01126,PT00804,DR010,Dr. Rohit Verma,Orthopedics,Bajajallianz,83794.93,0.0,2024-05-31,,,Rejected,Wrong diagnosis code,OK,2024-05
CLM01127,PT00860,DR008,Dr. Anil Joshi,Emergency,Bajajallianz,40872.46,0.0,2024-08-05,,,Rejected,Policy lapsed,OK,2024-08
CLM01128,PT00816,DR003,Dr. Aarti Deshmukh,Neurology,Hdfcergo,126817.52,116901.09,2024-09-07,2024-09-17,10.0,Approved,nan,OK,2024-09
CLM01129,PT01604,DR007,Dr. Deepak Sharma,Gynecology,Starhealth,86527.31,71766.15,2024-06-14,2024-08-10,57.0,Approved,nan,OK,2024-06
CLM01130,PT00112,DR005,Dr. Sunita Kulkarni,General Medicine,Hdfcergo,110587.09,84201.8,2024-06-22,2024-08-25,64.0,Approved,nan,OK,2024-06
CLM01131,PT00423,DR002,Dr. Suresh Patil,Orthopedics,Unitedhealthindia,93558.95,70635.13,2024-03-07,2024-06-14,99.0,Approved,nan,OK,2024-03
CLM01132,PT00683,DR006,Dr. Kavya Iyer,Pediatrics,Unitedhealthindia,14202.39,11937.46,2024-01-26,2024-02-27,32.0,Approved,nan,OK,2024-01
CLM01134,PT01547,DR009,Dr. Meera Pillai,Cardiology,Starhealth,77717.4,0.0,2024-09-05,,,Rejected,Late submission,OK,2024-09
CLM01135,PT00507,DR001,Dr. Priya Nair,Cardiology,Bajajallianz,113737.73,89033.7,2024-07-12,2024-10-21,101.0,Approved,nan,OK,2024-07
CLM01136,PT01034,DR007,Dr. Deepak Sharma,Gynecology,Starhealth,7137.56,5624.13,2024-10-04,2025-01-13,101.0,Approved,nan,OK,2024-10
CLM01137,PT01760,DR005,Dr. Sunita Kulkarni,General Medicine,Bajajallianz,66647.14,57631.54,2024-01-12,2024-01-31,19.0,Approved,nan,OK,2024-01
CLM01138,PT00597,DR007,Dr. Deepak Sharma,Gynecology,Starhealth,37226.68,32418.38,2024-07-27,2024-10-31,96.0,Approved,nan,OK,2024-07
CLM01139,PT01018,DR007,Dr. Deepak Sharma,Gynecology,Bajajallianz,115591.56,0.0,2024-12-31,,,Rejected,Duplicate claim,OK,2024-12
CLM01140,PT00916,DR006,Dr. Kavya Iyer,Pediatrics,Hdfcergo,86657.22,68107.62,2024-11-25,2025-02-20,87.0,Approved,nan,OK,2024-11
CLM01141,PT01772,DR008,Dr. Anil Joshi,Emergency,Unitedhealthindia,41245.51,39575.79,2024-03-13,2024-05-25,73.0,Approved,nan,OK,2024-03
CLM01142,PT01572,DR008,Dr. Anil Joshi,Emergency,Bajajallianz,64719.49,49130.34,2024-06-21,2024-09-24,95.0,Approved,nan,OK,2024-06
CLM01143,PT01414,DR004,Dr. Rajan Mehta,Oncology,Unitedhealthindia,120230.89,119012.81,2024-10-06,2024-11-12,37.0,Approved,nan,OK,2024-10
CLM01144,PT01759,DR002,Dr. Suresh Patil,Orthopedics,Starhealth,66726.79,62671.25,2024-02-09,2024-03-07,27.0,Approved,nan,OK,2024-02
CLM01145,PT01782,DR002,Dr. Suresh Patil,Orthopedics,Starhealth,133397.91,126833.19,2024-09-10,2024-11-18,69.0,Approved,nan,OK,2024-09
CLM01146,PT00019,DR005,Dr. Sunita Kulkarni,General Medicine,Starhealth,68144.51,66104.03,2024-05-30,2024-07-10,41.0,Approved,nan,OK,2024-05
CLM01147,PT01332,DR003,Dr. Aarti Deshmukh,Neurology,Nationalinsurance,47078.53,0.0,2024-12-16,,,Rejected,Incomplete documents,OK,2024-12
CLM01148,PT01918,DR006,Dr. Kavya Iyer,Pediatrics,Nationalinsurance,28814.54,0.0,2024-08-30,,,Rejected,Patient details mismatch,OK,2024-08
CLM01149,PT00012,DR005,Dr. Sunita Kulkarni,General Medicine,Nationalinsurance,33893.81,28225.37,2024-02-18,2024-03-03,14.0,Approved,nan,OK,2024-02
CLM01150,PT01304,DR009,Dr. Meera Pillai,Cardiology,Nationalinsurance,55018.83,45040.9,2024-01-08,2024-04-29,112.0,Approved,nan,OK,2024-01
CLM01151,PT00753,DR010,Dr. Rohit Verma,Orthopedics,Hdfcergo,140474.65,128512.09,2024-10-14,2024-10-30,16.0,Approved,nan,OK,2024-10
CLM01152,PT00366,DR005,Dr. Sunita Kulkarni,General Medicine,Unitedhealthindia,19836.71,18676.53,2024-09-24,2024-11-12,49.0,Approved,nan,OK,2024-09
CLM01153,PT01980,DR010,Dr. Rohit Verma,Orthopedics,Hdfcergo,35349.47,35253.03,2024-01-02,2024-01-20,18.0,Approved,nan,OK,2024-01
CLM01154,PT00974,DR001,Dr. Priya Nair,Cardiology,Bajajallianz,16279.18,15494.66,2024-01-27,2024-03-28,61.0,Approved,nan,OK,2024-01
CLM01155,PT00241,DR004,Dr. Rajan Mehta,Oncology,Unitedhealthindia,62020.77,52019.79,2024-07-16,2024-11-07,114.0,Approved,nan,OK,2024-07
CLM01156,PT01725,DR004,Dr. Rajan Mehta,Oncology,Nationalinsurance,142096.04,136407.8,2024-05-22,2024-08-08,78.0,Approved,nan,OK,2024-05
CLM01157,PT00247,DR009,Dr. Meera Pillai,Cardiology,Hdfcergo,99553.36,0.0,2024-04-01,,,Rejected,Incomplete documents,OK,2024-04
CLM01158,PT00869,DR004,Dr. Rajan Mehta,Oncology,Unitedhealthindia,86170.13,68483.83,2024-04-07,2024-07-18,102.0,Approved,nan,OK,2024-04
CLM01159,PT00400,DR001,Dr. Priya Nair,Cardiology,Unitedhealthindia,50006.65,48954.1,2024-02-18,2024-04-29,71.0,Approved,nan,OK,2024-02
CLM01160,PT00564,DR008,Dr. Anil Joshi,Emergency,Hdfcergo,11368.02,9305.22,2024-12-22,2025-01-05,14.0,Approved,nan,OK,2024-12
CLM01161,PT01900,DR008,Dr. Anil Joshi,Emergency,Unitedhealthindia,96674.81,0.0,2024-09-08,,,Rejected,Wrong diagnosis code,OK,2024-09
CLM01162,PT00314,DR003,Dr. Aarti Deshmukh,Neurology,Nationalinsurance,17009.57,0.0,2024-03-02,,,Rejected,Pre-authorization missing,OK,2024-03
CLM01163,PT01747,DR004,Dr. Rajan Mehta,Oncology,Unitedhealthindia,111930.78,107683.85,2024-06-19,2024-08-05,47.0,Approved,nan,OK,2024-06
CLM01164,PT01479,DR006,Dr. Kavya Iyer,Pediatrics,Unitedhealthindia,7054.83,6768.61,2024-12-06,2025-03-08,92.0,Approved,nan,OK,2024-12
CLM01165,PT00303,DR005,Dr. Sunita Kulkarni,General Medicine,Starhealth,30024.86,24010.01,2024-01-23,2024-04-03,71.0,Approved,nan,OK,2024-01
CLM01166,PT01928,DR001,Dr. Priya Nair,Cardiology,Bajajallianz,44695.66,0.0,2024-06-28,,,Rejected,Policy lapsed,OK,2024-06
CLM01167,PT00949,DR002,Dr. Suresh Patil,Orthopedics,Starhealth,138111.61,109994.12,2024-04-03,2024-06-24,82.0,Approved,nan,OK,2024-04
CLM01168,PT00022,DR004,Dr. Rajan Mehta,Oncology,Bajajallianz,71750.62,66026.55,2024-05-06,2024-08-31,117.0,Approved,nan,OK,2024-05
CLM01169,PT00110,DR007,Dr. Deepak Sharma,Gynecology,Bajajallianz,30810.59,26296.71,2024-03-12,2024-07-03,113.0,Approved,nan,OK,2024-03
CLM01170,PT00605,DR005,Dr. Sunita Kulkarni,General Medicine,Hdfcergo,43359.05,36460.77,2024-09-07,2024-12-21,105.0,Approved,nan,OK,2024-09
CLM01171,PT01704,DR003,Dr. Aarti Deshmukh,Neurology,Starhealth,142701.44,126217.6,2024-10-26,2024-11-28,33.0,Approved,nan,OK,2024-10
CLM01172,PT01397,DR005,Dr. Sunita Kulkarni,General Medicine,Nationalinsurance,54616.27,51108.97,2024-09-14,2024-10-25,41.0,Approved,nan,OK,2024-09
CLM01173,PT00958,DR005,Dr. Sunita Kulkarni,General Medicine,Starhealth,138678.31,110472.03,2024-09-21,2024-10-15,24.0,Approved,nan,OK,2024-09
CLM01174,PT01349,DR010,Dr. Rohit Verma,Orthopedics,Starhealth,51743.95,50053.59,2024-02-23,2024-03-02,8.0,Approved,nan,OK,2024-02
CLM01175,PT01850,DR002,Dr. Suresh Patil,Orthopedics,Nationalinsurance,137406.58,0.0,2024-06-05,,,Rejected,Service not covered,OK,2024-06
CLM01176,PT01216,DR010,Dr. Rohit Verma,Orthopedics,Hdfcergo,110988.45,90249.56,2024-08-30,2024-10-23,54.0,Approved,nan,OK,2024-08
CLM01177,PT00083,DR004,Dr. Rajan Mehta,Oncology,Unitedhealthindia,20639.02,20401.58,2024-08-06,2024-10-03,58.0,Approved,nan,OK,2024-08
CLM01178,PT00616,DR010,Dr. Rohit Verma,Orthopedics,Unitedhealthindia,33777.01,26429.59,2024-10-17,2024-12-05,49.0,Approved,nan,OK,2024-10
CLM01179,PT01624,DR003,Dr. Aarti Deshmukh,Neurology,Bajajallianz,71513.46,65409.94,2024-03-25,2024-04-26,32.0,Approved,nan,OK,2024-03
CLM01180,PT00484,DR004,Dr. Rajan Mehta,Oncology,Hdfcergo,18074.2,16065.02,2024-05-05,2024-08-19,106.0,Approved,nan,OK,2024-05
CLM01181,PT00965,DR009,Dr. Meera Pillai,Cardiology,Hdfcergo,106323.06,101840.13,2024-08-29,2024-12-04,97.0,Approved,nan,OK,2024-08
CLM01182,PT00652,DR003,Dr. Aarti Deshmukh,Neurology,Hdfcergo,117122.76,109227.87,2024-05-24,2024-07-24,61.0,Approved,nan,OK,2024-05
CLM01183,PT01372,DR010,Dr. Rohit Verma,Orthopedics,Starhealth,37145.64,30043.0,2024-11-07,2024-12-30,53.0,Approved,nan,OK,2024-11
CLM01184,PT01540,DR007,Dr. Deepak Sharma,Gynecology,Starhealth,98608.7,75047.33,2024-03-11,2024-04-25,45.0,Approved,nan,OK,2024-03
CLM01185,PT00872,DR003,Dr. Aarti Deshmukh,Neurology,Bajajallianz,50108.35,38017.54,2024-12-11,2025-02-09,60.0,Approved,nan,OK,2024-12
CLM01186,PT00218,DR008,Dr. Anil Joshi,Emergency,Starhealth,55211.6,46991.61,2024-02-21,2024-06-10,110.0,Approved,nan,OK,2024-02
CLM01187,PT00787,DR008,Dr. Anil Joshi,Emergency,Starhealth,75490.21,71175.18,2024-12-09,2025-01-23,45.0,Approved,nan,OK,2024-12
CLM01188,PT01653,DR008,Dr. Anil Joshi,Emergency,Unitedhealthindia,59059.67,56758.83,2024-08-30,2024-10-22,53.0,Approved,nan,OK,2024-08
CLM01189,PT01556,DR007,Dr. Deepak Sharma,Gynecology,Starhealth,26806.15,24846.38,2024-06-21,2024-07-31,40.0,Approved,nan,OK,2024-06
CLM01190,PT00932,DR007,Dr. Deepak Sharma,Gynecology,Starhealth,72390.66,63154.0,2024-01-21,2024-03-14,53.0,Approved,nan,OK,2024-01
CLM01191,PT00872,DR006,Dr. Kavya Iyer,Pediatrics,Bajajallianz,116190.89,92334.81,2024-01-13,2024-03-05,52.0,Approved,nan,OK,2024-01
CLM01192,PT00073,DR010,Dr. Rohit Verma,Orthopedics,Starhealth,56800.45,48226.63,2024-01-19,2024-02-17,29.0,Approved,nan,OK,2024-01
CLM01193,PT01297,DR008,Dr. Anil Joshi,Emergency,Hdfcergo,134443.92,123990.64,2024-06-25,2024-08-02,38.0,Approved,nan,OK,2024-06
CLM01194,PT01681,DR009,Dr. Meera Pillai,Cardiology,Unitedhealthindia,71470.84,54287.24,2024-02-09,2024-05-03,84.0,Approved,nan,OK,2024-02
CLM01195,PT00783,DR009,Dr. Meera Pillai,Cardiology,Starhealth,53977.05,46184.52,2024-11-22,2024-12-01,9.0,Approved,nan,OK,2024-11
CLM01196,PT01522,DR002,Dr. Suresh Patil,Orthopedics,Hdfcergo,144948.21,144764.07,2024-04-08,2024-07-02,85.0,Approved,nan,OK,2024-04
CLM01197,PT01637,DR001,Dr. Priya Nair,Cardiology,Bajajallianz,88133.72,75727.7,2024-04-20,2024-07-31,102.0,Approved,nan,OK,2024-04
CLM01198,PT00094,DR010,Dr. Rohit Verma,Orthopedics,Hdfcergo,136913.23,102857.81,2024-12-13,2025-01-15,33.0,Approved,nan,OK,2024-12
CLM01199,PT00547,DR008,Dr. Anil Joshi,Emergency,Unitedhealthindia,119587.44,96307.46,2024-11-21,2024-11-30,9.0,Approved,nan,OK,2024-11
CLM01201,PT00710,DR008,Dr. Anil Joshi,Emergency,Nationalinsurance,71982.4,0.0,2024-09-12,,,Rejected,Service not covered,OK,2024-09
CLM01202,PT01746,DR010,Dr. Rohit Verma,Orthopedics,Starhealth,96550.69,74418.66,2024-10-14,2025-01-24,102.0,Approved,nan,OK,2024-10
CLM01203,PT00646,DR008,Dr. Anil Joshi,Emergency,Hdfcergo,9286.86,8414.51,2024-11-15,2025-02-02,79.0,Approved,nan,OK,2024-11
CLM01204,PT01994,DR005,Dr. Sunita Kulkarni,General Medicine,Unitedhealthindia,112887.54,99837.53,2024-04-30,2024-06-24,55.0,Approved,nan,OK,2024-04
CLM01205,PT00448,DR004,Dr. Rajan Mehta,Oncology,Starhealth,87758.03,82643.37,2024-04-01,2024-07-11,101.0,Approved,nan,OK,2024-04
CLM01206,PT00446,DR007,Dr. Deepak Sharma,Gynecology,Unitedhealthindia,45437.56,41623.47,2024-07-04,2024-10-06,94.0,Approved,nan,OK,2024-07
CLM01207,PT01097,DR009,Dr. Meera Pillai,Cardiology,Hdfcergo,37639.39,32594.9,2024-07-25,2024-11-14,112.0,Approved,nan,OK,2024-07
CLM01208,PT00820,DR005,Dr. Sunita Kulkarni,General Medicine,Starhealth,82236.53,75168.11,2024-06-20,2024-09-22,94.0,Approved,nan,OK,2024-06
CLM01209,PT01996,DR007,Dr. Deepak Sharma,Gynecology,Hdfcergo,32386.87,25412.13,2024-01-15,2024-04-10,86.0,Approved,nan,OK,2024-01
CLM01210,PT00838,DR001,Dr. Priya Nair,Cardiology,Bajajallianz,93422.81,81088.98,2024-03-26,2024-04-13,18.0,Approved,nan,OK,2024-03
CLM01211,PT01618,DR007,Dr. Deepak Sharma,Gynecology,Unitedhealthindia,79143.64,62550.77,2024-04-08,2024-06-01,54.0,Approved,nan,OK,2024-04
CLM01212,PT01460,DR004,Dr. Rajan Mehta,Oncology,Bajajallianz,24234.26,19429.86,2024-02-03,2024-04-09,66.0,Approved,nan,OK,2024-02
CLM01213,PT00496,DR003,Dr. Aarti Deshmukh,Neurology,Hdfcergo,77531.17,74388.74,2024-02-26,2024-06-23,118.0,Approved,nan,OK,2024-02
CLM01214,PT01972,DR002,Dr. Suresh Patil,Orthopedics,Starhealth,113548.24,109774.54,2024-12-15,2025-02-20,67.0,Approved,nan,OK,2024-12
CLM01215,PT00533,DR009,Dr. Meera Pillai,Cardiology,Starhealth,108790.25,96120.83,2024-11-06,2024-11-16,10.0,Approved,nan,OK,2024-11
CLM01216,PT01663,DR007,Dr. Deepak Sharma,Gynecology,Starhealth,57689.12,49613.3,2024-09-18,2025-01-03,107.0,Approved,nan,OK,2024-09
CLM01217,PT01691,DR010,Dr. Rohit Verma,Orthopedics,Starhealth,109689.16,91585.91,2024-07-06,2024-08-13,38.0,Approved,nan,OK,2024-07
CLM01218,PT01315,DR002,Dr. Suresh Patil,Orthopedics,Hdfcergo,135383.32,127158.13,2024-09-08,2024-10-28,50.0,Approved,nan,OK,2024-09
CLM01219,PT01433,DR005,Dr. Sunita Kulkarni,General Medicine,Unitedhealthindia,44918.35,35351.01,2024-01-19,2024-03-02,43.0,Approved,nan,OK,2024-01
CLM01220,PT01462,DR005,Dr. Sunita Kulkarni,General Medicine,Bajajallianz,141994.83,117314.05,2024-03-22,2024-06-28,98.0,Approved,nan,OK,2024-03
CLM01221,PT01424,DR003,Dr. Aarti Deshmukh,Neurology,Nationalinsurance,93080.17,0.0,2024-07-15,,,Rejected,Duplicate claim,OK,2024-07
CLM01222,PT01197,DR001,Dr. Priya Nair,Cardiology,Bajajallianz,57803.46,57747.35,2024-09-17,2024-11-14,58.0,Approved,nan,OK,2024-09
CLM01223,PT01319,DR003,Dr. Aarti Deshmukh,Neurology,Unitedhealthindia,128628.52,108626.1,2024-06-09,2024-08-17,69.0,Approved,nan,OK,2024-06
CLM01224,PT00992,DR007,Dr. Deepak Sharma,Gynecology,Starhealth,101968.0,84360.89,2024-02-03,2024-03-09,35.0,Approved,nan,OK,2024-02
CLM01225,PT00245,DR004,Dr. Rajan Mehta,Oncology,Bajajallianz,77324.59,75513.3,2024-10-18,2025-02-09,114.0,Approved,nan,OK,2024-10
CLM01226,PT01840,DR004,Dr. Rajan Mehta,Oncology,Nationalinsurance,57716.25,44713.36,2024-01-17,2024-03-06,49.0,Approved,nan,OK,2024-01
CLM01227,PT01734,DR009,Dr. Meera Pillai,Cardiology,Starhealth,145713.4,128335.21,2024-01-29,2024-03-07,38.0,Approved,nan,OK,2024-01
CLM01228,PT01333,DR004,Dr. Rajan Mehta,Oncology,Nationalinsurance,104997.43,0.0,2024-08-21,,,Rejected,Late submission,OK,2024-08
CLM01229,PT01702,DR002,Dr. Suresh Patil,Orthopedics,Nationalinsurance,80770.87,0.0,2024-02-01,,,Rejected,Duplicate claim,OK,2024-02
CLM01230,PT01100,DR001,Dr. Priya Nair,Cardiology,Bajajallianz,119552.34,93143.42,2024-02-07,2024-02-24,17.0,Approved,nan,OK,2024-02
CLM01231,PT01226,DR008,Dr. Anil Joshi,Emergency,Bajajallianz,87552.74,85473.12,2024-10-24,2025-01-31,99.0,Approved,nan,OK,2024-10
CLM01232,PT01651,DR010,Dr. Rohit Verma,Orthopedics,Hdfcergo,148874.46,134037.41,2024-05-08,2024-07-17,70.0,Approved,nan,OK,2024-05
CLM01233,PT00582,DR005,Dr. Sunita Kulkarni,General Medicine,Bajajallianz,130752.84,120222.09,2024-05-07,2024-07-17,71.0,Approved,nan,OK,2024-05
CLM01234,PT01937,DR003,Dr. Aarti Deshmukh,Neurology,Hdfcergo,5945.01,4701.21,2024-09-17,2024-10-02,15.0,Approved,nan,OK,2024-09
CLM01235,PT01766,DR008,Dr. Anil Joshi,Emergency,Bajajallianz,97493.03,77838.33,2024-10-02,2024-10-22,20.0,Approved,nan,OK,2024-10
CLM01236,PT00656,DR009,Dr. Meera Pillai,Cardiology,Hdfcergo,19922.98,15989.65,2024-06-02,2024-09-03,93.0,Approved,nan,OK,2024-06
CLM01237,PT01610,DR003,Dr. Aarti Deshmukh,Neurology,Nationalinsurance,93467.87,82169.15,2024-03-21,2024-05-27,67.0,Approved,nan,OK,2024-03
CLM01238,PT00552,DR004,Dr. Rajan Mehta,Oncology,Bajajallianz,73437.34,60700.23,2024-06-04,2024-09-12,100.0,Approved,nan,OK,2024-06
CLM01239,PT00872,DR010,Dr. Rohit Verma,Orthopedics,Hdfcergo,115590.81,98370.12,2024-01-03,2024-03-02,59.0,Approved,nan,OK,2024-01
CLM01240,PT01571,DR005,Dr. Sunita Kulkarni,General Medicine,Starhealth,123687.29,114926.29,2024-04-13,2024-05-27,44.0,Approved,nan,OK,2024-04
CLM01241,PT00784,DR006,Dr. Kavya Iyer,Pediatrics,Unitedhealthindia,86195.98,77954.69,2024-04-12,2024-06-14,63.0,Approved,nan,OK,2024-04
CLM01242,PT00667,DR008,Dr. Anil Joshi,Emergency,Unitedhealthindia,73131.41,61980.02,2024-01-24,2024-04-30,97.0,Approved,nan,OK,2024-01
CLM01243,PT00769,DR001,Dr. Priya Nair,Cardiology,Starhealth,13136.61,11065.78,2024-06-24,2024-08-06,43.0,Approved,nan,OK,2024-06
CLM01244,PT00665,DR007,Dr. Deepak Sharma,Gynecology,Nationalinsurance,131722.84,0.0,2024-10-28,,,Rejected,Duplicate claim,OK,2024-10
CLM01245,PT01120,DR005,Dr. Sunita Kulkarni,General Medicine,Unitedhealthindia,81998.98,64378.78,2024-05-29,2024-09-11,105.0,Approved,nan,OK,2024-05
CLM01246,PT00643,DR006,Dr. Kavya Iyer,Pediatrics,Hdfcergo,113354.61,98287.7,2024-04-19,2024-06-23,65.0,Approved,nan,OK,2024-04
CLM01247,PT00531,DR005,Dr. Sunita Kulkarni,General Medicine,Unitedhealthindia,113409.29,0.0,2024-01-12,,,Rejected,Patient details mismatch,OK,2024-01
CLM01248,PT01704,DR009,Dr. Meera Pillai,Cardiology,Starhealth,137382.42,122466.62,2024-09-19,2024-09-30,11.0,Approved,nan,OK,2024-09
CLM01249,PT01104,DR008,Dr. Anil Joshi,Emergency,Bajajallianz,88348.24,0.0,2024-11-20,,,Rejected,Wrong diagnosis code,OK,2024-11
CLM01250,PT01090,DR003,Dr. Aarti Deshmukh,Neurology,Unitedhealthindia,127713.4,110741.78,2024-02-14,2024-05-14,90.0,Approved,nan,OK,2024-02
CLM01251,PT00883,DR005,Dr. Sunita Kulkarni,General Medicine,Hdfcergo,70436.85,54113.56,2024-03-18,2024-06-15,89.0,Approved,nan,OK,2024-03
CLM01252,PT01515,DR007,Dr. Deepak Sharma,Gynecology,Starhealth,63212.58,0.0,2024-05-30,,,Rejected,Patient details mismatch,OK,2024-05
CLM01253,PT00531,DR004,Dr. Rajan Mehta,Oncology,Unitedhealthindia,102808.06,93905.21,2024-06-16,2024-07-18,32.0,Approved,nan,OK,2024-06
CLM01254,PT01803,DR010,Dr. Rohit Verma,Orthopedics,Nationalinsurance,32382.87,0.0,2024-03-16,,,Rejected,Service not covered,OK,2024-03
CLM01255,PT00081,DR003,Dr. Aarti Deshmukh,Neurology,Unitedhealthindia,55535.34,46029.58,2024-02-05,2024-03-12,36.0,Approved,nan,OK,2024-02
CLM01256,PT00556,DR004,Dr. Rajan Mehta,Oncology,Nationalinsurance,116990.07,0.0,2024-01-14,,,Rejected,Policy lapsed,OK,2024-01
CLM01257,PT01777,DR004,Dr. Rajan Mehta,Oncology,Hdfcergo,12136.07,9725.94,2024-08-12,2024-10-06,55.0,Approved,nan,OK,2024-08
CLM01258,PT01038,DR010,Dr. Rohit Verma,Orthopedics,Unitedhealthindia,22647.04,0.0,2024-04-17,,,Rejected,Policy lapsed,OK,2024-04
CLM01260,PT00861,DR007,Dr. Deepak Sharma,Gynecology,Starhealth,56428.76,48446.19,2024-06-07,2024-09-30,115.0,Approved,nan,OK,2024-06
CLM01261,PT01333,DR007,Dr. Deepak Sharma,Gynecology,Hdfcergo,7298.25,7110.92,2024-05-20,2024-06-01,12.0,Approved,nan,OK,2024-05
CLM01262,PT00263,DR009,Dr. Meera Pillai,Cardiology,Nationalinsurance,25331.95,19386.42,2024-08-28,2024-12-15,109.0,Approved,nan,OK,2024-08
CLM01263,PT01265,DR007,Dr. Deepak Sharma,Gynecology,Nationalinsurance,65789.68,65218.96,2024-03-30,2024-07-09,101.0,Approved,nan,OK,2024-03
CLM01264,PT01895,DR002,Dr. Suresh Patil,Orthopedics,Nationalinsurance,9347.12,0.0,2024-04-14,,,Rejected,Incomplete documents,OK,2024-04
CLM01265,PT01605,DR001,Dr. Priya Nair,Cardiology,Bajajallianz,9132.05,0.0,2024-08-28,,,Rejected,Service not covered,OK,2024-08
CLM01266,PT01226,DR009,Dr. Meera Pillai,Cardiology,Nationalinsurance,27935.02,22506.55,2024-01-08,2024-03-08,60.0,Approved,nan,OK,2024-01
CLM01267,PT00851,DR009,Dr. Meera Pillai,Cardiology,Hdfcergo,24488.78,18371.0,2024-11-04,2025-01-10,67.0,Approved,nan,OK,2024-11
CLM01268,PT01345,DR009,Dr. Meera Pillai,Cardiology,Bajajallianz,143751.28,124984.19,2024-12-08,2025-03-20,102.0,Approved,nan,OK,2024-12
CLM01269,PT01055,DR003,Dr. Aarti Deshmukh,Neurology,Nationalinsurance,37705.02,35039.92,2024-02-12,2024-03-26,43.0,Approved,nan,OK,2024-02
CLM01270,PT00379,DR005,Dr. Sunita Kulkarni,General Medicine,Bajajallianz,108016.77,95052.51,2024-08-24,2024-11-12,80.0,Approved,nan,OK,2024-08
CLM01271,PT00672,DR007,Dr. Deepak Sharma,Gynecology,Bajajallianz,100874.27,97110.36,2024-10-23,2025-02-02,102.0,Approved,nan,OK,2024-10
CLM01272,PT00406,DR003,Dr. Aarti Deshmukh,Neurology,Starhealth,25728.4,20826.04,2024-01-18,2024-03-15,57.0,Approved,nan,OK,2024-01
CLM01273,PT00705,DR004,Dr. Rajan Mehta,Oncology,Unitedhealthindia,63820.24,52058.24,2024-04-19,2024-06-21,63.0,Approved,nan,OK,2024-04
CLM01274,PT01893,DR006,Dr. Kavya Iyer,Pediatrics,Bajajallianz,149519.43,142304.69,2024-04-05,2024-06-13,69.0,Approved,nan,OK,2024-04
CLM01275,PT01754,DR006,Dr. Kavya Iyer,Pediatrics,Unitedhealthindia,43115.19,32610.32,2024-07-06,2024-09-20,76.0,Approved,nan,OK,2024-07
CLM01276,PT00228,DR002,Dr. Suresh Patil,Orthopedics,Unitedhealthindia,108340.83,89571.6,2024-03-05,2024-05-06,62.0,Approved,nan,OK,2024-03
CLM01277,PT01991,DR009,Dr. Meera Pillai,Cardiology,Nationalinsurance,62645.92,0.0,2024-09-18,,,Rejected,Duplicate claim,OK,2024-09
CLM01278,PT01077,DR010,Dr. Rohit Verma,Orthopedics,Nationalinsurance,86618.04,82292.77,2024-09-28,2024-11-20,53.0,Approved,nan,OK,2024-09
CLM01279,PT00342,DR006,Dr. Kavya Iyer,Pediatrics,Nationalinsurance,19520.02,18831.65,2024-03-25,2024-04-29,35.0,Approved,nan,OK,2024-03
CLM01280,PT01930,DR010,Dr. Rohit Verma,Orthopedics,Hdfcergo,129452.8,0.0,2024-05-22,,,Rejected,Patient details mismatch,OK,2024-05
CLM01281,PT01831,DR008,Dr. Anil Joshi,Emergency,Hdfcergo,51678.59,0.0,2024-06-02,,,Rejected,Late submission,OK,2024-06
CLM01282,PT01503,DR010,Dr. Rohit Verma,Orthopedics,Unitedhealthindia,144094.98,113125.48,2024-01-31,2024-04-08,68.0,Approved,nan,OK,2024-01
CLM01283,PT01948,DR004,Dr. Rajan Mehta,Oncology,Hdfcergo,119015.36,106858.43,2024-11-26,2025-01-03,38.0,Approved,nan,OK,2024-11
CLM01284,PT00566,DR003,Dr. Aarti Deshmukh,Neurology,Hdfcergo,22903.36,18046.97,2024-10-26,2024-12-28,63.0,Approved,nan,OK,2024-10
CLM01285,PT01305,DR002,Dr. Suresh Patil,Orthopedics,Unitedhealthindia,50118.29,45087.0,2024-02-22,2024-03-29,36.0,Approved,nan,OK,2024-02
CLM01286,PT01522,DR010,Dr. Rohit Verma,Orthopedics,Hdfcergo,27283.11,26938.58,2024-06-23,2024-07-05,12.0,Approved,nan,OK,2024-06
CLM01287,PT00956,DR007,Dr. Deepak Sharma,Gynecology,Unitedhealthindia,29426.12,27914.03,2024-12-29,2025-04-12,104.0,Approved,nan,OK,2024-12
CLM01288,PT01499,DR010,Dr. Rohit Verma,Orthopedics,Unitedhealthindia,130437.33,119510.29,2024-05-03,2024-08-25,114.0,Approved,nan,OK,2024-05
CLM01289,PT00216,DR005,Dr. Sunita Kulkarni,General Medicine,Bajajallianz,136186.05,116427.0,2024-11-23,2025-03-17,114.0,Approved,nan,OK,2024-11
CLM01290,PT01461,DR008,Dr. Anil Joshi,Emergency,Nationalinsurance,89938.7,82420.47,2024-04-23,2024-05-13,20.0,Approved,nan,OK,2024-04
CLM01291,PT01243,DR010,Dr. Rohit Verma,Orthopedics,Hdfcergo,92961.04,83703.57,2024-12-07,2025-02-27,82.0,Approved,nan,OK,2024-12
CLM01292,PT00195,DR002,Dr. Suresh Patil,Orthopedics,Nationalinsurance,57301.62,51625.98,2024-12-10,2025-03-31,111.0,Approved,nan,OK,2024-12
CLM01293,PT01615,DR008,Dr. Anil Joshi,Emergency,Hdfcergo,88135.01,0.0,2024-09-24,,,Rejected,Patient details mismatch,OK,2024-09
CLM01294,PT01371,DR001,Dr. Priya Nair,Cardiology,Nationalinsurance,87204.85,72575.41,2024-01-13,2024-02-26,44.0,Approved,nan,OK,2024-01
CLM01295,PT01740,DR005,Dr. Sunita Kulkarni,General Medicine,Bajajallianz,123663.42,122599.56,2024-06-25,2024-08-06,42.0,Approved,nan,OK,2024-06
CLM01296,PT01301,DR005,Dr. Sunita Kulkarni,General Medicine,Nationalinsurance,35360.25,33068.06,2024-10-07,2025-01-18,103.0,Approved,nan,OK,2024-10
CLM01297,PT01755,DR002,Dr. Suresh Patil,Orthopedics,Bajajallianz,56011.68,53718.5,2024-10-02,2024-11-07,36.0,Approved,nan,OK,2024-10
CLM01298,PT00186,DR007,Dr. Deepak Sharma,Gynecology,Bajajallianz,95160.96,80475.16,2024-11-23,2025-01-02,40.0,Approved,nan,OK,2024-11
CLM01299,PT00897,DR006,Dr. Kavya Iyer,Pediatrics,Nationalinsurance,144099.71,0.0,2024-06-14,,,Rejected,Duplicate claim,OK,2024-06
CLM01300,PT01148,DR005,Dr. Sunita Kulkarni,General Medicine,Unitedhealthindia,83046.88,63861.71,2024-07-22,2024-08-09,18.0,Approved,nan,OK,2024-07
CLM01301,PT00829,DR005,Dr. Sunita Kulkarni,General Medicine,Nationalinsurance,108803.77,85221.43,2024-09-29,2024-11-24,56.0,Approved,nan,OK,2024-09
CLM01302,PT01818,DR005,Dr. Sunita Kulkarni,General Medicine,Unitedhealthindia,87665.48,70676.45,2024-02-12,2024-06-03,112.0,Approved,nan,OK,2024-02
CLM01303,PT00561,DR001,Dr. Priya Nair,Cardiology,Hdfcergo,37547.95,30464.08,2024-12-21,2025-01-25,35.0,Approved,nan,OK,2024-12
CLM01304,PT00608,DR004,Dr. Rajan Mehta,Oncology,Starhealth,129342.04,110410.43,2024-09-04,2024-11-20,77.0,Approved,nan,OK,2024-09
CLM01305,PT01063,DR010,Dr. Rohit Verma,Orthopedics,Hdfcergo,95951.99,88917.41,2024-07-17,2024-09-08,53.0,Approved,nan,OK,2024-07
CLM01306,PT01844,DR004,Dr. Rajan Mehta,Oncology,Bajajallianz,83353.52,65317.75,2024-02-09,2024-06-05,117.0,Approved,nan,OK,2024-02
CLM01307,PT01186,DR003,Dr. Aarti Deshmukh,Neurology,Starhealth,147246.6,130142.43,2024-09-16,2024-10-06,20.0,Approved,nan,OK,2024-09
CLM01308,PT01470,DR009,Dr. Meera Pillai,Cardiology,Nationalinsurance,72466.53,62687.88,2024-10-21,2024-12-23,63.0,Approved,nan,OK,2024-10
CLM01309,PT00351,DR001,Dr. Priya Nair,Cardiology,Unitedhealthindia,70027.9,0.0,2024-11-28,,,Rejected,Incomplete documents,OK,2024-11
CLM01310,PT00726,DR002,Dr. Suresh Patil,Orthopedics,Bajajallianz,87614.28,76461.2,2024-01-15,2024-04-21,97.0,Approved,nan,OK,2024-01
CLM01311,PT01356,DR008,Dr. Anil Joshi,Emergency,Bajajallianz,83067.38,67130.16,2024-12-11,2025-03-30,109.0,Approved,nan,OK,2024-12
CLM01312,PT01106,DR010,Dr. Rohit Verma,Orthopedics,Bajajallianz,130096.44,0.0,2024-11-08,,,Rejected,Incomplete documents,OK,2024-11
CLM01313,PT00131,DR009,Dr. Meera Pillai,Cardiology,Hdfcergo,110905.15,99856.93,2024-04-09,2024-07-22,104.0,Approved,nan,OK,2024-04
CLM01314,PT01903,DR008,Dr. Anil Joshi,Emergency,Starhealth,53109.57,47453.44,2024-02-18,2024-05-22,94.0,Approved,nan,OK,2024-02
CLM01315,PT00284,DR006,Dr. Kavya Iyer,Pediatrics,Nationalinsurance,18900.18,0.0,2024-06-30,,,Rejected,Patient details mismatch,OK,2024-06
CLM01316,PT00823,DR004,Dr. Rajan Mehta,Oncology,Nationalinsurance,55924.1,46692.71,2024-11-27,2025-03-10,103.0,Approved,nan,OK,2024-11
CLM01317,PT00125,DR009,Dr. Meera Pillai,Cardiology,Starhealth,103992.96,103046.62,2024-02-18,2024-05-02,74.0,Approved,nan,OK,2024-02
CLM01318,PT01639,DR010,Dr. Rohit Verma,Orthopedics,Unitedhealthindia,59351.22,47310.08,2024-02-05,2024-05-01,86.0,Approved,nan,OK,2024-02
CLM01319,PT00199,DR003,Dr. Aarti Deshmukh,Neurology,Unitedhealthindia,59254.4,54904.65,2024-03-31,2024-07-28,119.0,Approved,nan,OK,2024-03
CLM01320,PT00912,DR001,Dr. Priya Nair,Cardiology,Unitedhealthindia,10622.27,10074.29,2024-10-02,2024-10-24,22.0,Approved,nan,OK,2024-10
CLM01321,PT00715,DR003,Dr. Aarti Deshmukh,Neurology,Unitedhealthindia,80180.88,72233.02,2024-02-21,2024-05-16,85.0,Approved,nan,OK,2024-02
CLM01322,PT01123,DR007,Dr. Deepak Sharma,Gynecology,Hdfcergo,141881.61,118412.4,2024-12-08,2025-01-30,53.0,Approved,nan,OK,2024-12
CLM01323,PT01627,DR007,Dr. Deepak Sharma,Gynecology,Starhealth,56956.6,55670.35,2024-09-02,2024-12-08,97.0,Approved,nan,OK,2024-09
CLM01324,PT00187,DR006,Dr. Kavya Iyer,Pediatrics,Unitedhealthindia,86634.52,73513.4,2024-12-25,2025-03-11,76.0,Approved,nan,OK,2024-12
CLM01325,PT01564,DR004,Dr. Rajan Mehta,Oncology,Bajajallianz,141915.86,119814.84,2024-08-06,2024-10-14,69.0,Approved,nan,OK,2024-08
CLM01326,PT01249,DR007,Dr. Deepak Sharma,Gynecology,Bajajallianz,77154.12,71346.38,2024-05-27,2024-08-09,74.0,Approved,nan,OK,2024-05
CLM01327,PT01828,DR010,Dr. Rohit Verma,Orthopedics,Unitedhealthindia,83704.12,63781.62,2024-11-24,2024-12-04,10.0,Approved,nan,OK,2024-11
CLM01328,PT01975,DR009,Dr. Meera Pillai,Cardiology,Starhealth,124443.19,116308.96,2024-12-16,2025-02-28,74.0,Approved,nan,OK,2024-12
CLM01329,PT00092,DR004,Dr. Rajan Mehta,Oncology,Starhealth,71298.89,66172.69,2024-04-05,2024-04-21,16.0,Approved,nan,OK,2024-04
CLM01330,PT01256,DR001,Dr. Priya Nair,Cardiology,Starhealth,138702.52,108060.74,2024-04-15,2024-05-29,44.0,Approved,nan,OK,2024-04
CLM01331,PT01703,DR006,Dr. Kavya Iyer,Pediatrics,Nationalinsurance,148127.4,142120.36,2024-04-26,2024-05-08,12.0,Approved,nan,OK,2024-04
CLM01332,PT00529,DR007,Dr. Deepak Sharma,Gynecology,Unitedhealthindia,107975.0,106362.74,2024-11-16,2025-02-14,90.0,Approved,nan,OK,2024-11
CLM01333,PT00852,DR007,Dr. Deepak Sharma,Gynecology,Hdfcergo,45322.57,39523.73,2024-04-07,2024-06-29,83.0,Approved,nan,OK,2024-04
CLM01334,PT01572,DR008,Dr. Anil Joshi,Emergency,Nationalinsurance,101129.64,0.0,2024-04-24,,,Rejected,Wrong diagnosis code,OK,2024-04
CLM01335,PT00376,DR009,Dr. Meera Pillai,Cardiology,Bajajallianz,29268.18,27182.99,2024-05-11,2024-08-14,95.0,Approved,nan,OK,2024-05
CLM01336,PT01168,DR005,Dr. Sunita Kulkarni,General Medicine,Starhealth,115343.45,111999.26,2024-07-21,2024-08-08,18.0,Approved,nan,OK,2024-07
CLM01337,PT00074,DR008,Dr. Anil Joshi,Emergency,Hdfcergo,20854.86,0.0,2024-04-27,,,Rejected,Patient details mismatch,OK,2024-04
CLM01338,PT00496,DR007,Dr. Deepak Sharma,Gynecology,Unitedhealthindia,58780.78,55388.05,2024-03-14,2024-06-13,91.0,Approved,nan,OK,2024-03
CLM01339,PT00431,DR006,Dr. Kavya Iyer,Pediatrics,Starhealth,87476.2,86391.81,2024-03-19,2024-04-17,29.0,Approved,nan,OK,2024-03
CLM01340,PT00802,DR007,Dr. Deepak Sharma,Gynecology,Nationalinsurance,142289.09,0.0,2024-09-15,,,Rejected,Service not covered,OK,2024-09
CLM01341,PT00052,DR008,Dr. Anil Joshi,Emergency,Starhealth,127296.23,113193.5,2024-11-04,2024-11-29,25.0,Approved,nan,OK,2024-11
CLM01342,PT00134,DR007,Dr. Deepak Sharma,Gynecology,Unitedhealthindia,82469.7,76780.93,2024-11-12,2024-12-30,48.0,Approved,nan,OK,2024-11
CLM01343,PT00479,DR001,Dr. Priya Nair,Cardiology,Hdfcergo,5496.04,5178.23,2024-01-30,2024-02-21,22.0,Approved,nan,OK,2024-01
CLM01344,PT01118,DR002,Dr. Suresh Patil,Orthopedics,Starhealth,99085.08,90286.08,2024-08-31,2024-10-13,43.0,Approved,nan,OK,2024-08
CLM01345,PT00487,DR008,Dr. Anil Joshi,Emergency,Unitedhealthindia,41256.14,40425.1,2024-11-21,2024-12-17,26.0,Approved,nan,OK,2024-11
CLM01346,PT00588,DR003,Dr. Aarti Deshmukh,Neurology,Hdfcergo,149875.37,113191.02,2024-03-23,2024-07-11,110.0,Approved,nan,OK,2024-03
CLM01347,PT01802,DR009,Dr. Meera Pillai,Cardiology,Nationalinsurance,148185.96,124214.71,2024-03-05,2024-05-02,58.0,Approved,nan,OK,2024-03
CLM01348,PT00910,DR007,Dr. Deepak Sharma,Gynecology,Hdfcergo,57716.24,45207.9,2024-06-15,2024-08-28,74.0,Approved,nan,OK,2024-06
CLM01349,PT00399,DR010,Dr. Rohit Verma,Orthopedics,Bajajallianz,135551.38,128505.36,2024-10-07,2024-11-30,54.0,Approved,nan,OK,2024-10
CLM01350,PT00223,DR009,Dr. Meera Pillai,Cardiology,Hdfcergo,48546.44,38829.99,2024-11-15,2025-01-04,50.0,Approved,nan,OK,2024-11
CLM01351,PT01060,DR007,Dr. Deepak Sharma,Gynecology,Nationalinsurance,141763.9,120002.1,2024-01-13,2024-04-14,92.0,Approved,nan,OK,2024-01
CLM01352,PT01576,DR003,Dr. Aarti Deshmukh,Neurology,Hdfcergo,88385.03,73282.03,2024-04-11,2024-05-19,38.0,Approved,nan,OK,2024-04
CLM01353,PT00648,DR010,Dr. Rohit Verma,Orthopedics,Unitedhealthindia,81935.28,75302.4,2024-11-17,2025-03-04,107.0,Approved,nan,OK,2024-11
CLM01354,PT01781,DR001,Dr. Priya Nair,Cardiology,Bajajallianz,128627.13,107940.55,2024-06-09,2024-09-19,102.0,Approved,nan,OK,2024-06
CLM01355,PT00744,DR010,Dr. Rohit Verma,Orthopedics,Bajajallianz,89600.04,82960.75,2024-08-16,2024-09-29,44.0,Approved,nan,OK,2024-08
CLM01356,PT01804,DR003,Dr. Aarti Deshmukh,Neurology,Nationalinsurance,65201.95,55579.44,2024-09-29,2024-12-16,78.0,Approved,nan,OK,2024-09
CLM01357,PT01414,DR004,Dr. Rajan Mehta,Oncology,Starhealth,101261.02,78403.09,2024-03-16,2024-03-28,12.0,Approved,nan,OK,2024-03
CLM01359,PT01376,DR010,Dr. Rohit Verma,Orthopedics,Bajajallianz,133412.56,102357.12,2024-02-13,2024-03-08,24.0,Approved,nan,OK,2024-02
CLM01360,PT00228,DR004,Dr. Rajan Mehta,Oncology,Bajajallianz,47390.67,47196.02,2024-02-12,2024-04-22,70.0,Approved,nan,OK,2024-02
CLM01361,PT00347,DR006,Dr. Kavya Iyer,Pediatrics,Bajajallianz,32843.36,32057.42,2024-05-23,2024-06-02,10.0,Approved,nan,OK,2024-05
CLM01362,PT00490,DR005,Dr. Sunita Kulkarni,General Medicine,Bajajallianz,70095.0,57352.37,2024-08-09,2024-11-21,104.0,Approved,nan,OK,2024-08
CLM01363,PT00065,DR003,Dr. Aarti Deshmukh,Neurology,Unitedhealthindia,6548.29,0.0,2024-10-20,,,Rejected,Patient details mismatch,OK,2024-10
CLM01364,PT01424,DR005,Dr. Sunita Kulkarni,General Medicine,Hdfcergo,53667.06,50770.65,2024-09-19,2024-11-17,59.0,Approved,nan,OK,2024-09
CLM01365,PT00536,DR009,Dr. Meera Pillai,Cardiology,Nationalinsurance,75880.41,0.0,2024-05-16,,,Rejected,Policy lapsed,OK,2024-05
CLM01366,PT00653,DR009,Dr. Meera Pillai,Cardiology,Starhealth,8336.08,6475.15,2024-03-06,2024-03-22,16.0,Approved,nan,OK,2024-03
CLM01367,PT00486,DR002,Dr. Suresh Patil,Orthopedics,Starhealth,6398.56,5344.61,2024-01-07,2024-04-02,86.0,Approved,nan,OK,2024-01
CLM01368,PT01985,DR008,Dr. Anil Joshi,Emergency,Bajajallianz,118989.09,90912.62,2024-02-24,2024-03-19,24.0,Approved,nan,OK,2024-02
CLM01369,PT00188,DR002,Dr. Suresh Patil,Orthopedics,Starhealth,67780.56,51682.65,2024-12-17,2025-01-03,17.0,Approved,nan,OK,2024-12
CLM01370,PT01675,DR004,Dr. Rajan Mehta,Oncology,Hdfcergo,92791.38,86564.26,2024-04-05,2024-06-26,82.0,Approved,nan,OK,2024-04
CLM01371,PT00013,DR002,Dr. Suresh Patil,Orthopedics,Nationalinsurance,146257.6,0.0,2024-05-14,,,Rejected,Duplicate claim,OK,2024-05
CLM01372,PT00384,DR006,Dr. Kavya Iyer,Pediatrics,Nationalinsurance,28551.42,23531.51,2024-11-21,2025-01-19,59.0,Approved,nan,OK,2024-11
CLM01373,PT01689,DR006,Dr. Kavya Iyer,Pediatrics,Nationalinsurance,81929.87,75447.8,2024-12-01,2025-01-13,43.0,Approved,nan,OK,2024-12
CLM01374,PT00705,DR001,Dr. Priya Nair,Cardiology,Unitedhealthindia,114569.27,0.0,2024-08-08,,,Rejected,Policy lapsed,OK,2024-08
CLM01375,PT01205,DR006,Dr. Kavya Iyer,Pediatrics,Unitedhealthindia,103338.35,96289.36,2024-02-03,2024-03-21,47.0,Approved,nan,OK,2024-02
CLM01376,PT01024,DR005,Dr. Sunita Kulkarni,General Medicine,Hdfcergo,50453.83,39991.63,2024-04-07,2024-07-11,95.0,Approved,nan,OK,2024-04
CLM01377,PT01892,DR007,Dr. Deepak Sharma,Gynecology,Hdfcergo,130958.94,102870.96,2024-08-25,2024-12-06,103.0,Approved,nan,OK,2024-08
CLM01378,PT01615,DR006,Dr. Kavya Iyer,Pediatrics,Hdfcergo,148515.51,124965.04,2024-11-19,2025-01-20,62.0,Approved,nan,OK,2024-11
CLM01379,PT01215,DR003,Dr. Aarti Deshmukh,Neurology,Nationalinsurance,18752.7,15334.51,2024-07-19,2024-08-20,32.0,Approved,nan,OK,2024-07
CLM01380,PT01957,DR009,Dr. Meera Pillai,Cardiology,Bajajallianz,38022.2,33261.22,2024-09-06,2024-11-07,62.0,Approved,nan,OK,2024-09
CLM01381,PT00123,DR006,Dr. Kavya Iyer,Pediatrics,Starhealth,14701.38,13259.97,2024-06-14,2024-07-09,25.0,Approved,nan,OK,2024-06
CLM01382,PT00853,DR008,Dr. Anil Joshi,Emergency,Starhealth,143744.22,130464.38,2024-11-19,2025-02-21,94.0,Approved,nan,OK,2024-11
CLM01383,PT01085,DR005,Dr. Sunita Kulkarni,General Medicine,Bajajallianz,110089.73,92738.7,2024-12-18,2025-02-23,67.0,Approved,nan,OK,2024-12
CLM01384,PT00429,DR006,Dr. Kavya Iyer,Pediatrics,Nationalinsurance,136971.19,133609.92,2024-06-09,2024-08-15,67.0,Approved,nan,OK,2024-06
CLM01385,PT00679,DR004,Dr. Rajan Mehta,Oncology,Nationalinsurance,144993.72,141781.42,2024-11-19,2025-02-24,97.0,Approved,nan,OK,2024-11
CLM01386,PT01001,DR010,Dr. Rohit Verma,Orthopedics,Hdfcergo,134130.77,103803.22,2024-06-09,2024-09-20,103.0,Approved,nan,OK,2024-06
CLM01387,PT00948,DR010,Dr. Rohit Verma,Orthopedics,Bajajallianz,14704.19,13936.93,2024-07-18,2024-08-29,42.0,Approved,nan,OK,2024-07
CLM01388,PT00971,DR004,Dr. Rajan Mehta,Oncology,Nationalinsurance,96795.12,87615.37,2024-06-16,2024-09-02,78.0,Approved,nan,OK,2024-06
CLM01389,PT00644,DR010,Dr. Rohit Verma,Orthopedics,Unitedhealthindia,34008.46,0.0,2024-11-26,,,Rejected,Wrong diagnosis code,OK,2024-11
CLM01390,PT01073,DR009,Dr. Meera Pillai,Cardiology,Bajajallianz,40992.84,39133.68,2024-07-11,2024-07-19,8.0,Approved,nan,OK,2024-07
CLM01391,PT00060,DR007,Dr. Deepak Sharma,Gynecology,Starhealth,58451.59,49421.1,2024-03-16,2024-04-12,27.0,Approved,nan,OK,2024-03
CLM01393,PT00669,DR009,Dr. Meera Pillai,Cardiology,Hdfcergo,58479.19,49342.24,2024-06-10,2024-06-20,10.0,Approved,nan,OK,2024-06
CLM01394,PT00669,DR010,Dr. Rohit Verma,Orthopedics,Starhealth,98325.04,87718.95,2024-06-14,2024-10-12,120.0,Approved,nan,OK,2024-06
CLM01395,PT01018,DR002,Dr. Suresh Patil,Orthopedics,Starhealth,25287.16,24908.63,2024-02-22,2024-03-30,37.0,Approved,nan,OK,2024-02
CLM01396,PT00167,DR007,Dr. Deepak Sharma,Gynecology,Bajajallianz,113873.35,87174.33,2024-09-09,2024-11-08,60.0,Approved,nan,OK,2024-09
CLM01397,PT01686,DR002,Dr. Suresh Patil,Orthopedics,Nationalinsurance,70032.23,67732.81,2024-02-29,2024-04-05,36.0,Approved,nan,OK,2024-02
CLM01398,PT00108,DR004,Dr. Rajan Mehta,Oncology,Hdfcergo,11147.25,11007.81,2024-04-22,2024-08-18,118.0,Approved,nan,OK,2024-04
CLM01399,PT01300,DR007,Dr. Deepak Sharma,Gynecology,Starhealth,78985.81,72462.41,2024-05-28,2024-09-01,96.0,Approved,nan,OK,2024-05
CLM01400,PT00074,DR004,Dr. Rajan Mehta,Oncology,Nationalinsurance,89497.18,68926.87,2024-01-04,2024-05-02,119.0,Approved,nan,OK,2024-01
CLM01401,PT00436,DR003,Dr. Aarti Deshmukh,Neurology,Unitedhealthindia,6065.74,4976.06,2024-11-17,2025-02-03,78.0,Approved,nan,OK,2024-11
CLM01402,PT01545,DR010,Dr. Rohit Verma,Orthopedics,Bajajallianz,53500.43,45376.82,2024-06-16,2024-09-14,90.0,Approved,nan,OK,2024-06
CLM01403,PT01335,DR009,Dr. Meera Pillai,Cardiology,Hdfcergo,34665.56,0.0,2024-02-27,,,Rejected,Wrong diagnosis code,OK,2024-02
CLM01404,PT01168,DR005,Dr. Sunita Kulkarni,General Medicine,Nationalinsurance,133564.56,101988.81,2024-06-04,2024-08-30,87.0,Approved,nan,OK,2024-06
CLM01405,PT00445,DR009,Dr. Meera Pillai,Cardiology,Starhealth,49935.73,48192.45,2024-04-20,2024-05-23,33.0,Approved,nan,OK,2024-04
CLM01406,PT00938,DR007,Dr. Deepak Sharma,Gynecology,Unitedhealthindia,114309.5,102785.4,2024-09-08,2024-12-25,108.0,Approved,nan,OK,2024-09
CLM01407,PT01263,DR002,Dr. Suresh Patil,Orthopedics,Starhealth,128638.8,0.0,2024-11-13,,,Rejected,Pre-authorization missing,OK,2024-11
CLM01408,PT00782,DR010,Dr. Rohit Verma,Orthopedics,Nationalinsurance,19098.74,0.0,2024-07-07,,,Rejected,Duplicate claim,OK,2024-07
CLM01409,PT00574,DR007,Dr. Deepak Sharma,Gynecology,Starhealth,48133.14,39734.51,2024-01-18,2024-02-27,40.0,Approved,nan,OK,2024-01
CLM01410,PT01874,DR004,Dr. Rajan Mehta,Oncology,Starhealth,138313.92,134174.55,2024-12-15,2025-02-20,67.0,Approved,nan,OK,2024-12
CLM01411,PT00933,DR010,Dr. Rohit Verma,Orthopedics,Unitedhealthindia,44604.51,38802.86,2024-01-12,2024-04-21,100.0,Approved,nan,OK,2024-01
CLM01412,PT00773,DR001,Dr. Priya Nair,Cardiology,Starhealth,77126.4,76604.01,2024-08-26,2024-11-14,80.0,Approved,nan,OK,2024-08
CLM01413,PT01795,DR005,Dr. Sunita Kulkarni,General Medicine,Bajajallianz,109236.27,82593.9,2024-04-13,2024-05-24,41.0,Approved,nan,OK,2024-04
CLM01414,PT01660,DR001,Dr. Priya Nair,Cardiology,Starhealth,131660.53,121882.99,2024-08-10,2024-11-26,108.0,Approved,nan,OK,2024-08
CLM01415,PT00746,DR002,Dr. Suresh Patil,Orthopedics,Unitedhealthindia,58258.09,49130.03,2024-08-29,2024-10-22,54.0,Approved,nan,OK,2024-08
CLM01416,PT01310,DR006,Dr. Kavya Iyer,Pediatrics,Hdfcergo,30224.6,30100.02,2024-07-24,2024-11-06,105.0,Approved,nan,OK,2024-07
CLM01417,PT01013,DR009,Dr. Meera Pillai,Cardiology,Hdfcergo,57247.68,0.0,2024-08-09,,,Rejected,Late submission,OK,2024-08
CLM01418,PT00956,DR008,Dr. Anil Joshi,Emergency,Unitedhealthindia,129960.99,108629.64,2024-03-25,2024-07-20,117.0,Approved,nan,OK,2024-03
CLM01419,PT01296,DR003,Dr. Aarti Deshmukh,Neurology,Unitedhealthindia,25230.59,21422.98,2024-04-15,2024-08-05,112.0,Approved,nan,OK,2024-04
CLM01420,PT00086,DR009,Dr. Meera Pillai,Cardiology,Starhealth,88442.37,81027.29,2024-05-10,2024-06-07,28.0,Approved,nan,OK,2024-05
CLM01421,PT01002,DR002,Dr. Suresh Patil,Orthopedics,Bajajallianz,111118.93,94311.1,2024-07-10,2024-10-09,91.0,Approved,nan,OK,2024-07
CLM01422,PT00836,DR002,Dr. Suresh Patil,Orthopedics,Nationalinsurance,97868.06,0.0,2024-08-20,,,Rejected,Duplicate claim,OK,2024-08
CLM01423,PT01639,DR002,Dr. Suresh Patil,Orthopedics,Hdfcergo,25931.55,21436.03,2024-02-06,2024-05-19,103.0,Approved,nan,OK,2024-02
CLM01424,PT00198,DR004,Dr. Rajan Mehta,Oncology,Starhealth,7351.9,5855.26,2024-05-31,2024-09-14,106.0,Approved,nan,OK,2024-05
CLM01425,PT00244,DR007,Dr. Deepak Sharma,Gynecology,Bajajallianz,100929.83,83272.55,2024-01-06,2024-03-02,56.0,Approved,nan,OK,2024-01
CLM01426,PT01884,DR008,Dr. Anil Joshi,Emergency,Unitedhealthindia,91033.75,68992.61,2024-12-13,2025-01-29,47.0,Approved,nan,OK,2024-12
CLM01427,PT01634,DR007,Dr. Deepak Sharma,Gynecology,Unitedhealthindia,116619.17,105547.1,2024-08-04,2024-09-24,51.0,Approved,nan,OK,2024-08
CLM01428,PT00779,DR001,Dr. Priya Nair,Cardiology,Hdfcergo,115062.17,101937.46,2024-02-14,2024-03-02,17.0,Approved,nan,OK,2024-02
CLM01429,PT00193,DR008,Dr. Anil Joshi,Emergency,Hdfcergo,113612.57,98538.44,2024-05-03,2024-06-20,48.0,Approved,nan,OK,2024-05
CLM01430,PT00444,DR010,Dr. Rohit Verma,Orthopedics,Hdfcergo,18768.3,18124.16,2024-12-16,2025-04-01,106.0,Approved,nan,OK,2024-12
CLM01431,PT00372,DR008,Dr. Anil Joshi,Emergency,Bajajallianz,106084.0,93769.32,2024-07-17,2024-10-24,99.0,Approved,nan,OK,2024-07
CLM01432,PT01006,DR003,Dr. Aarti Deshmukh,Neurology,Hdfcergo,47541.47,0.0,2024-03-24,,,Rejected,Incomplete documents,OK,2024-03
CLM01433,PT00158,DR004,Dr. Rajan Mehta,Oncology,Hdfcergo,75505.88,70683.52,2024-01-03,2024-04-02,90.0,Approved,nan,OK,2024-01
CLM01434,PT00375,DR004,Dr. Rajan Mehta,Oncology,Bajajallianz,130507.01,105343.06,2024-10-25,2024-12-27,63.0,Approved,nan,OK,2024-10
CLM01435,PT00337,DR003,Dr. Aarti Deshmukh,Neurology,Nationalinsurance,112351.68,96569.0,2024-11-05,2024-12-28,53.0,Approved,nan,OK,2024-11
CLM01436,PT01839,DR006,Dr. Kavya Iyer,Pediatrics,Unitedhealthindia,20417.58,0.0,2024-08-30,,,Rejected,Patient details mismatch,OK,2024-08
CLM01437,PT00539,DR006,Dr. Kavya Iyer,Pediatrics,Hdfcergo,63192.41,61226.07,2024-05-04,2024-05-26,22.0,Approved,nan,OK,2024-05
CLM01438,PT00403,DR008,Dr. Anil Joshi,Emergency,Unitedhealthindia,59130.95,58700.26,2024-05-14,2024-08-13,91.0,Approved,nan,OK,2024-05
CLM01439,PT00476,DR004,Dr. Rajan Mehta,Oncology,Nationalinsurance,48549.75,40925.72,2024-12-25,2025-03-07,72.0,Approved,nan,OK,2024-12
CLM01440,PT01200,DR009,Dr. Meera Pillai,Cardiology,Starhealth,48984.9,39722.79,2024-03-11,2024-05-18,68.0,Approved,nan,OK,2024-03
CLM01441,PT00981,DR004,Dr. Rajan Mehta,Oncology,Starhealth,30000.61,26561.06,2024-10-10,2025-01-27,109.0,Approved,nan,OK,2024-10
CLM01442,PT00298,DR002,Dr. Suresh Patil,Orthopedics,Hdfcergo,79440.77,64487.39,2024-02-07,2024-05-20,103.0,Approved,nan,OK,2024-02
CLM01443,PT01696,DR005,Dr. Sunita Kulkarni,General Medicine,Hdfcergo,13652.59,0.0,2024-08-09,,,Rejected,Incomplete documents,OK,2024-08
CLM01444,PT01907,DR006,Dr. Kavya Iyer,Pediatrics,Hdfcergo,70225.11,54904.21,2024-04-25,2024-07-19,85.0,Approved,nan,OK,2024-04
CLM01445,PT01786,DR003,Dr. Aarti Deshmukh,Neurology,Nationalinsurance,91851.93,70612.44,2024-05-27,2024-08-18,83.0,Approved,nan,OK,2024-05
CLM01446,PT01827,DR003,Dr. Aarti Deshmukh,Neurology,Starhealth,58580.56,53457.2,2024-07-20,2024-09-08,50.0,Approved,nan,OK,2024-07
CLM01447,PT00632,DR008,Dr. Anil Joshi,Emergency,Unitedhealthindia,75729.19,67402.53,2024-12-18,2025-03-22,94.0,Approved,nan,OK,2024-12
CLM01448,PT00962,DR006,Dr. Kavya Iyer,Pediatrics,Starhealth,105256.49,95161.52,2024-06-24,2024-07-09,15.0,Approved,nan,OK,2024-06
CLM01449,PT00592,DR010,Dr. Rohit Verma,Orthopedics,Unitedhealthindia,38037.12,33910.23,2024-06-14,2024-08-04,51.0,Approved,nan,OK,2024-06
CLM01450,PT01385,DR007,Dr. Deepak Sharma,Gynecology,Bajajallianz,43266.97,34487.59,2024-08-05,2024-10-29,85.0,Approved,nan,OK,2024-08
CLM01451,PT00605,DR004,Dr. Rajan Mehta,Oncology,Bajajallianz,108330.05,102860.21,2024-10-10,2024-12-30,81.0,Approved,nan,OK,2024-10
CLM01452,PT00597,DR004,Dr. Rajan Mehta,Oncology,Nationalinsurance,91729.03,72995.16,2024-11-20,2025-02-17,89.0,Approved,nan,OK,2024-11
CLM01453,PT01469,DR005,Dr. Sunita Kulkarni,General Medicine,Unitedhealthindia,71566.49,0.0,2024-06-23,,,Rejected,Wrong diagnosis code,OK,2024-06
CLM01454,PT00806,DR001,Dr. Priya Nair,Cardiology,Starhealth,32394.57,27978.87,2024-05-10,2024-07-26,77.0,Approved,nan,OK,2024-05
CLM01455,PT00408,DR005,Dr. Sunita Kulkarni,General Medicine,Starhealth,147328.76,132421.73,2024-11-17,2025-01-23,67.0,Approved,nan,OK,2024-11
CLM01456,PT00252,DR006,Dr. Kavya Iyer,Pediatrics,Starhealth,10950.02,9714.01,2024-02-05,2024-03-17,41.0,Approved,nan,OK,2024-02
CLM01457,PT00867,DR004,Dr. Rajan Mehta,Oncology,Starhealth,134240.17,0.0,2024-10-17,,,Rejected,Wrong diagnosis code,OK,2024-10
CLM01458,PT00881,DR004,Dr. Rajan Mehta,Oncology,Nationalinsurance,36963.45,30187.46,2024-11-05,2025-01-21,77.0,Approved,nan,OK,2024-11
CLM01459,PT01197,DR006,Dr. Kavya Iyer,Pediatrics,Nationalinsurance,29917.14,0.0,2024-07-15,,,Rejected,Pre-authorization missing,OK,2024-07
CLM01460,PT01995,DR005,Dr. Sunita Kulkarni,General Medicine,Hdfcergo,23061.68,18570.26,2024-05-06,2024-07-10,65.0,Approved,nan,OK,2024-05
CLM01461,PT00573,DR002,Dr. Suresh Patil,Orthopedics,Starhealth,39621.76,38243.87,2024-06-06,2024-09-29,115.0,Approved,nan,OK,2024-06
CLM01462,PT00168,DR007,Dr. Deepak Sharma,Gynecology,Hdfcergo,69166.5,64855.6,2024-07-15,2024-07-24,9.0,Approved,nan,OK,2024-07
CLM01463,PT01007,DR007,Dr. Deepak Sharma,Gynecology,Unitedhealthindia,54631.87,49382.26,2024-01-11,2024-05-04,114.0,Approved,nan,OK,2024-01
CLM01464,PT00159,DR010,Dr. Rohit Verma,Orthopedics,Hdfcergo,29415.34,24372.17,2024-07-25,2024-09-21,58.0,Approved,nan,OK,2024-07
CLM01465,PT00778,DR010,Dr. Rohit Verma,Orthopedics,Hdfcergo,144294.99,117025.87,2024-12-17,2025-03-23,96.0,Approved,nan,OK,2024-12
CLM01466,PT01171,DR006,Dr. Kavya Iyer,Pediatrics,Bajajallianz,60240.79,51887.31,2024-09-08,2024-11-08,61.0,Approved,nan,OK,2024-09
CLM01467,PT00751,DR005,Dr. Sunita Kulkarni,General Medicine,Hdfcergo,27924.24,25446.03,2024-04-22,2024-07-14,83.0,Approved,nan,OK,2024-04
CLM01468,PT00782,DR006,Dr. Kavya Iyer,Pediatrics,Starhealth,115302.98,91053.43,2024-02-16,2024-05-11,85.0,Approved,nan,OK,2024-02
CLM01469,PT01909,DR005,Dr. Sunita Kulkarni,General Medicine,Hdfcergo,26609.25,21809.7,2024-03-13,2024-04-12,30.0,Approved,nan,OK,2024-03
CLM01470,PT00475,DR002,Dr. Suresh Patil,Orthopedics,Unitedhealthindia,12561.25,12158.75,2024-12-01,2025-03-28,117.0,Approved,nan,OK,2024-12
CLM01471,PT01930,DR007,Dr. Deepak Sharma,Gynecology,Nationalinsurance,39255.56,30197.81,2024-04-10,2024-07-24,105.0,Approved,nan,OK,2024-04
CLM01473,PT01570,DR005,Dr. Sunita Kulkarni,General Medicine,Unitedhealthindia,122929.34,93944.14,2024-09-13,2024-10-07,24.0,Approved,nan,OK,2024-09
CLM01474,PT00496,DR010,Dr. Rohit Verma,Orthopedics,Bajajallianz,88210.35,76190.46,2024-05-22,2024-08-27,97.0,Approved,nan,OK,2024-05
CLM01475,PT01546,DR001,Dr. Priya Nair,Cardiology,Starhealth,147514.16,0.0,2024-03-10,,,Rejected,Policy lapsed,OK,2024-03
CLM01476,PT01128,DR009,Dr. Meera Pillai,Cardiology,Hdfcergo,133874.94,131976.77,2024-08-26,2024-10-17,52.0,Approved,nan,OK,2024-08
CLM01477,PT00830,DR005,Dr. Sunita Kulkarni,General Medicine,Unitedhealthindia,140846.17,123230.78,2024-03-26,2024-07-14,110.0,Approved,nan,OK,2024-03
CLM01478,PT01725,DR005,Dr. Sunita Kulkarni,General Medicine,Starhealth,92637.38,76414.67,2024-07-30,2024-08-09,10.0,Approved,nan,OK,2024-07
CLM01479,PT00892,DR003,Dr. Aarti Deshmukh,Neurology,Hdfcergo,130453.59,107688.53,2024-03-12,2024-04-19,38.0,Approved,nan,OK,2024-03
CLM01480,PT00518,DR008,Dr. Anil Joshi,Emergency,Hdfcergo,72620.61,58181.68,2024-08-26,2024-09-18,23.0,Approved,nan,OK,2024-08
CLM01481,PT01838,DR002,Dr. Suresh Patil,Orthopedics,Bajajallianz,59235.17,50150.82,2024-06-28,2024-09-26,90.0,Approved,nan,OK,2024-06
CLM01482,PT01682,DR009,Dr. Meera Pillai,Cardiology,Unitedhealthindia,74180.67,0.0,2024-09-02,,,Rejected,Incomplete documents,OK,2024-09
CLM01483,PT00208,DR003,Dr. Aarti Deshmukh,Neurology,Unitedhealthindia,44093.25,40022.06,2024-01-13,2024-03-07,54.0,Approved,nan,OK,2024-01
CLM01484,PT00943,DR006,Dr. Kavya Iyer,Pediatrics,Unitedhealthindia,52348.98,0.0,2024-07-07,,,Rejected,Wrong diagnosis code,OK,2024-07
CLM01485,PT01053,DR001,Dr. Priya Nair,Cardiology,Unitedhealthindia,110656.34,110618.84,2024-10-16,2024-11-11,26.0,Approved,nan,OK,2024-10
CLM01486,PT00901,DR005,Dr. Sunita Kulkarni,General Medicine,Nationalinsurance,25620.63,0.0,2024-04-10,,,Rejected,Patient details mismatch,OK,2024-04
CLM01487,PT00025,DR003,Dr. Aarti Deshmukh,Neurology,Nationalinsurance,65664.5,62806.82,2024-04-09,2024-05-05,26.0,Approved,nan,OK,2024-04
CLM01488,PT00432,DR001,Dr. Priya Nair,Cardiology,Starhealth,28691.76,24980.94,2024-01-20,2024-02-04,15.0,Approved,nan,OK,2024-01
CLM01489,PT01378,DR008,Dr. Anil Joshi,Emergency,Starhealth,16595.58,13868.67,2024-08-23,2024-12-01,100.0,Approved,nan,OK,2024-08
CLM01490,PT00529,DR010,Dr. Rohit Verma,Orthopedics,Unitedhealthindia,84449.18,70230.75,2024-06-18,2024-07-14,26.0,Approved,nan,OK,2024-06
CLM01491,PT01398,DR005,Dr. Sunita Kulkarni,General Medicine,Unitedhealthindia,117852.94,0.0,2024-05-05,,,Rejected,Pre-authorization missing,OK,2024-05
CLM01492,PT00616,DR008,Dr. Anil Joshi,Emergency,Hdfcergo,12436.55,12010.99,2024-10-29,2024-11-18,20.0,Approved,nan,OK,2024-10
CLM01493,PT00449,DR004,Dr. Rajan Mehta,Oncology,Hdfcergo,136250.33,119418.09,2024-02-20,2024-04-19,59.0,Approved,nan,OK,2024-02
CLM01494,PT00167,DR004,Dr. Rajan Mehta,Oncology,Nationalinsurance,95343.43,0.0,2024-12-05,,,Rejected,Incomplete documents,OK,2024-12
CLM01495,PT00886,DR003,Dr. Aarti Deshmukh,Neurology,Hdfcergo,73610.25,62023.63,2024-01-16,2024-03-02,46.0,Approved,nan,OK,2024-01
CLM01496,PT01963,DR007,Dr. Deepak Sharma,Gynecology,Unitedhealthindia,36034.14,29606.26,2024-08-08,2024-11-01,85.0,Approved,nan,OK,2024-08
CLM01497,PT01216,DR007,Dr. Deepak Sharma,Gynecology,Starhealth,19595.68,14738.35,2024-02-12,2024-04-28,76.0,Approved,nan,OK,2024-02
CLM01498,PT01626,DR003,Dr. Aarti Deshmukh,Neurology,Starhealth,5302.65,0.0,2024-03-31,,,Rejected,Late submission,OK,2024-03
CLM01499,PT01694,DR006,Dr. Kavya Iyer,Pediatrics,Unitedhealthindia,17690.43,14727.91,2024-03-25,2024-04-05,11.0,Approved,nan,OK,2024-03
CLM01500,PT00001,DR004,Dr. Rajan Mehta,Oncology,Nationalinsurance,135073.14,0.0,2024-09-08,,,Rejected,Late submission,OK,2024-09
CLM01501,PT00583,DR003,Dr. Aarti Deshmukh,Neurology,Starhealth,72038.8,68005.98,2024-05-13,2024-07-24,72.0,Approved,nan,OK,2024-05
CLM01502,PT00066,DR007,Dr. Deepak Sharma,Gynecology,Bajajallianz,101426.24,87543.74,2024-12-21,2025-03-03,72.0,Approved,nan,OK,2024-12
CLM01503,PT00857,DR004,Dr. Rajan Mehta,Oncology,Bajajallianz,101607.03,79983.05,2024-04-17,2024-05-13,26.0,Approved,nan,OK,2024-04
CLM01504,PT00303,DR002,Dr. Suresh Patil,Orthopedics,Hdfcergo,23285.91,19401.4,2024-02-07,2024-03-25,47.0,Approved,nan,OK,2024-02
CLM01505,PT00252,DR009,Dr. Meera Pillai,Cardiology,Unitedhealthindia,48869.17,0.0,2024-12-29,,,Rejected,Policy lapsed,OK,2024-12
CLM01506,PT00707,DR002,Dr. Suresh Patil,Orthopedics,Starhealth,9550.03,9102.42,2024-05-09,2024-07-14,66.0,Approved,nan,OK,2024-05
CLM01507,PT00663,DR008,Dr. Anil Joshi,Emergency,Nationalinsurance,123288.27,102168.63,2024-12-28,2025-04-10,103.0,Approved,nan,OK,2024-12
CLM01508,PT01605,DR003,Dr. Aarti Deshmukh,Neurology,Bajajallianz,65291.15,54429.25,2024-09-06,2024-09-18,12.0,Approved,nan,OK,2024-09
CLM01509,PT01961,DR005,Dr. Sunita Kulkarni,General Medicine,Nationalinsurance,109513.74,0.0,2024-08-01,,,Rejected,Pre-authorization missing,OK,2024-08
CLM01510,PT00764,DR006,Dr. Kavya Iyer,Pediatrics,Starhealth,20166.6,15870.14,2024-09-13,2024-12-16,94.0,Approved,nan,OK,2024-09
CLM01511,PT01088,DR007,Dr. Deepak Sharma,Gynecology,Unitedhealthindia,149076.51,119136.77,2024-11-09,2025-02-22,105.0,Approved,nan,OK,2024-11
CLM01512,PT01473,DR010,Dr. Rohit Verma,Orthopedics,Unitedhealthindia,47078.03,0.0,2024-08-21,,,Rejected,Incomplete documents,OK,2024-08
CLM01513,PT00129,DR008,Dr. Anil Joshi,Emergency,Hdfcergo,139712.02,137025.69,2024-11-07,2025-02-28,113.0,Approved,nan,OK,2024-11
CLM01514,PT01336,DR001,Dr. Priya Nair,Cardiology,Nationalinsurance,101922.67,0.0,2024-10-23,,,Rejected,Late submission,OK,2024-10
CLM01515,PT01683,DR008,Dr. Anil Joshi,Emergency,Nationalinsurance,62562.13,0.0,2024-08-08,,,Rejected,Wrong diagnosis code,OK,2024-08
CLM01516,PT01120,DR007,Dr. Deepak Sharma,Gynecology,Starhealth,77754.02,73261.8,2024-11-23,2025-02-22,91.0,Approved,nan,OK,2024-11
CLM01517,PT01355,DR009,Dr. Meera Pillai,Cardiology,Bajajallianz,118052.85,100021.06,2024-04-30,2024-08-07,99.0,Approved,nan,OK,2024-04
CLM01518,PT01404,DR007,Dr. Deepak Sharma,Gynecology,Starhealth,52672.35,39776.72,2024-05-05,2024-05-28,23.0,Approved,nan,OK,2024-05
CLM01519,PT00599,DR005,Dr. Sunita Kulkarni,General Medicine,Hdfcergo,28469.91,22519.04,2024-08-06,2024-08-25,19.0,Approved,nan,OK,2024-08
CLM01520,PT01417,DR009,Dr. Meera Pillai,Cardiology,Starhealth,16052.74,15462.92,2024-03-20,2024-03-27,7.0,Approved,nan,OK,2024-03
CLM01521,PT01554,DR005,Dr. Sunita Kulkarni,General Medicine,Nationalinsurance,21438.76,18761.4,2024-08-19,2024-12-10,113.0,Approved,nan,OK,2024-08
CLM01522,PT01369,DR010,Dr. Rohit Verma,Orthopedics,Bajajallianz,118897.07,99672.61,2024-07-01,2024-08-26,56.0,Approved,nan,OK,2024-07
CLM01523,PT00038,DR010,Dr. Rohit Verma,Orthopedics,Starhealth,148857.83,117610.33,2024-03-24,2024-07-13,111.0,Approved,nan,OK,2024-03
CLM01524,PT01551,DR006,Dr. Kavya Iyer,Pediatrics,Starhealth,54326.21,46617.34,2024-07-18,2024-11-05,110.0,Approved,nan,OK,2024-07
CLM01525,PT00390,DR010,Dr. Rohit Verma,Orthopedics,Hdfcergo,117152.19,0.0,2024-12-23,,,Rejected,Duplicate claim,OK,2024-12
CLM01526,PT01142,DR008,Dr. Anil Joshi,Emergency,Hdfcergo,51721.03,39333.39,2024-07-07,2024-09-09,64.0,Approved,nan,OK,2024-07
CLM01527,PT01362,DR006,Dr. Kavya Iyer,Pediatrics,Bajajallianz,65252.38,63001.28,2024-01-04,2024-01-21,17.0,Approved,nan,OK,2024-01
CLM01528,PT01570,DR002,Dr. Suresh Patil,Orthopedics,Unitedhealthindia,24686.69,21919.34,2024-09-10,2024-12-23,104.0,Approved,nan,OK,2024-09
CLM01529,PT01711,DR006,Dr. Kavya Iyer,Pediatrics,Nationalinsurance,50248.44,0.0,2024-08-05,,,Rejected,Wrong diagnosis code,OK,2024-08
CLM01530,PT00281,DR005,Dr. Sunita Kulkarni,General Medicine,Hdfcergo,149895.71,127862.16,2024-05-23,2024-06-08,16.0,Approved,nan,OK,2024-05
CLM01531,PT01513,DR005,Dr. Sunita Kulkarni,General Medicine,Hdfcergo,8296.17,7698.43,2024-05-25,2024-09-20,118.0,Approved,nan,OK,2024-05
CLM01532,PT00206,DR006,Dr. Kavya Iyer,Pediatrics,Starhealth,18797.8,15594.24,2024-05-15,2024-06-06,22.0,Approved,nan,OK,2024-05
CLM01533,PT00475,DR001,Dr. Priya Nair,Cardiology,Bajajallianz,50165.84,49074.4,2024-10-08,2024-10-25,17.0,Approved,nan,OK,2024-10
CLM01534,PT01415,DR009,Dr. Meera Pillai,Cardiology,Bajajallianz,136416.31,132846.49,2024-12-02,2025-03-15,103.0,Approved,nan,OK,2024-12
CLM01535,PT00191,DR006,Dr. Kavya Iyer,Pediatrics,Bajajallianz,112458.68,0.0,2024-03-11,,,Rejected,Pre-authorization missing,OK,2024-03
CLM01536,PT00740,DR007,Dr. Deepak Sharma,Gynecology,Unitedhealthindia,20499.19,18250.38,2024-03-22,2024-07-08,108.0,Approved,nan,OK,2024-03
CLM01537,PT01881,DR010,Dr. Rohit Verma,Orthopedics,Starhealth,96471.64,89929.62,2024-01-09,2024-02-01,23.0,Approved,nan,OK,2024-01
CLM01538,PT01044,DR004,Dr. Rajan Mehta,Oncology,Hdfcergo,5766.54,5156.28,2024-09-24,2025-01-02,100.0,Approved,nan,OK,2024-09
CLM01539,PT00122,DR007,Dr. Deepak Sharma,Gynecology,Nationalinsurance,93922.4,0.0,2024-07-17,,,Rejected,Late submission,OK,2024-07
CLM01540,PT01866,DR010,Dr. Rohit Verma,Orthopedics,Bajajallianz,44057.23,34415.84,2024-11-11,2025-01-10,60.0,Approved,nan,OK,2024-11
CLM01541,PT00235,DR007,Dr. Deepak Sharma,Gynecology,Unitedhealthindia,32718.92,29255.75,2024-05-09,2024-08-28,111.0,Approved,nan,OK,2024-05
CLM01542,PT00272,DR001,Dr. Priya Nair,Cardiology,Nationalinsurance,149731.02,137904.82,2024-01-24,2024-02-17,24.0,Approved,nan,OK,2024-01
CLM01543,PT00006,DR004,Dr. Rajan Mehta,Oncology,Starhealth,125345.75,104706.22,2024-01-08,2024-03-12,64.0,Approved,nan,OK,2024-01
CLM01544,PT01780,DR006,Dr. Kavya Iyer,Pediatrics,Bajajallianz,146701.25,134976.69,2024-07-12,2024-09-13,63.0,Approved,nan,OK,2024-07
CLM01545,PT00798,DR006,Dr. Kavya Iyer,Pediatrics,Nationalinsurance,131142.91,0.0,2024-12-05,,,Rejected,Policy lapsed,OK,2024-12
CLM01546,PT00888,DR008,Dr. Anil Joshi,Emergency,Nationalinsurance,13903.67,12250.11,2024-01-31,2024-03-04,33.0,Approved,nan,OK,2024-01
CLM01547,PT00573,DR003,Dr. Aarti Deshmukh,Neurology,Hdfcergo,116512.77,102810.65,2024-08-30,2024-11-20,82.0,Approved,nan,OK,2024-08
CLM01548,PT00412,DR005,Dr. Sunita Kulkarni,General Medicine,Hdfcergo,144708.69,116510.96,2024-05-18,2024-06-11,24.0,Approved,nan,OK,2024-05
CLM01549,PT00449,DR009,Dr. Meera Pillai,Cardiology,Unitedhealthindia,98073.83,0.0,2024-03-15,,,Rejected,Incomplete documents,OK,2024-03
CLM01550,PT01349,DR009,Dr. Meera Pillai,Cardiology,Bajajallianz,113228.42,0.0,2024-01-11,,,Rejected,Wrong diagnosis code,OK,2024-01
CLM01551,PT01552,DR009,Dr. Meera Pillai,Cardiology,Unitedhealthindia,88289.98,80068.4,2024-09-28,2024-12-11,74.0,Approved,nan,OK,2024-09
CLM01552,PT01413,DR009,Dr. Meera Pillai,Cardiology,Hdfcergo,87352.9,69606.54,2024-01-01,2024-04-10,100.0,Approved,nan,OK,2024-01
CLM01553,PT01648,DR005,Dr. Sunita Kulkarni,General Medicine,Unitedhealthindia,33922.67,33588.99,2024-07-24,2024-10-11,79.0,Approved,nan,OK,2024-07
CLM01554,PT00402,DR004,Dr. Rajan Mehta,Oncology,Bajajallianz,11641.5,10939.89,2024-06-21,2024-09-04,75.0,Approved,nan,OK,2024-06
CLM01555,PT00034,DR002,Dr. Suresh Patil,Orthopedics,Starhealth,86948.05,84047.28,2024-03-11,2024-04-13,33.0,Approved,nan,OK,2024-03
CLM01557,PT00247,DR005,Dr. Sunita Kulkarni,General Medicine,Unitedhealthindia,134021.23,0.0,2024-04-17,,,Rejected,Duplicate claim,OK,2024-04
CLM01558,PT01226,DR009,Dr. Meera Pillai,Cardiology,Nationalinsurance,11404.73,0.0,2024-12-18,,,Rejected,Service not covered,OK,2024-12
CLM01559,PT01725,DR008,Dr. Anil Joshi,Emergency,Nationalinsurance,120379.73,0.0,2024-06-18,,,Rejected,Duplicate claim,OK,2024-06
CLM01560,PT00715,DR006,Dr. Kavya Iyer,Pediatrics,Hdfcergo,85661.59,0.0,2024-03-25,,,Rejected,Wrong diagnosis code,OK,2024-03
CLM01561,PT00395,DR003,Dr. Aarti Deshmukh,Neurology,Nationalinsurance,38961.84,31129.11,2024-01-24,2024-02-26,33.0,Approved,nan,OK,2024-01
CLM01562,PT00921,DR004,Dr. Rajan Mehta,Oncology,Unitedhealthindia,24504.68,22814.24,2024-03-01,2024-04-23,53.0,Approved,nan,OK,2024-03
CLM01563,PT01407,DR007,Dr. Deepak Sharma,Gynecology,Nationalinsurance,104747.98,78760.6,2024-03-22,2024-05-15,54.0,Approved,nan,OK,2024-03
CLM01564,PT00861,DR002,Dr. Suresh Patil,Orthopedics,Starhealth,115840.55,0.0,2024-04-18,,,Rejected,Patient details mismatch,OK,2024-04
CLM01565,PT00546,DR009,Dr. Meera Pillai,Cardiology,Unitedhealthindia,133155.15,130893.25,2024-09-28,2024-12-18,81.0,Approved,nan,OK,2024-09
CLM01566,PT01218,DR009,Dr. Meera Pillai,Cardiology,Unitedhealthindia,36260.2,32733.43,2024-08-17,2024-12-03,108.0,Approved,nan,OK,2024-08
CLM01567,PT01897,DR001,Dr. Priya Nair,Cardiology,Nationalinsurance,63843.34,55302.19,2024-07-11,2024-07-29,18.0,Approved,nan,OK,2024-07
CLM01568,PT01845,DR001,Dr. Priya Nair,Cardiology,Nationalinsurance,111865.52,87063.95,2024-09-30,2024-12-07,68.0,Approved,nan,OK,2024-09
CLM01569,PT01673,DR003,Dr. Aarti Deshmukh,Neurology,Starhealth,80103.39,76077.05,2024-10-02,2024-11-08,37.0,Approved,nan,OK,2024-10
CLM01570,PT01812,DR002,Dr. Suresh Patil,Orthopedics,Nationalinsurance,83155.42,73541.96,2024-02-12,2024-03-23,40.0,Approved,nan,OK,2024-02
CLM01571,PT00091,DR007,Dr. Deepak Sharma,Gynecology,Hdfcergo,128285.53,121551.44,2024-04-15,2024-07-20,96.0,Approved,nan,OK,2024-04
CLM01572,PT00147,DR007,Dr. Deepak Sharma,Gynecology,Unitedhealthindia,16622.75,15298.49,2024-06-13,2024-10-06,115.0,Approved,nan,OK,2024-06
CLM01573,PT00056,DR001,Dr. Priya Nair,Cardiology,Starhealth,17126.9,16304.69,2024-03-25,2024-06-14,81.0,Approved,nan,OK,2024-03
CLM01574,PT01650,DR002,Dr. Suresh Patil,Orthopedics,Hdfcergo,118629.2,90669.71,2024-10-02,2024-12-28,87.0,Approved,nan,OK,2024-10
CLM01575,PT00724,DR006,Dr. Kavya Iyer,Pediatrics,Hdfcergo,102465.89,96126.56,2024-09-15,2024-10-25,40.0,Approved,nan,OK,2024-09
CLM01576,PT01369,DR010,Dr. Rohit Verma,Orthopedics,Unitedhealthindia,74132.86,69832.92,2024-09-08,2024-10-04,26.0,Approved,nan,OK,2024-09
CLM01578,PT00504,DR007,Dr. Deepak Sharma,Gynecology,Bajajallianz,97316.85,85538.85,2024-02-15,2024-04-29,74.0,Approved,nan,OK,2024-02
CLM01579,PT00846,DR003,Dr. Aarti Deshmukh,Neurology,Bajajallianz,79193.97,60365.56,2024-06-13,2024-07-29,46.0,Approved,nan,OK,2024-06
CLM01580,PT00086,DR009,Dr. Meera Pillai,Cardiology,Starhealth,95627.45,77467.55,2024-01-28,2024-04-21,84.0,Approved,nan,OK,2024-01
CLM01581,PT01611,DR001,Dr. Priya Nair,Cardiology,Unitedhealthindia,117899.0,0.0,2024-09-26,,,Rejected,Wrong diagnosis code,OK,2024-09
CLM01582,PT01773,DR007,Dr. Deepak Sharma,Gynecology,Bajajallianz,126060.24,123388.86,2024-03-04,2024-06-13,101.0,Approved,nan,OK,2024-03
CLM01583,PT01756,DR003,Dr. Aarti Deshmukh,Neurology,Unitedhealthindia,142524.56,115766.12,2024-09-12,2024-10-13,31.0,Approved,nan,OK,2024-09
CLM01584,PT00132,DR007,Dr. Deepak Sharma,Gynecology,Bajajallianz,40122.94,0.0,2024-12-10,,,Rejected,Patient details mismatch,OK,2024-12
CLM01585,PT01171,DR005,Dr. Sunita Kulkarni,General Medicine,Hdfcergo,48150.08,41165.91,2024-01-11,2024-04-18,98.0,Approved,nan,OK,2024-01
CLM01586,PT00883,DR004,Dr. Rajan Mehta,Oncology,Starhealth,49889.83,48311.37,2024-05-08,2024-08-28,112.0,Approved,nan,OK,2024-05
CLM01587,PT00321,DR006,Dr. Kavya Iyer,Pediatrics,Bajajallianz,114860.41,108791.73,2024-01-22,2024-04-30,99.0,Approved,nan,OK,2024-01
CLM01588,PT00602,DR004,Dr. Rajan Mehta,Oncology,Starhealth,101956.33,86948.14,2024-08-28,2024-10-09,42.0,Approved,nan,OK,2024-08
CLM01589,PT01087,DR009,Dr. Meera Pillai,Cardiology,Starhealth,116945.35,103967.06,2024-02-25,2024-05-06,71.0,Approved,nan,OK,2024-02
CLM01590,PT01486,DR003,Dr. Aarti Deshmukh,Neurology,Hdfcergo,93463.81,0.0,2024-12-22,,,Rejected,Incomplete documents,OK,2024-12
CLM01591,PT01747,DR005,Dr. Sunita Kulkarni,General Medicine,Nationalinsurance,34672.78,0.0,2024-04-20,,,Rejected,Incomplete documents,OK,2024-04
CLM01592,PT01810,DR002,Dr. Suresh Patil,Orthopedics,Hdfcergo,110625.4,85459.72,2024-03-13,2024-06-19,98.0,Approved,nan,OK,2024-03
CLM01593,PT01613,DR002,Dr. Suresh Patil,Orthopedics,Unitedhealthindia,12007.9,0.0,2024-04-11,,,Rejected,Wrong diagnosis code,OK,2024-04
CLM01594,PT00830,DR006,Dr. Kavya Iyer,Pediatrics,Nationalinsurance,10685.62,9946.6,2024-07-27,2024-08-13,17.0,Approved,nan,OK,2024-07
CLM01595,PT01554,DR006,Dr. Kavya Iyer,Pediatrics,Hdfcergo,18819.63,17779.44,2024-09-13,2024-12-21,99.0,Approved,nan,OK,2024-09
CLM01596,PT00379,DR004,Dr. Rajan Mehta,Oncology,Starhealth,149603.15,124716.24,2024-01-16,2024-03-16,60.0,Approved,nan,OK,2024-01
CLM01597,PT01894,DR001,Dr. Priya Nair,Cardiology,Nationalinsurance,104817.52,97030.59,2024-06-19,2024-07-29,40.0,Approved,nan,OK,2024-06
CLM01598,PT01967,DR007,Dr. Deepak Sharma,Gynecology,Starhealth,132930.78,111924.55,2024-12-14,2025-04-01,108.0,Approved,nan,OK,2024-12
CLM01599,PT01237,DR002,Dr. Suresh Patil,Orthopedics,Starhealth,131272.03,107867.41,2024-11-23,2025-02-07,76.0,Approved,nan,OK,2024-11
CLM01600,PT00703,DR001,Dr. Priya Nair,Cardiology,Unitedhealthindia,25197.58,0.0,2024-07-27,,,Rejected,Service not covered,OK,2024-07
CLM01601,PT00151,DR004,Dr. Rajan Mehta,Oncology,Hdfcergo,44877.85,34693.1,2024-06-21,2024-07-02,11.0,Approved,nan,OK,2024-06
CLM01602,PT01065,DR009,Dr. Meera Pillai,Cardiology,Hdfcergo,141396.82,128334.51,2024-01-22,2024-05-07,106.0,Approved,nan,OK,2024-01
CLM01603,PT00878,DR007,Dr. Deepak Sharma,Gynecology,Starhealth,80304.19,62813.67,2024-02-19,2024-06-04,106.0,Approved,nan,OK,2024-02
CLM01604,PT01792,DR001,Dr. Priya Nair,Cardiology,Unitedhealthindia,133315.91,129467.73,2024-07-03,2024-07-21,18.0,Approved,nan,OK,2024-07
CLM01605,PT01403,DR008,Dr. Anil Joshi,Emergency,Starhealth,51454.84,40848.82,2024-04-18,2024-05-22,34.0,Approved,nan,OK,2024-04
CLM01606,PT00881,DR009,Dr. Meera Pillai,Cardiology,Unitedhealthindia,31593.57,0.0,2024-10-19,,,Rejected,Policy lapsed,OK,2024-10
CLM01607,PT01273,DR004,Dr. Rajan Mehta,Oncology,Unitedhealthindia,125551.77,95430.07,2024-05-28,2024-07-04,37.0,Approved,nan,OK,2024-05
CLM01608,PT00917,DR004,Dr. Rajan Mehta,Oncology,Bajajallianz,48273.84,47220.56,2024-09-01,2024-12-11,101.0,Approved,nan,OK,2024-09
CLM01609,PT00479,DR006,Dr. Kavya Iyer,Pediatrics,Unitedhealthindia,109959.31,0.0,2024-01-28,,,Rejected,Incomplete documents,OK,2024-01
CLM01610,PT00098,DR009,Dr. Meera Pillai,Cardiology,Bajajallianz,149012.62,141684.42,2024-10-24,2024-12-06,43.0,Approved,nan,OK,2024-10
CLM01611,PT00928,DR005,Dr. Sunita Kulkarni,General Medicine,Unitedhealthindia,122062.1,113095.47,2024-07-25,2024-10-19,86.0,Approved,nan,OK,2024-07
CLM01612,PT01655,DR007,Dr. Deepak Sharma,Gynecology,Bajajallianz,125390.92,112861.57,2024-11-24,2025-03-04,100.0,Approved,nan,OK,2024-11
CLM01613,PT00184,DR009,Dr. Meera Pillai,Cardiology,Bajajallianz,26051.25,23685.65,2024-07-06,2024-09-23,79.0,Approved,nan,OK,2024-07
CLM01614,PT00044,DR009,Dr. Meera Pillai,Cardiology,Bajajallianz,87574.82,85178.33,2024-04-09,2024-04-29,20.0,Approved,nan,OK,2024-04
CLM01615,PT00603,DR003,Dr. Aarti Deshmukh,Neurology,Hdfcergo,63610.77,48579.11,2024-10-13,2025-01-07,86.0,Approved,nan,OK,2024-10
CLM01616,PT00816,DR002,Dr. Suresh Patil,Orthopedics,Hdfcergo,115749.78,91844.98,2024-01-16,2024-02-19,34.0,Approved,nan,OK,2024-01
CLM01617,PT01065,DR010,Dr. Rohit Verma,Orthopedics,Nationalinsurance,52237.82,43903.3,2024-12-05,2025-01-12,38.0,Approved,nan,OK,2024-12
CLM01618,PT01150,DR001,Dr. Priya Nair,Cardiology,Bajajallianz,125061.97,121537.81,2024-06-25,2024-07-17,22.0,Approved,nan,OK,2024-06
CLM01619,PT00890,DR006,Dr. Kavya Iyer,Pediatrics,Starhealth,84641.57,79628.78,2024-03-16,2024-05-31,76.0,Approved,nan,OK,2024-03
CLM01620,PT01605,DR009,Dr. Meera Pillai,Cardiology,Hdfcergo,88072.43,67657.33,2024-06-25,2024-10-16,113.0,Approved,nan,OK,2024-06
CLM01621,PT00202,DR003,Dr. Aarti Deshmukh,Neurology,Nationalinsurance,122048.71,121452.93,2024-06-09,2024-09-20,103.0,Approved,nan,OK,2024-06
CLM01622,PT00817,DR009,Dr. Meera Pillai,Cardiology,Nationalinsurance,39887.12,32626.68,2024-06-08,2024-06-20,12.0,Approved,nan,OK,2024-06
CLM01623,PT01541,DR004,Dr. Rajan Mehta,Oncology,Starhealth,5944.43,5038.9,2024-09-20,2025-01-18,120.0,Approved,nan,OK,2024-09
CLM01624,PT01564,DR007,Dr. Deepak Sharma,Gynecology,Unitedhealthindia,34298.51,32706.32,2024-02-11,2024-03-31,49.0,Approved,nan,OK,2024-02
CLM01625,PT01937,DR002,Dr. Suresh Patil,Orthopedics,Hdfcergo,81532.79,62782.38,2024-11-09,2025-02-04,87.0,Approved,nan,OK,2024-11
CLM01626,PT00929,DR007,Dr. Deepak Sharma,Gynecology,Nationalinsurance,130120.28,0.0,2024-09-24,,,Rejected,Policy lapsed,OK,2024-09
CLM01627,PT00755,DR004,Dr. Rajan Mehta,Oncology,Bajajallianz,44167.62,39738.0,2024-09-10,2024-11-06,57.0,Approved,nan,OK,2024-09
CLM01628,PT00287,DR007,Dr. Deepak Sharma,Gynecology,Hdfcergo,102352.05,77262.04,2024-11-01,2025-02-18,109.0,Approved,nan,OK,2024-11
CLM01629,PT01692,DR008,Dr. Anil Joshi,Emergency,Hdfcergo,138848.06,136504.48,2024-03-23,2024-04-07,15.0,Approved,nan,OK,2024-03
CLM01630,PT01074,DR009,Dr. Meera Pillai,Cardiology,Bajajallianz,14737.92,12725.7,2024-04-09,2024-04-27,18.0,Approved,nan,OK,2024-04
CLM01631,PT01465,DR003,Dr. Aarti Deshmukh,Neurology,Nationalinsurance,54987.46,0.0,2024-07-24,,,Rejected,Wrong diagnosis code,OK,2024-07
CLM01632,PT01859,DR003,Dr. Aarti Deshmukh,Neurology,Starhealth,16396.21,0.0,2024-03-24,,,Rejected,Wrong diagnosis code,OK,2024-03
CLM01633,PT01372,DR006,Dr. Kavya Iyer,Pediatrics,Nationalinsurance,72820.52,60895.53,2024-10-06,2024-10-28,22.0,Approved,nan,OK,2024-10
CLM01634,PT01117,DR005,Dr. Sunita Kulkarni,General Medicine,Bajajallianz,43366.81,34354.03,2024-01-26,2024-04-16,81.0,Approved,nan,OK,2024-01
CLM01635,PT01046,DR001,Dr. Priya Nair,Cardiology,Starhealth,67518.16,54630.76,2024-05-25,2024-06-27,33.0,Approved,nan,OK,2024-05
CLM01636,PT01095,DR002,Dr. Suresh Patil,Orthopedics,Nationalinsurance,136231.21,107974.07,2024-09-12,2024-10-12,30.0,Approved,nan,OK,2024-09
CLM01637,PT01799,DR008,Dr. Anil Joshi,Emergency,Unitedhealthindia,82755.38,0.0,2024-04-03,,,Rejected,Duplicate claim,OK,2024-04
CLM01638,PT01173,DR009,Dr. Meera Pillai,Cardiology,Bajajallianz,111509.46,102777.69,2024-09-08,2024-11-10,63.0,Approved,nan,OK,2024-09
CLM01639,PT01792,DR009,Dr. Meera Pillai,Cardiology,Nationalinsurance,132113.24,0.0,2024-09-20,,,Rejected,Incomplete documents,OK,2024-09
CLM01640,PT00921,DR001,Dr. Priya Nair,Cardiology,Hdfcergo,118913.11,108111.34,2024-10-28,2024-12-25,58.0,Approved,nan,OK,2024-10
CLM01641,PT01434,DR001,Dr. Priya Nair,Cardiology,Hdfcergo,129831.09,110521.46,2024-09-11,2024-12-26,106.0,Approved,nan,OK,2024-09
CLM01642,PT01566,DR001,Dr. Priya Nair,Cardiology,Hdfcergo,83389.99,66106.17,2024-02-13,2024-03-19,35.0,Approved,nan,OK,2024-02
CLM01643,PT00806,DR006,Dr. Kavya Iyer,Pediatrics,Starhealth,117706.55,115854.4,2024-10-03,2025-01-05,94.0,Approved,nan,OK,2024-10
CLM01644,PT01071,DR003,Dr. Aarti Deshmukh,Neurology,Starhealth,147346.8,125168.54,2024-03-12,2024-05-16,65.0,Approved,nan,OK,2024-03
CLM01645,PT01095,DR005,Dr. Sunita Kulkarni,General Medicine,Nationalinsurance,67344.36,63696.81,2024-11-07,2025-03-05,118.0,Approved,nan,OK,2024-11
CLM01646,PT00078,DR006,Dr. Kavya Iyer,Pediatrics,Starhealth,142953.0,130884.68,2024-12-20,2025-03-06,76.0,Approved,nan,OK,2024-12
CLM01647,PT00514,DR009,Dr. Meera Pillai,Cardiology,Bajajallianz,99013.74,82620.06,2024-06-01,2024-09-10,101.0,Approved,nan,OK,2024-06
CLM01648,PT00173,DR005,Dr. Sunita Kulkarni,General Medicine,Bajajallianz,70520.23,69857.87,2024-10-06,2025-01-17,103.0,Approved,nan,OK,2024-10
CLM01649,PT00732,DR003,Dr. Aarti Deshmukh,Neurology,Nationalinsurance,134803.43,117198.15,2024-07-24,2024-10-08,76.0,Approved,nan,OK,2024-07
CLM01650,PT01261,DR008,Dr. Anil Joshi,Emergency,Bajajallianz,60165.0,46078.58,2024-02-09,2024-05-06,87.0,Approved,nan,OK,2024-02
CLM01651,PT01009,DR007,Dr. Deepak Sharma,Gynecology,Unitedhealthindia,26737.98,22971.03,2024-11-15,2025-01-24,70.0,Approved,nan,OK,2024-11
CLM01652,PT00656,DR009,Dr. Meera Pillai,Cardiology,Unitedhealthindia,33442.27,29530.7,2024-01-20,2024-04-23,94.0,Approved,nan,OK,2024-01
CLM01653,PT01281,DR004,Dr. Rajan Mehta,Oncology,Bajajallianz,12521.44,11468.29,2024-05-17,2024-09-12,118.0,Approved,nan,OK,2024-05
CLM01654,PT01269,DR006,Dr. Kavya Iyer,Pediatrics,Hdfcergo,87533.05,69324.42,2024-01-16,2024-04-01,76.0,Approved,nan,OK,2024-01
CLM01655,PT00550,DR005,Dr. Sunita Kulkarni,General Medicine,Nationalinsurance,140463.47,119185.61,2024-07-20,2024-08-13,24.0,Approved,nan,OK,2024-07
CLM01656,PT01308,DR004,Dr. Rajan Mehta,Oncology,Nationalinsurance,104111.21,98633.27,2024-10-21,2025-02-11,113.0,Approved,nan,OK,2024-10
CLM01657,PT01968,DR010,Dr. Rohit Verma,Orthopedics,Starhealth,54326.98,50041.52,2024-03-25,2024-05-12,48.0,Approved,nan,OK,2024-03
CLM01658,PT01910,DR008,Dr. Anil Joshi,Emergency,Nationalinsurance,137523.31,136444.71,2024-06-24,2024-07-22,28.0,Approved,nan,OK,2024-06
CLM01659,PT00456,DR006,Dr. Kavya Iyer,Pediatrics,Unitedhealthindia,93150.95,75069.27,2024-12-17,2025-02-26,71.0,Approved,nan,OK,2024-12
CLM01660,PT00053,DR008,Dr. Anil Joshi,Emergency,Unitedhealthindia,43113.16,38356.54,2024-07-16,2024-07-25,9.0,Approved,nan,OK,2024-07
CLM01661,PT00589,DR005,Dr. Sunita Kulkarni,General Medicine,Nationalinsurance,6102.34,4759.79,2024-06-05,2024-09-06,93.0,Approved,nan,OK,2024-06
CLM01662,PT01705,DR002,Dr. Suresh Patil,Orthopedics,Hdfcergo,91855.15,0.0,2024-03-25,,,Rejected,Incomplete documents,OK,2024-03
CLM01663,PT01718,DR006,Dr. Kavya Iyer,Pediatrics,Nationalinsurance,62206.96,53710.68,2024-02-15,2024-04-03,48.0,Approved,nan,OK,2024-02
CLM01664,PT00356,DR006,Dr. Kavya Iyer,Pediatrics,Unitedhealthindia,133484.34,128341.04,2024-08-02,2024-10-15,74.0,Approved,nan,OK,2024-08
CLM01665,PT00650,DR001,Dr. Priya Nair,Cardiology,Starhealth,144171.03,113523.39,2024-05-16,2024-09-10,117.0,Approved,nan,OK,2024-05
CLM01666,PT01623,DR002,Dr. Suresh Patil,Orthopedics,Starhealth,117568.39,106273.56,2024-03-31,2024-04-22,22.0,Approved,nan,OK,2024-03
CLM01667,PT01240,DR003,Dr. Aarti Deshmukh,Neurology,Hdfcergo,5975.35,5743.36,2024-07-03,2024-09-15,74.0,Approved,nan,OK,2024-07
CLM01668,PT01824,DR003,Dr. Aarti Deshmukh,Neurology,Bajajallianz,85823.96,84870.16,2024-08-07,2024-12-02,117.0,Approved,nan,OK,2024-08
CLM01669,PT00922,DR009,Dr. Meera Pillai,Cardiology,Hdfcergo,45533.02,42187.5,2024-03-26,2024-06-06,72.0,Approved,nan,OK,2024-03
CLM01670,PT01109,DR006,Dr. Kavya Iyer,Pediatrics,Unitedhealthindia,66184.87,54889.22,2024-07-05,2024-10-11,98.0,Approved,nan,OK,2024-07
CLM01672,PT00320,DR005,Dr. Sunita Kulkarni,General Medicine,Bajajallianz,97678.93,78926.76,2024-10-27,2024-12-03,37.0,Approved,nan,OK,2024-10
CLM01673,PT01694,DR002,Dr. Suresh Patil,Orthopedics,Bajajallianz,130930.34,108802.35,2024-02-05,2024-04-13,68.0,Approved,nan,OK,2024-02
CLM01674,PT01138,DR003,Dr. Aarti Deshmukh,Neurology,Starhealth,46166.87,40682.15,2024-05-25,2024-07-20,56.0,Approved,nan,OK,2024-05
CLM01675,PT00296,DR008,Dr. Anil Joshi,Emergency,Nationalinsurance,66345.49,61690.7,2024-11-22,2025-01-05,44.0,Approved,nan,OK,2024-11
CLM01676,PT00751,DR009,Dr. Meera Pillai,Cardiology,Nationalinsurance,138289.96,0.0,2024-05-27,,,Rejected,Wrong diagnosis code,OK,2024-05
CLM01677,PT01113,DR002,Dr. Suresh Patil,Orthopedics,Nationalinsurance,32611.44,0.0,2024-02-02,,,Rejected,Service not covered,OK,2024-02
CLM01678,PT01279,DR002,Dr. Suresh Patil,Orthopedics,Starhealth,59687.67,52519.04,2024-01-05,2024-03-05,60.0,Approved,nan,OK,2024-01
CLM01679,PT00949,DR006,Dr. Kavya Iyer,Pediatrics,Starhealth,82214.4,76175.07,2024-08-29,2024-11-29,92.0,Approved,nan,OK,2024-08
CLM01680,PT00984,DR008,Dr. Anil Joshi,Emergency,Bajajallianz,42749.4,34900.93,2024-07-04,2024-07-28,24.0,Approved,nan,OK,2024-07
CLM01681,PT00667,DR003,Dr. Aarti Deshmukh,Neurology,Unitedhealthindia,18083.94,15291.84,2024-12-08,2025-03-09,91.0,Approved,nan,OK,2024-12
CLM01682,PT01126,DR003,Dr. Aarti Deshmukh,Neurology,Hdfcergo,144250.83,110471.68,2024-11-26,2025-02-28,94.0,Approved,nan,OK,2024-11
CLM01683,PT00445,DR010,Dr. Rohit Verma,Orthopedics,Unitedhealthindia,145159.93,115131.56,2024-01-15,2024-04-04,80.0,Approved,nan,OK,2024-01
CLM01684,PT00844,DR003,Dr. Aarti Deshmukh,Neurology,Starhealth,111256.74,99718.77,2024-06-16,2024-09-12,88.0,Approved,nan,OK,2024-06
CLM01685,PT01837,DR003,Dr. Aarti Deshmukh,Neurology,Bajajallianz,99731.35,94479.29,2024-12-25,2025-04-20,116.0,Approved,nan,OK,2024-12
CLM01686,PT00631,DR005,Dr. Sunita Kulkarni,General Medicine,Hdfcergo,22712.7,21257.16,2024-11-26,2025-02-04,70.0,Approved,nan,OK,2024-11
CLM01687,PT01930,DR001,Dr. Priya Nair,Cardiology,Unitedhealthindia,53230.5,52606.07,2024-05-09,2024-07-18,70.0,Approved,nan,OK,2024-05
CLM01688,PT00916,DR010,Dr. Rohit Verma,Orthopedics,Unitedhealthindia,68625.42,59020.29,2024-04-05,2024-05-02,27.0,Approved,nan,OK,2024-04
CLM01689,PT00960,DR009,Dr. Meera Pillai,Cardiology,Hdfcergo,109220.87,106364.27,2024-04-19,2024-06-06,48.0,Approved,nan,OK,2024-04
CLM01690,PT01063,DR004,Dr. Rajan Mehta,Oncology,Nationalinsurance,26639.74,20636.18,2024-12-11,2025-03-29,108.0,Approved,nan,OK,2024-12
CLM01691,PT00112,DR009,Dr. Meera Pillai,Cardiology,Nationalinsurance,30123.62,0.0,2024-01-23,,,Rejected,Policy lapsed,OK,2024-01
CLM01692,PT01063,DR009,Dr. Meera Pillai,Cardiology,Unitedhealthindia,130225.34,104524.9,2024-08-12,2024-11-21,101.0,Approved,nan,OK,2024-08
CLM01693,PT00732,DR003,Dr. Aarti Deshmukh,Neurology,Nationalinsurance,97426.93,92523.73,2024-07-20,2024-10-31,103.0,Approved,nan,OK,2024-07
CLM01694,PT00036,DR005,Dr. Sunita Kulkarni,General Medicine,Bajajallianz,39261.66,37442.6,2024-07-17,2024-11-10,116.0,Approved,nan,OK,2024-07
CLM01695,PT00711,DR003,Dr. Aarti Deshmukh,Neurology,Nationalinsurance,131440.96,127090.02,2024-10-19,2024-10-28,9.0,Approved,nan,OK,2024-10
CLM01696,PT01899,DR010,Dr. Rohit Verma,Orthopedics,Bajajallianz,101281.21,88063.22,2024-02-17,2024-05-17,90.0,Approved,nan,OK,2024-02
CLM01697,PT01687,DR004,Dr. Rajan Mehta,Oncology,Starhealth,88599.63,81661.69,2024-08-28,2024-11-06,70.0,Approved,nan,OK,2024-08
CLM01698,PT00100,DR003,Dr. Aarti Deshmukh,Neurology,Nationalinsurance,21756.14,0.0,2024-03-21,,,Rejected,Policy lapsed,OK,2024-03
CLM01699,PT00236,DR010,Dr. Rohit Verma,Orthopedics,Starhealth,21810.41,17063.93,2024-07-14,2024-08-13,30.0,Approved,nan,OK,2024-07
CLM01700,PT00279,DR006,Dr. Kavya Iyer,Pediatrics,Unitedhealthindia,115193.04,0.0,2024-05-07,,,Rejected,Duplicate claim,OK,2024-05
CLM01701,PT00691,DR004,Dr. Rajan Mehta,Oncology,Unitedhealthindia,6944.31,6730.55,2024-04-01,2024-07-20,110.0,Approved,nan,OK,2024-04
CLM01702,PT01608,DR005,Dr. Sunita Kulkarni,General Medicine,Nationalinsurance,19566.51,0.0,2024-05-25,,,Rejected,Patient details mismatch,OK,2024-05
CLM01703,PT00018,DR010,Dr. Rohit Verma,Orthopedics,Bajajallianz,147387.66,124379.6,2024-03-17,2024-03-26,9.0,Approved,nan,OK,2024-03
CLM01704,PT00752,DR006,Dr. Kavya Iyer,Pediatrics,Hdfcergo,126748.68,118382.74,2024-02-03,2024-02-10,7.0,Approved,nan,OK,2024-02
CLM01705,PT01222,DR006,Dr. Kavya Iyer,Pediatrics,Nationalinsurance,117986.74,88994.11,2024-10-25,2024-11-13,19.0,Approved,nan,OK,2024-10
CLM01706,PT00391,DR007,Dr. Deepak Sharma,Gynecology,Bajajallianz,84705.77,70029.33,2024-10-03,2024-10-26,23.0,Approved,nan,OK,2024-10
CLM01707,PT01819,DR003,Dr. Aarti Deshmukh,Neurology,Starhealth,25422.65,21752.0,2024-09-03,2024-10-26,53.0,Approved,nan,OK,2024-09
CLM01708,PT00570,DR001,Dr. Priya Nair,Cardiology,Nationalinsurance,91864.69,85469.7,2024-02-01,2024-02-18,17.0,Approved,nan,OK,2024-02
CLM01709,PT00468,DR003,Dr. Aarti Deshmukh,Neurology,Nationalinsurance,129701.58,126495.36,2024-09-28,2024-11-17,50.0,Approved,nan,OK,2024-09
CLM01710,PT01800,DR001,Dr. Priya Nair,Cardiology,Nationalinsurance,106674.15,0.0,2024-05-26,,,Rejected,Pre-authorization missing,OK,2024-05
CLM01711,PT00831,DR008,Dr. Anil Joshi,Emergency,Unitedhealthindia,137559.95,117723.43,2024-11-23,2025-03-10,107.0,Approved,nan,OK,2024-11
CLM01712,PT01387,DR006,Dr. Kavya Iyer,Pediatrics,Bajajallianz,46331.32,37659.04,2024-03-29,2024-07-21,114.0,Approved,nan,OK,2024-03
CLM01713,PT00890,DR001,Dr. Priya Nair,Cardiology,Starhealth,11397.92,10820.21,2024-01-31,2024-04-12,72.0,Approved,nan,OK,2024-01
CLM01714,PT01509,DR007,Dr. Deepak Sharma,Gynecology,Unitedhealthindia,38328.39,36061.69,2024-08-18,2024-09-05,18.0,Approved,nan,OK,2024-08
CLM01715,PT00027,DR009,Dr. Meera Pillai,Cardiology,Starhealth,122788.74,95388.5,2024-12-09,2025-03-01,82.0,Approved,nan,OK,2024-12
CLM01716,PT01443,DR001,Dr. Priya Nair,Cardiology,Hdfcergo,17243.07,0.0,2024-09-17,,,Rejected,Policy lapsed,OK,2024-09
CLM01717,PT00681,DR002,Dr. Suresh Patil,Orthopedics,Starhealth,122884.59,108466.98,2024-05-27,2024-07-08,42.0,Approved,nan,OK,2024-05
CLM01718,PT00234,DR004,Dr. Rajan Mehta,Oncology,Starhealth,7527.29,6646.02,2024-08-10,2024-10-23,74.0,Approved,nan,OK,2024-08
CLM01719,PT01221,DR005,Dr. Sunita Kulkarni,General Medicine,Hdfcergo,9304.19,7754.49,2024-03-02,2024-06-02,92.0,Approved,nan,OK,2024-03
CLM01720,PT00321,DR008,Dr. Anil Joshi,Emergency,Bajajallianz,126557.95,99630.01,2024-07-20,2024-09-10,52.0,Approved,nan,OK,2024-07
CLM01721,PT01433,DR008,Dr. Anil Joshi,Emergency,Starhealth,9652.27,8266.12,2024-05-16,2024-07-01,46.0,Approved,nan,OK,2024-05
CLM01722,PT00139,DR002,Dr. Suresh Patil,Orthopedics,Starhealth,69805.05,54523.39,2024-09-05,2024-10-14,39.0,Approved,nan,OK,2024-09
CLM01723,PT00484,DR009,Dr. Meera Pillai,Cardiology,Unitedhealthindia,14851.98,14324.44,2024-10-15,2025-01-10,87.0,Approved,nan,OK,2024-10
CLM01724,PT01368,DR002,Dr. Suresh Patil,Orthopedics,Bajajallianz,118746.37,107134.44,2024-01-22,2024-02-02,11.0,Approved,nan,OK,2024-01
CLM01725,PT01683,DR008,Dr. Anil Joshi,Emergency,Hdfcergo,118582.25,107876.69,2024-09-27,2024-12-25,89.0,Approved,nan,OK,2024-09
CLM01726,PT00247,DR007,Dr. Deepak Sharma,Gynecology,Hdfcergo,92433.11,90308.9,2024-05-29,2024-06-17,19.0,Approved,nan,OK,2024-05
CLM01727,PT00994,DR008,Dr. Anil Joshi,Emergency,Unitedhealthindia,43595.25,41003.46,2024-04-29,2024-06-30,62.0,Approved,nan,OK,2024-04
CLM01728,PT01372,DR010,Dr. Rohit Verma,Orthopedics,Unitedhealthindia,46920.35,46869.57,2024-10-18,2024-12-21,64.0,Approved,nan,OK,2024-10
CLM01729,PT00541,DR003,Dr. Aarti Deshmukh,Neurology,Hdfcergo,127977.62,102840.97,2024-12-04,2024-12-17,13.0,Approved,nan,OK,2024-12
CLM01730,PT00352,DR002,Dr. Suresh Patil,Orthopedics,Starhealth,64557.58,59058.3,2024-03-22,2024-06-17,87.0,Approved,nan,OK,2024-03
CLM01731,PT01907,DR009,Dr. Meera Pillai,Cardiology,Starhealth,39105.56,35343.7,2024-12-16,2025-02-26,72.0,Approved,nan,OK,2024-12
CLM01732,PT00919,DR003,Dr. Aarti Deshmukh,Neurology,Starhealth,17107.62,15956.95,2024-08-15,2024-10-29,75.0,Approved,nan,OK,2024-08
CLM01733,PT01355,DR009,Dr. Meera Pillai,Cardiology,Starhealth,123221.24,121005.59,2024-02-06,2024-03-17,40.0,Approved,nan,OK,2024-02
CLM01734,PT00925,DR006,Dr. Kavya Iyer,Pediatrics,Unitedhealthindia,79406.07,68296.24,2024-04-29,2024-07-09,71.0,Approved,nan,OK,2024-04
CLM01735,PT00127,DR001,Dr. Priya Nair,Cardiology,Bajajallianz,83313.77,72342.91,2024-08-02,2024-08-20,18.0,Approved,nan,OK,2024-08
CLM01736,PT01154,DR002,Dr. Suresh Patil,Orthopedics,Bajajallianz,91373.66,83789.27,2024-02-16,2024-03-14,27.0,Approved,nan,OK,2024-02
CLM01737,PT00554,DR003,Dr. Aarti Deshmukh,Neurology,Unitedhealthindia,102209.79,80501.38,2024-10-13,2025-01-20,99.0,Approved,nan,OK,2024-10
CLM01738,PT01906,DR008,Dr. Anil Joshi,Emergency,Starhealth,43734.5,40600.73,2024-10-28,2024-12-07,40.0,Approved,nan,OK,2024-10
CLM01739,PT00231,DR006,Dr. Kavya Iyer,Pediatrics,Hdfcergo,11383.07,9041.09,2024-10-09,2024-11-21,43.0,Approved,nan,OK,2024-10
CLM01740,PT00460,DR006,Dr. Kavya Iyer,Pediatrics,Hdfcergo,56336.17,54350.23,2024-08-23,2024-11-22,91.0,Approved,nan,OK,2024-08
CLM01741,PT00093,DR010,Dr. Rohit Verma,Orthopedics,Hdfcergo,106791.6,90140.51,2024-05-24,2024-08-08,76.0,Approved,nan,OK,2024-05
CLM01742,PT00053,DR005,Dr. Sunita Kulkarni,General Medicine,Hdfcergo,79196.59,0.0,2024-03-18,,,Rejected,Pre-authorization missing,OK,2024-03
CLM01743,PT00328,DR006,Dr. Kavya Iyer,Pediatrics,Unitedhealthindia,115207.14,102033.77,2024-11-18,2024-12-11,23.0,Approved,nan,OK,2024-11
CLM01744,PT01595,DR004,Dr. Rajan Mehta,Oncology,Bajajallianz,82520.2,66592.81,2024-09-29,2024-10-11,12.0,Approved,nan,OK,2024-09
CLM01745,PT00983,DR003,Dr. Aarti Deshmukh,Neurology,Unitedhealthindia,69550.28,0.0,2024-10-21,,,Rejected,Pre-authorization missing,OK,2024-10
CLM01746,PT00440,DR002,Dr. Suresh Patil,Orthopedics,Unitedhealthindia,134928.66,126680.84,2024-05-07,2024-07-29,83.0,Approved,nan,OK,2024-05
CLM01747,PT00419,DR007,Dr. Deepak Sharma,Gynecology,Starhealth,38734.09,37711.92,2024-08-31,2024-10-20,50.0,Approved,nan,OK,2024-08
CLM01748,PT00658,DR009,Dr. Meera Pillai,Cardiology,Unitedhealthindia,18687.36,17287.36,2024-06-19,2024-07-17,28.0,Approved,nan,OK,2024-06
CLM01749,PT01015,DR003,Dr. Aarti Deshmukh,Neurology,Bajajallianz,23062.55,21046.22,2024-02-19,2024-06-16,118.0,Approved,nan,OK,2024-02
CLM01750,PT01162,DR007,Dr. Deepak Sharma,Gynecology,Hdfcergo,127543.55,111098.07,2024-08-28,2024-12-08,102.0,Approved,nan,OK,2024-08
CLM01751,PT01218,DR009,Dr. Meera Pillai,Cardiology,Unitedhealthindia,114186.18,0.0,2024-11-18,,,Rejected,Pre-authorization missing,OK,2024-11
CLM01752,PT00199,DR005,Dr. Sunita Kulkarni,General Medicine,Starhealth,69213.39,69131.66,2024-07-30,2024-11-14,107.0,Approved,nan,OK,2024-07
CLM01753,PT00808,DR007,Dr. Deepak Sharma,Gynecology,Bajajallianz,84157.68,76108.14,2024-11-11,2024-12-19,38.0,Approved,nan,OK,2024-11
CLM01754,PT01126,DR008,Dr. Anil Joshi,Emergency,Bajajallianz,139894.92,129007.22,2024-07-14,2024-11-08,117.0,Approved,nan,OK,2024-07
CLM01755,PT00643,DR001,Dr. Priya Nair,Cardiology,Starhealth,22996.94,21154.44,2024-03-10,2024-03-24,14.0,Approved,nan,OK,2024-03
CLM01756,PT00505,DR007,Dr. Deepak Sharma,Gynecology,Starhealth,55932.85,47857.3,2024-02-06,2024-05-16,100.0,Approved,nan,OK,2024-02
CLM01757,PT01580,DR009,Dr. Meera Pillai,Cardiology,Hdfcergo,35035.52,34824.12,2024-06-09,2024-09-06,89.0,Approved,nan,OK,2024-06
CLM01758,PT00763,DR010,Dr. Rohit Verma,Orthopedics,Starhealth,59952.52,0.0,2024-01-04,,,Rejected,Late submission,OK,2024-01
CLM01759,PT00513,DR003,Dr. Aarti Deshmukh,Neurology,Starhealth,47531.02,43757.16,2024-07-11,2024-08-22,42.0,Approved,nan,OK,2024-07
CLM01760,PT00891,DR007,Dr. Deepak Sharma,Gynecology,Hdfcergo,64516.74,52615.51,2024-06-16,2024-06-24,8.0,Approved,nan,OK,2024-06
CLM01761,PT01772,DR006,Dr. Kavya Iyer,Pediatrics,Hdfcergo,114658.61,86830.51,2024-06-23,2024-08-26,64.0,Approved,nan,OK,2024-06
CLM01762,PT00453,DR004,Dr. Rajan Mehta,Oncology,Unitedhealthindia,121763.37,98704.94,2024-01-15,2024-05-01,107.0,Approved,nan,OK,2024-01
CLM01763,PT01605,DR003,Dr. Aarti Deshmukh,Neurology,Nationalinsurance,116711.58,89114.91,2024-06-21,2024-08-17,57.0,Approved,nan,OK,2024-06
CLM01764,PT01896,DR001,Dr. Priya Nair,Cardiology,Starhealth,105744.92,101926.88,2024-12-11,2025-01-02,22.0,Approved,nan,OK,2024-12
CLM01765,PT01635,DR008,Dr. Anil Joshi,Emergency,Hdfcergo,144828.43,125781.62,2024-09-01,2024-10-29,58.0,Approved,nan,OK,2024-09
CLM01766,PT00057,DR002,Dr. Suresh Patil,Orthopedics,Starhealth,30647.24,23692.62,2024-12-29,2025-04-24,116.0,Approved,nan,OK,2024-12
CLM01767,PT01059,DR007,Dr. Deepak Sharma,Gynecology,Starhealth,5887.3,0.0,2024-10-01,,,Rejected,Policy lapsed,OK,2024-10
CLM01768,PT01013,DR009,Dr. Meera Pillai,Cardiology,Nationalinsurance,33403.15,0.0,2024-02-10,,,Rejected,Incomplete documents,OK,2024-02
CLM01769,PT01643,DR005,Dr. Sunita Kulkarni,General Medicine,Hdfcergo,24561.95,23657.71,2024-07-28,2024-10-24,88.0,Approved,nan,OK,2024-07
CLM01770,PT01884,DR003,Dr. Aarti Deshmukh,Neurology,Starhealth,34564.19,32487.94,2024-05-08,2024-07-15,68.0,Approved,nan,OK,2024-05
CLM01771,PT01495,DR007,Dr. Deepak Sharma,Gynecology,Unitedhealthindia,11973.58,11431.78,2024-10-10,2024-11-07,28.0,Approved,nan,OK,2024-10
CLM01772,PT00635,DR003,Dr. Aarti Deshmukh,Neurology,Starhealth,102403.62,89691.82,2024-12-21,2025-04-19,119.0,Approved,nan,OK,2024-12
CLM01773,PT00550,DR001,Dr. Priya Nair,Cardiology,Starhealth,102993.99,94054.66,2024-08-07,2024-09-19,43.0,Approved,nan,OK,2024-08
CLM01774,PT00404,DR002,Dr. Suresh Patil,Orthopedics,Starhealth,25291.84,23476.68,2024-04-09,2024-06-12,64.0,Approved,nan,OK,2024-04
CLM01775,PT01498,DR008,Dr. Anil Joshi,Emergency,Unitedhealthindia,111348.78,108597.64,2024-02-13,2024-04-10,57.0,Approved,nan,OK,2024-02
CLM01776,PT01314,DR003,Dr. Aarti Deshmukh,Neurology,Hdfcergo,29609.55,26316.15,2024-04-08,2024-06-02,55.0,Approved,nan,OK,2024-04
CLM01777,PT00725,DR001,Dr. Priya Nair,Cardiology,Unitedhealthindia,13812.84,11696.11,2024-02-04,2024-03-13,38.0,Approved,nan,OK,2024-02
CLM01778,PT00399,DR001,Dr. Priya Nair,Cardiology,Hdfcergo,93287.71,82683.66,2024-04-27,2024-08-18,113.0,Approved,nan,OK,2024-04
CLM01779,PT01737,DR004,Dr. Rajan Mehta,Oncology,Bajajallianz,6713.22,6277.37,2024-12-24,2025-03-06,72.0,Approved,nan,OK,2024-12
CLM01780,PT01035,DR005,Dr. Sunita Kulkarni,General Medicine,Unitedhealthindia,136225.43,108035.28,2024-08-05,2024-09-13,39.0,Approved,nan,OK,2024-08
CLM01781,PT00537,DR007,Dr. Deepak Sharma,Gynecology,Starhealth,124748.52,120975.13,2024-04-17,2024-07-21,95.0,Approved,nan,OK,2024-04
CLM01782,PT01443,DR009,Dr. Meera Pillai,Cardiology,Starhealth,7257.59,7094.93,2024-12-17,2025-03-26,99.0,Approved,nan,OK,2024-12
CLM01783,PT00302,DR009,Dr. Meera Pillai,Cardiology,Hdfcergo,144250.02,139710.96,2024-09-19,2024-12-29,101.0,Approved,nan,OK,2024-09
CLM01784,PT01201,DR009,Dr. Meera Pillai,Cardiology,Unitedhealthindia,117579.63,97181.77,2024-12-19,2025-02-04,47.0,Approved,nan,OK,2024-12
CLM01785,PT00215,DR005,Dr. Sunita Kulkarni,General Medicine,Hdfcergo,103748.44,78756.2,2024-05-09,2024-05-27,18.0,Approved,nan,OK,2024-05
CLM01786,PT01974,DR007,Dr. Deepak Sharma,Gynecology,Bajajallianz,30379.28,29100.63,2024-03-08,2024-06-06,90.0,Approved,nan,OK,2024-03
CLM01787,PT00488,DR010,Dr. Rohit Verma,Orthopedics,Starhealth,26887.44,24598.85,2024-02-27,2024-05-07,70.0,Approved,nan,OK,2024-02
CLM01788,PT01806,DR010,Dr. Rohit Verma,Orthopedics,Nationalinsurance,147593.79,144795.18,2024-09-21,2024-12-28,98.0,Approved,nan,OK,2024-09
CLM01789,PT00249,DR001,Dr. Priya Nair,Cardiology,Starhealth,7160.91,5374.46,2024-04-27,2024-05-12,15.0,Approved,nan,OK,2024-04
CLM01790,PT00235,DR001,Dr. Priya Nair,Cardiology,Starhealth,78648.86,76050.22,2024-11-19,2025-03-08,109.0,Approved,nan,OK,2024-11
CLM01791,PT01122,DR002,Dr. Suresh Patil,Orthopedics,Bajajallianz,32455.87,26684.92,2024-07-15,2024-10-22,99.0,Approved,nan,OK,2024-07
CLM01792,PT01331,DR004,Dr. Rajan Mehta,Oncology,Starhealth,90496.73,74125.05,2024-01-25,2024-05-11,107.0,Approved,nan,OK,2024-01
CLM01793,PT00400,DR006,Dr. Kavya Iyer,Pediatrics,Bajajallianz,64256.87,59056.58,2024-10-28,2024-11-16,19.0,Approved,nan,OK,2024-10
CLM01794,PT00035,DR008,Dr. Anil Joshi,Emergency,Hdfcergo,137819.9,131465.73,2024-01-02,2024-02-20,49.0,Approved,nan,OK,2024-01
CLM01795,PT00153,DR006,Dr. Kavya Iyer,Pediatrics,Starhealth,135926.21,134989.82,2024-01-24,2024-04-25,92.0,Approved,nan,OK,2024-01
CLM01798,PT01557,DR004,Dr. Rajan Mehta,Oncology,Hdfcergo,65855.11,51709.87,2024-04-13,2024-06-27,75.0,Approved,nan,OK,2024-04
CLM01799,PT00796,DR010,Dr. Rohit Verma,Orthopedics,Hdfcergo,118812.19,101983.9,2024-09-27,2024-12-14,78.0,Approved,nan,OK,2024-09
CLM01800,PT01084,DR008,Dr. Anil Joshi,Emergency,Unitedhealthindia,15533.94,13947.0,2024-01-16,2024-02-15,30.0,Approved,nan,OK,2024-01
CLM01801,PT01837,DR007,Dr. Deepak Sharma,Gynecology,Starhealth,105515.95,104019.42,2024-05-01,2024-05-24,23.0,Approved,nan,OK,2024-05
CLM01803,PT01838,DR010,Dr. Rohit Verma,Orthopedics,Bajajallianz,140506.03,118067.46,2024-02-07,2024-04-19,72.0,Approved,nan,OK,2024-02
CLM01804,PT00936,DR005,Dr. Sunita Kulkarni,General Medicine,Starhealth,102289.81,86565.22,2024-03-11,2024-04-10,30.0,Approved,nan,OK,2024-03
CLM01805,PT01710,DR009,Dr. Meera Pillai,Cardiology,Nationalinsurance,45647.98,38832.88,2024-11-07,2024-12-01,24.0,Approved,nan,OK,2024-11
CLM01806,PT01932,DR008,Dr. Anil Joshi,Emergency,Bajajallianz,79272.88,75530.46,2024-02-08,2024-06-06,119.0,Approved,nan,OK,2024-02
CLM01807,PT00751,DR005,Dr. Sunita Kulkarni,General Medicine,Nationalinsurance,20259.19,16681.66,2024-10-10,2024-12-18,69.0,Approved,nan,OK,2024-10
CLM01808,PT01036,DR003,Dr. Aarti Deshmukh,Neurology,Starhealth,127513.67,123358.11,2024-03-13,2024-05-22,70.0,Approved,nan,OK,2024-03
CLM01809,PT01504,DR001,Dr. Priya Nair,Cardiology,Starhealth,96657.15,94203.91,2024-04-22,2024-06-20,59.0,Approved,nan,OK,2024-04
CLM01810,PT01695,DR003,Dr. Aarti Deshmukh,Neurology,Bajajallianz,127904.66,112015.66,2024-08-28,2024-11-14,78.0,Approved,nan,OK,2024-08
CLM01811,PT00574,DR001,Dr. Priya Nair,Cardiology,Starhealth,17899.11,17507.18,2024-09-23,2024-12-05,73.0,Approved,nan,OK,2024-09
CLM01813,PT01611,DR006,Dr. Kavya Iyer,Pediatrics,Unitedhealthindia,98014.66,0.0,2024-01-31,,,Rejected,Incomplete documents,OK,2024-01
CLM01814,PT01815,DR002,Dr. Suresh Patil,Orthopedics,Starhealth,50672.59,49153.83,2024-08-06,2024-11-16,102.0,Approved,nan,OK,2024-08
CLM01815,PT00903,DR001,Dr. Priya Nair,Cardiology,Unitedhealthindia,24743.82,0.0,2024-01-23,,,Rejected,Wrong diagnosis code,OK,2024-01
CLM01816,PT00010,DR008,Dr. Anil Joshi,Emergency,Bajajallianz,136377.39,0.0,2024-11-30,,,Rejected,Late submission,OK,2024-11
CLM01817,PT01661,DR003,Dr. Aarti Deshmukh,Neurology,Unitedhealthindia,80675.93,72065.48,2024-07-30,2024-11-24,117.0,Approved,nan,OK,2024-07
CLM01818,PT00572,DR008,Dr. Anil Joshi,Emergency,Starhealth,64945.84,61585.4,2024-02-15,2024-04-27,72.0,Approved,nan,OK,2024-02
CLM01819,PT00637,DR009,Dr. Meera Pillai,Cardiology,Starhealth,35916.52,0.0,2024-02-06,,,Rejected,Incomplete documents,OK,2024-02
CLM01820,PT01251,DR007,Dr. Deepak Sharma,Gynecology,Nationalinsurance,104267.34,85936.36,2024-02-05,2024-06-03,119.0,Approved,nan,OK,2024-02
CLM01821,PT01074,DR004,Dr. Rajan Mehta,Oncology,Bajajallianz,131346.78,100495.9,2024-03-18,2024-07-13,117.0,Approved,nan,OK,2024-03
CLM01822,PT00880,DR008,Dr. Anil Joshi,Emergency,Nationalinsurance,90301.47,90221.46,2024-04-22,2024-06-06,45.0,Approved,nan,OK,2024-04
CLM01823,PT01982,DR003,Dr. Aarti Deshmukh,Neurology,Bajajallianz,121029.28,114911.06,2024-07-14,2024-10-09,87.0,Approved,nan,OK,2024-07
CLM01824,PT01107,DR001,Dr. Priya Nair,Cardiology,Bajajallianz,53428.91,52453.99,2024-08-16,2024-11-21,97.0,Approved,nan,OK,2024-08
CLM01825,PT00722,DR002,Dr. Suresh Patil,Orthopedics,Bajajallianz,144333.54,114845.2,2024-03-22,2024-07-12,112.0,Approved,nan,OK,2024-03
CLM01826,PT01848,DR006,Dr. Kavya Iyer,Pediatrics,Starhealth,11163.25,10411.46,2024-11-18,2025-02-18,92.0,Approved,nan,OK,2024-11
CLM01827,PT01948,DR002,Dr. Suresh Patil,Orthopedics,Starhealth,72091.46,55776.35,2024-09-16,2024-12-19,94.0,Approved,nan,OK,2024-09
CLM01828,PT01931,DR008,Dr. Anil Joshi,Emergency,Hdfcergo,12827.59,11653.37,2024-12-25,2025-02-21,58.0,Approved,nan,OK,2024-12
CLM01829,PT01675,DR005,Dr. Sunita Kulkarni,General Medicine,Starhealth,103975.25,95315.71,2024-01-01,2024-01-31,30.0,Approved,nan,OK,2024-01
CLM01830,PT01159,DR006,Dr. Kavya Iyer,Pediatrics,Starhealth,6533.47,6042.87,2024-08-01,2024-08-14,13.0,Approved,nan,OK,2024-08
CLM01831,PT01474,DR003,Dr. Aarti Deshmukh,Neurology,Bajajallianz,145158.8,130214.72,2024-12-01,2025-02-02,63.0,Approved,nan,OK,2024-12
CLM01832,PT00579,DR001,Dr. Priya Nair,Cardiology,Hdfcergo,19484.49,18727.15,2024-08-14,2024-10-19,66.0,Approved,nan,OK,2024-08
CLM01833,PT01522,DR010,Dr. Rohit Verma,Orthopedics,Bajajallianz,98367.43,94167.97,2024-04-28,2024-05-11,13.0,Approved,nan,OK,2024-04
CLM01834,PT01274,DR004,Dr. Rajan Mehta,Oncology,Bajajallianz,117064.9,114058.16,2024-01-07,2024-01-29,22.0,Approved,nan,OK,2024-01
CLM01835,PT01799,DR004,Dr. Rajan Mehta,Oncology,Hdfcergo,11613.03,10917.17,2024-11-09,2024-11-24,15.0,Approved,nan,OK,2024-11
CLM01836,PT00193,DR004,Dr. Rajan Mehta,Oncology,Bajajallianz,132672.52,131340.63,2024-11-11,2025-01-02,52.0,Approved,nan,OK,2024-11
CLM01837,PT01405,DR010,Dr. Rohit Verma,Orthopedics,Bajajallianz,26243.65,19900.94,2024-07-04,2024-09-01,59.0,Approved,nan,OK,2024-07
CLM01838,PT01320,DR001,Dr. Priya Nair,Cardiology,Hdfcergo,87822.98,0.0,2024-10-07,,,Rejected,Patient details mismatch,OK,2024-10
CLM01839,PT01425,DR004,Dr. Rajan Mehta,Oncology,Hdfcergo,77638.31,72138.73,2024-12-21,2025-01-24,34.0,Approved,nan,OK,2024-12
CLM01840,PT01190,DR006,Dr. Kavya Iyer,Pediatrics,Nationalinsurance,7974.12,6732.1,2024-07-20,2024-11-12,115.0,Approved,nan,OK,2024-07
CLM01841,PT00330,DR006,Dr. Kavya Iyer,Pediatrics,Starhealth,15567.39,12894.09,2024-04-18,2024-05-11,23.0,Approved,nan,OK,2024-04
CLM01842,PT01101,DR005,Dr. Sunita Kulkarni,General Medicine,Nationalinsurance,89406.38,0.0,2024-11-17,,,Rejected,Service not covered,OK,2024-11
CLM01843,PT00196,DR002,Dr. Suresh Patil,Orthopedics,Starhealth,111898.17,101915.48,2024-01-17,2024-03-17,60.0,Approved,nan,OK,2024-01
CLM01844,PT01305,DR009,Dr. Meera Pillai,Cardiology,Unitedhealthindia,137461.05,0.0,2024-09-18,,,Rejected,Pre-authorization missing,OK,2024-09
CLM01845,PT00805,DR008,Dr. Anil Joshi,Emergency,Nationalinsurance,120213.85,98623.14,2024-11-11,2025-02-12,93.0,Approved,nan,OK,2024-11
CLM01846,PT00685,DR010,Dr. Rohit Verma,Orthopedics,Unitedhealthindia,119543.39,115275.99,2024-10-05,2025-01-30,117.0,Approved,nan,OK,2024-10
CLM01847,PT01580,DR007,Dr. Deepak Sharma,Gynecology,Bajajallianz,29285.63,28137.37,2024-01-24,2024-03-24,60.0,Approved,nan,OK,2024-01
CLM01848,PT01812,DR003,Dr. Aarti Deshmukh,Neurology,Hdfcergo,58656.38,47743.87,2024-09-23,2024-11-28,66.0,Approved,nan,OK,2024-09
CLM01849,PT01859,DR008,Dr. Anil Joshi,Emergency,Starhealth,18170.95,14653.28,2024-06-25,2024-10-06,103.0,Approved,nan,OK,2024-06
CLM01850,PT01961,DR003,Dr. Aarti Deshmukh,Neurology,Starhealth,98820.06,78337.55,2024-11-07,2024-12-29,52.0,Approved,nan,OK,2024-11
CLM01851,PT01174,DR008,Dr. Anil Joshi,Emergency,Starhealth,104527.34,81176.35,2024-10-16,2024-11-06,21.0,Approved,nan,OK,2024-10
CLM01852,PT01127,DR009,Dr. Meera Pillai,Cardiology,Starhealth,110897.85,96030.61,2024-06-09,2024-08-15,67.0,Approved,nan,OK,2024-06
CLM01853,PT01059,DR001,Dr. Priya Nair,Cardiology,Starhealth,113809.81,98978.98,2024-06-22,2024-10-04,104.0,Approved,nan,OK,2024-06
CLM01854,PT01122,DR007,Dr. Deepak Sharma,Gynecology,Unitedhealthindia,141677.7,123245.14,2024-09-17,2024-10-16,29.0,Approved,nan,OK,2024-09
CLM01855,PT00637,DR001,Dr. Priya Nair,Cardiology,Starhealth,149337.2,140152.69,2024-03-11,2024-04-07,27.0,Approved,nan,OK,2024-03
CLM01856,PT00604,DR009,Dr. Meera Pillai,Cardiology,Nationalinsurance,95664.45,0.0,2024-04-27,,,Rejected,Service not covered,OK,2024-04
CLM01857,PT00571,DR004,Dr. Rajan Mehta,Oncology,Nationalinsurance,139060.44,106591.18,2024-09-25,2024-11-17,53.0,Approved,nan,OK,2024-09
CLM01858,PT01379,DR003,Dr. Aarti Deshmukh,Neurology,Starhealth,23499.2,17922.3,2024-11-20,2025-02-26,98.0,Approved,nan,OK,2024-11
CLM01859,PT01469,DR008,Dr. Anil Joshi,Emergency,Hdfcergo,57080.41,44283.49,2024-03-06,2024-04-29,54.0,Approved,nan,OK,2024-03
CLM01860,PT00268,DR009,Dr. Meera Pillai,Cardiology,Starhealth,65599.66,55692.03,2024-01-25,2024-02-01,7.0,Approved,nan,OK,2024-01
CLM01861,PT01625,DR010,Dr. Rohit Verma,Orthopedics,Nationalinsurance,140560.9,117925.64,2024-08-13,2024-11-02,81.0,Approved,nan,OK,2024-08
CLM01862,PT00146,DR001,Dr. Priya Nair,Cardiology,Nationalinsurance,148646.91,144316.1,2024-02-15,2024-05-19,94.0,Approved,nan,OK,2024-02
CLM01863,PT01772,DR010,Dr. Rohit Verma,Orthopedics,Starhealth,129787.09,128352.51,2024-03-22,2024-04-25,34.0,Approved,nan,OK,2024-03
CLM01864,PT01725,DR009,Dr. Meera Pillai,Cardiology,Bajajallianz,14697.72,11577.53,2024-07-17,2024-08-03,17.0,Approved,nan,OK,2024-07
CLM01865,PT00998,DR001,Dr. Priya Nair,Cardiology,Unitedhealthindia,13102.18,11033.92,2024-07-26,2024-11-17,114.0,Approved,nan,OK,2024-07
CLM01866,PT01954,DR001,Dr. Priya Nair,Cardiology,Hdfcergo,38910.84,30001.35,2024-07-20,2024-09-30,72.0,Approved,nan,OK,2024-07
CLM01867,PT01191,DR005,Dr. Sunita Kulkarni,General Medicine,Bajajallianz,48572.95,41669.34,2024-01-19,2024-02-20,32.0,Approved,nan,OK,2024-01
CLM01868,PT00461,DR010,Dr. Rohit Verma,Orthopedics,Hdfcergo,54849.54,46305.75,2024-06-03,2024-08-07,65.0,Approved,nan,OK,2024-06
CLM01869,PT00889,DR002,Dr. Suresh Patil,Orthopedics,Starhealth,47850.07,45288.06,2024-03-16,2024-06-16,92.0,Approved,nan,OK,2024-03
CLM01870,PT01341,DR009,Dr. Meera Pillai,Cardiology,Bajajallianz,43650.48,0.0,2024-03-18,,,Rejected,Pre-authorization missing,OK,2024-03
CLM01871,PT01947,DR010,Dr. Rohit Verma,Orthopedics,Starhealth,112286.27,90954.74,2024-07-27,2024-09-11,46.0,Approved,nan,OK,2024-07
CLM01872,PT01170,DR007,Dr. Deepak Sharma,Gynecology,Bajajallianz,36987.46,29954.5,2024-10-13,2024-11-06,24.0,Approved,nan,OK,2024-10
CLM01873,PT00944,DR003,Dr. Aarti Deshmukh,Neurology,Bajajallianz,101673.01,81971.65,2024-07-05,2024-08-14,40.0,Approved,nan,OK,2024-07
CLM01874,PT01413,DR004,Dr. Rajan Mehta,Oncology,Starhealth,16409.41,14477.21,2024-07-06,2024-09-02,58.0,Approved,nan,OK,2024-07
CLM01875,PT01769,DR008,Dr. Anil Joshi,Emergency,Hdfcergo,137839.95,120588.57,2024-10-15,2025-01-31,108.0,Approved,nan,OK,2024-10
CLM01876,PT01634,DR005,Dr. Sunita Kulkarni,General Medicine,Bajajallianz,142313.47,122268.12,2024-07-03,2024-09-20,79.0,Approved,nan,OK,2024-07
CLM01877,PT01908,DR010,Dr. Rohit Verma,Orthopedics,Unitedhealthindia,60434.63,59013.58,2024-02-02,2024-02-25,23.0,Approved,nan,OK,2024-02
CLM01878,PT01097,DR001,Dr. Priya Nair,Cardiology,Unitedhealthindia,53145.86,43929.7,2024-11-12,2024-11-30,18.0,Approved,nan,OK,2024-11
CLM01879,PT00293,DR006,Dr. Kavya Iyer,Pediatrics,Bajajallianz,88478.9,76239.71,2024-07-22,2024-08-12,21.0,Approved,nan,OK,2024-07
CLM01880,PT00566,DR003,Dr. Aarti Deshmukh,Neurology,Nationalinsurance,58351.7,47639.72,2024-10-28,2024-12-23,56.0,Approved,nan,OK,2024-10
CLM01881,PT01368,DR005,Dr. Sunita Kulkarni,General Medicine,Unitedhealthindia,89610.58,70734.41,2024-05-06,2024-07-05,60.0,Approved,nan,OK,2024-05
CLM01882,PT00633,DR004,Dr. Rajan Mehta,Oncology,Starhealth,70656.75,66599.64,2024-07-30,2024-09-03,35.0,Approved,nan,OK,2024-07
CLM01883,PT00062,DR009,Dr. Meera Pillai,Cardiology,Starhealth,76873.95,75331.72,2024-09-28,2024-10-23,25.0,Approved,nan,OK,2024-09
CLM01884,PT00915,DR002,Dr. Suresh Patil,Orthopedics,Unitedhealthindia,45723.44,0.0,2024-03-21,,,Rejected,Late submission,OK,2024-03
CLM01885,PT01036,DR008,Dr. Anil Joshi,Emergency,Bajajallianz,43723.6,40211.64,2024-12-14,2024-12-27,13.0,Approved,nan,OK,2024-12
CLM01886,PT01782,DR001,Dr. Priya Nair,Cardiology,Unitedhealthindia,64583.71,61683.19,2024-06-23,2024-07-28,35.0,Approved,nan,OK,2024-06
CLM01887,PT00881,DR007,Dr. Deepak Sharma,Gynecology,Bajajallianz,63976.96,49765.68,2024-04-09,2024-04-23,14.0,Approved,nan,OK,2024-04
CLM01888,PT01435,DR006,Dr. Kavya Iyer,Pediatrics,Nationalinsurance,122982.35,0.0,2024-10-01,,,Rejected,Incomplete documents,OK,2024-10
CLM01889,PT00075,DR001,Dr. Priya Nair,Cardiology,Nationalinsurance,75157.52,0.0,2024-12-15,,,Rejected,Service not covered,OK,2024-12
CLM01890,PT01735,DR004,Dr. Rajan Mehta,Oncology,Starhealth,66686.28,66147.11,2024-11-05,2025-02-08,95.0,Approved,nan,OK,2024-11
CLM01891,PT00816,DR009,Dr. Meera Pillai,Cardiology,Starhealth,76684.68,61318.21,2024-03-25,2024-04-26,32.0,Approved,nan,OK,2024-03
CLM01892,PT01062,DR007,Dr. Deepak Sharma,Gynecology,Nationalinsurance,136440.21,108691.24,2024-01-14,2024-04-22,99.0,Approved,nan,OK,2024-01
CLM01893,PT00262,DR006,Dr. Kavya Iyer,Pediatrics,Unitedhealthindia,56076.09,54807.99,2024-12-03,2024-12-28,25.0,Approved,nan,OK,2024-12
CLM01894,PT00907,DR004,Dr. Rajan Mehta,Oncology,Unitedhealthindia,32565.1,25842.9,2024-09-24,2024-11-06,43.0,Approved,nan,OK,2024-09
CLM01895,PT01832,DR004,Dr. Rajan Mehta,Oncology,Bajajallianz,37697.77,29094.27,2024-04-26,2024-06-16,51.0,Approved,nan,OK,2024-04
CLM01896,PT00101,DR009,Dr. Meera Pillai,Cardiology,Hdfcergo,11606.44,10149.35,2024-04-05,2024-04-27,22.0,Approved,nan,OK,2024-04
CLM01897,PT00410,DR007,Dr. Deepak Sharma,Gynecology,Starhealth,19307.19,16393.86,2024-09-08,2024-10-30,52.0,Approved,nan,OK,2024-09
CLM01898,PT00456,DR009,Dr. Meera Pillai,Cardiology,Unitedhealthindia,96657.4,95779.21,2024-04-03,2024-06-12,70.0,Approved,nan,OK,2024-04
CLM01899,PT01449,DR005,Dr. Sunita Kulkarni,General Medicine,Unitedhealthindia,129631.75,107734.09,2024-07-25,2024-11-05,103.0,Approved,nan,OK,2024-07
CLM01900,PT01975,DR004,Dr. Rajan Mehta,Oncology,Nationalinsurance,25536.99,22398.23,2024-03-23,2024-06-19,88.0,Approved,nan,OK,2024-03
CLM01901,PT00316,DR006,Dr. Kavya Iyer,Pediatrics,Unitedhealthindia,148606.48,0.0,2024-10-16,,,Rejected,Service not covered,OK,2024-10
CLM01902,PT00773,DR003,Dr. Aarti Deshmukh,Neurology,Unitedhealthindia,148970.9,0.0,2024-06-21,,,Rejected,Pre-authorization missing,OK,2024-06
CLM01903,PT01619,DR008,Dr. Anil Joshi,Emergency,Nationalinsurance,14667.02,0.0,2024-11-27,,,Rejected,Pre-authorization missing,OK,2024-11
CLM01904,PT00215,DR004,Dr. Rajan Mehta,Oncology,Starhealth,75407.19,67091.48,2024-06-10,2024-07-26,46.0,Approved,nan,OK,2024-06
CLM01905,PT00028,DR002,Dr. Suresh Patil,Orthopedics,Nationalinsurance,117341.41,89687.91,2024-03-30,2024-07-15,107.0,Approved,nan,OK,2024-03
CLM01906,PT01475,DR008,Dr. Anil Joshi,Emergency,Bajajallianz,60986.87,57796.56,2024-06-09,2024-06-21,12.0,Approved,nan,OK,2024-06
CLM01907,PT00357,DR002,Dr. Suresh Patil,Orthopedics,Bajajallianz,17539.3,0.0,2024-05-17,,,Rejected,Incomplete documents,OK,2024-05
CLM01908,PT01374,DR002,Dr. Suresh Patil,Orthopedics,Unitedhealthindia,109530.0,98328.77,2024-10-30,2025-01-02,64.0,Approved,nan,OK,2024-10
CLM01909,PT00978,DR001,Dr. Priya Nair,Cardiology,Nationalinsurance,7633.22,6026.99,2024-03-27,2024-04-04,8.0,Approved,nan,OK,2024-03
CLM01910,PT00279,DR002,Dr. Suresh Patil,Orthopedics,Nationalinsurance,49584.74,46509.22,2024-04-13,2024-06-14,62.0,Approved,nan,OK,2024-04
CLM01911,PT01161,DR008,Dr. Anil Joshi,Emergency,Hdfcergo,10268.67,7891.97,2024-09-24,2024-11-24,61.0,Approved,nan,OK,2024-09
CLM01912,PT01233,DR003,Dr. Aarti Deshmukh,Neurology,Nationalinsurance,68488.12,51850.96,2024-07-18,2024-09-06,50.0,Approved,nan,OK,2024-07
CLM01913,PT00974,DR009,Dr. Meera Pillai,Cardiology,Hdfcergo,56100.45,55268.83,2024-11-22,2025-02-24,94.0,Approved,nan,OK,2024-11
CLM01914,PT00416,DR002,Dr. Suresh Patil,Orthopedics,Unitedhealthindia,18295.85,14583.51,2024-07-14,2024-09-24,72.0,Approved,nan,OK,2024-07
CLM01915,PT00373,DR004,Dr. Rajan Mehta,Oncology,Starhealth,25986.1,19939.48,2024-03-22,2024-07-14,114.0,Approved,nan,OK,2024-03
CLM01916,PT00558,DR005,Dr. Sunita Kulkarni,General Medicine,Unitedhealthindia,97812.16,90744.41,2024-05-25,2024-06-01,7.0,Approved,nan,OK,2024-05
CLM01917,PT00628,DR005,Dr. Sunita Kulkarni,General Medicine,Unitedhealthindia,101480.29,83664.0,2024-08-10,2024-10-13,64.0,Approved,nan,OK,2024-08
CLM01918,PT00183,DR007,Dr. Deepak Sharma,Gynecology,Nationalinsurance,60920.25,60777.2,2024-06-26,2024-08-04,39.0,Approved,nan,OK,2024-06
CLM01919,PT00723,DR006,Dr. Kavya Iyer,Pediatrics,Nationalinsurance,73187.67,61955.58,2024-01-20,2024-03-01,41.0,Approved,nan,OK,2024-01
CLM01920,PT00904,DR002,Dr. Suresh Patil,Orthopedics,Starhealth,132996.13,104313.96,2024-10-16,2025-01-20,96.0,Approved,nan,OK,2024-10
CLM01921,PT00760,DR010,Dr. Rohit Verma,Orthopedics,Hdfcergo,109257.3,84950.88,2024-04-01,2024-06-14,74.0,Approved,nan,OK,2024-04
CLM01922,PT00614,DR004,Dr. Rajan Mehta,Oncology,Starhealth,128732.18,113429.79,2024-11-10,2025-03-05,115.0,Approved,nan,OK,2024-11
CLM01923,PT00806,DR006,Dr. Kavya Iyer,Pediatrics,Bajajallianz,65022.39,64573.32,2024-08-10,2024-11-21,103.0,Approved,nan,OK,2024-08
CLM01924,PT01527,DR004,Dr. Rajan Mehta,Oncology,Bajajallianz,107810.32,89087.78,2024-02-07,2024-02-29,22.0,Approved,nan,OK,2024-02
CLM01925,PT01543,DR010,Dr. Rohit Verma,Orthopedics,Nationalinsurance,125898.59,0.0,2024-05-12,,,Rejected,Policy lapsed,OK,2024-05
CLM01926,PT00840,DR005,Dr. Sunita Kulkarni,General Medicine,Starhealth,81244.56,75143.26,2024-12-12,2025-01-09,28.0,Approved,nan,OK,2024-12
CLM01927,PT00861,DR003,Dr. Aarti Deshmukh,Neurology,Unitedhealthindia,109827.76,100739.73,2024-04-21,2024-07-05,75.0,Approved,nan,OK,2024-04
CLM01928,PT01913,DR005,Dr. Sunita Kulkarni,General Medicine,Starhealth,41130.7,41107.12,2024-02-23,2024-06-06,104.0,Approved,nan,OK,2024-02
CLM01929,PT00236,DR008,Dr. Anil Joshi,Emergency,Starhealth,74444.88,65484.92,2024-06-03,2024-07-04,31.0,Approved,nan,OK,2024-06
CLM01930,PT00690,DR008,Dr. Anil Joshi,Emergency,Unitedhealthindia,24127.19,0.0,2024-03-05,,,Rejected,Pre-authorization missing,OK,2024-03
CLM01931,PT00624,DR007,Dr. Deepak Sharma,Gynecology,Starhealth,26515.35,20248.5,2024-11-08,2024-11-18,10.0,Approved,nan,OK,2024-11
CLM01932,PT00280,DR002,Dr. Suresh Patil,Orthopedics,Nationalinsurance,111406.64,94514.12,2024-08-24,2024-10-15,52.0,Approved,nan,OK,2024-08
CLM01933,PT01193,DR006,Dr. Kavya Iyer,Pediatrics,Hdfcergo,144757.14,143702.31,2024-10-11,2024-10-28,17.0,Approved,nan,OK,2024-10
CLM01934,PT00535,DR006,Dr. Kavya Iyer,Pediatrics,Unitedhealthindia,48259.97,40979.34,2024-05-12,2024-06-16,35.0,Approved,nan,OK,2024-05
CLM01935,PT00760,DR001,Dr. Priya Nair,Cardiology,Nationalinsurance,48010.39,0.0,2024-04-03,,,Rejected,Patient details mismatch,OK,2024-04
CLM01936,PT01758,DR004,Dr. Rajan Mehta,Oncology,Nationalinsurance,49953.97,0.0,2024-05-29,,,Rejected,Patient details mismatch,OK,2024-05
CLM01937,PT01359,DR008,Dr. Anil Joshi,Emergency,Unitedhealthindia,65274.36,59693.94,2024-12-20,2025-04-06,107.0,Approved,nan,OK,2024-12
CLM01938,PT01621,DR006,Dr. Kavya Iyer,Pediatrics,Nationalinsurance,87516.73,78383.63,2024-05-23,2024-06-05,13.0,Approved,nan,OK,2024-05
CLM01939,PT01358,DR008,Dr. Anil Joshi,Emergency,Hdfcergo,133943.94,106764.16,2024-02-02,2024-02-13,11.0,Approved,nan,OK,2024-02
CLM01940,PT00468,DR009,Dr. Meera Pillai,Cardiology,Bajajallianz,142351.13,126659.93,2024-03-24,2024-05-05,42.0,Approved,nan,OK,2024-03
CLM01942,PT01175,DR002,Dr. Suresh Patil,Orthopedics,Nationalinsurance,34639.62,0.0,2024-01-06,,,Rejected,Duplicate claim,OK,2024-01
CLM01943,PT01504,DR002,Dr. Suresh Patil,Orthopedics,Hdfcergo,118580.42,89252.7,2024-07-05,2024-10-29,116.0,Approved,nan,OK,2024-07
CLM01944,PT00712,DR006,Dr. Kavya Iyer,Pediatrics,Nationalinsurance,135303.53,0.0,2024-01-30,,,Rejected,Incomplete documents,OK,2024-01
CLM01945,PT01865,DR004,Dr. Rajan Mehta,Oncology,Unitedhealthindia,85638.65,67882.06,2024-05-12,2024-05-22,10.0,Approved,nan,OK,2024-05
CLM01946,PT00270,DR001,Dr. Priya Nair,Cardiology,Nationalinsurance,83326.65,0.0,2024-08-22,,,Rejected,Pre-authorization missing,OK,2024-08
CLM01947,PT01356,DR003,Dr. Aarti Deshmukh,Neurology,Bajajallianz,12557.28,0.0,2024-07-10,,,Rejected,Patient details mismatch,OK,2024-07
CLM01948,PT00948,DR002,Dr. Suresh Patil,Orthopedics,Hdfcergo,98118.0,93821.42,2024-12-19,2025-02-16,59.0,Approved,nan,OK,2024-12
CLM01949,PT01766,DR003,Dr. Aarti Deshmukh,Neurology,Bajajallianz,12256.73,9889.31,2024-07-03,2024-10-29,118.0,Approved,nan,OK,2024-07
CLM01950,PT01289,DR003,Dr. Aarti Deshmukh,Neurology,Bajajallianz,78339.44,64956.28,2024-02-02,2024-02-14,12.0,Approved,nan,OK,2024-02
CLM01951,PT00790,DR007,Dr. Deepak Sharma,Gynecology,Unitedhealthindia,45853.38,42697.6,2024-05-10,2024-06-04,25.0,Approved,nan,OK,2024-05
CLM01952,PT00925,DR010,Dr. Rohit Verma,Orthopedics,Starhealth,120192.23,92726.88,2024-02-21,2024-03-05,13.0,Approved,nan,OK,2024-02
CLM01953,PT00483,DR006,Dr. Kavya Iyer,Pediatrics,Unitedhealthindia,65309.66,0.0,2024-11-10,,,Rejected,Wrong diagnosis code,OK,2024-11
CLM01954,PT00597,DR001,Dr. Priya Nair,Cardiology,Nationalinsurance,91748.31,0.0,2024-06-29,,,Rejected,Late submission,OK,2024-06
CLM01955,PT01815,DR002,Dr. Suresh Patil,Orthopedics,Hdfcergo,19793.43,17280.8,2024-03-30,2024-05-25,56.0,Approved,nan,OK,2024-03
CLM01956,PT00373,DR003,Dr. Aarti Deshmukh,Neurology,Starhealth,57303.9,44596.57,2024-05-28,2024-06-26,29.0,Approved,nan,OK,2024-05
CLM01957,PT01211,DR007,Dr. Deepak Sharma,Gynecology,Nationalinsurance,136771.89,130495.91,2024-01-01,2024-02-02,32.0,Approved,nan,OK,2024-01
CLM01958,PT01854,DR001,Dr. Priya Nair,Cardiology,Bajajallianz,77819.49,70022.37,2024-09-22,2024-11-10,49.0,Approved,nan,OK,2024-09
CLM01959,PT00022,DR006,Dr. Kavya Iyer,Pediatrics,Unitedhealthindia,104051.9,79895.51,2024-09-16,2024-12-30,105.0,Approved,nan,OK,2024-09
CLM01960,PT01018,DR005,Dr. Sunita Kulkarni,General Medicine,Unitedhealthindia,106788.67,97035.15,2024-04-03,2024-05-06,33.0,Approved,nan,OK,2024-04
CLM01961,PT00849,DR004,Dr. Rajan Mehta,Oncology,Bajajallianz,31823.05,30190.45,2024-09-11,2024-10-08,27.0,Approved,nan,OK,2024-09
CLM01962,PT00165,DR007,Dr. Deepak Sharma,Gynecology,Bajajallianz,83696.86,65572.75,2024-03-13,2024-06-11,90.0,Approved,nan,OK,2024-03
CLM01963,PT01214,DR005,Dr. Sunita Kulkarni,General Medicine,Starhealth,15343.7,12089.43,2024-07-29,2024-09-14,47.0,Approved,nan,OK,2024-07
CLM01964,PT00477,DR007,Dr. Deepak Sharma,Gynecology,Nationalinsurance,72174.49,57240.87,2024-03-19,2024-06-13,86.0,Approved,nan,OK,2024-03
CLM01965,PT00088,DR007,Dr. Deepak Sharma,Gynecology,Hdfcergo,16019.68,14074.78,2024-12-05,2025-03-04,89.0,Approved,nan,OK,2024-12
CLM01966,PT01483,DR002,Dr. Suresh Patil,Orthopedics,Nationalinsurance,99931.69,0.0,2024-01-21,,,Rejected,Duplicate claim,OK,2024-01
CLM01967,PT00172,DR003,Dr. Aarti Deshmukh,Neurology,Nationalinsurance,18682.38,15749.78,2024-03-29,2024-05-12,44.0,Approved,nan,OK,2024-03
CLM01969,PT00225,DR009,Dr. Meera Pillai,Cardiology,Bajajallianz,43010.86,0.0,2024-10-02,,,Rejected,Late submission,OK,2024-10
CLM01970,PT01380,DR001,Dr. Priya Nair,Cardiology,Starhealth,120218.81,105265.88,2024-03-31,2024-06-09,70.0,Approved,nan,OK,2024-03
CLM01971,PT00643,DR009,Dr. Meera Pillai,Cardiology,Bajajallianz,117511.07,96411.05,2024-07-17,2024-11-12,118.0,Approved,nan,OK,2024-07
CLM01972,PT01221,DR007,Dr. Deepak Sharma,Gynecology,Nationalinsurance,36568.17,0.0,2024-12-03,,,Rejected,Service not covered,OK,2024-12
CLM01973,PT00154,DR004,Dr. Rajan Mehta,Oncology,Nationalinsurance,7480.62,0.0,2024-12-19,,,Rejected,Late submission,OK,2024-12
CLM01974,PT01992,DR002,Dr. Suresh Patil,Orthopedics,Bajajallianz,111247.14,99242.24,2024-09-18,2025-01-13,117.0,Approved,nan,OK,2024-09
CLM01975,PT01260,DR008,Dr. Anil Joshi,Emergency,Nationalinsurance,124680.44,112027.29,2024-07-27,2024-10-20,85.0,Approved,nan,OK,2024-07
CLM01976,PT00330,DR009,Dr. Meera Pillai,Cardiology,Nationalinsurance,21079.58,0.0,2024-10-08,,,Rejected,Duplicate claim,OK,2024-10
CLM01977,PT01410,DR003,Dr. Aarti Deshmukh,Neurology,Starhealth,14046.25,13161.32,2024-06-27,2024-09-11,76.0,Approved,nan,OK,2024-06
CLM01978,PT00198,DR001,Dr. Priya Nair,Cardiology,Bajajallianz,96612.2,78984.16,2024-06-16,2024-10-14,120.0,Approved,nan,OK,2024-06
CLM01979,PT01916,DR006,Dr. Kavya Iyer,Pediatrics,Unitedhealthindia,104921.31,94847.41,2024-08-01,2024-10-31,91.0,Approved,nan,OK,2024-08
CLM01980,PT00924,DR007,Dr. Deepak Sharma,Gynecology,Unitedhealthindia,106138.44,99671.6,2024-03-24,2024-05-01,38.0,Approved,nan,OK,2024-03
CLM01981,PT01822,DR004,Dr. Rajan Mehta,Oncology,Unitedhealthindia,93365.0,90628.56,2024-07-16,2024-08-18,33.0,Approved,nan,OK,2024-07
CLM01982,PT00171,DR009,Dr. Meera Pillai,Cardiology,Bajajallianz,97074.96,94964.82,2024-11-19,2025-03-02,103.0,Approved,nan,OK,2024-11
CLM01983,PT00215,DR004,Dr. Rajan Mehta,Oncology,Hdfcergo,85061.75,0.0,2024-02-25,,,Rejected,Wrong diagnosis code,OK,2024-02
CLM01984,PT00412,DR004,Dr. Rajan Mehta,Oncology,Unitedhealthindia,27091.41,23759.86,2024-12-10,2025-01-14,35.0,Approved,nan,OK,2024-12
CLM01985,PT01492,DR002,Dr. Suresh Patil,Orthopedics,Unitedhealthindia,74146.25,69257.85,2024-12-28,2025-04-03,96.0,Approved,nan,OK,2024-12
CLM01986,PT00790,DR002,Dr. Suresh Patil,Orthopedics,Starhealth,66261.33,63371.04,2024-11-18,2024-12-16,28.0,Approved,nan,OK,2024-11
CLM01987,PT00206,DR005,Dr. Sunita Kulkarni,General Medicine,Nationalinsurance,116697.06,0.0,2024-11-14,,,Rejected,Policy lapsed,OK,2024-11
CLM01988,PT01423,DR002,Dr. Suresh Patil,Orthopedics,Bajajallianz,145640.86,128646.06,2024-08-02,2024-09-09,38.0,Approved,nan,OK,2024-08
CLM01989,PT00365,DR001,Dr. Priya Nair,Cardiology,Nationalinsurance,106716.8,105471.98,2024-07-11,2024-09-07,58.0,Approved,nan,OK,2024-07
CLM01990,PT00725,DR010,Dr. Rohit Verma,Orthopedics,Starhealth,25063.04,22661.64,2024-08-17,2024-11-07,82.0,Approved,nan,OK,2024-08
CLM01991,PT00458,DR010,Dr. Rohit Verma,Orthopedics,Bajajallianz,102318.56,96281.67,2024-11-17,2025-02-26,101.0,Approved,nan,OK,2024-11
CLM01992,PT00047,DR008,Dr. Anil Joshi,Emergency,Bajajallianz,95973.23,81865.3,2024-03-14,2024-06-04,82.0,Approved,nan,OK,2024-03
CLM01993,PT01176,DR010,Dr. Rohit Verma,Orthopedics,Hdfcergo,75242.53,0.0,2024-10-14,,,Rejected,Policy lapsed,OK,2024-10
CLM01994,PT00721,DR010,Dr. Rohit Verma,Orthopedics,Unitedhealthindia,46212.86,0.0,2024-05-21,,,Rejected,Duplicate claim,OK,2024-05
CLM01995,PT00231,DR007,Dr. Deepak Sharma,Gynecology,Hdfcergo,40167.12,36450.8,2024-08-22,2024-09-24,33.0,Approved,nan,OK,2024-08
CLM01996,PT00219,DR007,Dr. Deepak Sharma,Gynecology,Bajajallianz,117578.83,0.0,2024-09-30,,,Rejected,Late submission,OK,2024-09
CLM01997,PT01311,DR009,Dr. Meera Pillai,Cardiology,Hdfcergo,131996.55,102900.14,2024-06-16,2024-10-14,120.0,Approved,nan,OK,2024-06
CLM01998,PT00940,DR001,Dr. Priya Nair,Cardiology,Hdfcergo,63031.14,48237.83,2024-10-10,2025-02-01,114.0,Approved,nan,OK,2024-10
CLM01999,PT00735,DR009,Dr. Meera Pillai,Cardiology,Starhealth,116675.0,103246.41,2024-01-01,2024-03-19,78.0,Approved,nan,OK,2024-01
CLM02000,PT00989,DR005,Dr. Sunita Kulkarni,General Medicine,Unitedhealthindia,84904.46,73733.72,2024-11-12,2025-03-05,113.0,Approved,nan,OK,2024-11
CLM02001,PT00852,DR004,Dr. Rajan Mehta,Oncology,Starhealth,26659.71,26094.51,2024-08-16,2024-08-29,13.0,Approved,nan,OK,2024-08
CLM02002,PT00800,DR007,Dr. Deepak Sharma,Gynecology,Starhealth,90865.21,72767.26,2024-11-01,2024-12-23,52.0,Approved,nan,OK,2024-11
CLM02003,PT01158,DR004,Dr. Rajan Mehta,Oncology,Hdfcergo,146918.45,146570.53,2024-12-06,2025-02-06,62.0,Approved,nan,OK,2024-12
CLM02004,PT01872,DR001,Dr. Priya Nair,Cardiology,Starhealth,81968.83,74647.76,2024-03-23,2024-04-03,11.0,Approved,nan,OK,2024-03
CLM02005,PT00763,DR002,Dr. Suresh Patil,Orthopedics,Starhealth,38484.3,38185.36,2024-05-31,2024-06-23,23.0,Approved,nan,OK,2024-05
CLM02006,PT00562,DR006,Dr. Kavya Iyer,Pediatrics,Hdfcergo,86000.78,72546.5,2024-07-24,2024-09-07,45.0,Approved,nan,OK,2024-07
CLM02007,PT00259,DR002,Dr. Suresh Patil,Orthopedics,Bajajallianz,136973.37,132598.53,2024-11-08,2024-12-02,24.0,Approved,nan,OK,2024-11
CLM02008,PT01923,DR003,Dr. Aarti Deshmukh,Neurology,Starhealth,93303.32,91714.13,2024-06-18,2024-09-15,89.0,Approved,nan,OK,2024-06
CLM02009,PT01022,DR005,Dr. Sunita Kulkarni,General Medicine,Hdfcergo,135611.15,124922.76,2024-06-04,2024-07-22,48.0,Approved,nan,OK,2024-06
CLM02010,PT00350,DR002,Dr. Suresh Patil,Orthopedics,Nationalinsurance,82484.75,0.0,2024-06-09,,,Rejected,Wrong diagnosis code,OK,2024-06
CLM02011,PT00447,DR002,Dr. Suresh Patil,Orthopedics,Nationalinsurance,106719.93,0.0,2024-11-01,,,Rejected,Duplicate claim,OK,2024-11
CLM02012,PT01906,DR002,Dr. Suresh Patil,Orthopedics,Hdfcergo,39340.14,39044.21,2024-11-23,2025-02-01,70.0,Approved,nan,OK,2024-11
CLM02013,PT01118,DR004,Dr. Rajan Mehta,Oncology,Unitedhealthindia,55243.23,45868.85,2024-06-13,2024-07-31,48.0,Approved,nan,OK,2024-06
CLM02014,PT01396,DR006,Dr. Kavya Iyer,Pediatrics,Nationalinsurance,108356.38,0.0,2024-06-09,,,Rejected,Wrong diagnosis code,OK,2024-06
CLM02015,PT00173,DR008,Dr. Anil Joshi,Emergency,Starhealth,12937.17,11762.26,2024-01-27,2024-03-20,53.0,Approved,nan,OK,2024-01
CLM02016,PT00630,DR005,Dr. Sunita Kulkarni,General Medicine,Hdfcergo,38396.56,32220.68,2024-07-06,2024-07-31,25.0,Approved,nan,OK,2024-07
CLM02017,PT01748,DR005,Dr. Sunita Kulkarni,General Medicine,Starhealth,125823.69,112630.48,2024-08-24,2024-11-28,96.0,Approved,nan,OK,2024-08
CLM02018,PT00593,DR010,Dr. Rohit Verma,Orthopedics,Nationalinsurance,10313.82,9113.07,2024-04-28,2024-06-02,35.0,Approved,nan,OK,2024-04
CLM02019,PT01790,DR002,Dr. Suresh Patil,Orthopedics,Nationalinsurance,39748.66,35782.49,2024-11-25,2024-12-25,30.0,Approved,nan,OK,2024-11
CLM02020,PT01096,DR003,Dr. Aarti Deshmukh,Neurology,Unitedhealthindia,14906.02,12950.42,2024-03-30,2024-04-07,8.0,Approved,nan,OK,2024-03
CLM02021,PT01402,DR002,Dr. Suresh Patil,Orthopedics,Bajajallianz,31323.19,26692.01,2024-08-15,2024-12-06,113.0,Approved,nan,OK,2024-08
CLM02022,PT00989,DR009,Dr. Meera Pillai,Cardiology,Starhealth,19721.44,16547.47,2024-10-16,2025-01-18,94.0,Approved,nan,OK,2024-10
CLM02023,PT01017,DR002,Dr. Suresh Patil,Orthopedics,Hdfcergo,69190.5,62141.54,2024-07-12,2024-09-07,57.0,Approved,nan,OK,2024-07
CLM02024,PT00430,DR007,Dr. Deepak Sharma,Gynecology,Nationalinsurance,90210.81,0.0,2024-10-21,,,Rejected,Patient details mismatch,OK,2024-10
CLM02025,PT00700,DR001,Dr. Priya Nair,Cardiology,Unitedhealthindia,90193.58,83192.16,2024-10-26,2024-11-16,21.0,Approved,nan,OK,2024-10
CLM02026,PT00467,DR010,Dr. Rohit Verma,Orthopedics,Starhealth,82037.3,75551.39,2024-04-29,2024-06-18,50.0,Approved,nan,OK,2024-04
CLM02027,PT00839,DR009,Dr. Meera Pillai,Cardiology,Bajajallianz,136167.31,115397.11,2024-03-28,2024-07-07,101.0,Approved,nan,OK,2024-03
CLM02028,PT01539,DR010,Dr. Rohit Verma,Orthopedics,Hdfcergo,89511.64,87516.4,2024-08-12,2024-10-05,54.0,Approved,nan,OK,2024-08
CLM02029,PT01455,DR010,Dr. Rohit Verma,Orthopedics,Bajajallianz,114363.89,106984.48,2024-03-05,2024-06-27,114.0,Approved,nan,OK,2024-03
CLM02030,PT01527,DR010,Dr. Rohit Verma,Orthopedics,Hdfcergo,111013.57,101648.87,2024-11-07,2025-02-02,87.0,Approved,nan,OK,2024-11
CLM02031,PT01107,DR004,Dr. Rajan Mehta,Oncology,Unitedhealthindia,136559.07,118196.04,2024-08-19,2024-10-07,49.0,Approved,nan,OK,2024-08
CLM02032,PT00538,DR006,Dr. Kavya Iyer,Pediatrics,Starhealth,119536.6,112380.82,2024-04-15,2024-05-12,27.0,Approved,nan,OK,2024-04
CLM02033,PT00170,DR003,Dr. Aarti Deshmukh,Neurology,Nationalinsurance,97538.32,81486.41,2024-04-17,2024-06-18,62.0,Approved,nan,OK,2024-04
CLM02034,PT00504,DR010,Dr. Rohit Verma,Orthopedics,Hdfcergo,125972.36,123340.66,2024-02-10,2024-04-30,80.0,Approved,nan,OK,2024-02
CLM02035,PT01265,DR010,Dr. Rohit Verma,Orthopedics,Nationalinsurance,125842.2,95860.11,2024-08-15,2024-10-01,47.0,Approved,nan,OK,2024-08
CLM02036,PT01199,DR004,Dr. Rajan Mehta,Oncology,Nationalinsurance,124351.33,0.0,2024-07-10,,,Rejected,Incomplete documents,OK,2024-07
CLM02037,PT01479,DR008,Dr. Anil Joshi,Emergency,Starhealth,116476.32,91041.87,2024-12-08,2025-02-03,57.0,Approved,nan,OK,2024-12
CLM02038,PT00494,DR010,Dr. Rohit Verma,Orthopedics,Starhealth,6513.11,5818.66,2024-09-29,2024-12-05,67.0,Approved,nan,OK,2024-09
CLM02039,PT00249,DR004,Dr. Rajan Mehta,Oncology,Hdfcergo,11128.07,9258.8,2024-01-31,2024-04-15,75.0,Approved,nan,OK,2024-01
CLM02040,PT00088,DR005,Dr. Sunita Kulkarni,General Medicine,Bajajallianz,13844.5,12856.81,2024-03-10,2024-04-12,33.0,Approved,nan,OK,2024-03
CLM02041,PT01629,DR009,Dr. Meera Pillai,Cardiology,Hdfcergo,34818.03,29942.38,2024-07-24,2024-08-27,34.0,Approved,nan,OK,2024-07
CLM02042,PT01164,DR004,Dr. Rajan Mehta,Oncology,Nationalinsurance,56218.33,0.0,2024-11-12,,,Rejected,Pre-authorization missing,OK,2024-11
CLM02043,PT01539,DR007,Dr. Deepak Sharma,Gynecology,Starhealth,58174.12,47212.81,2024-05-29,2024-08-27,90.0,Approved,nan,OK,2024-05
CLM02044,PT01198,DR008,Dr. Anil Joshi,Emergency,Unitedhealthindia,31960.92,24895.08,2024-06-26,2024-08-20,55.0,Approved,nan,OK,2024-06
CLM02045,PT00088,DR003,Dr. Aarti Deshmukh,Neurology,Unitedhealthindia,137096.97,118483.85,2024-08-29,2024-12-23,116.0,Approved,nan,OK,2024-08
CLM02046,PT01332,DR007,Dr. Deepak Sharma,Gynecology,Hdfcergo,5679.47,4999.69,2024-05-07,2024-07-01,55.0,Approved,nan,OK,2024-05
CLM02047,PT01399,DR007,Dr. Deepak Sharma,Gynecology,Starhealth,10069.48,9305.63,2024-02-23,2024-04-11,48.0,Approved,nan,OK,2024-02
CLM02048,PT01676,DR005,Dr. Sunita Kulkarni,General Medicine,Hdfcergo,125094.15,123947.49,2024-01-22,2024-02-02,11.0,Approved,nan,OK,2024-01
CLM02049,PT01005,DR004,Dr. Rajan Mehta,Oncology,Starhealth,43288.52,37035.72,2024-09-06,2024-12-31,116.0,Approved,nan,OK,2024-09
CLM02050,PT01386,DR005,Dr. Sunita Kulkarni,General Medicine,Hdfcergo,21828.59,18101.3,2024-10-23,2024-11-26,34.0,Approved,nan,OK,2024-10
CLM02051,PT00092,DR007,Dr. Deepak Sharma,Gynecology,Hdfcergo,63309.13,62002.47,2024-12-21,2025-04-17,117.0,Approved,nan,OK,2024-12
CLM02052,PT01167,DR003,Dr. Aarti Deshmukh,Neurology,Nationalinsurance,78320.17,68709.26,2024-05-22,2024-09-03,104.0,Approved,nan,OK,2024-05
CLM02053,PT00230,DR004,Dr. Rajan Mehta,Oncology,Bajajallianz,82957.45,72400.28,2024-08-20,2024-10-24,65.0,Approved,nan,OK,2024-08
CLM02054,PT00871,DR009,Dr. Meera Pillai,Cardiology,Unitedhealthindia,147842.3,141896.96,2024-02-24,2024-06-15,112.0,Approved,nan,OK,2024-02
CLM02055,PT00416,DR005,Dr. Sunita Kulkarni,General Medicine,Nationalinsurance,90643.9,79477.87,2024-09-24,2024-10-27,33.0,Approved,nan,OK,2024-09
CLM02056,PT01970,DR009,Dr. Meera Pillai,Cardiology,Nationalinsurance,111183.22,104539.49,2024-04-19,2024-06-22,64.0,Approved,nan,OK,2024-04
CLM02057,PT00018,DR010,Dr. Rohit Verma,Orthopedics,Starhealth,95289.86,79783.98,2024-02-27,2024-05-09,72.0,Approved,nan,OK,2024-02
CLM02058,PT00382,DR009,Dr. Meera Pillai,Cardiology,Nationalinsurance,62405.21,0.0,2024-06-27,,,Rejected,Service not covered,OK,2024-06
CLM02059,PT01736,DR003,Dr. Aarti Deshmukh,Neurology,Nationalinsurance,134693.61,0.0,2024-11-08,,,Rejected,Incomplete documents,OK,2024-11
CLM02060,PT00573,DR002,Dr. Suresh Patil,Orthopedics,Starhealth,13206.58,11858.07,2024-12-19,2025-03-26,97.0,Approved,nan,OK,2024-12
CLM02061,PT00761,DR004,Dr. Rajan Mehta,Oncology,Unitedhealthindia,98270.75,91258.81,2024-01-31,2024-03-17,46.0,Approved,nan,OK,2024-01
CLM02062,PT01538,DR005,Dr. Sunita Kulkarni,General Medicine,Unitedhealthindia,143057.11,133593.12,2024-01-15,2024-03-22,67.0,Approved,nan,OK,2024-01
CLM02063,PT01912,DR010,Dr. Rohit Verma,Orthopedics,Hdfcergo,34679.48,34608.87,2024-03-31,2024-07-23,114.0,Approved,nan,OK,2024-03
CLM02064,PT00543,DR004,Dr. Rajan Mehta,Oncology,Nationalinsurance,65786.32,59567.16,2024-02-25,2024-03-07,11.0,Approved,nan,OK,2024-02
CLM02065,PT01409,DR007,Dr. Deepak Sharma,Gynecology,Nationalinsurance,12287.78,0.0,2024-01-07,,,Rejected,Patient details mismatch,OK,2024-01
CLM02066,PT01905,DR003,Dr. Aarti Deshmukh,Neurology,Starhealth,9610.64,7776.08,2024-06-20,2024-10-07,109.0,Approved,nan,OK,2024-06
CLM02067,PT00403,DR007,Dr. Deepak Sharma,Gynecology,Unitedhealthindia,89591.9,77850.79,2024-01-06,2024-02-22,47.0,Approved,nan,OK,2024-01
CLM02068,PT00684,DR010,Dr. Rohit Verma,Orthopedics,Starhealth,8769.55,7588.9,2024-08-24,2024-09-24,31.0,Approved,nan,OK,2024-08
CLM02069,PT00329,DR002,Dr. Suresh Patil,Orthopedics,Starhealth,34608.11,32386.65,2024-07-13,2024-09-18,67.0,Approved,nan,OK,2024-07
CLM02070,PT00381,DR002,Dr. Suresh Patil,Orthopedics,Starhealth,121618.42,119248.36,2024-05-09,2024-08-23,106.0,Approved,nan,OK,2024-05
CLM02071,PT01016,DR002,Dr. Suresh Patil,Orthopedics,Unitedhealthindia,29241.66,21977.22,2024-02-05,2024-03-15,39.0,Approved,nan,OK,2024-02
CLM02072,PT00297,DR004,Dr. Rajan Mehta,Oncology,Bajajallianz,47504.69,37341.35,2024-03-08,2024-06-05,89.0,Approved,nan,OK,2024-03
CLM02073,PT01867,DR010,Dr. Rohit Verma,Orthopedics,Bajajallianz,114522.68,112056.5,2024-03-13,2024-06-13,92.0,Approved,nan,OK,2024-03
CLM02074,PT01687,DR008,Dr. Anil Joshi,Emergency,Hdfcergo,133078.78,106737.3,2024-07-11,2024-08-10,30.0,Approved,nan,OK,2024-07
CLM02075,PT00461,DR003,Dr. Aarti Deshmukh,Neurology,Hdfcergo,64301.42,61381.19,2024-11-29,2025-03-08,99.0,Approved,nan,OK,2024-11
CLM02076,PT00554,DR006,Dr. Kavya Iyer,Pediatrics,Bajajallianz,89730.19,0.0,2024-06-28,,,Rejected,Pre-authorization missing,OK,2024-06
CLM02077,PT00655,DR009,Dr. Meera Pillai,Cardiology,Unitedhealthindia,138717.17,0.0,2024-02-16,,,Rejected,Patient details mismatch,OK,2024-02
CLM02078,PT00585,DR010,Dr. Rohit Verma,Orthopedics,Unitedhealthindia,133309.94,114245.28,2024-05-10,2024-09-06,119.0,Approved,nan,OK,2024-05
CLM02079,PT00439,DR008,Dr. Anil Joshi,Emergency,Hdfcergo,149873.45,122492.86,2024-01-05,2024-03-10,65.0,Approved,nan,OK,2024-01
CLM02080,PT01682,DR009,Dr. Meera Pillai,Cardiology,Starhealth,146624.5,127955.38,2024-02-26,2024-05-22,86.0,Approved,nan,OK,2024-02
CLM02081,PT00090,DR001,Dr. Priya Nair,Cardiology,Hdfcergo,87835.69,82752.97,2024-09-27,2024-10-29,32.0,Approved,nan,OK,2024-09
CLM02082,PT01708,DR004,Dr. Rajan Mehta,Oncology,Bajajallianz,147048.88,129030.3,2024-05-22,2024-07-02,41.0,Approved,nan,OK,2024-05
CLM02084,PT00341,DR004,Dr. Rajan Mehta,Oncology,Hdfcergo,104516.29,87774.86,2024-03-16,2024-05-04,49.0,Approved,nan,OK,2024-03
CLM02085,PT00125,DR001,Dr. Priya Nair,Cardiology,Starhealth,84538.84,69568.93,2024-07-11,2024-10-17,98.0,Approved,nan,OK,2024-07
CLM02086,PT01254,DR001,Dr. Priya Nair,Cardiology,Starhealth,79842.91,71222.43,2024-10-19,2024-11-06,18.0,Approved,nan,OK,2024-10
CLM02087,PT00048,DR010,Dr. Rohit Verma,Orthopedics,Starhealth,60750.05,49133.08,2024-11-17,2025-02-19,94.0,Approved,nan,OK,2024-11
CLM02088,PT01192,DR009,Dr. Meera Pillai,Cardiology,Unitedhealthindia,110379.57,0.0,2024-11-12,,,Rejected,Pre-authorization missing,OK,2024-11
CLM02089,PT01726,DR002,Dr. Suresh Patil,Orthopedics,Unitedhealthindia,66662.32,50673.87,2024-05-12,2024-05-21,9.0,Approved,nan,OK,2024-05
CLM02090,PT01055,DR005,Dr. Sunita Kulkarni,General Medicine,Nationalinsurance,41110.97,38264.16,2024-03-01,2024-04-08,38.0,Approved,nan,OK,2024-03
CLM02091,PT01808,DR002,Dr. Suresh Patil,Orthopedics,Bajajallianz,18407.7,15505.63,2024-11-05,2024-12-15,40.0,Approved,nan,OK,2024-11
CLM02092,PT01649,DR005,Dr. Sunita Kulkarni,General Medicine,Nationalinsurance,146052.87,138929.87,2024-04-06,2024-07-07,92.0,Approved,nan,OK,2024-04
CLM02093,PT00490,DR005,Dr. Sunita Kulkarni,General Medicine,Hdfcergo,64611.79,63698.34,2024-08-16,2024-11-08,84.0,Approved,nan,OK,2024-08
CLM02094,PT00560,DR007,Dr. Deepak Sharma,Gynecology,Hdfcergo,69034.43,61277.31,2024-01-28,2024-03-09,41.0,Approved,nan,OK,2024-01
CLM02095,PT01447,DR009,Dr. Meera Pillai,Cardiology,Starhealth,104864.16,95757.19,2024-03-18,2024-05-29,72.0,Approved,nan,OK,2024-03
CLM02096,PT00003,DR003,Dr. Aarti Deshmukh,Neurology,Hdfcergo,25407.07,24690.86,2024-09-28,2024-12-07,70.0,Approved,nan,OK,2024-09
CLM02097,PT00466,DR006,Dr. Kavya Iyer,Pediatrics,Nationalinsurance,64679.95,52104.05,2024-03-22,2024-05-26,65.0,Approved,nan,OK,2024-03
CLM02098,PT00194,DR009,Dr. Meera Pillai,Cardiology,Nationalinsurance,84990.77,0.0,2024-06-18,,,Rejected,Wrong diagnosis code,OK,2024-06
CLM02099,PT01611,DR006,Dr. Kavya Iyer,Pediatrics,Bajajallianz,86846.82,84507.48,2024-05-26,2024-06-16,21.0,Approved,nan,OK,2024-05
CLM02100,PT00449,DR001,Dr. Priya Nair,Cardiology,Bajajallianz,66838.23,0.0,2024-01-13,,,Rejected,Service not covered,OK,2024-01
CLM02101,PT00061,DR002,Dr. Suresh Patil,Orthopedics,Nationalinsurance,34073.06,33989.63,2024-03-06,2024-06-01,87.0,Approved,nan,OK,2024-03
CLM02102,PT01342,DR005,Dr. Sunita Kulkarni,General Medicine,Unitedhealthindia,108722.87,93213.1,2024-01-06,2024-04-18,103.0,Approved,nan,OK,2024-01
CLM02103,PT01497,DR005,Dr. Sunita Kulkarni,General Medicine,Bajajallianz,60366.17,49884.51,2024-01-24,2024-02-22,29.0,Approved,nan,OK,2024-01
CLM02104,PT00449,DR005,Dr. Sunita Kulkarni,General Medicine,Hdfcergo,124656.53,96238.35,2024-01-13,2024-02-19,37.0,Approved,nan,OK,2024-01
CLM02105,PT01282,DR004,Dr. Rajan Mehta,Oncology,Bajajallianz,76313.62,63907.36,2024-03-17,2024-05-16,60.0,Approved,nan,OK,2024-03
CLM02106,PT00335,DR006,Dr. Kavya Iyer,Pediatrics,Starhealth,113670.72,104241.12,2024-03-05,2024-04-04,30.0,Approved,nan,OK,2024-03
CLM02107,PT01736,DR007,Dr. Deepak Sharma,Gynecology,Hdfcergo,140567.37,138905.29,2024-12-23,2025-04-18,116.0,Approved,nan,OK,2024-12
CLM02108,PT01273,DR008,Dr. Anil Joshi,Emergency,Hdfcergo,128583.68,123578.86,2024-08-14,2024-11-30,108.0,Approved,nan,OK,2024-08
CLM02109,PT01357,DR003,Dr. Aarti Deshmukh,Neurology,Unitedhealthindia,13712.98,10409.86,2024-04-16,2024-05-06,20.0,Approved,nan,OK,2024-04
CLM02110,PT00618,DR003,Dr. Aarti Deshmukh,Neurology,Nationalinsurance,39117.55,32346.3,2024-05-19,2024-07-04,46.0,Approved,nan,OK,2024-05
CLM02111,PT01122,DR003,Dr. Aarti Deshmukh,Neurology,Starhealth,26868.3,23058.53,2024-06-21,2024-07-30,39.0,Approved,nan,OK,2024-06
CLM02112,PT00526,DR010,Dr. Rohit Verma,Orthopedics,Nationalinsurance,7492.83,6137.4,2024-07-23,2024-09-04,43.0,Approved,nan,OK,2024-07
CLM02113,PT01374,DR010,Dr. Rohit Verma,Orthopedics,Hdfcergo,117245.96,103504.63,2024-10-06,2024-12-11,66.0,Approved,nan,OK,2024-10
CLM02114,PT00629,DR004,Dr. Rajan Mehta,Oncology,Bajajallianz,103189.39,99680.95,2024-05-27,2024-09-14,110.0,Approved,nan,OK,2024-05
CLM02115,PT01202,DR007,Dr. Deepak Sharma,Gynecology,Unitedhealthindia,8363.87,8084.04,2024-07-26,2024-08-04,9.0,Approved,nan,OK,2024-07
CLM02116,PT00090,DR003,Dr. Aarti Deshmukh,Neurology,Starhealth,28344.69,25910.67,2024-07-08,2024-08-19,42.0,Approved,nan,OK,2024-07
CLM02117,PT00061,DR002,Dr. Suresh Patil,Orthopedics,Hdfcergo,12388.87,10926.65,2024-11-08,2024-11-15,7.0,Approved,nan,OK,2024-11
CLM02118,PT01462,DR009,Dr. Meera Pillai,Cardiology,Hdfcergo,12666.35,9697.62,2024-01-30,2024-05-05,96.0,Approved,nan,OK,2024-01
CLM02120,PT01919,DR008,Dr. Anil Joshi,Emergency,Starhealth,39901.77,30912.91,2024-12-19,2025-04-10,112.0,Approved,nan,OK,2024-12
CLM02121,PT01599,DR002,Dr. Suresh Patil,Orthopedics,Hdfcergo,133195.38,131194.34,2024-03-20,2024-06-22,94.0,Approved,nan,OK,2024-03
CLM02122,PT01479,DR009,Dr. Meera Pillai,Cardiology,Bajajallianz,19285.72,19180.53,2024-11-27,2025-02-01,66.0,Approved,nan,OK,2024-11
CLM02123,PT00020,DR002,Dr. Suresh Patil,Orthopedics,Starhealth,34874.79,29100.37,2024-08-12,2024-09-09,28.0,Approved,nan,OK,2024-08
CLM02124,PT01144,DR009,Dr. Meera Pillai,Cardiology,Hdfcergo,80775.0,76320.05,2024-01-02,2024-03-25,83.0,Approved,nan,OK,2024-01
CLM02125,PT01937,DR007,Dr. Deepak Sharma,Gynecology,Starhealth,66879.04,52016.31,2024-10-09,2025-01-02,85.0,Approved,nan,OK,2024-10
CLM02126,PT00416,DR010,Dr. Rohit Verma,Orthopedics,Unitedhealthindia,96892.77,0.0,2024-07-15,,,Rejected,Policy lapsed,OK,2024-07
CLM02127,PT01716,DR004,Dr. Rajan Mehta,Oncology,Starhealth,69874.26,54258.1,2024-08-02,2024-08-09,7.0,Approved,nan,OK,2024-08
CLM02128,PT01481,DR009,Dr. Meera Pillai,Cardiology,Bajajallianz,118734.83,103907.86,2024-08-26,2024-09-03,8.0,Approved,nan,OK,2024-08
CLM02129,PT00398,DR003,Dr. Aarti Deshmukh,Neurology,Nationalinsurance,132069.15,0.0,2024-04-05,,,Rejected,Wrong diagnosis code,OK,2024-04
CLM02130,PT01234,DR007,Dr. Deepak Sharma,Gynecology,Unitedhealthindia,56099.68,0.0,2024-08-21,,,Rejected,Policy lapsed,OK,2024-08
CLM02131,PT00731,DR002,Dr. Suresh Patil,Orthopedics,Hdfcergo,94862.84,91298.47,2024-03-01,2024-04-23,53.0,Approved,nan,OK,2024-03
CLM02132,PT00184,DR006,Dr. Kavya Iyer,Pediatrics,Starhealth,111690.98,106761.26,2024-07-27,2024-09-21,56.0,Approved,nan,OK,2024-07
CLM02133,PT00405,DR006,Dr. Kavya Iyer,Pediatrics,Starhealth,146987.64,119722.45,2024-11-28,2025-03-15,107.0,Approved,nan,OK,2024-11
CLM02134,PT01424,DR002,Dr. Suresh Patil,Orthopedics,Unitedhealthindia,83038.07,68268.89,2024-04-23,2024-08-17,116.0,Approved,nan,OK,2024-04
CLM02135,PT00618,DR002,Dr. Suresh Patil,Orthopedics,Hdfcergo,92099.62,76359.63,2024-02-08,2024-03-15,36.0,Approved,nan,OK,2024-02
CLM02136,PT00773,DR008,Dr. Anil Joshi,Emergency,Bajajallianz,115729.35,98026.66,2024-12-31,2025-02-13,44.0,Approved,nan,OK,2024-12
CLM02137,PT01778,DR010,Dr. Rohit Verma,Orthopedics,Bajajallianz,38737.52,0.0,2024-10-08,,,Rejected,Pre-authorization missing,OK,2024-10
CLM02138,PT00566,DR008,Dr. Anil Joshi,Emergency,Hdfcergo,42638.62,40722.68,2024-03-20,2024-06-09,81.0,Approved,nan,OK,2024-03
CLM02139,PT00968,DR004,Dr. Rajan Mehta,Oncology,Unitedhealthindia,53859.21,0.0,2024-02-26,,,Rejected,Wrong diagnosis code,OK,2024-02
CLM02140,PT00202,DR003,Dr. Aarti Deshmukh,Neurology,Nationalinsurance,90879.92,70397.0,2024-10-15,2024-12-07,53.0,Approved,nan,OK,2024-10
CLM02141,PT00094,DR010,Dr. Rohit Verma,Orthopedics,Hdfcergo,28312.54,0.0,2024-07-15,,,Rejected,Late submission,OK,2024-07
CLM02142,PT00758,DR005,Dr. Sunita Kulkarni,General Medicine,Hdfcergo,117108.8,98315.85,2024-08-27,2024-10-29,63.0,Approved,nan,OK,2024-08
CLM02143,PT01025,DR008,Dr. Anil Joshi,Emergency,Starhealth,57439.8,49982.45,2024-05-14,2024-08-11,89.0,Approved,nan,OK,2024-05
CLM02144,PT00444,DR002,Dr. Suresh Patil,Orthopedics,Hdfcergo,51117.27,48258.75,2024-04-26,2024-08-24,120.0,Approved,nan,OK,2024-04
CLM02145,PT01031,DR006,Dr. Kavya Iyer,Pediatrics,Hdfcergo,102399.25,0.0,2024-07-15,,,Rejected,Service not covered,OK,2024-07
CLM02146,PT01082,DR007,Dr. Deepak Sharma,Gynecology,Nationalinsurance,134557.93,128970.6,2024-04-05,2024-04-17,12.0,Approved,nan,OK,2024-04
CLM02147,PT00913,DR007,Dr. Deepak Sharma,Gynecology,Nationalinsurance,25853.44,23955.84,2024-02-04,2024-03-25,50.0,Approved,nan,OK,2024-02
CLM02148,PT00975,DR007,Dr. Deepak Sharma,Gynecology,Nationalinsurance,56929.51,0.0,2024-03-05,,,Rejected,Patient details mismatch,OK,2024-03
CLM02149,PT00833,DR001,Dr. Priya Nair,Cardiology,Bajajallianz,79966.81,71796.64,2024-09-24,2024-10-30,36.0,Approved,nan,OK,2024-09
CLM02150,PT01593,DR004,Dr. Rajan Mehta,Oncology,Bajajallianz,5873.83,5790.99,2024-01-14,2024-04-07,84.0,Approved,nan,OK,2024-01
CLM02151,PT01521,DR002,Dr. Suresh Patil,Orthopedics,Bajajallianz,91446.27,74468.64,2024-08-18,2024-08-26,8.0,Approved,nan,OK,2024-08
CLM02152,PT00843,DR008,Dr. Anil Joshi,Emergency,Starhealth,111828.08,96825.6,2024-09-13,2024-12-19,97.0,Approved,nan,OK,2024-09
CLM02153,PT00158,DR010,Dr. Rohit Verma,Orthopedics,Starhealth,39979.81,38431.37,2024-09-26,2024-12-03,68.0,Approved,nan,OK,2024-09
CLM02154,PT00933,DR004,Dr. Rajan Mehta,Oncology,Nationalinsurance,13647.26,0.0,2024-03-31,,,Rejected,Service not covered,OK,2024-03
CLM02155,PT00952,DR006,Dr. Kavya Iyer,Pediatrics,Hdfcergo,66759.32,51848.76,2024-03-02,2024-03-30,28.0,Approved,nan,OK,2024-03
CLM02156,PT01113,DR006,Dr. Kavya Iyer,Pediatrics,Starhealth,46897.77,41662.33,2024-10-09,2024-10-20,11.0,Approved,nan,OK,2024-10
CLM02157,PT01957,DR010,Dr. Rohit Verma,Orthopedics,Starhealth,35062.9,34173.08,2024-04-01,2024-07-12,102.0,Approved,nan,OK,2024-04
CLM02158,PT01126,DR001,Dr. Priya Nair,Cardiology,Starhealth,149548.17,127023.25,2024-05-16,2024-07-25,70.0,Approved,nan,OK,2024-05
CLM02159,PT01779,DR002,Dr. Suresh Patil,Orthopedics,Hdfcergo,72360.2,68854.77,2024-01-10,2024-01-27,17.0,Approved,nan,OK,2024-01
CLM02160,PT00081,DR006,Dr. Kavya Iyer,Pediatrics,Starhealth,141497.53,113505.02,2024-05-29,2024-07-27,59.0,Approved,nan,OK,2024-05
CLM02161,PT00772,DR010,Dr. Rohit Verma,Orthopedics,Nationalinsurance,128657.67,0.0,2024-08-13,,,Rejected,Late submission,OK,2024-08
CLM02162,PT01138,DR001,Dr. Priya Nair,Cardiology,Unitedhealthindia,37232.4,0.0,2024-10-15,,,Rejected,Patient details mismatch,OK,2024-10
CLM02163,PT01805,DR006,Dr. Kavya Iyer,Pediatrics,Unitedhealthindia,110636.5,102307.81,2024-10-08,2024-11-12,35.0,Approved,nan,OK,2024-10
CLM02164,PT00324,DR008,Dr. Anil Joshi,Emergency,Nationalinsurance,83433.13,0.0,2024-02-14,,,Rejected,Wrong diagnosis code,OK,2024-02
CLM02165,PT00612,DR010,Dr. Rohit Verma,Orthopedics,Hdfcergo,13627.45,11762.41,2024-08-08,2024-11-05,89.0,Approved,nan,OK,2024-08
CLM02166,PT01133,DR005,Dr. Sunita Kulkarni,General Medicine,Bajajallianz,146698.42,132887.82,2024-10-28,2025-01-23,87.0,Approved,nan,OK,2024-10
CLM02167,PT01036,DR009,Dr. Meera Pillai,Cardiology,Hdfcergo,48696.13,42550.21,2024-01-02,2024-02-24,53.0,Approved,nan,OK,2024-01
CLM02168,PT00092,DR009,Dr. Meera Pillai,Cardiology,Starhealth,101440.56,97443.92,2024-02-22,2024-03-21,28.0,Approved,nan,OK,2024-02
CLM02169,PT01852,DR006,Dr. Kavya Iyer,Pediatrics,Bajajallianz,132906.92,108966.82,2024-05-01,2024-07-16,76.0,Approved,nan,OK,2024-05
CLM02170,PT01841,DR003,Dr. Aarti Deshmukh,Neurology,Bajajallianz,143782.17,108072.45,2024-05-06,2024-06-03,28.0,Approved,nan,OK,2024-05
CLM02171,PT00767,DR006,Dr. Kavya Iyer,Pediatrics,Bajajallianz,128758.52,0.0,2024-01-31,,,Rejected,Duplicate claim,OK,2024-01
CLM02172,PT01399,DR001,Dr. Priya Nair,Cardiology,Nationalinsurance,129020.85,114647.41,2024-10-24,2025-01-10,78.0,Approved,nan,OK,2024-10
CLM02173,PT01547,DR004,Dr. Rajan Mehta,Oncology,Nationalinsurance,131896.32,111917.79,2024-05-30,2024-06-26,27.0,Approved,nan,OK,2024-05
CLM02174,PT00055,DR006,Dr. Kavya Iyer,Pediatrics,Unitedhealthindia,113260.06,91471.41,2024-10-02,2024-10-25,23.0,Approved,nan,OK,2024-10
CLM02175,PT00186,DR003,Dr. Aarti Deshmukh,Neurology,Unitedhealthindia,13342.17,11316.9,2024-06-19,2024-10-15,118.0,Approved,nan,OK,2024-06
CLM02176,PT00242,DR003,Dr. Aarti Deshmukh,Neurology,Nationalinsurance,145212.22,0.0,2024-07-24,,,Rejected,Policy lapsed,OK,2024-07
CLM02177,PT00135,DR001,Dr. Priya Nair,Cardiology,Hdfcergo,31426.59,28019.61,2024-05-17,2024-07-20,64.0,Approved,nan,OK,2024-05
CLM02178,PT00272,DR003,Dr. Aarti Deshmukh,Neurology,Hdfcergo,69719.09,60683.8,2024-12-25,2025-01-30,36.0,Approved,nan,OK,2024-12
CLM02179,PT01948,DR005,Dr. Sunita Kulkarni,General Medicine,Hdfcergo,51182.78,46442.68,2024-12-07,2025-02-03,58.0,Approved,nan,OK,2024-12
CLM02180,PT01437,DR001,Dr. Priya Nair,Cardiology,Unitedhealthindia,66729.9,53860.52,2024-08-17,2024-08-24,7.0,Approved,nan,OK,2024-08
CLM02181,PT01092,DR005,Dr. Sunita Kulkarni,General Medicine,Bajajallianz,131811.19,0.0,2024-05-18,,,Rejected,Service not covered,OK,2024-05
CLM02182,PT01762,DR006,Dr. Kavya Iyer,Pediatrics,Bajajallianz,6440.3,5989.15,2024-02-18,2024-03-13,24.0,Approved,nan,OK,2024-02
CLM02183,PT01365,DR001,Dr. Priya Nair,Cardiology,Unitedhealthindia,128446.1,111137.84,2024-09-05,2024-09-29,24.0,Approved,nan,OK,2024-09
CLM02184,PT01419,DR005,Dr. Sunita Kulkarni,General Medicine,Nationalinsurance,27232.19,22032.66,2024-02-17,2024-06-07,111.0,Approved,nan,OK,2024-02
CLM02185,PT01909,DR009,Dr. Meera Pillai,Cardiology,Starhealth,90651.61,80288.58,2024-01-04,2024-03-14,70.0,Approved,nan,OK,2024-01
CLM02186,PT01177,DR004,Dr. Rajan Mehta,Oncology,Nationalinsurance,132691.0,132232.46,2024-03-28,2024-05-29,62.0,Approved,nan,OK,2024-03
CLM02187,PT00118,DR003,Dr. Aarti Deshmukh,Neurology,Bajajallianz,72754.14,72027.24,2024-10-04,2024-11-15,42.0,Approved,nan,OK,2024-10
CLM02188,PT01609,DR006,Dr. Kavya Iyer,Pediatrics,Unitedhealthindia,81908.7,0.0,2024-10-04,,,Rejected,Incomplete documents,OK,2024-10
CLM02189,PT00829,DR003,Dr. Aarti Deshmukh,Neurology,Starhealth,112250.13,87704.65,2024-05-16,2024-08-05,81.0,Approved,nan,OK,2024-05
CLM02190,PT01766,DR006,Dr. Kavya Iyer,Pediatrics,Bajajallianz,16622.2,14774.85,2024-10-26,2024-11-24,29.0,Approved,nan,OK,2024-10
CLM02191,PT01093,DR003,Dr. Aarti Deshmukh,Neurology,Bajajallianz,110753.74,94299.47,2024-12-05,2025-03-18,103.0,Approved,nan,OK,2024-12
CLM02192,PT00843,DR004,Dr. Rajan Mehta,Oncology,Unitedhealthindia,115269.46,89064.09,2024-04-02,2024-04-30,28.0,Approved,nan,OK,2024-04
CLM02193,PT00589,DR010,Dr. Rohit Verma,Orthopedics,Unitedhealthindia,30375.45,27379.55,2024-01-06,2024-04-05,90.0,Approved,nan,OK,2024-01
CLM02194,PT00082,DR003,Dr. Aarti Deshmukh,Neurology,Hdfcergo,62782.78,61085.37,2024-05-14,2024-09-03,112.0,Approved,nan,OK,2024-05
CLM02195,PT00398,DR003,Dr. Aarti Deshmukh,Neurology,Starhealth,74196.04,55995.07,2024-05-25,2024-06-30,36.0,Approved,nan,OK,2024-05
CLM02196,PT01178,DR004,Dr. Rajan Mehta,Oncology,Nationalinsurance,58756.65,46676.82,2024-04-12,2024-05-09,27.0,Approved,nan,OK,2024-04
CLM02197,PT01213,DR004,Dr. Rajan Mehta,Oncology,Hdfcergo,128565.81,0.0,2024-12-21,,,Rejected,Pre-authorization missing,OK,2024-12
CLM02198,PT00077,DR006,Dr. Kavya Iyer,Pediatrics,Hdfcergo,45743.06,42865.39,2024-02-26,2024-06-18,113.0,Approved,nan,OK,2024-02
CLM02199,PT00266,DR007,Dr. Deepak Sharma,Gynecology,Bajajallianz,36666.35,30744.63,2024-09-26,2024-10-04,8.0,Approved,nan,OK,2024-09
CLM02200,PT00556,DR007,Dr. Deepak Sharma,Gynecology,Starhealth,69480.47,67003.31,2024-08-05,2024-11-06,93.0,Approved,nan,OK,2024-08
CLM02201,PT01611,DR007,Dr. Deepak Sharma,Gynecology,Starhealth,6802.47,6313.63,2024-11-12,2025-01-13,62.0,Approved,nan,OK,2024-11
CLM02202,PT00797,DR006,Dr. Kavya Iyer,Pediatrics,Bajajallianz,135489.59,0.0,2024-05-27,,,Rejected,Duplicate claim,OK,2024-05
CLM02203,PT00796,DR009,Dr. Meera Pillai,Cardiology,Bajajallianz,74108.27,69514.52,2024-08-03,2024-10-03,61.0,Approved,nan,OK,2024-08
CLM02204,PT00599,DR003,Dr. Aarti Deshmukh,Neurology,Unitedhealthindia,146328.32,139335.73,2024-05-22,2024-07-28,67.0,Approved,nan,OK,2024-05
CLM02205,PT00904,DR001,Dr. Priya Nair,Cardiology,Starhealth,126204.55,112468.19,2024-09-10,2024-10-09,29.0,Approved,nan,OK,2024-09
CLM02206,PT00588,DR009,Dr. Meera Pillai,Cardiology,Nationalinsurance,69567.97,53528.54,2024-05-16,2024-07-25,70.0,Approved,nan,OK,2024-05
CLM02207,PT00687,DR004,Dr. Rajan Mehta,Oncology,Unitedhealthindia,124467.64,0.0,2024-10-20,,,Rejected,Pre-authorization missing,OK,2024-10
CLM02208,PT00758,DR004,Dr. Rajan Mehta,Oncology,Hdfcergo,127099.67,113367.19,2024-03-11,2024-04-22,42.0,Approved,nan,OK,2024-03
CLM02209,PT01504,DR005,Dr. Sunita Kulkarni,General Medicine,Starhealth,99661.36,80405.2,2024-01-02,2024-04-29,118.0,Approved,nan,OK,2024-01
CLM02210,PT01933,DR005,Dr. Sunita Kulkarni,General Medicine,Nationalinsurance,18248.69,0.0,2024-05-22,,,Rejected,Pre-authorization missing,OK,2024-05
CLM02211,PT00977,DR009,Dr. Meera Pillai,Cardiology,Starhealth,42968.29,0.0,2024-08-06,,,Rejected,Policy lapsed,OK,2024-08
CLM02212,PT00602,DR004,Dr. Rajan Mehta,Oncology,Hdfcergo,78252.38,62842.11,2024-09-24,2024-10-07,13.0,Approved,nan,OK,2024-09
CLM02213,PT00925,DR006,Dr. Kavya Iyer,Pediatrics,Hdfcergo,42179.05,33019.59,2024-07-31,2024-11-27,119.0,Approved,nan,OK,2024-07
CLM02214,PT01658,DR002,Dr. Suresh Patil,Orthopedics,Bajajallianz,100572.63,0.0,2024-12-21,,,Rejected,Incomplete documents,OK,2024-12
CLM02215,PT01922,DR001,Dr. Priya Nair,Cardiology,Nationalinsurance,70657.66,0.0,2024-12-22,,,Rejected,Wrong diagnosis code,OK,2024-12
CLM02216,PT01429,DR008,Dr. Anil Joshi,Emergency,Unitedhealthindia,60833.52,51150.97,2024-05-28,2024-09-08,103.0,Approved,nan,OK,2024-05
CLM02217,PT00467,DR004,Dr. Rajan Mehta,Oncology,Hdfcergo,43716.31,35471.93,2024-08-05,2024-08-15,10.0,Approved,nan,OK,2024-08
CLM02218,PT00046,DR007,Dr. Deepak Sharma,Gynecology,Hdfcergo,106622.24,83582.22,2024-03-02,2024-06-11,101.0,Approved,nan,OK,2024-03
CLM02219,PT01867,DR010,Dr. Rohit Verma,Orthopedics,Bajajallianz,117534.72,0.0,2024-11-10,,,Rejected,Policy lapsed,OK,2024-11
CLM02220,PT01029,DR006,Dr. Kavya Iyer,Pediatrics,Unitedhealthindia,122209.03,114614.65,2024-01-24,2024-04-13,80.0,Approved,nan,OK,2024-01
CLM02221,PT01427,DR009,Dr. Meera Pillai,Cardiology,Unitedhealthindia,130926.4,130514.36,2024-09-14,2024-09-24,10.0,Approved,nan,OK,2024-09
CLM02222,PT00661,DR001,Dr. Priya Nair,Cardiology,Bajajallianz,87795.25,81089.21,2024-03-12,2024-03-26,14.0,Approved,nan,OK,2024-03
CLM02223,PT01434,DR002,Dr. Suresh Patil,Orthopedics,Unitedhealthindia,130326.19,98713.6,2024-12-15,2025-02-10,57.0,Approved,nan,OK,2024-12
CLM02224,PT00824,DR003,Dr. Aarti Deshmukh,Neurology,Unitedhealthindia,139985.22,105507.91,2024-12-12,2025-01-12,31.0,Approved,nan,OK,2024-12
CLM02225,PT01715,DR009,Dr. Meera Pillai,Cardiology,Unitedhealthindia,16613.36,16324.66,2024-10-17,2024-12-25,69.0,Approved,nan,OK,2024-10
CLM02226,PT01978,DR004,Dr. Rajan Mehta,Oncology,Nationalinsurance,72229.33,70821.85,2024-08-22,2024-11-05,75.0,Approved,nan,OK,2024-08
CLM02227,PT00352,DR007,Dr. Deepak Sharma,Gynecology,Unitedhealthindia,47330.83,0.0,2024-01-16,,,Rejected,Duplicate claim,OK,2024-01
CLM02228,PT01962,DR006,Dr. Kavya Iyer,Pediatrics,Bajajallianz,104627.74,78975.05,2024-11-23,2025-01-05,43.0,Approved,nan,OK,2024-11
CLM02229,PT00921,DR001,Dr. Priya Nair,Cardiology,Hdfcergo,91828.09,87684.94,2024-02-02,2024-04-05,63.0,Approved,nan,OK,2024-02
CLM02230,PT01087,DR003,Dr. Aarti Deshmukh,Neurology,Bajajallianz,38640.04,31664.9,2024-09-19,2025-01-04,107.0,Approved,nan,OK,2024-09
CLM02231,PT01785,DR002,Dr. Suresh Patil,Orthopedics,Hdfcergo,110078.48,96373.65,2024-02-27,2024-03-05,7.0,Approved,nan,OK,2024-02
CLM02232,PT01359,DR004,Dr. Rajan Mehta,Oncology,Starhealth,54842.28,52973.49,2024-11-26,2025-03-10,104.0,Approved,nan,OK,2024-11
CLM02233,PT01743,DR005,Dr. Sunita Kulkarni,General Medicine,Unitedhealthindia,138546.17,0.0,2024-12-02,,,Rejected,Wrong diagnosis code,OK,2024-12
CLM02234,PT00095,DR002,Dr. Suresh Patil,Orthopedics,Hdfcergo,12887.89,10994.23,2024-11-02,2024-12-17,45.0,Approved,nan,OK,2024-11
CLM02235,PT01051,DR009,Dr. Meera Pillai,Cardiology,Starhealth,80049.3,68084.15,2024-02-03,2024-04-17,74.0,Approved,nan,OK,2024-02
CLM02236,PT01334,DR005,Dr. Sunita Kulkarni,General Medicine,Bajajallianz,127154.86,96325.87,2024-06-16,2024-10-09,115.0,Approved,nan,OK,2024-06
CLM02238,PT01404,DR002,Dr. Suresh Patil,Orthopedics,Unitedhealthindia,133260.95,105658.96,2024-07-16,2024-09-21,67.0,Approved,nan,OK,2024-07
CLM02239,PT01087,DR003,Dr. Aarti Deshmukh,Neurology,Starhealth,39815.62,36188.44,2024-03-02,2024-06-19,109.0,Approved,nan,OK,2024-03
CLM02240,PT01846,DR005,Dr. Sunita Kulkarni,General Medicine,Bajajallianz,44051.91,37240.22,2024-06-15,2024-09-13,90.0,Approved,nan,OK,2024-06
CLM02241,PT01394,DR008,Dr. Anil Joshi,Emergency,Starhealth,16777.33,13821.31,2024-01-06,2024-04-06,91.0,Approved,nan,OK,2024-01
CLM02242,PT01796,DR006,Dr. Kavya Iyer,Pediatrics,Nationalinsurance,64134.17,63152.72,2024-01-10,2024-02-05,26.0,Approved,nan,OK,2024-01
CLM02243,PT00375,DR009,Dr. Meera Pillai,Cardiology,Bajajallianz,87632.05,86029.37,2024-07-26,2024-08-09,14.0,Approved,nan,OK,2024-07
CLM02244,PT00002,DR003,Dr. Aarti Deshmukh,Neurology,Bajajallianz,40131.04,37771.89,2024-06-11,2024-09-14,95.0,Approved,nan,OK,2024-06
CLM02245,PT01565,DR007,Dr. Deepak Sharma,Gynecology,Bajajallianz,77678.66,74088.98,2024-02-10,2024-05-28,108.0,Approved,nan,OK,2024-02
CLM02246,PT01989,DR004,Dr. Rajan Mehta,Oncology,Hdfcergo,124925.01,121766.33,2024-05-19,2024-08-03,76.0,Approved,nan,OK,2024-05
CLM02247,PT00926,DR008,Dr. Anil Joshi,Emergency,Nationalinsurance,80076.76,68066.56,2024-05-21,2024-06-16,26.0,Approved,nan,OK,2024-05
CLM02248,PT00079,DR007,Dr. Deepak Sharma,Gynecology,Hdfcergo,121985.59,121075.46,2024-11-05,2025-01-03,59.0,Approved,nan,OK,2024-11
CLM02249,PT00636,DR010,Dr. Rohit Verma,Orthopedics,Hdfcergo,145329.64,113898.05,2024-12-07,2024-12-20,13.0,Approved,nan,OK,2024-12
CLM02250,PT00378,DR003,Dr. Aarti Deshmukh,Neurology,Hdfcergo,86732.95,0.0,2024-03-06,,,Rejected,Patient details mismatch,OK,2024-03
CLM02251,PT01166,DR010,Dr. Rohit Verma,Orthopedics,Hdfcergo,30653.5,30540.59,2024-06-25,2024-10-23,120.0,Approved,nan,OK,2024-06
CLM02252,PT01874,DR010,Dr. Rohit Verma,Orthopedics,Unitedhealthindia,40952.51,38237.4,2024-06-13,2024-10-08,117.0,Approved,nan,OK,2024-06
CLM02253,PT01015,DR008,Dr. Anil Joshi,Emergency,Unitedhealthindia,32157.2,0.0,2024-08-10,,,Rejected,Wrong diagnosis code,OK,2024-08
CLM02254,PT01941,DR005,Dr. Sunita Kulkarni,General Medicine,Unitedhealthindia,122899.28,110705.29,2024-02-18,2024-05-30,102.0,Approved,nan,OK,2024-02
CLM02255,PT00259,DR007,Dr. Deepak Sharma,Gynecology,Starhealth,9252.99,7054.64,2024-02-04,2024-05-05,91.0,Approved,nan,OK,2024-02
CLM02256,PT01264,DR002,Dr. Suresh Patil,Orthopedics,Bajajallianz,112472.73,85303.7,2024-12-04,2025-01-16,43.0,Approved,nan,OK,2024-12
CLM02257,PT00243,DR001,Dr. Priya Nair,Cardiology,Nationalinsurance,79905.0,62971.25,2024-10-21,2025-01-17,88.0,Approved,nan,OK,2024-10
CLM02258,PT01256,DR009,Dr. Meera Pillai,Cardiology,Hdfcergo,98441.97,77763.47,2024-12-09,2025-03-26,107.0,Approved,nan,OK,2024-12
CLM02259,PT00024,DR006,Dr. Kavya Iyer,Pediatrics,Unitedhealthindia,145595.04,0.0,2024-11-28,,,Rejected,Service not covered,OK,2024-11
CLM02260,PT01910,DR008,Dr. Anil Joshi,Emergency,Hdfcergo,67075.54,54683.65,2024-02-22,2024-05-18,86.0,Approved,nan,OK,2024-02
CLM02261,PT01695,DR009,Dr. Meera Pillai,Cardiology,Starhealth,99110.07,77595.96,2024-07-08,2024-07-15,7.0,Approved,nan,OK,2024-07
CLM02262,PT01916,DR001,Dr. Priya Nair,Cardiology,Hdfcergo,94274.62,83107.61,2024-07-28,2024-10-16,80.0,Approved,nan,OK,2024-07
CLM02263,PT01335,DR005,Dr. Sunita Kulkarni,General Medicine,Starhealth,49894.91,38924.47,2024-06-06,2024-07-03,27.0,Approved,nan,OK,2024-06
CLM02264,PT00988,DR010,Dr. Rohit Verma,Orthopedics,Bajajallianz,128310.93,0.0,2024-02-19,,,Rejected,Policy lapsed,OK,2024-02
CLM02265,PT01017,DR006,Dr. Kavya Iyer,Pediatrics,Starhealth,37734.58,35487.44,2024-02-14,2024-03-14,29.0,Approved,nan,OK,2024-02
CLM02266,PT01274,DR010,Dr. Rohit Verma,Orthopedics,Unitedhealthindia,109723.86,0.0,2024-10-29,,,Rejected,Policy lapsed,OK,2024-10
CLM02267,PT01499,DR003,Dr. Aarti Deshmukh,Neurology,Bajajallianz,128508.7,110792.3,2024-06-07,2024-08-23,77.0,Approved,nan,OK,2024-06
CLM02268,PT00053,DR008,Dr. Anil Joshi,Emergency,Unitedhealthindia,65317.51,54135.37,2024-03-06,2024-03-21,15.0,Approved,nan,OK,2024-03
CLM02269,PT00964,DR007,Dr. Deepak Sharma,Gynecology,Bajajallianz,16051.37,0.0,2024-11-07,,,Rejected,Policy lapsed,OK,2024-11
CLM02270,PT01748,DR006,Dr. Kavya Iyer,Pediatrics,Starhealth,75081.58,59435.68,2024-05-02,2024-07-16,75.0,Approved,nan,OK,2024-05
CLM02271,PT00395,DR005,Dr. Sunita Kulkarni,General Medicine,Starhealth,92727.69,77752.58,2024-02-07,2024-02-14,7.0,Approved,nan,OK,2024-02
CLM02272,PT01509,DR002,Dr. Suresh Patil,Orthopedics,Bajajallianz,134803.64,125310.54,2024-08-19,2024-11-13,86.0,Approved,nan,OK,2024-08
CLM02273,PT00240,DR007,Dr. Deepak Sharma,Gynecology,Starhealth,98758.81,0.0,2024-08-30,,,Rejected,Late submission,OK,2024-08
CLM02274,PT00026,DR005,Dr. Sunita Kulkarni,General Medicine,Bajajallianz,134454.33,133940.45,2024-03-01,2024-06-13,104.0,Approved,nan,OK,2024-03
CLM02275,PT00307,DR003,Dr. Aarti Deshmukh,Neurology,Starhealth,121619.43,109109.85,2024-01-13,2024-03-10,57.0,Approved,nan,OK,2024-01
CLM02276,PT00082,DR004,Dr. Rajan Mehta,Oncology,Unitedhealthindia,58903.28,54257.18,2024-10-05,2024-11-16,42.0,Approved,nan,OK,2024-10
CLM02277,PT00911,DR009,Dr. Meera Pillai,Cardiology,Unitedhealthindia,6804.9,6138.16,2024-07-19,2024-09-07,50.0,Approved,nan,OK,2024-07
CLM02278,PT00896,DR010,Dr. Rohit Verma,Orthopedics,Nationalinsurance,130707.99,111674.41,2024-05-01,2024-06-02,32.0,Approved,nan,OK,2024-05
CLM02279,PT00615,DR005,Dr. Sunita Kulkarni,General Medicine,Starhealth,77954.94,73318.32,2024-09-16,2025-01-08,114.0,Approved,nan,OK,2024-09
CLM02280,PT01240,DR009,Dr. Meera Pillai,Cardiology,Hdfcergo,148898.03,113200.71,2024-01-22,2024-04-24,93.0,Approved,nan,OK,2024-01
CLM02281,PT01108,DR005,Dr. Sunita Kulkarni,General Medicine,Nationalinsurance,16434.81,16066.95,2024-04-12,2024-07-31,110.0,Approved,nan,OK,2024-04
CLM02282,PT00565,DR009,Dr. Meera Pillai,Cardiology,Bajajallianz,86327.2,73363.89,2024-06-24,2024-07-24,30.0,Approved,nan,OK,2024-06
CLM02283,PT00067,DR005,Dr. Sunita Kulkarni,General Medicine,Hdfcergo,120814.46,95042.93,2024-12-10,2025-01-26,47.0,Approved,nan,OK,2024-12
CLM02284,PT00975,DR008,Dr. Anil Joshi,Emergency,Bajajallianz,57686.98,53741.33,2024-05-22,2024-09-07,108.0,Approved,nan,OK,2024-05
CLM02285,PT01583,DR003,Dr. Aarti Deshmukh,Neurology,Nationalinsurance,16589.6,0.0,2024-02-02,,,Rejected,Wrong diagnosis code,OK,2024-02
CLM02286,PT01181,DR005,Dr. Sunita Kulkarni,General Medicine,Hdfcergo,132077.89,132005.32,2024-09-05,2024-09-28,23.0,Approved,nan,OK,2024-09
CLM02287,PT01555,DR010,Dr. Rohit Verma,Orthopedics,Hdfcergo,138813.12,104582.13,2024-07-05,2024-10-15,102.0,Approved,nan,OK,2024-07
CLM02288,PT00266,DR006,Dr. Kavya Iyer,Pediatrics,Hdfcergo,122878.41,0.0,2024-08-17,,,Rejected,Patient details mismatch,OK,2024-08
CLM02289,PT00107,DR007,Dr. Deepak Sharma,Gynecology,Nationalinsurance,11021.84,0.0,2024-07-21,,,Rejected,Pre-authorization missing,OK,2024-07
CLM02290,PT01313,DR002,Dr. Suresh Patil,Orthopedics,Hdfcergo,43567.37,39077.41,2024-01-05,2024-01-13,8.0,Approved,nan,OK,2024-01
CLM02291,PT00338,DR001,Dr. Priya Nair,Cardiology,Nationalinsurance,97668.71,73820.59,2024-03-14,2024-04-23,40.0,Approved,nan,OK,2024-03
CLM02292,PT00943,DR006,Dr. Kavya Iyer,Pediatrics,Unitedhealthindia,72786.18,70192.59,2024-11-01,2025-01-20,80.0,Approved,nan,OK,2024-11
CLM02293,PT00102,DR010,Dr. Rohit Verma,Orthopedics,Unitedhealthindia,67405.53,58364.23,2024-03-09,2024-06-28,111.0,Approved,nan,OK,2024-03
CLM02294,PT00528,DR005,Dr. Sunita Kulkarni,General Medicine,Unitedhealthindia,143013.8,133974.13,2024-01-23,2024-04-16,84.0,Approved,nan,OK,2024-01
CLM02295,PT01053,DR002,Dr. Suresh Patil,Orthopedics,Starhealth,85828.5,79785.45,2024-11-18,2025-02-09,83.0,Approved,nan,OK,2024-11
CLM02296,PT00581,DR005,Dr. Sunita Kulkarni,General Medicine,Bajajallianz,62729.85,49680.06,2024-07-26,2024-11-11,108.0,Approved,nan,OK,2024-07
CLM02297,PT01014,DR001,Dr. Priya Nair,Cardiology,Bajajallianz,106414.65,0.0,2024-07-13,,,Rejected,Patient details mismatch,OK,2024-07
CLM02298,PT01110,DR007,Dr. Deepak Sharma,Gynecology,Starhealth,69908.52,63622.82,2024-05-31,2024-09-11,103.0,Approved,nan,OK,2024-05
CLM02299,PT00403,DR006,Dr. Kavya Iyer,Pediatrics,Starhealth,58066.01,0.0,2024-07-05,,,Rejected,Incomplete documents,OK,2024-07
CLM02300,PT00472,DR002,Dr. Suresh Patil,Orthopedics,Hdfcergo,77072.31,58844.1,2024-02-18,2024-05-02,74.0,Approved,nan,OK,2024-02
CLM02301,PT00524,DR005,Dr. Sunita Kulkarni,General Medicine,Starhealth,35332.38,30406.5,2024-10-29,2024-12-08,40.0,Approved,nan,OK,2024-10
CLM02302,PT01527,DR006,Dr. Kavya Iyer,Pediatrics,Nationalinsurance,19075.7,19016.16,2024-06-12,2024-08-17,66.0,Approved,nan,OK,2024-06
CLM02303,PT01173,DR002,Dr. Suresh Patil,Orthopedics,Unitedhealthindia,97397.63,96531.37,2024-09-29,2024-11-13,45.0,Approved,nan,OK,2024-09
CLM02304,PT00677,DR007,Dr. Deepak Sharma,Gynecology,Starhealth,85290.7,79181.39,2024-04-09,2024-06-18,70.0,Approved,nan,OK,2024-04
CLM02305,PT01121,DR001,Dr. Priya Nair,Cardiology,Bajajallianz,104566.39,103797.02,2024-01-26,2024-05-07,102.0,Approved,nan,OK,2024-01
CLM02306,PT00182,DR009,Dr. Meera Pillai,Cardiology,Bajajallianz,40432.29,31337.67,2024-01-04,2024-02-03,30.0,Approved,nan,OK,2024-01
CLM02307,PT00496,DR004,Dr. Rajan Mehta,Oncology,Nationalinsurance,128294.79,115584.12,2024-03-14,2024-05-21,68.0,Approved,nan,OK,2024-03
CLM02308,PT01763,DR007,Dr. Deepak Sharma,Gynecology,Bajajallianz,42566.06,41731.33,2024-04-05,2024-05-23,48.0,Approved,nan,OK,2024-04
CLM02309,PT01647,DR008,Dr. Anil Joshi,Emergency,Hdfcergo,94510.17,76985.32,2024-10-30,2025-01-01,63.0,Approved,nan,OK,2024-10
CLM02310,PT00327,DR004,Dr. Rajan Mehta,Oncology,Unitedhealthindia,130782.6,0.0,2024-11-29,,,Rejected,Service not covered,OK,2024-11
CLM02311,PT00515,DR001,Dr. Priya Nair,Cardiology,Starhealth,66375.58,63029.86,2024-04-06,2024-06-18,73.0,Approved,nan,OK,2024-04
CLM02312,PT01014,DR002,Dr. Suresh Patil,Orthopedics,Unitedhealthindia,90693.5,68226.29,2024-03-17,2024-06-18,93.0,Approved,nan,OK,2024-03
CLM02313,PT00673,DR005,Dr. Sunita Kulkarni,General Medicine,Bajajallianz,23391.47,0.0,2024-07-18,,,Rejected,Policy lapsed,OK,2024-07
CLM02314,PT00143,DR004,Dr. Rajan Mehta,Oncology,Unitedhealthindia,144112.75,0.0,2024-03-04,,,Rejected,Patient details mismatch,OK,2024-03
CLM02315,PT00317,DR003,Dr. Aarti Deshmukh,Neurology,Hdfcergo,148969.81,130079.07,2024-03-18,2024-05-23,66.0,Approved,nan,OK,2024-03
CLM02316,PT01816,DR009,Dr. Meera Pillai,Cardiology,Starhealth,143466.54,133786.61,2024-07-24,2024-08-03,10.0,Approved,nan,OK,2024-07
CLM02317,PT00741,DR001,Dr. Priya Nair,Cardiology,Nationalinsurance,59875.56,49594.81,2024-01-18,2024-04-13,86.0,Approved,nan,OK,2024-01
CLM02318,PT00174,DR001,Dr. Priya Nair,Cardiology,Hdfcergo,119707.38,93739.15,2024-06-01,2024-08-10,70.0,Approved,nan,OK,2024-06
CLM02319,PT00970,DR006,Dr. Kavya Iyer,Pediatrics,Unitedhealthindia,29215.65,24623.32,2024-08-20,2024-08-27,7.0,Approved,nan,OK,2024-08
CLM02320,PT01726,DR001,Dr. Priya Nair,Cardiology,Nationalinsurance,107455.33,98385.02,2024-04-07,2024-05-29,52.0,Approved,nan,OK,2024-04
CLM02321,PT01809,DR005,Dr. Sunita Kulkarni,General Medicine,Hdfcergo,110694.63,90417.19,2024-05-24,2024-08-15,83.0,Approved,nan,OK,2024-05
CLM02322,PT01896,DR004,Dr. Rajan Mehta,Oncology,Unitedhealthindia,106352.51,99667.23,2024-10-19,2025-02-10,114.0,Approved,nan,OK,2024-10
CLM02323,PT01618,DR002,Dr. Suresh Patil,Orthopedics,Bajajallianz,91817.6,69652.41,2024-12-27,2025-04-07,101.0,Approved,nan,OK,2024-12
CLM02324,PT01776,DR005,Dr. Sunita Kulkarni,General Medicine,Unitedhealthindia,106819.04,0.0,2024-12-04,,,Rejected,Patient details mismatch,OK,2024-12
CLM02325,PT00270,DR004,Dr. Rajan Mehta,Oncology,Unitedhealthindia,42302.69,0.0,2024-07-14,,,Rejected,Wrong diagnosis code,OK,2024-07
CLM02327,PT00374,DR008,Dr. Anil Joshi,Emergency,Hdfcergo,112490.31,89798.44,2024-03-24,2024-06-14,82.0,Approved,nan,OK,2024-03
CLM02328,PT01020,DR005,Dr. Sunita Kulkarni,General Medicine,Nationalinsurance,124873.08,0.0,2024-11-22,,,Rejected,Patient details mismatch,OK,2024-11
CLM02329,PT00132,DR009,Dr. Meera Pillai,Cardiology,Unitedhealthindia,81321.55,0.0,2024-03-06,,,Rejected,Policy lapsed,OK,2024-03
CLM02330,PT00595,DR002,Dr. Suresh Patil,Orthopedics,Hdfcergo,80712.7,80459.46,2024-07-15,2024-08-16,32.0,Approved,nan,OK,2024-07
CLM02331,PT00821,DR005,Dr. Sunita Kulkarni,General Medicine,Hdfcergo,113401.04,112620.46,2024-10-21,2024-12-01,41.0,Approved,nan,OK,2024-10
CLM02332,PT00878,DR008,Dr. Anil Joshi,Emergency,Unitedhealthindia,44054.23,0.0,2024-07-17,,,Rejected,Duplicate claim,OK,2024-07
CLM02333,PT00911,DR003,Dr. Aarti Deshmukh,Neurology,Nationalinsurance,62270.86,0.0,2024-03-02,,,Rejected,Pre-authorization missing,OK,2024-03
CLM02334,PT00821,DR003,Dr. Aarti Deshmukh,Neurology,Starhealth,19348.69,16052.91,2024-06-14,2024-08-17,64.0,Approved,nan,OK,2024-06
CLM02335,PT01023,DR009,Dr. Meera Pillai,Cardiology,Hdfcergo,51758.69,43374.62,2024-07-02,2024-07-31,29.0,Approved,nan,OK,2024-07
CLM02336,PT00108,DR007,Dr. Deepak Sharma,Gynecology,Unitedhealthindia,69729.57,59530.31,2024-09-23,2024-12-06,74.0,Approved,nan,OK,2024-09
CLM02337,PT00147,DR007,Dr. Deepak Sharma,Gynecology,Hdfcergo,56170.53,44587.11,2024-06-15,2024-07-24,39.0,Approved,nan,OK,2024-06
CLM02338,PT01206,DR010,Dr. Rohit Verma,Orthopedics,Hdfcergo,140278.24,134948.72,2024-01-03,2024-02-04,32.0,Approved,nan,OK,2024-01
CLM02340,PT00398,DR001,Dr. Priya Nair,Cardiology,Unitedhealthindia,48253.36,0.0,2024-05-17,,,Rejected,Duplicate claim,OK,2024-05
CLM02341,PT01633,DR006,Dr. Kavya Iyer,Pediatrics,Starhealth,83380.81,83028.93,2024-09-30,2025-01-14,106.0,Approved,nan,OK,2024-09
CLM02342,PT01369,DR010,Dr. Rohit Verma,Orthopedics,Starhealth,89662.86,85710.35,2024-08-09,2024-10-15,67.0,Approved,nan,OK,2024-08
CLM02343,PT01834,DR010,Dr. Rohit Verma,Orthopedics,Hdfcergo,24564.77,19362.3,2024-05-19,2024-06-29,41.0,Approved,nan,OK,2024-05
CLM02344,PT01079,DR001,Dr. Priya Nair,Cardiology,Bajajallianz,51077.11,42827.36,2024-01-22,2024-05-06,105.0,Approved,nan,OK,2024-01
CLM02345,PT01044,DR001,Dr. Priya Nair,Cardiology,Unitedhealthindia,51670.87,41630.86,2024-11-23,2025-01-01,39.0,Approved,nan,OK,2024-11
CLM02346,PT01287,DR009,Dr. Meera Pillai,Cardiology,Starhealth,25351.59,0.0,2024-08-09,,,Rejected,Late submission,OK,2024-08
CLM02347,PT00091,DR004,Dr. Rajan Mehta,Oncology,Starhealth,56297.26,52957.51,2024-09-28,2024-11-16,49.0,Approved,nan,OK,2024-09
CLM02348,PT00960,DR004,Dr. Rajan Mehta,Oncology,Bajajallianz,27266.9,0.0,2024-04-26,,,Rejected,Policy lapsed,OK,2024-04
CLM02349,PT00943,DR006,Dr. Kavya Iyer,Pediatrics,Unitedhealthindia,57968.45,44442.87,2024-02-28,2024-04-29,61.0,Approved,nan,OK,2024-02
CLM02350,PT01478,DR003,Dr. Aarti Deshmukh,Neurology,Nationalinsurance,5535.56,4330.38,2024-09-24,2024-12-17,84.0,Approved,nan,OK,2024-09
CLM02351,PT01427,DR009,Dr. Meera Pillai,Cardiology,Bajajallianz,20373.07,18573.63,2024-08-03,2024-09-07,35.0,Approved,nan,OK,2024-08
CLM02352,PT01317,DR006,Dr. Kavya Iyer,Pediatrics,Unitedhealthindia,59627.86,47191.67,2024-11-14,2025-01-13,60.0,Approved,nan,OK,2024-11
CLM02353,PT00203,DR008,Dr. Anil Joshi,Emergency,Nationalinsurance,106470.11,102302.45,2024-07-15,2024-08-18,34.0,Approved,nan,OK,2024-07
CLM02354,PT00761,DR002,Dr. Suresh Patil,Orthopedics,Unitedhealthindia,138881.83,121544.26,2024-02-16,2024-03-31,44.0,Approved,nan,OK,2024-02
CLM02355,PT01683,DR006,Dr. Kavya Iyer,Pediatrics,Unitedhealthindia,50299.34,48236.76,2024-11-14,2025-01-13,60.0,Approved,nan,OK,2024-11
CLM02356,PT00296,DR004,Dr. Rajan Mehta,Oncology,Hdfcergo,22261.83,19920.28,2024-11-15,2024-12-11,26.0,Approved,nan,OK,2024-11
CLM02357,PT01174,DR001,Dr. Priya Nair,Cardiology,Starhealth,107722.27,88136.55,2024-08-07,2024-11-24,109.0,Approved,nan,OK,2024-08
CLM02358,PT01375,DR009,Dr. Meera Pillai,Cardiology,Bajajallianz,122438.37,113355.49,2024-08-16,2024-09-01,16.0,Approved,nan,OK,2024-08
CLM02359,PT00643,DR004,Dr. Rajan Mehta,Oncology,Unitedhealthindia,81100.54,74723.82,2024-10-05,2025-01-27,114.0,Approved,nan,OK,2024-10
CLM02360,PT00723,DR010,Dr. Rohit Verma,Orthopedics,Starhealth,51458.81,0.0,2024-11-04,,,Rejected,Late submission,OK,2024-11
CLM02361,PT01285,DR007,Dr. Deepak Sharma,Gynecology,Nationalinsurance,63723.12,0.0,2024-10-08,,,Rejected,Late submission,OK,2024-10
CLM02362,PT00047,DR003,Dr. Aarti Deshmukh,Neurology,Starhealth,104360.94,0.0,2024-07-23,,,Rejected,Duplicate claim,OK,2024-07
CLM02363,PT01917,DR010,Dr. Rohit Verma,Orthopedics,Starhealth,96645.05,85704.4,2024-06-19,2024-10-07,110.0,Approved,nan,OK,2024-06
CLM02364,PT01617,DR009,Dr. Meera Pillai,Cardiology,Unitedhealthindia,98318.43,76154.79,2024-12-01,2025-03-16,105.0,Approved,nan,OK,2024-12
CLM02365,PT01001,DR001,Dr. Priya Nair,Cardiology,Hdfcergo,61263.48,0.0,2024-11-01,,,Rejected,Wrong diagnosis code,OK,2024-11
CLM02366,PT01597,DR003,Dr. Aarti Deshmukh,Neurology,Unitedhealthindia,85451.36,83175.48,2024-07-17,2024-08-21,35.0,Approved,nan,OK,2024-07
CLM02367,PT01740,DR007,Dr. Deepak Sharma,Gynecology,Bajajallianz,93083.43,75458.32,2024-08-20,2024-10-06,47.0,Approved,nan,OK,2024-08
CLM02369,PT00484,DR002,Dr. Suresh Patil,Orthopedics,Nationalinsurance,126780.33,101995.42,2024-12-02,2025-01-19,48.0,Approved,nan,OK,2024-12
CLM02370,PT01573,DR006,Dr. Kavya Iyer,Pediatrics,Hdfcergo,103037.28,93859.43,2024-01-17,2024-03-31,74.0,Approved,nan,OK,2024-01
CLM02371,PT00456,DR009,Dr. Meera Pillai,Cardiology,Bajajallianz,108081.71,89469.49,2024-05-23,2024-08-03,72.0,Approved,nan,OK,2024-05
CLM02372,PT00131,DR005,Dr. Sunita Kulkarni,General Medicine,Hdfcergo,142891.21,110826.52,2024-11-29,2024-12-25,26.0,Approved,nan,OK,2024-11
CLM02373,PT01743,DR001,Dr. Priya Nair,Cardiology,Nationalinsurance,63086.47,0.0,2024-08-15,,,Rejected,Patient details mismatch,OK,2024-08
CLM02374,PT01524,DR001,Dr. Priya Nair,Cardiology,Unitedhealthindia,97636.17,86352.52,2024-08-18,2024-12-14,118.0,Approved,nan,OK,2024-08
CLM02375,PT01648,DR005,Dr. Sunita Kulkarni,General Medicine,Bajajallianz,66820.99,66425.52,2024-05-29,2024-08-17,80.0,Approved,nan,OK,2024-05
CLM02376,PT00475,DR007,Dr. Deepak Sharma,Gynecology,Hdfcergo,143297.93,0.0,2024-01-12,,,Rejected,Duplicate claim,OK,2024-01
CLM02377,PT01554,DR008,Dr. Anil Joshi,Emergency,Unitedhealthindia,100976.25,99585.39,2024-03-01,2024-04-23,53.0,Approved,nan,OK,2024-03
CLM02378,PT01441,DR003,Dr. Aarti Deshmukh,Neurology,Hdfcergo,38860.61,34581.67,2024-09-17,2024-12-28,102.0,Approved,nan,OK,2024-09
CLM02379,PT00182,DR006,Dr. Kavya Iyer,Pediatrics,Unitedhealthindia,58401.87,53182.68,2024-12-27,2025-04-18,112.0,Approved,nan,OK,2024-12
CLM02380,PT01751,DR006,Dr. Kavya Iyer,Pediatrics,Starhealth,84748.58,74950.46,2024-11-16,2025-02-05,81.0,Approved,nan,OK,2024-11
CLM02381,PT01865,DR004,Dr. Rajan Mehta,Oncology,Bajajallianz,47287.36,43847.43,2024-07-15,2024-09-09,56.0,Approved,nan,OK,2024-07
CLM02382,PT01173,DR006,Dr. Kavya Iyer,Pediatrics,Unitedhealthindia,46098.14,40186.7,2024-02-12,2024-05-23,101.0,Approved,nan,OK,2024-02
CLM02383,PT00131,DR008,Dr. Anil Joshi,Emergency,Starhealth,53817.17,41397.82,2024-03-23,2024-06-23,92.0,Approved,nan,OK,2024-03
CLM02384,PT01709,DR005,Dr. Sunita Kulkarni,General Medicine,Starhealth,38049.35,34887.89,2024-06-02,2024-07-28,56.0,Approved,nan,OK,2024-06
CLM02385,PT01674,DR009,Dr. Meera Pillai,Cardiology,Nationalinsurance,105629.25,0.0,2024-08-18,,,Rejected,Service not covered,OK,2024-08
CLM02386,PT00830,DR005,Dr. Sunita Kulkarni,General Medicine,Nationalinsurance,145808.55,124839.54,2024-01-15,2024-05-10,116.0,Approved,nan,OK,2024-01
CLM02387,PT01178,DR010,Dr. Rohit Verma,Orthopedics,Hdfcergo,107526.63,104588.24,2024-04-05,2024-06-04,60.0,Approved,nan,OK,2024-04
CLM02388,PT00774,DR007,Dr. Deepak Sharma,Gynecology,Hdfcergo,68148.57,0.0,2024-02-09,,,Rejected,Incomplete documents,OK,2024-02
CLM02389,PT01662,DR001,Dr. Priya Nair,Cardiology,Nationalinsurance,120047.9,0.0,2024-03-06,,,Rejected,Duplicate claim,OK,2024-03
CLM02391,PT00927,DR010,Dr. Rohit Verma,Orthopedics,Starhealth,52472.69,50036.02,2024-11-21,2024-12-13,22.0,Approved,nan,OK,2024-11
CLM02392,PT00503,DR006,Dr. Kavya Iyer,Pediatrics,Starhealth,71398.58,61300.7,2024-07-21,2024-09-05,46.0,Approved,nan,OK,2024-07
CLM02393,PT00226,DR009,Dr. Meera Pillai,Cardiology,Hdfcergo,40718.27,31215.48,2024-03-06,2024-05-26,81.0,Approved,nan,OK,2024-03
CLM02394,PT00782,DR010,Dr. Rohit Verma,Orthopedics,Bajajallianz,56622.18,49345.77,2024-03-21,2024-05-23,63.0,Approved,nan,OK,2024-03
CLM02395,PT00612,DR010,Dr. Rohit Verma,Orthopedics,Starhealth,8817.24,8757.29,2024-10-07,2025-01-17,102.0,Approved,nan,OK,2024-10
CLM02396,PT00427,DR005,Dr. Sunita Kulkarni,General Medicine,Bajajallianz,139177.14,118277.26,2024-05-10,2024-06-04,25.0,Approved,nan,OK,2024-05
CLM02397,PT00002,DR005,Dr. Sunita Kulkarni,General Medicine,Hdfcergo,114479.1,0.0,2024-04-29,,,Rejected,Incomplete documents,OK,2024-04
CLM02398,PT00766,DR008,Dr. Anil Joshi,Emergency,Bajajallianz,89137.65,68921.12,2024-04-11,2024-05-21,40.0,Approved,nan,OK,2024-04
CLM02399,PT00956,DR010,Dr. Rohit Verma,Orthopedics,Bajajallianz,35980.16,27057.77,2024-03-09,2024-03-17,8.0,Approved,nan,OK,2024-03
CLM02400,PT01333,DR007,Dr. Deepak Sharma,Gynecology,Hdfcergo,18739.99,0.0,2024-04-09,,,Rejected,Incomplete documents,OK,2024-04
CLM02401,PT01098,DR008,Dr. Anil Joshi,Emergency,Nationalinsurance,17437.25,14492.85,2024-04-15,2024-04-30,15.0,Approved,nan,OK,2024-04
CLM02402,PT00350,DR002,Dr. Suresh Patil,Orthopedics,Starhealth,75453.36,0.0,2024-10-07,,,Rejected,Policy lapsed,OK,2024-10
CLM02403,PT01075,DR006,Dr. Kavya Iyer,Pediatrics,Hdfcergo,48672.88,46713.18,2024-06-18,2024-08-16,59.0,Approved,nan,OK,2024-06
CLM02404,PT01769,DR007,Dr. Deepak Sharma,Gynecology,Unitedhealthindia,100199.13,93222.42,2024-05-05,2024-06-28,54.0,Approved,nan,OK,2024-05
CLM02405,PT00026,DR007,Dr. Deepak Sharma,Gynecology,Starhealth,12655.11,0.0,2024-04-09,,,Rejected,Patient details mismatch,OK,2024-04
CLM02406,PT00687,DR001,Dr. Priya Nair,Cardiology,Bajajallianz,137749.3,128826.6,2024-03-11,2024-03-30,19.0,Approved,nan,OK,2024-03
CLM02407,PT00984,DR001,Dr. Priya Nair,Cardiology,Starhealth,50680.38,45470.73,2024-05-11,2024-06-05,25.0,Approved,nan,OK,2024-05
CLM02408,PT01829,DR004,Dr. Rajan Mehta,Oncology,Nationalinsurance,128076.66,0.0,2024-09-22,,,Rejected,Service not covered,OK,2024-09
CLM02409,PT00655,DR004,Dr. Rajan Mehta,Oncology,Unitedhealthindia,23921.3,0.0,2024-12-06,,,Rejected,Incomplete documents,OK,2024-12
CLM02410,PT01359,DR010,Dr. Rohit Verma,Orthopedics,Starhealth,128298.78,104436.04,2024-02-28,2024-04-14,46.0,Approved,nan,OK,2024-02
CLM02411,PT01315,DR003,Dr. Aarti Deshmukh,Neurology,Bajajallianz,31322.64,24406.16,2024-07-12,2024-08-15,34.0,Approved,nan,OK,2024-07
CLM02412,PT01705,DR007,Dr. Deepak Sharma,Gynecology,Bajajallianz,53322.2,46664.89,2024-04-20,2024-06-04,45.0,Approved,nan,OK,2024-04
CLM02413,PT01625,DR001,Dr. Priya Nair,Cardiology,Nationalinsurance,43237.79,34518.1,2024-09-19,2024-10-18,29.0,Approved,nan,OK,2024-09
CLM02414,PT00731,DR004,Dr. Rajan Mehta,Oncology,Hdfcergo,113801.36,103135.4,2024-11-21,2025-03-18,117.0,Approved,nan,OK,2024-11
CLM02415,PT01305,DR006,Dr. Kavya Iyer,Pediatrics,Nationalinsurance,95165.42,91236.02,2024-04-28,2024-05-16,18.0,Approved,nan,OK,2024-04
CLM02416,PT01966,DR007,Dr. Deepak Sharma,Gynecology,Bajajallianz,123040.75,100509.25,2024-10-15,2025-01-27,104.0,Approved,nan,OK,2024-10
CLM02417,PT00505,DR009,Dr. Meera Pillai,Cardiology,Starhealth,94840.34,73625.18,2024-08-01,2024-10-07,67.0,Approved,nan,OK,2024-08
CLM02418,PT01739,DR010,Dr. Rohit Verma,Orthopedics,Bajajallianz,28091.82,27733.45,2024-08-14,2024-11-26,104.0,Approved,nan,OK,2024-08
CLM02419,PT00693,DR004,Dr. Rajan Mehta,Oncology,Unitedhealthindia,89181.23,75976.21,2024-12-18,2025-04-01,104.0,Approved,nan,OK,2024-12
CLM02420,PT00695,DR004,Dr. Rajan Mehta,Oncology,Nationalinsurance,46997.24,39809.69,2024-12-28,2025-03-20,82.0,Approved,nan,OK,2024-12
CLM02421,PT00321,DR008,Dr. Anil Joshi,Emergency,Hdfcergo,142880.81,115183.56,2024-11-16,2024-12-27,41.0,Approved,nan,OK,2024-11
CLM02422,PT00673,DR009,Dr. Meera Pillai,Cardiology,Hdfcergo,40720.9,0.0,2024-10-22,,,Rejected,Wrong diagnosis code,OK,2024-10
CLM02423,PT00964,DR010,Dr. Rohit Verma,Orthopedics,Nationalinsurance,94307.11,72549.61,2024-10-06,2024-10-25,19.0,Approved,nan,OK,2024-10
CLM02424,PT00171,DR002,Dr. Suresh Patil,Orthopedics,Hdfcergo,135055.9,124745.67,2024-09-20,2024-10-08,18.0,Approved,nan,OK,2024-09
CLM02425,PT00971,DR003,Dr. Aarti Deshmukh,Neurology,Hdfcergo,13544.96,12969.63,2024-12-19,2024-12-26,7.0,Approved,nan,OK,2024-12
CLM02426,PT01669,DR008,Dr. Anil Joshi,Emergency,Unitedhealthindia,136056.21,106802.01,2024-01-10,2024-04-19,100.0,Approved,nan,OK,2024-01
CLM02427,PT00251,DR005,Dr. Sunita Kulkarni,General Medicine,Hdfcergo,118644.38,112207.84,2024-10-30,2025-01-01,63.0,Approved,nan,OK,2024-10
CLM02428,PT00296,DR010,Dr. Rohit Verma,Orthopedics,Nationalinsurance,61347.06,0.0,2024-12-25,,,Rejected,Patient details mismatch,OK,2024-12
CLM02429,PT00943,DR003,Dr. Aarti Deshmukh,Neurology,Unitedhealthindia,129783.31,107089.89,2024-10-28,2024-12-01,34.0,Approved,nan,OK,2024-10
CLM02430,PT01362,DR002,Dr. Suresh Patil,Orthopedics,Starhealth,31320.7,26491.58,2024-07-30,2024-09-12,44.0,Approved,nan,OK,2024-07
CLM02431,PT01377,DR001,Dr. Priya Nair,Cardiology,Hdfcergo,103879.57,86444.33,2024-10-08,2024-12-30,83.0,Approved,nan,OK,2024-10
CLM02432,PT00348,DR006,Dr. Kavya Iyer,Pediatrics,Unitedhealthindia,8993.28,7300.07,2024-07-24,2024-10-16,84.0,Approved,nan,OK,2024-07
CLM02433,PT00167,DR004,Dr. Rajan Mehta,Oncology,Nationalinsurance,38585.45,0.0,2024-05-19,,,Rejected,Patient details mismatch,OK,2024-05
CLM02434,PT01405,DR005,Dr. Sunita Kulkarni,General Medicine,Unitedhealthindia,120212.06,0.0,2024-05-24,,,Rejected,Late submission,OK,2024-05
CLM02436,PT01341,DR010,Dr. Rohit Verma,Orthopedics,Starhealth,116890.56,106842.57,2024-01-25,2024-02-21,27.0,Approved,nan,OK,2024-01
CLM02437,PT01702,DR007,Dr. Deepak Sharma,Gynecology,Hdfcergo,139245.29,139219.24,2024-07-25,2024-11-04,102.0,Approved,nan,OK,2024-07
CLM02438,PT00505,DR005,Dr. Sunita Kulkarni,General Medicine,Nationalinsurance,22689.12,0.0,2024-04-12,,,Rejected,Incomplete documents,OK,2024-04
CLM02439,PT00123,DR004,Dr. Rajan Mehta,Oncology,Bajajallianz,33634.86,0.0,2024-08-05,,,Rejected,Policy lapsed,OK,2024-08
CLM02440,PT01924,DR010,Dr. Rohit Verma,Orthopedics,Starhealth,34784.29,26782.49,2024-10-05,2025-01-20,107.0,Approved,nan,OK,2024-10
CLM02441,PT01620,DR008,Dr. Anil Joshi,Emergency,Starhealth,34475.34,26699.09,2024-03-10,2024-06-12,94.0,Approved,nan,OK,2024-03
CLM02442,PT00278,DR005,Dr. Sunita Kulkarni,General Medicine,Hdfcergo,102006.0,100293.64,2024-01-03,2024-03-21,78.0,Approved,nan,OK,2024-01
CLM02443,PT00272,DR009,Dr. Meera Pillai,Cardiology,Hdfcergo,128407.24,125474.38,2024-06-02,2024-09-06,96.0,Approved,nan,OK,2024-06
CLM02444,PT00894,DR008,Dr. Anil Joshi,Emergency,Unitedhealthindia,58432.85,50087.23,2024-07-13,2024-10-05,84.0,Approved,nan,OK,2024-07
CLM02445,PT00077,DR008,Dr. Anil Joshi,Emergency,Bajajallianz,94126.6,79512.29,2024-02-26,2024-06-12,107.0,Approved,nan,OK,2024-02
CLM02446,PT00311,DR002,Dr. Suresh Patil,Orthopedics,Bajajallianz,46174.04,0.0,2024-01-25,,,Rejected,Duplicate claim,OK,2024-01
CLM02447,PT00842,DR010,Dr. Rohit Verma,Orthopedics,Hdfcergo,145042.7,123522.71,2024-04-04,2024-05-13,39.0,Approved,nan,OK,2024-04
CLM02448,PT00360,DR008,Dr. Anil Joshi,Emergency,Bajajallianz,134546.07,113129.17,2024-01-02,2024-03-11,69.0,Approved,nan,OK,2024-01
CLM02449,PT01196,DR009,Dr. Meera Pillai,Cardiology,Unitedhealthindia,107194.07,104913.55,2024-05-21,2024-07-12,52.0,Approved,nan,OK,2024-05
CLM02450,PT01945,DR010,Dr. Rohit Verma,Orthopedics,Nationalinsurance,147268.44,132204.61,2024-01-16,2024-04-12,87.0,Approved,nan,OK,2024-01
CLM02451,PT01924,DR007,Dr. Deepak Sharma,Gynecology,Nationalinsurance,58014.95,0.0,2024-09-15,,,Rejected,Service not covered,OK,2024-09
CLM02452,PT00177,DR008,Dr. Anil Joshi,Emergency,Nationalinsurance,61508.86,51692.43,2024-03-09,2024-05-01,53.0,Approved,nan,OK,2024-03
CLM02453,PT00047,DR001,Dr. Priya Nair,Cardiology,Starhealth,47638.74,37053.79,2024-11-30,2025-01-04,35.0,Approved,nan,OK,2024-11
CLM02455,PT01665,DR007,Dr. Deepak Sharma,Gynecology,Hdfcergo,83516.83,83272.03,2024-01-31,2024-05-19,109.0,Approved,nan,OK,2024-01
CLM02456,PT00016,DR008,Dr. Anil Joshi,Emergency,Hdfcergo,29432.58,22970.03,2024-09-13,2025-01-09,118.0,Approved,nan,OK,2024-09
CLM02457,PT01131,DR003,Dr. Aarti Deshmukh,Neurology,Nationalinsurance,30373.44,0.0,2024-03-20,,,Rejected,Late submission,OK,2024-03
CLM02458,PT00734,DR010,Dr. Rohit Verma,Orthopedics,Unitedhealthindia,91346.84,0.0,2024-01-17,,,Rejected,Wrong diagnosis code,OK,2024-01
CLM02459,PT01240,DR002,Dr. Suresh Patil,Orthopedics,Nationalinsurance,59088.73,58143.49,2024-02-22,2024-04-13,51.0,Approved,nan,OK,2024-02
CLM02460,PT00644,DR004,Dr. Rajan Mehta,Oncology,Bajajallianz,145241.4,114912.53,2024-08-14,2024-11-11,89.0,Approved,nan,OK,2024-08
CLM02461,PT01622,DR007,Dr. Deepak Sharma,Gynecology,Bajajallianz,22060.73,18527.62,2024-12-24,2025-03-03,69.0,Approved,nan,OK,2024-12
CLM02462,PT01074,DR004,Dr. Rajan Mehta,Oncology,Starhealth,23505.73,0.0,2024-10-03,,,Rejected,Wrong diagnosis code,OK,2024-10
CLM02463,PT01864,DR006,Dr. Kavya Iyer,Pediatrics,Nationalinsurance,48685.93,45753.26,2024-11-09,2025-02-24,107.0,Approved,nan,OK,2024-11
CLM02464,PT01344,DR005,Dr. Sunita Kulkarni,General Medicine,Bajajallianz,73081.99,60070.42,2024-07-28,2024-11-25,120.0,Approved,nan,OK,2024-07
CLM02465,PT01314,DR009,Dr. Meera Pillai,Cardiology,Unitedhealthindia,139319.06,0.0,2024-04-24,,,Rejected,Duplicate claim,OK,2024-04
CLM02466,PT01316,DR001,Dr. Priya Nair,Cardiology,Nationalinsurance,72375.58,66361.79,2024-10-26,2024-11-14,19.0,Approved,nan,OK,2024-10
CLM02467,PT01472,DR008,Dr. Anil Joshi,Emergency,Bajajallianz,140018.65,119103.28,2024-05-02,2024-07-21,80.0,Approved,nan,OK,2024-05
CLM02468,PT01962,DR006,Dr. Kavya Iyer,Pediatrics,Hdfcergo,118715.94,109749.11,2024-10-30,2024-11-08,9.0,Approved,nan,OK,2024-10
CLM02469,PT01509,DR001,Dr. Priya Nair,Cardiology,Hdfcergo,92397.71,70426.43,2024-08-08,2024-09-22,45.0,Approved,nan,OK,2024-08
CLM02470,PT01113,DR007,Dr. Deepak Sharma,Gynecology,Starhealth,59703.02,51051.73,2024-01-25,2024-03-02,37.0,Approved,nan,OK,2024-01
CLM02471,PT01831,DR001,Dr. Priya Nair,Cardiology,Starhealth,62865.61,48614.5,2024-03-14,2024-04-18,35.0,Approved,nan,OK,2024-03
CLM02472,PT01841,DR009,Dr. Meera Pillai,Cardiology,Starhealth,25301.95,22215.29,2024-04-22,2024-05-23,31.0,Approved,nan,OK,2024-04
CLM02473,PT01312,DR010,Dr. Rohit Verma,Orthopedics,Hdfcergo,47885.34,45938.37,2024-06-03,2024-09-28,117.0,Approved,nan,OK,2024-06
CLM02474,PT00019,DR009,Dr. Meera Pillai,Cardiology,Bajajallianz,102920.26,100371.8,2024-05-03,2024-06-01,29.0,Approved,nan,OK,2024-05
CLM02475,PT00561,DR002,Dr. Suresh Patil,Orthopedics,Hdfcergo,107868.52,89827.35,2024-06-06,2024-07-14,38.0,Approved,nan,OK,2024-06
CLM02476,PT01095,DR006,Dr. Kavya Iyer,Pediatrics,Bajajallianz,71487.7,60481.68,2024-10-26,2025-02-16,113.0,Approved,nan,OK,2024-10
CLM02477,PT00569,DR003,Dr. Aarti Deshmukh,Neurology,Bajajallianz,70565.87,56680.18,2024-05-02,2024-08-01,91.0,Approved,nan,OK,2024-05
CLM02478,PT00597,DR006,Dr. Kavya Iyer,Pediatrics,Nationalinsurance,139983.03,123808.7,2024-02-12,2024-06-01,110.0,Approved,nan,OK,2024-02
CLM02479,PT00042,DR003,Dr. Aarti Deshmukh,Neurology,Unitedhealthindia,68087.09,62813.04,2024-04-04,2024-06-26,83.0,Approved,nan,OK,2024-04
CLM02480,PT01949,DR003,Dr. Aarti Deshmukh,Neurology,Unitedhealthindia,25131.01,0.0,2024-03-08,,,Rejected,Wrong diagnosis code,OK,2024-03
CLM02481,PT01854,DR002,Dr. Suresh Patil,Orthopedics,Bajajallianz,104252.07,88773.77,2024-10-29,2025-01-21,84.0,Approved,nan,OK,2024-10
CLM02482,PT00812,DR004,Dr. Rajan Mehta,Oncology,Nationalinsurance,123813.97,96609.25,2024-01-17,2024-02-22,36.0,Approved,nan,OK,2024-01
CLM02483,PT01598,DR006,Dr. Kavya Iyer,Pediatrics,Starhealth,31817.25,29203.66,2024-01-24,2024-02-06,13.0,Approved,nan,OK,2024-01
CLM02484,PT00766,DR010,Dr. Rohit Verma,Orthopedics,Nationalinsurance,75964.31,0.0,2024-09-06,,,Rejected,Pre-authorization missing,OK,2024-09
CLM02485,PT01192,DR006,Dr. Kavya Iyer,Pediatrics,Hdfcergo,19420.25,16218.39,2024-03-15,2024-06-21,98.0,Approved,nan,OK,2024-03
CLM02486,PT01053,DR006,Dr. Kavya Iyer,Pediatrics,Bajajallianz,145624.98,0.0,2024-06-07,,,Rejected,Policy lapsed,OK,2024-06
CLM02487,PT00465,DR001,Dr. Priya Nair,Cardiology,Bajajallianz,120118.66,119440.47,2024-06-25,2024-07-19,24.0,Approved,nan,OK,2024-06
CLM02488,PT01286,DR008,Dr. Anil Joshi,Emergency,Hdfcergo,137827.11,113185.82,2024-09-30,2024-11-24,55.0,Approved,nan,OK,2024-09
CLM02489,PT00910,DR001,Dr. Priya Nair,Cardiology,Starhealth,94166.12,85085.65,2024-06-29,2024-07-19,20.0,Approved,nan,OK,2024-06
CLM02490,PT00877,DR007,Dr. Deepak Sharma,Gynecology,Hdfcergo,54297.29,47115.54,2024-06-25,2024-10-07,104.0,Approved,nan,OK,2024-06
CLM02491,PT00328,DR009,Dr. Meera Pillai,Cardiology,Starhealth,124098.2,110057.73,2024-11-27,2025-01-25,59.0,Approved,nan,OK,2024-11
CLM02492,PT00320,DR003,Dr. Aarti Deshmukh,Neurology,Nationalinsurance,15040.88,13634.8,2024-02-28,2024-06-01,94.0,Approved,nan,OK,2024-02
CLM02493,PT00979,DR007,Dr. Deepak Sharma,Gynecology,Nationalinsurance,53618.45,0.0,2024-03-10,,,Rejected,Policy lapsed,OK,2024-03
CLM02494,PT01780,DR003,Dr. Aarti Deshmukh,Neurology,Hdfcergo,123716.64,112802.41,2024-09-21,2024-11-14,54.0,Approved,nan,OK,2024-09
CLM02495,PT00586,DR003,Dr. Aarti Deshmukh,Neurology,Unitedhealthindia,50177.51,0.0,2024-01-12,,,Rejected,Duplicate claim,OK,2024-01
CLM02496,PT01167,DR009,Dr. Meera Pillai,Cardiology,Unitedhealthindia,136640.26,126496.05,2024-03-17,2024-04-02,16.0,Approved,nan,OK,2024-03
CLM02497,PT01350,DR009,Dr. Meera Pillai,Cardiology,Hdfcergo,60098.47,52266.85,2024-04-16,2024-06-30,75.0,Approved,nan,OK,2024-04
CLM02498,PT00414,DR008,Dr. Anil Joshi,Emergency,Hdfcergo,54662.28,45654.31,2024-02-06,2024-03-10,33.0,Approved,nan,OK,2024-02
CLM02499,PT01596,DR005,Dr. Sunita Kulkarni,General Medicine,Starhealth,123106.14,105501.05,2024-06-29,2024-08-12,44.0,Approved,nan,OK,2024-06
CLM02500,PT00452,DR006,Dr. Kavya Iyer,Pediatrics,Starhealth,121794.91,99861.16,2024-09-06,2024-10-27,51.0,Approved,nan,OK,2024-09
CLM02501,PT01946,DR006,Dr. Kavya Iyer,Pediatrics,Hdfcergo,50532.23,50247.07,2024-07-16,2024-08-25,40.0,Approved,nan,OK,2024-07
CLM02502,PT00328,DR003,Dr. Aarti Deshmukh,Neurology,Bajajallianz,123051.16,103597.02,2024-10-22,2024-11-13,22.0,Approved,nan,OK,2024-10
CLM02503,PT00012,DR007,Dr. Deepak Sharma,Gynecology,Unitedhealthindia,23794.01,20124.25,2024-10-17,2024-12-05,49.0,Approved,nan,OK,2024-10
CLM02504,PT01775,DR007,Dr. Deepak Sharma,Gynecology,Nationalinsurance,113850.6,90491.96,2024-08-01,2024-09-06,36.0,Approved,nan,OK,2024-08
CLM02505,PT01197,DR004,Dr. Rajan Mehta,Oncology,Bajajallianz,104298.15,80125.73,2024-05-17,2024-08-05,80.0,Approved,nan,OK,2024-05
CLM02506,PT00761,DR001,Dr. Priya Nair,Cardiology,Nationalinsurance,26364.92,0.0,2024-04-10,,,Rejected,Policy lapsed,OK,2024-04
CLM02507,PT01751,DR001,Dr. Priya Nair,Cardiology,Bajajallianz,137052.63,118675.28,2024-09-09,2025-01-06,119.0,Approved,nan,OK,2024-09
CLM02508,PT01430,DR001,Dr. Priya Nair,Cardiology,Hdfcergo,8512.97,7512.06,2024-04-27,2024-05-15,18.0,Approved,nan,OK,2024-04
CLM02509,PT01933,DR003,Dr. Aarti Deshmukh,Neurology,Nationalinsurance,32994.84,26033.42,2024-11-26,2024-12-10,14.0,Approved,nan,OK,2024-11
CLM02510,PT00132,DR007,Dr. Deepak Sharma,Gynecology,Hdfcergo,63029.15,0.0,2024-08-15,,,Rejected,Duplicate claim,OK,2024-08
CLM02511,PT01768,DR009,Dr. Meera Pillai,Cardiology,Hdfcergo,34066.88,0.0,2024-02-27,,,Rejected,Service not covered,OK,2024-02
CLM02512,PT01944,DR001,Dr. Priya Nair,Cardiology,Unitedhealthindia,47365.8,0.0,2024-05-17,,,Rejected,Late submission,OK,2024-05
CLM02513,PT01542,DR004,Dr. Rajan Mehta,Oncology,Hdfcergo,128121.72,96826.1,2024-12-11,2025-03-29,108.0,Approved,nan,OK,2024-12
CLM02514,PT01240,DR007,Dr. Deepak Sharma,Gynecology,Hdfcergo,109948.34,0.0,2024-11-22,,,Rejected,Duplicate claim,OK,2024-11
CLM02515,PT00519,DR010,Dr. Rohit Verma,Orthopedics,Bajajallianz,134144.62,119465.55,2024-11-02,2024-12-26,54.0,Approved,nan,OK,2024-11
CLM02516,PT00107,DR002,Dr. Suresh Patil,Orthopedics,Nationalinsurance,26107.84,25240.84,2024-11-14,2025-02-01,79.0,Approved,nan,OK,2024-11
CLM02517,PT01985,DR001,Dr. Priya Nair,Cardiology,Starhealth,20700.77,16093.42,2024-06-18,2024-08-08,51.0,Approved,nan,OK,2024-06
CLM02518,PT01451,DR001,Dr. Priya Nair,Cardiology,Unitedhealthindia,132277.38,123472.61,2024-04-20,2024-07-09,80.0,Approved,nan,OK,2024-04
CLM02519,PT00523,DR002,Dr. Suresh Patil,Orthopedics,Starhealth,45867.6,38397.73,2024-05-19,2024-07-14,56.0,Approved,nan,OK,2024-05
CLM02520,PT01708,DR006,Dr. Kavya Iyer,Pediatrics,Nationalinsurance,80753.9,0.0,2024-12-01,,,Rejected,Duplicate claim,OK,2024-12
CLM02521,PT00103,DR004,Dr. Rajan Mehta,Oncology,Starhealth,95547.48,81294.56,2024-01-07,2024-02-23,47.0,Approved,nan,OK,2024-01
CLM02522,PT01671,DR008,Dr. Anil Joshi,Emergency,Unitedhealthindia,43028.29,38813.65,2024-02-16,2024-03-13,26.0,Approved,nan,OK,2024-02
CLM02523,PT00830,DR010,Dr. Rohit Verma,Orthopedics,Unitedhealthindia,105617.65,91985.92,2024-11-26,2024-12-16,20.0,Approved,nan,OK,2024-11
CLM02524,PT00798,DR007,Dr. Deepak Sharma,Gynecology,Unitedhealthindia,146776.07,0.0,2024-02-27,,,Rejected,Policy lapsed,OK,2024-02
CLM02525,PT01508,DR009,Dr. Meera Pillai,Cardiology,Nationalinsurance,101279.36,88024.18,2024-03-22,2024-04-03,12.0,Approved,nan,OK,2024-03
CLM02526,PT01099,DR004,Dr. Rajan Mehta,Oncology,Bajajallianz,32490.74,24912.06,2024-07-01,2024-08-21,51.0,Approved,nan,OK,2024-07
CLM02527,PT00757,DR004,Dr. Rajan Mehta,Oncology,Bajajallianz,143019.02,128476.38,2024-05-06,2024-08-18,104.0,Approved,nan,OK,2024-05
CLM02528,PT01351,DR003,Dr. Aarti Deshmukh,Neurology,Starhealth,72878.06,64853.42,2024-12-24,2025-01-08,15.0,Approved,nan,OK,2024-12
CLM02529,PT00872,DR007,Dr. Deepak Sharma,Gynecology,Unitedhealthindia,75307.22,0.0,2024-04-16,,,Rejected,Duplicate claim,OK,2024-04
CLM02530,PT00323,DR008,Dr. Anil Joshi,Emergency,Nationalinsurance,74453.53,66266.91,2024-07-15,2024-10-12,89.0,Approved,nan,OK,2024-07
CLM02532,PT01676,DR004,Dr. Rajan Mehta,Oncology,Starhealth,82599.78,64532.35,2024-10-15,2025-01-22,99.0,Approved,nan,OK,2024-10
CLM02533,PT00459,DR009,Dr. Meera Pillai,Cardiology,Nationalinsurance,142769.0,139908.4,2024-08-31,2024-12-12,103.0,Approved,nan,OK,2024-08
CLM02534,PT00288,DR006,Dr. Kavya Iyer,Pediatrics,Nationalinsurance,105527.64,103457.76,2024-09-03,2024-10-05,32.0,Approved,nan,OK,2024-09
CLM02535,PT01859,DR002,Dr. Suresh Patil,Orthopedics,Nationalinsurance,15611.59,12796.27,2024-03-13,2024-04-13,31.0,Approved,nan,OK,2024-03
CLM02536,PT01389,DR001,Dr. Priya Nair,Cardiology,Bajajallianz,112134.61,103492.94,2024-09-04,2024-11-07,64.0,Approved,nan,OK,2024-09
CLM02537,PT01901,DR007,Dr. Deepak Sharma,Gynecology,Starhealth,103289.08,80264.3,2024-10-25,2024-12-17,53.0,Approved,nan,OK,2024-10
CLM02538,PT00825,DR008,Dr. Anil Joshi,Emergency,Hdfcergo,47919.37,44100.93,2024-11-06,2025-01-19,74.0,Approved,nan,OK,2024-11
CLM02539,PT00033,DR001,Dr. Priya Nair,Cardiology,Unitedhealthindia,108442.99,0.0,2024-03-18,,,Rejected,Late submission,OK,2024-03
CLM02540,PT01460,DR006,Dr. Kavya Iyer,Pediatrics,Nationalinsurance,118148.04,0.0,2024-11-15,,,Rejected,Service not covered,OK,2024-11
CLM02541,PT00530,DR004,Dr. Rajan Mehta,Oncology,Unitedhealthindia,106995.96,0.0,2024-08-22,,,Rejected,Late submission,OK,2024-08
CLM02542,PT00234,DR006,Dr. Kavya Iyer,Pediatrics,Hdfcergo,119345.67,116596.93,2024-10-27,2024-12-15,49.0,Approved,nan,OK,2024-10
CLM02543,PT00813,DR003,Dr. Aarti Deshmukh,Neurology,Hdfcergo,6292.44,0.0,2024-09-15,,,Rejected,Patient details mismatch,OK,2024-09
CLM02544,PT00536,DR008,Dr. Anil Joshi,Emergency,Bajajallianz,91691.64,73429.14,2024-10-11,2024-11-27,47.0,Approved,nan,OK,2024-10
CLM02545,PT01008,DR002,Dr. Suresh Patil,Orthopedics,Unitedhealthindia,32099.2,27862.05,2024-05-25,2024-06-12,18.0,Approved,nan,OK,2024-05
CLM02546,PT01456,DR009,Dr. Meera Pillai,Cardiology,Hdfcergo,147817.92,135947.35,2024-07-17,2024-08-23,37.0,Approved,nan,OK,2024-07
CLM02547,PT01931,DR008,Dr. Anil Joshi,Emergency,Nationalinsurance,123506.59,97145.74,2024-07-27,2024-10-08,73.0,Approved,nan,OK,2024-07
CLM02548,PT01758,DR010,Dr. Rohit Verma,Orthopedics,Nationalinsurance,148332.69,122007.28,2024-09-12,2024-09-24,12.0,Approved,nan,OK,2024-09
CLM02549,PT01348,DR003,Dr. Aarti Deshmukh,Neurology,Starhealth,84185.13,0.0,2024-12-06,,,Rejected,Late submission,OK,2024-12
CLM02550,PT00177,DR010,Dr. Rohit Verma,Orthopedics,Starhealth,86124.36,82332.77,2024-06-22,2024-08-31,70.0,Approved,nan,OK,2024-06
CLM02551,PT01495,DR001,Dr. Priya Nair,Cardiology,Nationalinsurance,148311.03,142564.56,2024-06-12,2024-07-16,34.0,Approved,nan,OK,2024-06
CLM02552,PT00412,DR001,Dr. Priya Nair,Cardiology,Starhealth,136525.8,122509.14,2024-01-30,2024-04-13,74.0,Approved,nan,OK,2024-01
CLM02553,PT00909,DR009,Dr. Meera Pillai,Cardiology,Starhealth,110432.17,97503.17,2024-06-07,2024-06-19,12.0,Approved,nan,OK,2024-06
CLM02554,PT00688,DR005,Dr. Sunita Kulkarni,General Medicine,Starhealth,53589.92,48565.78,2024-11-03,2024-11-16,13.0,Approved,nan,OK,2024-11
CLM02555,PT01447,DR004,Dr. Rajan Mehta,Oncology,Hdfcergo,65488.06,55951.1,2024-02-15,2024-03-14,28.0,Approved,nan,OK,2024-02
CLM02556,PT01661,DR002,Dr. Suresh Patil,Orthopedics,Nationalinsurance,147831.57,130088.56,2024-12-11,2025-01-31,51.0,Approved,nan,OK,2024-12
CLM02557,PT01598,DR008,Dr. Anil Joshi,Emergency,Bajajallianz,116520.02,113937.95,2024-01-02,2024-02-06,35.0,Approved,nan,OK,2024-01
CLM02558,PT00075,DR006,Dr. Kavya Iyer,Pediatrics,Unitedhealthindia,142297.26,115421.11,2024-12-11,2025-04-07,117.0,Approved,nan,OK,2024-12
CLM02559,PT00918,DR010,Dr. Rohit Verma,Orthopedics,Unitedhealthindia,47081.31,0.0,2024-03-12,,,Rejected,Wrong diagnosis code,OK,2024-03
CLM02560,PT00477,DR008,Dr. Anil Joshi,Emergency,Hdfcergo,111349.75,104598.28,2024-07-01,2024-07-21,20.0,Approved,nan,OK,2024-07
CLM02561,PT01776,DR002,Dr. Suresh Patil,Orthopedics,Unitedhealthindia,76809.74,60012.7,2024-07-22,2024-10-04,74.0,Approved,nan,OK,2024-07
CLM02562,PT00484,DR007,Dr. Deepak Sharma,Gynecology,Unitedhealthindia,81264.87,61447.92,2024-12-06,2025-03-16,100.0,Approved,nan,OK,2024-12
CLM02563,PT00331,DR008,Dr. Anil Joshi,Emergency,Hdfcergo,29925.15,25677.69,2024-03-22,2024-05-24,63.0,Approved,nan,OK,2024-03
CLM02564,PT01433,DR004,Dr. Rajan Mehta,Oncology,Hdfcergo,98319.3,98061.47,2024-02-13,2024-04-01,48.0,Approved,nan,OK,2024-02
CLM02565,PT01385,DR009,Dr. Meera Pillai,Cardiology,Unitedhealthindia,5097.98,4131.71,2024-05-29,2024-07-15,47.0,Approved,nan,OK,2024-05
CLM02566,PT01275,DR008,Dr. Anil Joshi,Emergency,Hdfcergo,72403.71,65222.38,2024-08-10,2024-10-19,70.0,Approved,nan,OK,2024-08
CLM02567,PT01869,DR009,Dr. Meera Pillai,Cardiology,Bajajallianz,144140.84,0.0,2024-09-29,,,Rejected,Pre-authorization missing,OK,2024-09
CLM02568,PT00596,DR002,Dr. Suresh Patil,Orthopedics,Hdfcergo,20857.26,18518.31,2024-07-17,2024-08-17,31.0,Approved,nan,OK,2024-07
CLM02569,PT01961,DR006,Dr. Kavya Iyer,Pediatrics,Hdfcergo,55883.24,48079.16,2024-02-17,2024-05-16,89.0,Approved,nan,OK,2024-02
CLM02570,PT00081,DR001,Dr. Priya Nair,Cardiology,Bajajallianz,117210.83,93289.14,2024-01-03,2024-02-13,41.0,Approved,nan,OK,2024-01
CLM02571,PT00916,DR009,Dr. Meera Pillai,Cardiology,Hdfcergo,55689.21,50488.66,2024-08-25,2024-11-22,89.0,Approved,nan,OK,2024-08
CLM02572,PT00253,DR002,Dr. Suresh Patil,Orthopedics,Nationalinsurance,54284.83,0.0,2024-01-07,,,Rejected,Patient details mismatch,OK,2024-01
CLM02573,PT01171,DR001,Dr. Priya Nair,Cardiology,Hdfcergo,100927.31,100812.85,2024-11-03,2024-11-30,27.0,Approved,nan,OK,2024-11
CLM02575,PT00536,DR003,Dr. Aarti Deshmukh,Neurology,Hdfcergo,99425.2,92011.78,2024-08-04,2024-10-23,80.0,Approved,nan,OK,2024-08
CLM02576,PT01505,DR005,Dr. Sunita Kulkarni,General Medicine,Starhealth,106106.5,100320.9,2024-06-16,2024-07-04,18.0,Approved,nan,OK,2024-06
CLM02577,PT01938,DR010,Dr. Rohit Verma,Orthopedics,Bajajallianz,135687.26,118591.95,2024-12-13,2024-12-26,13.0,Approved,nan,OK,2024-12
CLM02578,PT00427,DR006,Dr. Kavya Iyer,Pediatrics,Bajajallianz,41707.04,34724.31,2024-07-09,2024-07-24,15.0,Approved,nan,OK,2024-07
CLM02579,PT01998,DR009,Dr. Meera Pillai,Cardiology,Hdfcergo,56320.7,52766.0,2024-09-20,2024-10-31,41.0,Approved,nan,OK,2024-09
CLM02580,PT01754,DR004,Dr. Rajan Mehta,Oncology,Bajajallianz,99962.55,96330.81,2024-08-07,2024-11-28,113.0,Approved,nan,OK,2024-08
CLM02581,PT00614,DR009,Dr. Meera Pillai,Cardiology,Bajajallianz,39848.95,37970.11,2024-01-16,2024-03-23,67.0,Approved,nan,OK,2024-01
CLM02582,PT01846,DR010,Dr. Rohit Verma,Orthopedics,Bajajallianz,40336.96,38362.28,2024-11-29,2025-02-15,78.0,Approved,nan,OK,2024-11
CLM02583,PT00500,DR007,Dr. Deepak Sharma,Gynecology,Unitedhealthindia,105123.78,0.0,2024-10-01,,,Rejected,Pre-authorization missing,OK,2024-10
CLM02584,PT00123,DR006,Dr. Kavya Iyer,Pediatrics,Starhealth,91402.7,79142.88,2024-09-29,2025-01-07,100.0,Approved,nan,OK,2024-09
CLM02585,PT00353,DR010,Dr. Rohit Verma,Orthopedics,Nationalinsurance,87235.96,70383.64,2024-12-22,2025-04-02,101.0,Approved,nan,OK,2024-12
CLM02586,PT00645,DR005,Dr. Sunita Kulkarni,General Medicine,Bajajallianz,101708.37,0.0,2024-12-17,,,Rejected,Pre-authorization missing,OK,2024-12
CLM02587,PT00720,DR002,Dr. Suresh Patil,Orthopedics,Bajajallianz,10575.47,9613.17,2024-03-08,2024-04-22,45.0,Approved,nan,OK,2024-03
CLM02588,PT01152,DR002,Dr. Suresh Patil,Orthopedics,Bajajallianz,35409.07,27789.65,2024-04-26,2024-07-01,66.0,Approved,nan,OK,2024-04
CLM02589,PT01402,DR004,Dr. Rajan Mehta,Oncology,Nationalinsurance,113836.53,106961.73,2024-11-13,2024-12-14,31.0,Approved,nan,OK,2024-11
CLM02590,PT00229,DR003,Dr. Aarti Deshmukh,Neurology,Nationalinsurance,100238.95,0.0,2024-10-21,,,Rejected,Service not covered,OK,2024-10
CLM02591,PT00542,DR003,Dr. Aarti Deshmukh,Neurology,Unitedhealthindia,67949.01,54073.46,2024-12-11,2025-03-13,92.0,Approved,nan,OK,2024-12
CLM02592,PT01016,DR004,Dr. Rajan Mehta,Oncology,Unitedhealthindia,32903.63,27084.26,2024-12-12,2024-12-29,17.0,Approved,nan,OK,2024-12
CLM02593,PT01635,DR010,Dr. Rohit Verma,Orthopedics,Starhealth,89767.05,78021.85,2024-06-14,2024-07-29,45.0,Approved,nan,OK,2024-06
CLM02594,PT00451,DR008,Dr. Anil Joshi,Emergency,Starhealth,138951.91,110691.77,2024-08-01,2024-11-24,115.0,Approved,nan,OK,2024-08
CLM02595,PT00513,DR007,Dr. Deepak Sharma,Gynecology,Starhealth,149664.69,137235.07,2024-03-12,2024-07-03,113.0,Approved,nan,OK,2024-03
CLM02596,PT01562,DR003,Dr. Aarti Deshmukh,Neurology,Hdfcergo,42312.58,36222.9,2024-02-21,2024-05-03,72.0,Approved,nan,OK,2024-02
CLM02597,PT01342,DR008,Dr. Anil Joshi,Emergency,Hdfcergo,28168.64,21543.45,2024-10-28,2025-01-16,80.0,Approved,nan,OK,2024-10
CLM02598,PT00042,DR004,Dr. Rajan Mehta,Oncology,Unitedhealthindia,91668.37,80073.97,2024-02-07,2024-02-21,14.0,Approved,nan,OK,2024-02
CLM02599,PT01261,DR010,Dr. Rohit Verma,Orthopedics,Unitedhealthindia,25711.61,23808.3,2024-03-05,2024-05-04,60.0,Approved,nan,OK,2024-03
CLM02600,PT00355,DR004,Dr. Rajan Mehta,Oncology,Bajajallianz,118338.47,104451.23,2024-09-28,2024-10-09,11.0,Approved,nan,OK,2024-09
CLM02601,PT01347,DR005,Dr. Sunita Kulkarni,General Medicine,Nationalinsurance,13291.72,10773.91,2024-07-08,2024-08-22,45.0,Approved,nan,OK,2024-07
CLM02602,PT00360,DR004,Dr. Rajan Mehta,Oncology,Starhealth,40715.89,38345.3,2024-03-08,2024-05-10,63.0,Approved,nan,OK,2024-03
CLM02603,PT00226,DR006,Dr. Kavya Iyer,Pediatrics,Bajajallianz,90618.16,72360.47,2024-05-26,2024-06-12,17.0,Approved,nan,OK,2024-05
CLM02604,PT00510,DR007,Dr. Deepak Sharma,Gynecology,Unitedhealthindia,59014.26,54376.86,2024-02-13,2024-06-08,116.0,Approved,nan,OK,2024-02
CLM02605,PT00244,DR002,Dr. Suresh Patil,Orthopedics,Bajajallianz,7290.95,5677.27,2024-03-16,2024-06-17,93.0,Approved,nan,OK,2024-03
CLM02606,PT01603,DR006,Dr. Kavya Iyer,Pediatrics,Starhealth,136906.79,120109.48,2024-04-19,2024-08-11,114.0,Approved,nan,OK,2024-04
CLM02607,PT00110,DR009,Dr. Meera Pillai,Cardiology,Hdfcergo,38145.26,29543.03,2024-11-12,2025-01-28,77.0,Approved,nan,OK,2024-11
CLM02608,PT00660,DR008,Dr. Anil Joshi,Emergency,Nationalinsurance,103512.62,80582.2,2024-08-10,2024-08-20,10.0,Approved,nan,OK,2024-08
CLM02609,PT00999,DR001,Dr. Priya Nair,Cardiology,Hdfcergo,98303.05,91925.27,2024-06-26,2024-10-18,114.0,Approved,nan,OK,2024-06
CLM02610,PT00521,DR005,Dr. Sunita Kulkarni,General Medicine,Bajajallianz,12412.17,0.0,2024-03-31,,,Rejected,Patient details mismatch,OK,2024-03
CLM02611,PT01137,DR010,Dr. Rohit Verma,Orthopedics,Starhealth,133622.88,129630.82,2024-06-07,2024-07-05,28.0,Approved,nan,OK,2024-06
CLM02612,PT00813,DR001,Dr. Priya Nair,Cardiology,Nationalinsurance,99043.23,0.0,2024-01-25,,,Rejected,Duplicate claim,OK,2024-01
CLM02613,PT00713,DR005,Dr. Sunita Kulkarni,General Medicine,Starhealth,82788.07,70865.85,2024-03-15,2024-05-25,71.0,Approved,nan,OK,2024-03
CLM02614,PT01126,DR003,Dr. Aarti Deshmukh,Neurology,Hdfcergo,30015.86,24864.93,2024-01-25,2024-03-03,38.0,Approved,nan,OK,2024-01
CLM02615,PT00636,DR003,Dr. Aarti Deshmukh,Neurology,Nationalinsurance,5423.69,4809.33,2024-04-30,2024-06-22,53.0,Approved,nan,OK,2024-04
CLM02616,PT01516,DR004,Dr. Rajan Mehta,Oncology,Starhealth,132815.16,103647.57,2024-12-10,2025-03-26,106.0,Approved,nan,OK,2024-12
CLM02617,PT00487,DR009,Dr. Meera Pillai,Cardiology,Unitedhealthindia,103126.84,0.0,2024-12-14,,,Rejected,Policy lapsed,OK,2024-12
CLM02618,PT00955,DR009,Dr. Meera Pillai,Cardiology,Unitedhealthindia,107432.47,93523.8,2024-11-27,2024-12-09,12.0,Approved,nan,OK,2024-11
CLM02619,PT01432,DR002,Dr. Suresh Patil,Orthopedics,Starhealth,145145.92,124596.94,2024-01-05,2024-02-15,41.0,Approved,nan,OK,2024-01
CLM02620,PT01340,DR009,Dr. Meera Pillai,Cardiology,Unitedhealthindia,51492.95,0.0,2024-04-02,,,Rejected,Pre-authorization missing,OK,2024-04
CLM02621,PT01600,DR010,Dr. Rohit Verma,Orthopedics,Starhealth,95221.29,77594.44,2024-11-25,2025-01-17,53.0,Approved,nan,OK,2024-11
CLM02622,PT00705,DR006,Dr. Kavya Iyer,Pediatrics,Hdfcergo,124291.88,106511.49,2024-11-03,2024-11-20,17.0,Approved,nan,OK,2024-11
CLM02623,PT00239,DR009,Dr. Meera Pillai,Cardiology,Unitedhealthindia,65214.68,52832.33,2024-03-13,2024-05-04,52.0,Approved,nan,OK,2024-03
CLM02624,PT01699,DR007,Dr. Deepak Sharma,Gynecology,Hdfcergo,83865.91,73265.65,2024-01-13,2024-03-18,65.0,Approved,nan,OK,2024-01
CLM02625,PT00979,DR005,Dr. Sunita Kulkarni,General Medicine,Starhealth,29051.62,26547.93,2024-03-12,2024-06-18,98.0,Approved,nan,OK,2024-03
CLM02626,PT00141,DR005,Dr. Sunita Kulkarni,General Medicine,Bajajallianz,119181.54,102027.23,2024-07-14,2024-10-22,100.0,Approved,nan,OK,2024-07
CLM02627,PT00147,DR008,Dr. Anil Joshi,Emergency,Hdfcergo,117974.62,106950.17,2024-12-16,2025-01-05,20.0,Approved,nan,OK,2024-12
CLM02628,PT01231,DR007,Dr. Deepak Sharma,Gynecology,Unitedhealthindia,111882.68,95538.25,2024-04-16,2024-06-23,68.0,Approved,nan,OK,2024-04
CLM02629,PT01104,DR010,Dr. Rohit Verma,Orthopedics,Hdfcergo,91007.51,73180.29,2024-09-04,2024-11-20,77.0,Approved,nan,OK,2024-09
CLM02630,PT00570,DR009,Dr. Meera Pillai,Cardiology,Nationalinsurance,75531.1,60950.53,2024-11-04,2025-02-12,100.0,Approved,nan,OK,2024-11
CLM02631,PT01181,DR003,Dr. Aarti Deshmukh,Neurology,Nationalinsurance,118022.33,106038.91,2024-12-27,2025-03-28,91.0,Approved,nan,OK,2024-12
CLM02632,PT00676,DR010,Dr. Rohit Verma,Orthopedics,Nationalinsurance,45623.13,34786.26,2024-01-23,2024-05-04,102.0,Approved,nan,OK,2024-01
CLM02633,PT01113,DR008,Dr. Anil Joshi,Emergency,Nationalinsurance,23600.96,0.0,2024-03-21,,,Rejected,Wrong diagnosis code,OK,2024-03
CLM02634,PT00915,DR010,Dr. Rohit Verma,Orthopedics,Hdfcergo,99540.53,85808.9,2024-09-02,2024-11-26,85.0,Approved,nan,OK,2024-09
CLM02635,PT00517,DR010,Dr. Rohit Verma,Orthopedics,Hdfcergo,134686.55,122035.51,2024-10-24,2024-11-07,14.0,Approved,nan,OK,2024-10
CLM02636,PT01005,DR002,Dr. Suresh Patil,Orthopedics,Starhealth,45478.11,45339.91,2024-07-28,2024-09-18,52.0,Approved,nan,OK,2024-07
CLM02637,PT01358,DR002,Dr. Suresh Patil,Orthopedics,Starhealth,67736.94,64363.45,2024-09-09,2025-01-03,116.0,Approved,nan,OK,2024-09
CLM02638,PT00499,DR002,Dr. Suresh Patil,Orthopedics,Hdfcergo,34016.86,29433.07,2024-02-18,2024-04-11,53.0,Approved,nan,OK,2024-02
CLM02639,PT01776,DR007,Dr. Deepak Sharma,Gynecology,Starhealth,65690.1,52846.35,2024-06-05,2024-08-22,78.0,Approved,nan,OK,2024-06
CLM02640,PT00433,DR009,Dr. Meera Pillai,Cardiology,Unitedhealthindia,98999.19,0.0,2024-10-26,,,Rejected,Service not covered,OK,2024-10
CLM02641,PT01687,DR001,Dr. Priya Nair,Cardiology,Hdfcergo,16144.66,15318.64,2024-09-09,2024-12-14,96.0,Approved,nan,OK,2024-09
CLM02642,PT01416,DR004,Dr. Rajan Mehta,Oncology,Hdfcergo,138533.86,0.0,2024-05-03,,,Rejected,Incomplete documents,OK,2024-05
CLM02643,PT00636,DR010,Dr. Rohit Verma,Orthopedics,Starhealth,40187.53,33729.97,2024-12-10,2025-01-23,44.0,Approved,nan,OK,2024-12
CLM02644,PT00700,DR007,Dr. Deepak Sharma,Gynecology,Nationalinsurance,103611.96,99230.86,2024-10-27,2024-11-22,26.0,Approved,nan,OK,2024-10
CLM02645,PT01237,DR003,Dr. Aarti Deshmukh,Neurology,Nationalinsurance,137062.53,0.0,2024-06-24,,,Rejected,Late submission,OK,2024-06
CLM02646,PT00661,DR009,Dr. Meera Pillai,Cardiology,Starhealth,96255.79,93070.84,2024-05-10,2024-06-08,29.0,Approved,nan,OK,2024-05
CLM02647,PT00374,DR004,Dr. Rajan Mehta,Oncology,Hdfcergo,122609.22,104069.63,2024-03-03,2024-05-22,80.0,Approved,nan,OK,2024-03
CLM02649,PT00964,DR010,Dr. Rohit Verma,Orthopedics,Hdfcergo,80590.88,72970.25,2024-06-21,2024-09-19,90.0,Approved,nan,OK,2024-06
CLM02650,PT01807,DR010,Dr. Rohit Verma,Orthopedics,Unitedhealthindia,72398.02,67499.93,2024-11-18,2025-02-04,78.0,Approved,nan,OK,2024-11
CLM02651,PT01439,DR002,Dr. Suresh Patil,Orthopedics,Hdfcergo,75101.0,74081.66,2024-04-06,2024-04-24,18.0,Approved,nan,OK,2024-04
CLM02652,PT00423,DR004,Dr. Rajan Mehta,Oncology,Unitedhealthindia,73217.94,63667.01,2024-08-07,2024-08-31,24.0,Approved,nan,OK,2024-08
CLM02653,PT01997,DR001,Dr. Priya Nair,Cardiology,Nationalinsurance,49316.34,0.0,2024-11-29,,,Rejected,Service not covered,OK,2024-11
CLM02654,PT01264,DR009,Dr. Meera Pillai,Cardiology,Nationalinsurance,122559.97,119874.76,2024-02-01,2024-03-02,30.0,Approved,nan,OK,2024-02
CLM02655,PT00030,DR002,Dr. Suresh Patil,Orthopedics,Unitedhealthindia,19482.32,15430.95,2024-06-07,2024-09-19,104.0,Approved,nan,OK,2024-06
CLM02656,PT01371,DR001,Dr. Priya Nair,Cardiology,Nationalinsurance,105503.45,99013.34,2024-05-05,2024-05-12,7.0,Approved,nan,OK,2024-05
CLM02657,PT01437,DR002,Dr. Suresh Patil,Orthopedics,Starhealth,101904.61,78087.61,2024-09-20,2024-11-09,50.0,Approved,nan,OK,2024-09
CLM02658,PT01180,DR005,Dr. Sunita Kulkarni,General Medicine,Starhealth,49794.75,44057.79,2024-06-28,2024-10-03,97.0,Approved,nan,OK,2024-06
CLM02659,PT00638,DR003,Dr. Aarti Deshmukh,Neurology,Bajajallianz,126621.75,114706.3,2024-02-17,2024-04-29,72.0,Approved,nan,OK,2024-02
CLM02660,PT01367,DR002,Dr. Suresh Patil,Orthopedics,Starhealth,98235.62,88817.35,2024-06-11,2024-07-11,30.0,Approved,nan,OK,2024-06
CLM02661,PT01299,DR003,Dr. Aarti Deshmukh,Neurology,Nationalinsurance,74641.31,66861.56,2024-12-30,2025-03-01,61.0,Approved,nan,OK,2024-12
CLM02662,PT00479,DR004,Dr. Rajan Mehta,Oncology,Unitedhealthindia,60639.89,0.0,2024-10-18,,,Rejected,Wrong diagnosis code,OK,2024-10
CLM02663,PT01247,DR001,Dr. Priya Nair,Cardiology,Unitedhealthindia,119992.18,0.0,2024-06-05,,,Rejected,Service not covered,OK,2024-06
CLM02664,PT01050,DR004,Dr. Rajan Mehta,Oncology,Bajajallianz,64466.17,59220.97,2024-04-13,2024-06-27,75.0,Approved,nan,OK,2024-04
CLM02665,PT00968,DR006,Dr. Kavya Iyer,Pediatrics,Starhealth,141165.27,137725.42,2024-09-26,2024-11-04,39.0,Approved,nan,OK,2024-09
CLM02666,PT00742,DR005,Dr. Sunita Kulkarni,General Medicine,Nationalinsurance,46220.43,0.0,2024-10-14,,,Rejected,Service not covered,OK,2024-10
CLM02667,PT00419,DR006,Dr. Kavya Iyer,Pediatrics,Starhealth,88754.57,83409.73,2024-06-26,2024-09-12,78.0,Approved,nan,OK,2024-06
CLM02668,PT00765,DR010,Dr. Rohit Verma,Orthopedics,Bajajallianz,132475.0,128024.79,2024-09-02,2024-10-10,38.0,Approved,nan,OK,2024-09
CLM02669,PT01967,DR007,Dr. Deepak Sharma,Gynecology,Bajajallianz,52380.08,50278.42,2024-06-14,2024-08-20,67.0,Approved,nan,OK,2024-06
CLM02670,PT01644,DR009,Dr. Meera Pillai,Cardiology,Unitedhealthindia,34204.33,32478.46,2024-01-20,2024-03-10,50.0,Approved,nan,OK,2024-01
CLM02671,PT00435,DR005,Dr. Sunita Kulkarni,General Medicine,Bajajallianz,112237.92,102893.05,2024-11-08,2025-01-20,73.0,Approved,nan,OK,2024-11
CLM02672,PT01252,DR010,Dr. Rohit Verma,Orthopedics,Bajajallianz,71262.85,61599.18,2024-07-28,2024-11-21,116.0,Approved,nan,OK,2024-07
CLM02673,PT01752,DR007,Dr. Deepak Sharma,Gynecology,Unitedhealthindia,12466.09,12179.95,2024-05-13,2024-05-30,17.0,Approved,nan,OK,2024-05
CLM02674,PT00534,DR008,Dr. Anil Joshi,Emergency,Starhealth,53824.74,46004.43,2024-09-02,2024-12-11,100.0,Approved,nan,OK,2024-09
CLM02675,PT01491,DR009,Dr. Meera Pillai,Cardiology,Hdfcergo,141834.0,123799.62,2024-12-17,2025-01-30,44.0,Approved,nan,OK,2024-12
CLM02676,PT00419,DR005,Dr. Sunita Kulkarni,General Medicine,Nationalinsurance,145600.23,132483.88,2024-07-07,2024-09-07,62.0,Approved,nan,OK,2024-07
CLM02677,PT01898,DR005,Dr. Sunita Kulkarni,General Medicine,Bajajallianz,115122.97,108835.52,2024-01-09,2024-03-08,59.0,Approved,nan,OK,2024-01
CLM02678,PT00993,DR006,Dr. Kavya Iyer,Pediatrics,Bajajallianz,11606.37,9471.65,2024-12-30,2025-01-28,29.0,Approved,nan,OK,2024-12
CLM02679,PT01440,DR009,Dr. Meera Pillai,Cardiology,Unitedhealthindia,29333.7,22912.35,2024-06-18,2024-06-29,11.0,Approved,nan,OK,2024-06
CLM02680,PT01398,DR004,Dr. Rajan Mehta,Oncology,Unitedhealthindia,51940.29,44510.65,2024-12-27,2025-01-25,29.0,Approved,nan,OK,2024-12
CLM02681,PT01618,DR002,Dr. Suresh Patil,Orthopedics,Hdfcergo,115285.72,94751.09,2024-05-07,2024-06-14,38.0,Approved,nan,OK,2024-05
CLM02682,PT00107,DR007,Dr. Deepak Sharma,Gynecology,Nationalinsurance,51846.06,0.0,2024-06-28,,,Rejected,Wrong diagnosis code,OK,2024-06
CLM02683,PT00900,DR009,Dr. Meera Pillai,Cardiology,Unitedhealthindia,59719.01,0.0,2024-06-19,,,Rejected,Duplicate claim,OK,2024-06
CLM02684,PT01761,DR006,Dr. Kavya Iyer,Pediatrics,Nationalinsurance,136449.93,114286.3,2024-12-28,2025-02-21,55.0,Approved,nan,OK,2024-12
CLM02685,PT00671,DR007,Dr. Deepak Sharma,Gynecology,Nationalinsurance,12482.8,10035.02,2024-04-09,2024-05-24,45.0,Approved,nan,OK,2024-04
CLM02686,PT00826,DR009,Dr. Meera Pillai,Cardiology,Unitedhealthindia,59740.39,0.0,2024-05-05,,,Rejected,Wrong diagnosis code,OK,2024-05
CLM02687,PT00901,DR007,Dr. Deepak Sharma,Gynecology,Starhealth,74132.78,59673.94,2024-01-25,2024-02-16,22.0,Approved,nan,OK,2024-01
CLM02688,PT00945,DR008,Dr. Anil Joshi,Emergency,Hdfcergo,30093.6,25490.21,2024-07-30,2024-09-25,57.0,Approved,nan,OK,2024-07
CLM02689,PT01258,DR009,Dr. Meera Pillai,Cardiology,Unitedhealthindia,75815.82,0.0,2024-09-10,,,Rejected,Policy lapsed,OK,2024-09
CLM02690,PT01402,DR005,Dr. Sunita Kulkarni,General Medicine,Nationalinsurance,141437.61,110969.73,2024-09-14,2024-11-05,52.0,Approved,nan,OK,2024-09
CLM02691,PT00520,DR001,Dr. Priya Nair,Cardiology,Nationalinsurance,74048.74,64335.76,2024-08-26,2024-09-05,10.0,Approved,nan,OK,2024-08
CLM02692,PT00984,DR007,Dr. Deepak Sharma,Gynecology,Hdfcergo,56430.27,47270.68,2024-06-06,2024-07-21,45.0,Approved,nan,OK,2024-06
CLM02693,PT00426,DR004,Dr. Rajan Mehta,Oncology,Starhealth,95188.59,86701.33,2024-01-30,2024-02-11,12.0,Approved,nan,OK,2024-01
CLM02694,PT00838,DR006,Dr. Kavya Iyer,Pediatrics,Hdfcergo,56774.91,53153.6,2024-09-16,2024-12-24,99.0,Approved,nan,OK,2024-09
CLM02695,PT01640,DR006,Dr. Kavya Iyer,Pediatrics,Hdfcergo,57991.26,56741.38,2024-06-24,2024-10-19,117.0,Approved,nan,OK,2024-06
CLM02696,PT00066,DR001,Dr. Priya Nair,Cardiology,Starhealth,42733.12,38145.93,2024-01-15,2024-02-01,17.0,Approved,nan,OK,2024-01
CLM02697,PT01198,DR006,Dr. Kavya Iyer,Pediatrics,Hdfcergo,16280.51,14643.72,2024-11-03,2025-01-21,79.0,Approved,nan,OK,2024-11
CLM02698,PT00165,DR002,Dr. Suresh Patil,Orthopedics,Unitedhealthindia,19761.34,18520.7,2024-06-11,2024-08-14,64.0,Approved,nan,OK,2024-06
CLM02699,PT00639,DR005,Dr. Sunita Kulkarni,General Medicine,Hdfcergo,70058.21,65926.79,2024-02-17,2024-04-16,59.0,Approved,nan,OK,2024-02
CLM02700,PT00946,DR010,Dr. Rohit Verma,Orthopedics,Hdfcergo,62984.82,60369.28,2024-11-29,2025-02-14,77.0,Approved,nan,OK,2024-11
CLM02701,PT00764,DR003,Dr. Aarti Deshmukh,Neurology,Bajajallianz,63596.83,47964.35,2024-11-03,2025-01-31,89.0,Approved,nan,OK,2024-11
CLM02702,PT00477,DR004,Dr. Rajan Mehta,Oncology,Starhealth,110849.27,96892.78,2024-10-21,2024-12-03,43.0,Approved,nan,OK,2024-10
CLM02703,PT01394,DR004,Dr. Rajan Mehta,Oncology,Unitedhealthindia,82579.34,63319.47,2024-03-30,2024-04-13,14.0,Approved,nan,OK,2024-03
CLM02704,PT00796,DR007,Dr. Deepak Sharma,Gynecology,Starhealth,49707.41,40308.19,2024-06-06,2024-08-22,77.0,Approved,nan,OK,2024-06
CLM02705,PT01517,DR009,Dr. Meera Pillai,Cardiology,Bajajallianz,29310.64,24199.2,2024-08-21,2024-09-13,23.0,Approved,nan,OK,2024-08
CLM02706,PT00212,DR001,Dr. Priya Nair,Cardiology,Nationalinsurance,137866.97,119973.59,2024-04-25,2024-05-30,35.0,Approved,nan,OK,2024-04
CLM02707,PT01532,DR007,Dr. Deepak Sharma,Gynecology,Hdfcergo,49963.6,38665.73,2024-09-11,2024-09-29,18.0,Approved,nan,OK,2024-09
CLM02708,PT01381,DR004,Dr. Rajan Mehta,Oncology,Starhealth,25496.37,20827.58,2024-09-20,2024-11-19,60.0,Approved,nan,OK,2024-09
CLM02709,PT00431,DR010,Dr. Rohit Verma,Orthopedics,Unitedhealthindia,117493.93,108498.78,2024-07-05,2024-09-12,69.0,Approved,nan,OK,2024-07
CLM02710,PT01653,DR010,Dr. Rohit Verma,Orthopedics,Starhealth,122282.66,118803.5,2024-09-24,2025-01-10,108.0,Approved,nan,OK,2024-09
CLM02711,PT01135,DR007,Dr. Deepak Sharma,Gynecology,Bajajallianz,57345.86,56958.79,2024-09-22,2024-10-13,21.0,Approved,nan,OK,2024-09
CLM02712,PT00441,DR009,Dr. Meera Pillai,Cardiology,Nationalinsurance,141657.29,117258.56,2024-02-19,2024-06-02,104.0,Approved,nan,OK,2024-02
CLM02713,PT01568,DR001,Dr. Priya Nair,Cardiology,Starhealth,148949.12,0.0,2024-09-29,,,Rejected,Late submission,OK,2024-09
CLM02714,PT01243,DR003,Dr. Aarti Deshmukh,Neurology,Bajajallianz,137635.55,133379.22,2024-02-22,2024-05-12,80.0,Approved,nan,OK,2024-02
CLM02715,PT01735,DR001,Dr. Priya Nair,Cardiology,Unitedhealthindia,111648.3,0.0,2024-02-22,,,Rejected,Incomplete documents,OK,2024-02
CLM02716,PT00179,DR005,Dr. Sunita Kulkarni,General Medicine,Hdfcergo,17777.56,0.0,2024-05-07,,,Rejected,Incomplete documents,OK,2024-05
CLM02717,PT00657,DR004,Dr. Rajan Mehta,Oncology,Starhealth,32522.35,28048.74,2024-06-06,2024-08-20,75.0,Approved,nan,OK,2024-06
CLM02718,PT01263,DR007,Dr. Deepak Sharma,Gynecology,Bajajallianz,94017.15,77866.46,2024-06-04,2024-08-08,65.0,Approved,nan,OK,2024-06
CLM02719,PT01535,DR005,Dr. Sunita Kulkarni,General Medicine,Bajajallianz,148253.23,0.0,2024-06-04,,,Rejected,Service not covered,OK,2024-06
CLM02720,PT01258,DR010,Dr. Rohit Verma,Orthopedics,Bajajallianz,54480.26,50182.26,2024-01-29,2024-04-24,86.0,Approved,nan,OK,2024-01
CLM02721,PT01991,DR002,Dr. Suresh Patil,Orthopedics,Hdfcergo,147419.34,114002.45,2024-07-13,2024-07-27,14.0,Approved,nan,OK,2024-07
CLM02722,PT01489,DR009,Dr. Meera Pillai,Cardiology,Nationalinsurance,28205.41,0.0,2024-05-08,,,Rejected,Wrong diagnosis code,OK,2024-05
CLM02723,PT01895,DR003,Dr. Aarti Deshmukh,Neurology,Nationalinsurance,104617.04,87769.5,2024-11-20,2025-02-16,88.0,Approved,nan,OK,2024-11
CLM02724,PT01267,DR010,Dr. Rohit Verma,Orthopedics,Hdfcergo,143417.5,130202.55,2024-01-16,2024-03-26,70.0,Approved,nan,OK,2024-01
CLM02725,PT00008,DR001,Dr. Priya Nair,Cardiology,Bajajallianz,87461.94,79462.34,2024-03-12,2024-06-08,88.0,Approved,nan,OK,2024-03
CLM02726,PT01285,DR008,Dr. Anil Joshi,Emergency,Starhealth,107001.58,81498.46,2024-03-21,2024-06-18,89.0,Approved,nan,OK,2024-03
CLM02727,PT00696,DR010,Dr. Rohit Verma,Orthopedics,Hdfcergo,111577.33,99206.22,2024-05-10,2024-06-01,22.0,Approved,nan,OK,2024-05
CLM02728,PT00382,DR001,Dr. Priya Nair,Cardiology,Bajajallianz,103149.26,98065.08,2024-09-19,2024-09-28,9.0,Approved,nan,OK,2024-09
CLM02729,PT01057,DR007,Dr. Deepak Sharma,Gynecology,Starhealth,121871.98,92277.8,2024-01-23,2024-05-10,108.0,Approved,nan,OK,2024-01
CLM02730,PT01604,DR006,Dr. Kavya Iyer,Pediatrics,Bajajallianz,133529.29,127007.84,2024-05-14,2024-08-17,95.0,Approved,nan,OK,2024-05
CLM02731,PT01187,DR001,Dr. Priya Nair,Cardiology,Bajajallianz,131240.58,122338.44,2024-11-20,2025-01-30,71.0,Approved,nan,OK,2024-11
CLM02732,PT00419,DR001,Dr. Priya Nair,Cardiology,Starhealth,135584.11,113701.48,2024-06-17,2024-10-05,110.0,Approved,nan,OK,2024-06
CLM02733,PT01042,DR009,Dr. Meera Pillai,Cardiology,Hdfcergo,110560.76,102192.88,2024-07-14,2024-10-07,85.0,Approved,nan,OK,2024-07
CLM02734,PT01350,DR001,Dr. Priya Nair,Cardiology,Hdfcergo,98837.38,74697.09,2024-03-11,2024-03-29,18.0,Approved,nan,OK,2024-03
CLM02735,PT01139,DR007,Dr. Deepak Sharma,Gynecology,Starhealth,138705.21,113637.51,2024-09-03,2024-12-15,103.0,Approved,nan,OK,2024-09
CLM02736,PT01261,DR001,Dr. Priya Nair,Cardiology,Nationalinsurance,78796.26,74067.07,2024-04-16,2024-07-25,100.0,Approved,nan,OK,2024-04
CLM02737,PT01568,DR006,Dr. Kavya Iyer,Pediatrics,Nationalinsurance,86217.33,0.0,2024-10-18,,,Rejected,Wrong diagnosis code,OK,2024-10
CLM02738,PT01657,DR010,Dr. Rohit Verma,Orthopedics,Starhealth,143769.81,112433.23,2024-04-29,2024-06-05,37.0,Approved,nan,OK,2024-04
CLM02739,PT00838,DR008,Dr. Anil Joshi,Emergency,Nationalinsurance,97742.68,78708.82,2024-10-15,2025-01-14,91.0,Approved,nan,OK,2024-10
CLM02740,PT00524,DR009,Dr. Meera Pillai,Cardiology,Unitedhealthindia,63581.76,59929.35,2024-11-16,2025-03-09,113.0,Approved,nan,OK,2024-11
CLM02741,PT01215,DR003,Dr. Aarti Deshmukh,Neurology,Bajajallianz,117273.26,93395.58,2024-12-05,2025-04-04,120.0,Approved,nan,OK,2024-12
CLM02742,PT01846,DR001,Dr. Priya Nair,Cardiology,Starhealth,81406.64,65322.08,2024-03-19,2024-05-20,62.0,Approved,nan,OK,2024-03
CLM02743,PT01490,DR005,Dr. Sunita Kulkarni,General Medicine,Hdfcergo,75318.98,65948.96,2024-07-28,2024-10-21,85.0,Approved,nan,OK,2024-07
CLM02744,PT00449,DR008,Dr. Anil Joshi,Emergency,Bajajallianz,111439.57,99594.7,2024-10-21,2024-12-09,49.0,Approved,nan,OK,2024-10
CLM02745,PT00167,DR008,Dr. Anil Joshi,Emergency,Bajajallianz,135097.35,112460.2,2024-12-16,2025-03-13,87.0,Approved,nan,OK,2024-12
CLM02746,PT00563,DR009,Dr. Meera Pillai,Cardiology,Hdfcergo,144978.36,111066.83,2024-02-14,2024-05-12,88.0,Approved,nan,OK,2024-02
CLM02747,PT01902,DR003,Dr. Aarti Deshmukh,Neurology,Hdfcergo,69345.61,63311.05,2024-03-02,2024-06-18,108.0,Approved,nan,OK,2024-03
CLM02748,PT00459,DR005,Dr. Sunita Kulkarni,General Medicine,Unitedhealthindia,63907.58,0.0,2024-06-11,,,Rejected,Incomplete documents,OK,2024-06
CLM02749,PT01253,DR007,Dr. Deepak Sharma,Gynecology,Hdfcergo,81761.32,76091.7,2024-08-06,2024-11-24,110.0,Approved,nan,OK,2024-08
CLM02750,PT01033,DR003,Dr. Aarti Deshmukh,Neurology,Starhealth,126085.18,120951.11,2024-07-21,2024-08-07,17.0,Approved,nan,OK,2024-07
CLM02751,PT01310,DR003,Dr. Aarti Deshmukh,Neurology,Nationalinsurance,138684.89,0.0,2024-03-15,,,Rejected,Late submission,OK,2024-03
CLM02752,PT01582,DR010,Dr. Rohit Verma,Orthopedics,Nationalinsurance,74541.62,66486.01,2024-07-29,2024-10-10,73.0,Approved,nan,OK,2024-07
CLM02753,PT01956,DR002,Dr. Suresh Patil,Orthopedics,Unitedhealthindia,145770.1,0.0,2024-05-20,,,Rejected,Duplicate claim,OK,2024-05
CLM02754,PT01718,DR006,Dr. Kavya Iyer,Pediatrics,Nationalinsurance,68601.87,66563.44,2024-05-03,2024-06-30,58.0,Approved,nan,OK,2024-05
CLM02755,PT00709,DR006,Dr. Kavya Iyer,Pediatrics,Bajajallianz,44522.02,39911.44,2024-01-09,2024-03-06,57.0,Approved,nan,OK,2024-01
CLM02756,PT00548,DR007,Dr. Deepak Sharma,Gynecology,Nationalinsurance,76887.03,72069.8,2024-01-25,2024-03-22,57.0,Approved,nan,OK,2024-01
CLM02757,PT01175,DR002,Dr. Suresh Patil,Orthopedics,Starhealth,91898.62,87786.42,2024-03-19,2024-05-09,51.0,Approved,nan,OK,2024-03
CLM02758,PT00315,DR009,Dr. Meera Pillai,Cardiology,Bajajallianz,111990.14,108615.85,2024-03-28,2024-05-19,52.0,Approved,nan,OK,2024-03
CLM02759,PT01330,DR004,Dr. Rajan Mehta,Oncology,Unitedhealthindia,40655.52,35105.93,2024-01-11,2024-05-08,118.0,Approved,nan,OK,2024-01
CLM02760,PT00792,DR003,Dr. Aarti Deshmukh,Neurology,Hdfcergo,42674.13,37101.88,2024-11-06,2025-01-17,72.0,Approved,nan,OK,2024-11
CLM02761,PT01150,DR010,Dr. Rohit Verma,Orthopedics,Starhealth,125522.48,118658.8,2024-06-24,2024-09-11,79.0,Approved,nan,OK,2024-06
CLM02762,PT00133,DR008,Dr. Anil Joshi,Emergency,Hdfcergo,59323.42,54541.75,2024-02-05,2024-03-18,42.0,Approved,nan,OK,2024-02
CLM02763,PT00339,DR006,Dr. Kavya Iyer,Pediatrics,Nationalinsurance,102466.73,92730.15,2024-08-07,2024-09-05,29.0,Approved,nan,OK,2024-08
CLM02764,PT01599,DR006,Dr. Kavya Iyer,Pediatrics,Unitedhealthindia,74000.97,61985.15,2024-08-13,2024-11-27,106.0,Approved,nan,OK,2024-08
CLM02765,PT00741,DR006,Dr. Kavya Iyer,Pediatrics,Bajajallianz,110166.21,102134.08,2024-05-14,2024-08-10,88.0,Approved,nan,OK,2024-05
CLM02766,PT01100,DR008,Dr. Anil Joshi,Emergency,Hdfcergo,19768.05,15689.51,2024-07-29,2024-08-23,25.0,Approved,nan,OK,2024-07
CLM02767,PT01255,DR001,Dr. Priya Nair,Cardiology,Hdfcergo,63712.72,61564.47,2024-12-21,2025-02-10,51.0,Approved,nan,OK,2024-12
CLM02768,PT00105,DR001,Dr. Priya Nair,Cardiology,Starhealth,22845.05,19774.35,2024-06-19,2024-10-13,116.0,Approved,nan,OK,2024-06
CLM02769,PT00493,DR002,Dr. Suresh Patil,Orthopedics,Bajajallianz,105663.99,88556.93,2024-09-04,2024-10-27,53.0,Approved,nan,OK,2024-09
CLM02770,PT00213,DR004,Dr. Rajan Mehta,Oncology,Bajajallianz,44202.71,34204.4,2024-11-20,2025-02-03,75.0,Approved,nan,OK,2024-11
CLM02771,PT01269,DR006,Dr. Kavya Iyer,Pediatrics,Nationalinsurance,39479.15,39150.86,2024-03-15,2024-05-05,51.0,Approved,nan,OK,2024-03
CLM02772,PT01193,DR006,Dr. Kavya Iyer,Pediatrics,Hdfcergo,113291.42,95224.99,2024-06-03,2024-08-13,71.0,Approved,nan,OK,2024-06
CLM02773,PT01613,DR009,Dr. Meera Pillai,Cardiology,Bajajallianz,96070.13,81912.87,2024-03-01,2024-04-07,37.0,Approved,nan,OK,2024-03
CLM02774,PT01307,DR005,Dr. Sunita Kulkarni,General Medicine,Hdfcergo,5272.74,4286.24,2024-01-10,2024-04-29,110.0,Approved,nan,OK,2024-01
CLM02775,PT00197,DR005,Dr. Sunita Kulkarni,General Medicine,Hdfcergo,102068.94,97134.85,2024-09-07,2024-12-11,95.0,Approved,nan,OK,2024-09
CLM02776,PT01462,DR006,Dr. Kavya Iyer,Pediatrics,Unitedhealthindia,54306.62,43672.73,2024-01-22,2024-03-05,43.0,Approved,nan,OK,2024-01
CLM02777,PT00946,DR001,Dr. Priya Nair,Cardiology,Nationalinsurance,93230.05,0.0,2024-07-17,,,Rejected,Wrong diagnosis code,OK,2024-07
CLM02778,PT01734,DR001,Dr. Priya Nair,Cardiology,Starhealth,68557.77,59302.68,2024-01-19,2024-05-06,108.0,Approved,nan,OK,2024-01
CLM02779,PT00886,DR010,Dr. Rohit Verma,Orthopedics,Nationalinsurance,141903.09,109899.22,2024-06-09,2024-09-14,97.0,Approved,nan,OK,2024-06
CLM02780,PT01660,DR004,Dr. Rajan Mehta,Oncology,Unitedhealthindia,116744.31,99285.32,2024-10-26,2024-12-03,38.0,Approved,nan,OK,2024-10
CLM02781,PT00492,DR006,Dr. Kavya Iyer,Pediatrics,Bajajallianz,106968.49,93304.6,2024-10-31,2025-01-04,65.0,Approved,nan,OK,2024-10
CLM02782,PT01596,DR002,Dr. Suresh Patil,Orthopedics,Nationalinsurance,38420.17,36050.43,2024-06-25,2024-09-18,85.0,Approved,nan,OK,2024-06
CLM02783,PT00959,DR005,Dr. Sunita Kulkarni,General Medicine,Nationalinsurance,76412.34,61640.13,2024-06-07,2024-08-04,58.0,Approved,nan,OK,2024-06
CLM02784,PT01459,DR010,Dr. Rohit Verma,Orthopedics,Hdfcergo,69036.27,56403.15,2024-02-02,2024-02-11,9.0,Approved,nan,OK,2024-02
CLM02785,PT01368,DR001,Dr. Priya Nair,Cardiology,Starhealth,137555.08,130835.26,2024-12-10,2025-03-26,106.0,Approved,nan,OK,2024-12
CLM02786,PT00315,DR007,Dr. Deepak Sharma,Gynecology,Starhealth,79481.59,79315.92,2024-06-24,2024-08-23,60.0,Approved,nan,OK,2024-06
CLM02787,PT01938,DR005,Dr. Sunita Kulkarni,General Medicine,Starhealth,25516.12,22473.9,2024-09-16,2024-11-16,61.0,Approved,nan,OK,2024-09
CLM02788,PT01377,DR003,Dr. Aarti Deshmukh,Neurology,Nationalinsurance,120530.76,0.0,2024-03-26,,,Rejected,Service not covered,OK,2024-03
CLM02789,PT01891,DR002,Dr. Suresh Patil,Orthopedics,Unitedhealthindia,75938.62,72256.14,2024-11-24,2024-12-19,25.0,Approved,nan,OK,2024-11
CLM02790,PT00808,DR006,Dr. Kavya Iyer,Pediatrics,Hdfcergo,144745.35,122220.89,2024-11-18,2025-01-11,54.0,Approved,nan,OK,2024-11
CLM02791,PT00650,DR005,Dr. Sunita Kulkarni,General Medicine,Bajajallianz,139057.48,132010.49,2024-02-26,2024-05-31,95.0,Approved,nan,OK,2024-02
CLM02792,PT00702,DR002,Dr. Suresh Patil,Orthopedics,Nationalinsurance,60396.75,0.0,2024-08-18,,,Rejected,Pre-authorization missing,OK,2024-08
CLM02793,PT01691,DR009,Dr. Meera Pillai,Cardiology,Starhealth,105052.43,103771.31,2024-04-20,2024-06-20,61.0,Approved,nan,OK,2024-04
CLM02794,PT01839,DR005,Dr. Sunita Kulkarni,General Medicine,Hdfcergo,141169.45,110626.7,2024-05-13,2024-05-23,10.0,Approved,nan,OK,2024-05
CLM02795,PT00407,DR004,Dr. Rajan Mehta,Oncology,Bajajallianz,43709.63,33998.36,2024-01-31,2024-04-03,63.0,Approved,nan,OK,2024-01
CLM02796,PT00401,DR001,Dr. Priya Nair,Cardiology,Unitedhealthindia,74844.08,64903.16,2024-07-21,2024-09-27,68.0,Approved,nan,OK,2024-07
CLM02797,PT01355,DR008,Dr. Anil Joshi,Emergency,Hdfcergo,20719.07,17948.06,2024-10-05,2024-10-30,25.0,Approved,nan,OK,2024-10
CLM02798,PT01340,DR008,Dr. Anil Joshi,Emergency,Starhealth,97293.75,85107.41,2024-04-04,2024-04-16,12.0,Approved,nan,OK,2024-04
CLM02799,PT01149,DR001,Dr. Priya Nair,Cardiology,Bajajallianz,19931.81,16056.92,2024-07-18,2024-08-22,35.0,Approved,nan,OK,2024-07
CLM02800,PT00610,DR006,Dr. Kavya Iyer,Pediatrics,Hdfcergo,42221.88,32818.94,2024-08-07,2024-10-31,85.0,Approved,nan,OK,2024-08
CLM02801,PT01403,DR004,Dr. Rajan Mehta,Oncology,Unitedhealthindia,103850.96,84383.39,2024-07-17,2024-11-03,109.0,Approved,nan,OK,2024-07
CLM02802,PT01538,DR008,Dr. Anil Joshi,Emergency,Starhealth,38272.87,35038.85,2024-03-07,2024-03-28,21.0,Approved,nan,OK,2024-03
CLM02803,PT00253,DR009,Dr. Meera Pillai,Cardiology,Starhealth,111921.98,86735.09,2024-07-10,2024-09-05,57.0,Approved,nan,OK,2024-07
CLM02804,PT01955,DR001,Dr. Priya Nair,Cardiology,Hdfcergo,45204.44,44326.04,2024-03-01,2024-03-16,15.0,Approved,nan,OK,2024-03
CLM02805,PT00284,DR006,Dr. Kavya Iyer,Pediatrics,Nationalinsurance,63221.72,0.0,2024-01-02,,,Rejected,Wrong diagnosis code,OK,2024-01
CLM02806,PT01128,DR009,Dr. Meera Pillai,Cardiology,Hdfcergo,58191.57,45703.14,2024-05-21,2024-09-12,114.0,Approved,nan,OK,2024-05
CLM02807,PT00754,DR009,Dr. Meera Pillai,Cardiology,Nationalinsurance,114620.77,0.0,2024-06-01,,,Rejected,Wrong diagnosis code,OK,2024-06
CLM02808,PT01646,DR006,Dr. Kavya Iyer,Pediatrics,Starhealth,74602.61,62990.37,2024-06-22,2024-07-26,34.0,Approved,nan,OK,2024-06
CLM02809,PT01795,DR003,Dr. Aarti Deshmukh,Neurology,Starhealth,49117.44,43506.75,2024-02-15,2024-03-17,31.0,Approved,nan,OK,2024-02
CLM02810,PT01301,DR010,Dr. Rohit Verma,Orthopedics,Hdfcergo,87107.9,72710.59,2024-01-07,2024-04-20,104.0,Approved,nan,OK,2024-01
CLM02811,PT01010,DR002,Dr. Suresh Patil,Orthopedics,Hdfcergo,106392.54,0.0,2024-04-08,,,Rejected,Patient details mismatch,OK,2024-04
CLM02812,PT00622,DR002,Dr. Suresh Patil,Orthopedics,Nationalinsurance,41779.13,34780.7,2024-12-23,2025-02-18,57.0,Approved,nan,OK,2024-12
CLM02813,PT01293,DR009,Dr. Meera Pillai,Cardiology,Unitedhealthindia,51510.22,45826.27,2024-05-02,2024-05-23,21.0,Approved,nan,OK,2024-05
CLM02814,PT00937,DR008,Dr. Anil Joshi,Emergency,Hdfcergo,129367.75,104284.66,2024-01-05,2024-02-22,48.0,Approved,nan,OK,2024-01
CLM02815,PT01203,DR008,Dr. Anil Joshi,Emergency,Nationalinsurance,127199.99,119577.67,2024-11-23,2024-12-05,12.0,Approved,nan,OK,2024-11
CLM02816,PT00861,DR008,Dr. Anil Joshi,Emergency,Bajajallianz,137299.29,112037.15,2024-09-12,2025-01-08,118.0,Approved,nan,OK,2024-09
CLM02817,PT00576,DR009,Dr. Meera Pillai,Cardiology,Starhealth,90064.06,77427.83,2024-12-24,2025-04-12,109.0,Approved,nan,OK,2024-12
CLM02818,PT00706,DR007,Dr. Deepak Sharma,Gynecology,Starhealth,129184.63,98550.57,2024-05-28,2024-08-19,83.0,Approved,nan,OK,2024-05
CLM02819,PT01675,DR010,Dr. Rohit Verma,Orthopedics,Bajajallianz,121398.21,94241.01,2024-07-30,2024-08-12,13.0,Approved,nan,OK,2024-07
CLM02820,PT00629,DR008,Dr. Anil Joshi,Emergency,Bajajallianz,47039.85,40705.17,2024-06-28,2024-09-08,72.0,Approved,nan,OK,2024-06
CLM02821,PT01400,DR010,Dr. Rohit Verma,Orthopedics,Nationalinsurance,47926.28,0.0,2024-06-21,,,Rejected,Pre-authorization missing,OK,2024-06
CLM02822,PT00529,DR007,Dr. Deepak Sharma,Gynecology,Unitedhealthindia,129449.37,0.0,2024-08-01,,,Rejected,Patient details mismatch,OK,2024-08
CLM02823,PT01889,DR007,Dr. Deepak Sharma,Gynecology,Starhealth,36680.16,34679.15,2024-03-08,2024-05-14,67.0,Approved,nan,OK,2024-03
CLM02824,PT00903,DR008,Dr. Anil Joshi,Emergency,Hdfcergo,91440.79,0.0,2024-08-27,,,Rejected,Duplicate claim,OK,2024-08
CLM02825,PT00771,DR004,Dr. Rajan Mehta,Oncology,Hdfcergo,72923.2,69421.01,2024-04-04,2024-06-06,63.0,Approved,nan,OK,2024-04
CLM02826,PT00897,DR004,Dr. Rajan Mehta,Oncology,Bajajallianz,22864.39,18133.7,2024-10-10,2025-01-09,91.0,Approved,nan,OK,2024-10
CLM02827,PT01338,DR003,Dr. Aarti Deshmukh,Neurology,Bajajallianz,34248.85,33749.17,2024-04-28,2024-06-04,37.0,Approved,nan,OK,2024-04
CLM02828,PT01903,DR004,Dr. Rajan Mehta,Oncology,Bajajallianz,45588.83,43473.46,2024-01-12,2024-05-11,120.0,Approved,nan,OK,2024-01
CLM02829,PT01160,DR005,Dr. Sunita Kulkarni,General Medicine,Nationalinsurance,103607.39,86610.33,2024-01-02,2024-01-25,23.0,Approved,nan,OK,2024-01
CLM02830,PT00662,DR003,Dr. Aarti Deshmukh,Neurology,Unitedhealthindia,49300.48,39963.46,2024-03-10,2024-06-16,98.0,Approved,nan,OK,2024-03
CLM02831,PT01926,DR005,Dr. Sunita Kulkarni,General Medicine,Bajajallianz,82004.06,72403.6,2024-10-11,2025-01-25,106.0,Approved,nan,OK,2024-10
CLM02833,PT00910,DR007,Dr. Deepak Sharma,Gynecology,Bajajallianz,145740.33,110393.33,2024-07-05,2024-09-21,78.0,Approved,nan,OK,2024-07
CLM02834,PT01306,DR008,Dr. Anil Joshi,Emergency,Unitedhealthindia,62548.68,0.0,2024-12-13,,,Rejected,Duplicate claim,OK,2024-12
CLM02835,PT00511,DR002,Dr. Suresh Patil,Orthopedics,Hdfcergo,9956.49,9252.27,2024-02-17,2024-04-05,48.0,Approved,nan,OK,2024-02
CLM02836,PT01949,DR010,Dr. Rohit Verma,Orthopedics,Unitedhealthindia,100965.81,90007.49,2024-10-03,2025-01-17,106.0,Approved,nan,OK,2024-10
CLM02837,PT00416,DR002,Dr. Suresh Patil,Orthopedics,Bajajallianz,121208.62,115063.45,2024-06-07,2024-07-06,29.0,Approved,nan,OK,2024-06
CLM02838,PT01183,DR007,Dr. Deepak Sharma,Gynecology,Bajajallianz,48560.47,0.0,2024-08-06,,,Rejected,Duplicate claim,OK,2024-08
CLM02839,PT00965,DR001,Dr. Priya Nair,Cardiology,Starhealth,52006.3,0.0,2024-12-25,,,Rejected,Policy lapsed,OK,2024-12
CLM02840,PT00044,DR003,Dr. Aarti Deshmukh,Neurology,Nationalinsurance,110940.27,85486.94,2024-12-01,2025-03-31,120.0,Approved,nan,OK,2024-12
CLM02841,PT00137,DR007,Dr. Deepak Sharma,Gynecology,Bajajallianz,81824.96,79061.08,2024-11-13,2024-11-28,15.0,Approved,nan,OK,2024-11
CLM02842,PT00270,DR008,Dr. Anil Joshi,Emergency,Bajajallianz,99283.92,83287.09,2024-01-10,2024-03-08,58.0,Approved,nan,OK,2024-01
CLM02843,PT00350,DR001,Dr. Priya Nair,Cardiology,Nationalinsurance,130819.57,0.0,2024-07-22,,,Rejected,Incomplete documents,OK,2024-07
CLM02844,PT00387,DR004,Dr. Rajan Mehta,Oncology,Starhealth,88065.41,76912.17,2024-07-09,2024-08-15,37.0,Approved,nan,OK,2024-07
CLM02845,PT01320,DR001,Dr. Priya Nair,Cardiology,Hdfcergo,12101.28,10091.18,2024-02-15,2024-05-08,83.0,Approved,nan,OK,2024-02
CLM02846,PT00549,DR009,Dr. Meera Pillai,Cardiology,Bajajallianz,77524.3,67064.4,2024-02-21,2024-03-11,19.0,Approved,nan,OK,2024-02
CLM02847,PT01017,DR010,Dr. Rohit Verma,Orthopedics,Hdfcergo,102049.87,85476.91,2024-01-15,2024-04-04,80.0,Approved,nan,OK,2024-01
CLM02848,PT01126,DR006,Dr. Kavya Iyer,Pediatrics,Nationalinsurance,39549.87,0.0,2024-12-26,,,Rejected,Policy lapsed,OK,2024-12
CLM02849,PT01743,DR004,Dr. Rajan Mehta,Oncology,Hdfcergo,89896.13,87862.03,2024-09-15,2024-11-04,50.0,Approved,nan,OK,2024-09
CLM02850,PT01873,DR006,Dr. Kavya Iyer,Pediatrics,Starhealth,16212.17,14777.09,2024-04-18,2024-05-05,17.0,Approved,nan,OK,2024-04
CLM02851,PT01613,DR008,Dr. Anil Joshi,Emergency,Bajajallianz,125421.04,121006.58,2024-08-23,2024-12-09,108.0,Approved,nan,OK,2024-08
CLM02852,PT01661,DR008,Dr. Anil Joshi,Emergency,Nationalinsurance,89509.46,74870.79,2024-03-22,2024-04-08,17.0,Approved,nan,OK,2024-03
CLM02853,PT00365,DR005,Dr. Sunita Kulkarni,General Medicine,Unitedhealthindia,143108.1,115761.37,2024-08-28,2024-11-25,89.0,Approved,nan,OK,2024-08
CLM02854,PT01807,DR005,Dr. Sunita Kulkarni,General Medicine,Bajajallianz,32734.06,31779.39,2024-06-05,2024-09-30,117.0,Approved,nan,OK,2024-06
CLM02855,PT00338,DR010,Dr. Rohit Verma,Orthopedics,Hdfcergo,57475.96,48942.23,2024-02-26,2024-06-03,98.0,Approved,nan,OK,2024-02
CLM02856,PT01386,DR001,Dr. Priya Nair,Cardiology,Nationalinsurance,93940.58,0.0,2024-10-19,,,Rejected,Duplicate claim,OK,2024-10
CLM02857,PT00608,DR003,Dr. Aarti Deshmukh,Neurology,Bajajallianz,73280.54,66437.68,2024-08-02,2024-11-09,99.0,Approved,nan,OK,2024-08
CLM02858,PT00859,DR006,Dr. Kavya Iyer,Pediatrics,Hdfcergo,38067.91,36916.18,2024-07-31,2024-09-27,58.0,Approved,nan,OK,2024-07
CLM02859,PT00284,DR003,Dr. Aarti Deshmukh,Neurology,Bajajallianz,42946.36,34580.66,2024-03-19,2024-07-04,107.0,Approved,nan,OK,2024-03
CLM02860,PT01471,DR005,Dr. Sunita Kulkarni,General Medicine,Starhealth,137293.77,118991.17,2024-12-13,2025-01-02,20.0,Approved,nan,OK,2024-12
CLM02861,PT01679,DR003,Dr. Aarti Deshmukh,Neurology,Hdfcergo,50057.17,49556.62,2024-02-03,2024-03-23,49.0,Approved,nan,OK,2024-02
CLM02862,PT00024,DR002,Dr. Suresh Patil,Orthopedics,Unitedhealthindia,43554.81,35033.61,2024-11-08,2024-12-27,49.0,Approved,nan,OK,2024-11
CLM02863,PT01641,DR005,Dr. Sunita Kulkarni,General Medicine,Nationalinsurance,27897.62,26740.32,2024-10-02,2025-01-14,104.0,Approved,nan,OK,2024-10
CLM02864,PT00851,DR008,Dr. Anil Joshi,Emergency,Hdfcergo,120601.3,97964.32,2024-02-12,2024-05-05,83.0,Approved,nan,OK,2024-02
CLM02865,PT01870,DR003,Dr. Aarti Deshmukh,Neurology,Bajajallianz,72421.13,54507.72,2024-04-30,2024-08-07,99.0,Approved,nan,OK,2024-04
CLM02866,PT00078,DR001,Dr. Priya Nair,Cardiology,Hdfcergo,48589.03,46945.08,2024-08-20,2024-11-17,89.0,Approved,nan,OK,2024-08
CLM02867,PT00511,DR006,Dr. Kavya Iyer,Pediatrics,Bajajallianz,42672.1,35035.29,2024-01-27,2024-04-25,89.0,Approved,nan,OK,2024-01
CLM02868,PT00295,DR001,Dr. Priya Nair,Cardiology,Hdfcergo,69216.82,56543.9,2024-07-05,2024-09-23,80.0,Approved,nan,OK,2024-07
CLM02869,PT01401,DR010,Dr. Rohit Verma,Orthopedics,Hdfcergo,90184.9,72418.74,2024-05-21,2024-09-04,106.0,Approved,nan,OK,2024-05
CLM02870,PT01411,DR006,Dr. Kavya Iyer,Pediatrics,Nationalinsurance,79440.7,66221.25,2024-10-12,2024-11-13,32.0,Approved,nan,OK,2024-10
CLM02871,PT01827,DR004,Dr. Rajan Mehta,Oncology,Nationalinsurance,7855.6,0.0,2024-09-03,,,Rejected,Incomplete documents,OK,2024-09
CLM02872,PT00104,DR003,Dr. Aarti Deshmukh,Neurology,Nationalinsurance,66349.59,52292.22,2024-02-21,2024-06-04,104.0,Approved,nan,OK,2024-02
CLM02873,PT01104,DR006,Dr. Kavya Iyer,Pediatrics,Nationalinsurance,108614.01,0.0,2024-08-22,,,Rejected,Duplicate claim,OK,2024-08
CLM02874,PT00819,DR001,Dr. Priya Nair,Cardiology,Nationalinsurance,41038.03,39179.56,2024-03-08,2024-05-16,69.0,Approved,nan,OK,2024-03
CLM02875,PT01095,DR008,Dr. Anil Joshi,Emergency,Starhealth,121575.91,112404.97,2024-05-16,2024-06-26,41.0,Approved,nan,OK,2024-05
CLM02876,PT01383,DR005,Dr. Sunita Kulkarni,General Medicine,Bajajallianz,62024.19,0.0,2024-02-06,,,Rejected,Service not covered,OK,2024-02
CLM02877,PT00657,DR004,Dr. Rajan Mehta,Oncology,Unitedhealthindia,121113.74,114170.74,2024-01-19,2024-02-04,16.0,Approved,nan,OK,2024-01
CLM02878,PT01501,DR006,Dr. Kavya Iyer,Pediatrics,Starhealth,55648.0,46049.56,2024-04-24,2024-06-02,39.0,Approved,nan,OK,2024-04
CLM02879,PT01791,DR008,Dr. Anil Joshi,Emergency,Starhealth,53311.33,44169.22,2024-09-11,2024-11-20,70.0,Approved,nan,OK,2024-09
CLM02880,PT01634,DR004,Dr. Rajan Mehta,Oncology,Nationalinsurance,144024.9,143328.6,2024-11-19,2025-01-17,59.0,Approved,nan,OK,2024-11
CLM02881,PT01526,DR007,Dr. Deepak Sharma,Gynecology,Nationalinsurance,127579.5,123516.36,2024-02-08,2024-05-09,91.0,Approved,nan,OK,2024-02
CLM02882,PT00648,DR003,Dr. Aarti Deshmukh,Neurology,Starhealth,131730.12,129739.28,2024-01-01,2024-02-17,47.0,Approved,nan,OK,2024-01
CLM02883,PT01152,DR007,Dr. Deepak Sharma,Gynecology,Unitedhealthindia,122257.97,109899.11,2024-12-07,2025-02-10,65.0,Approved,nan,OK,2024-12
CLM02884,PT01419,DR007,Dr. Deepak Sharma,Gynecology,Starhealth,137371.07,0.0,2024-09-15,,,Rejected,Pre-authorization missing,OK,2024-09
CLM02885,PT01545,DR007,Dr. Deepak Sharma,Gynecology,Starhealth,128188.97,111703.62,2024-04-20,2024-07-01,72.0,Approved,nan,OK,2024-04
CLM02886,PT00425,DR001,Dr. Priya Nair,Cardiology,Bajajallianz,120891.06,102330.47,2024-07-19,2024-08-26,38.0,Approved,nan,OK,2024-07
CLM02887,PT00969,DR009,Dr. Meera Pillai,Cardiology,Bajajallianz,17846.27,15260.63,2024-12-16,2025-03-09,83.0,Approved,nan,OK,2024-12
CLM02888,PT01211,DR007,Dr. Deepak Sharma,Gynecology,Bajajallianz,149022.84,117739.67,2024-10-12,2024-12-19,68.0,Approved,nan,OK,2024-10
CLM02889,PT00320,DR008,Dr. Anil Joshi,Emergency,Nationalinsurance,124497.69,96867.29,2024-11-22,2025-02-22,92.0,Approved,nan,OK,2024-11
CLM02890,PT00396,DR008,Dr. Anil Joshi,Emergency,Nationalinsurance,55997.21,0.0,2024-05-24,,,Rejected,Duplicate claim,OK,2024-05
CLM02891,PT01093,DR004,Dr. Rajan Mehta,Oncology,Starhealth,116453.75,113085.56,2024-11-05,2025-02-17,104.0,Approved,nan,OK,2024-11
CLM02892,PT00212,DR005,Dr. Sunita Kulkarni,General Medicine,Bajajallianz,146656.66,125085.52,2024-11-07,2024-11-24,17.0,Approved,nan,OK,2024-11
CLM02893,PT01933,DR007,Dr. Deepak Sharma,Gynecology,Hdfcergo,81394.0,62436.89,2024-08-01,2024-10-18,78.0,Approved,nan,OK,2024-08
CLM02894,PT00871,DR005,Dr. Sunita Kulkarni,General Medicine,Bajajallianz,67510.56,64060.86,2024-06-28,2024-10-18,112.0,Approved,nan,OK,2024-06
CLM02895,PT01538,DR002,Dr. Suresh Patil,Orthopedics,Unitedhealthindia,12078.11,9691.2,2024-11-16,2024-12-11,25.0,Approved,nan,OK,2024-11
CLM02896,PT01710,DR006,Dr. Kavya Iyer,Pediatrics,Hdfcergo,53035.09,46004.3,2024-04-19,2024-06-26,68.0,Approved,nan,OK,2024-04
CLM02897,PT00204,DR007,Dr. Deepak Sharma,Gynecology,Hdfcergo,104689.36,99003.8,2024-09-03,2024-12-26,114.0,Approved,nan,OK,2024-09
CLM02898,PT01379,DR003,Dr. Aarti Deshmukh,Neurology,Starhealth,128556.52,98267.87,2024-03-14,2024-05-07,54.0,Approved,nan,OK,2024-03
CLM02899,PT01348,DR001,Dr. Priya Nair,Cardiology,Bajajallianz,47889.17,44828.76,2024-01-17,2024-01-28,11.0,Approved,nan,OK,2024-01
CLM02900,PT00428,DR010,Dr. Rohit Verma,Orthopedics,Hdfcergo,63211.93,55468.5,2024-08-22,2024-09-15,24.0,Approved,nan,OK,2024-08
CLM02901,PT00415,DR005,Dr. Sunita Kulkarni,General Medicine,Nationalinsurance,81292.03,0.0,2024-12-09,,,Rejected,Pre-authorization missing,OK,2024-12
CLM02902,PT01260,DR005,Dr. Sunita Kulkarni,General Medicine,Unitedhealthindia,140841.57,139914.07,2024-01-10,2024-02-21,42.0,Approved,nan,OK,2024-01
CLM02903,PT01319,DR007,Dr. Deepak Sharma,Gynecology,Bajajallianz,148603.6,117122.07,2024-07-30,2024-10-24,86.0,Approved,nan,OK,2024-07
CLM02904,PT01241,DR007,Dr. Deepak Sharma,Gynecology,Nationalinsurance,26064.46,21681.11,2024-03-20,2024-05-17,58.0,Approved,nan,OK,2024-03
CLM02905,PT00266,DR004,Dr. Rajan Mehta,Oncology,Bajajallianz,10648.18,9188.34,2024-07-14,2024-11-06,115.0,Approved,nan,OK,2024-07
CLM02906,PT01351,DR006,Dr. Kavya Iyer,Pediatrics,Unitedhealthindia,86759.99,67288.64,2024-01-23,2024-04-05,73.0,Approved,nan,OK,2024-01
CLM02907,PT01808,DR001,Dr. Priya Nair,Cardiology,Bajajallianz,15070.21,13976.26,2024-07-25,2024-11-11,109.0,Approved,nan,OK,2024-07
CLM02908,PT01000,DR009,Dr. Meera Pillai,Cardiology,Unitedhealthindia,47617.37,43024.81,2024-05-21,2024-08-10,81.0,Approved,nan,OK,2024-05
CLM02909,PT00669,DR003,Dr. Aarti Deshmukh,Neurology,Hdfcergo,61681.67,58756.63,2024-06-14,2024-10-08,116.0,Approved,nan,OK,2024-06
CLM02910,PT00297,DR003,Dr. Aarti Deshmukh,Neurology,Bajajallianz,105641.56,93604.23,2024-03-17,2024-05-13,57.0,Approved,nan,OK,2024-03
CLM02911,PT00481,DR008,Dr. Anil Joshi,Emergency,Starhealth,48529.5,37290.96,2024-01-22,2024-05-14,113.0,Approved,nan,OK,2024-01
CLM02912,PT00313,DR007,Dr. Deepak Sharma,Gynecology,Hdfcergo,96538.28,91421.42,2024-03-03,2024-05-26,84.0,Approved,nan,OK,2024-03
CLM02913,PT00785,DR002,Dr. Suresh Patil,Orthopedics,Starhealth,43235.67,38564.71,2024-02-17,2024-05-29,102.0,Approved,nan,OK,2024-02
CLM02914,PT01638,DR010,Dr. Rohit Verma,Orthopedics,Nationalinsurance,111377.47,102370.97,2024-07-12,2024-08-06,25.0,Approved,nan,OK,2024-07
CLM02915,PT01131,DR004,Dr. Rajan Mehta,Oncology,Bajajallianz,14191.63,10922.2,2024-01-24,2024-02-11,18.0,Approved,nan,OK,2024-01
CLM02916,PT01934,DR009,Dr. Meera Pillai,Cardiology,Starhealth,50247.32,46446.21,2024-06-24,2024-07-30,36.0,Approved,nan,OK,2024-06
CLM02917,PT01203,DR001,Dr. Priya Nair,Cardiology,Bajajallianz,50213.77,42858.34,2024-01-20,2024-04-09,80.0,Approved,nan,OK,2024-01
CLM02918,PT01849,DR007,Dr. Deepak Sharma,Gynecology,Hdfcergo,19512.69,16872.48,2024-12-04,2025-01-07,34.0,Approved,nan,OK,2024-12
CLM02919,PT01654,DR006,Dr. Kavya Iyer,Pediatrics,Hdfcergo,44406.11,41792.48,2024-08-30,2024-11-03,65.0,Approved,nan,OK,2024-08
CLM02920,PT01620,DR001,Dr. Priya Nair,Cardiology,Hdfcergo,110218.37,106301.52,2024-01-14,2024-03-18,64.0,Approved,nan,OK,2024-01
CLM02921,PT01887,DR009,Dr. Meera Pillai,Cardiology,Hdfcergo,5537.94,4300.96,2024-04-27,2024-06-02,36.0,Approved,nan,OK,2024-04
CLM02922,PT00183,DR003,Dr. Aarti Deshmukh,Neurology,Hdfcergo,144703.41,0.0,2024-02-06,,,Rejected,Patient details mismatch,OK,2024-02
CLM02923,PT00924,DR006,Dr. Kavya Iyer,Pediatrics,Nationalinsurance,141343.96,107614.81,2024-12-25,2025-03-04,69.0,Approved,nan,OK,2024-12
CLM02924,PT01714,DR001,Dr. Priya Nair,Cardiology,Starhealth,8880.52,8090.17,2024-09-30,2024-11-13,44.0,Approved,nan,OK,2024-09
CLM02925,PT00812,DR001,Dr. Priya Nair,Cardiology,Hdfcergo,139998.04,0.0,2024-01-11,,,Rejected,Policy lapsed,OK,2024-01
CLM02926,PT00616,DR009,Dr. Meera Pillai,Cardiology,Hdfcergo,117360.12,103242.44,2024-11-21,2025-01-01,41.0,Approved,nan,OK,2024-11
CLM02928,PT00996,DR004,Dr. Rajan Mehta,Oncology,Hdfcergo,50413.8,48005.84,2024-06-07,2024-09-26,111.0,Approved,nan,OK,2024-06
CLM02929,PT00227,DR002,Dr. Suresh Patil,Orthopedics,Hdfcergo,20459.48,19600.94,2024-12-26,2025-01-06,11.0,Approved,nan,OK,2024-12
CLM02930,PT00549,DR005,Dr. Sunita Kulkarni,General Medicine,Bajajallianz,17489.0,15704.76,2024-07-01,2024-09-03,64.0,Approved,nan,OK,2024-07
CLM02931,PT01063,DR005,Dr. Sunita Kulkarni,General Medicine,Unitedhealthindia,110909.63,93552.98,2024-12-25,2025-01-21,27.0,Approved,nan,OK,2024-12
CLM02932,PT01393,DR001,Dr. Priya Nair,Cardiology,Nationalinsurance,110399.45,0.0,2024-07-03,,,Rejected,Pre-authorization missing,OK,2024-07
CLM02933,PT01423,DR010,Dr. Rohit Verma,Orthopedics,Unitedhealthindia,31116.29,26044.21,2024-11-16,2025-02-23,99.0,Approved,nan,OK,2024-11
CLM02934,PT00979,DR008,Dr. Anil Joshi,Emergency,Nationalinsurance,20046.02,0.0,2024-08-20,,,Rejected,Late submission,OK,2024-08
CLM02935,PT01038,DR008,Dr. Anil Joshi,Emergency,Nationalinsurance,139718.7,133144.49,2024-04-10,2024-07-31,112.0,Approved,nan,OK,2024-04
CLM02936,PT01987,DR004,Dr. Rajan Mehta,Oncology,Unitedhealthindia,27247.91,23079.12,2024-09-02,2024-11-06,65.0,Approved,nan,OK,2024-09
CLM02937,PT01896,DR004,Dr. Rajan Mehta,Oncology,Bajajallianz,88593.51,77111.9,2024-03-04,2024-05-27,84.0,Approved,nan,OK,2024-03
CLM02938,PT00749,DR006,Dr. Kavya Iyer,Pediatrics,Unitedhealthindia,97957.17,93665.58,2024-09-01,2024-11-06,66.0,Approved,nan,OK,2024-09
CLM02939,PT00796,DR003,Dr. Aarti Deshmukh,Neurology,Bajajallianz,8552.15,7605.62,2024-12-23,2025-01-23,31.0,Approved,nan,OK,2024-12
CLM02940,PT00620,DR007,Dr. Deepak Sharma,Gynecology,Nationalinsurance,123843.49,106748.77,2024-09-30,2024-10-20,20.0,Approved,nan,OK,2024-09
CLM02941,PT00672,DR006,Dr. Kavya Iyer,Pediatrics,Hdfcergo,5710.87,4622.0,2024-04-28,2024-07-28,91.0,Approved,nan,OK,2024-04
CLM02942,PT01484,DR009,Dr. Meera Pillai,Cardiology,Hdfcergo,62642.25,52652.63,2024-10-25,2024-11-17,23.0,Approved,nan,OK,2024-10
CLM02943,PT00049,DR010,Dr. Rohit Verma,Orthopedics,Nationalinsurance,61467.37,0.0,2024-01-28,,,Rejected,Wrong diagnosis code,OK,2024-01
CLM02944,PT01579,DR001,Dr. Priya Nair,Cardiology,Starhealth,123606.56,0.0,2024-08-05,,,Rejected,Wrong diagnosis code,OK,2024-08
CLM02946,PT01139,DR009,Dr. Meera Pillai,Cardiology,Nationalinsurance,99996.54,82571.03,2024-04-08,2024-06-02,55.0,Approved,nan,OK,2024-04
CLM02947,PT01407,DR009,Dr. Meera Pillai,Cardiology,Hdfcergo,74320.34,59791.67,2024-04-10,2024-04-24,14.0,Approved,nan,OK,2024-04
CLM02948,PT01385,DR008,Dr. Anil Joshi,Emergency,Nationalinsurance,96078.8,94606.13,2024-07-30,2024-09-15,47.0,Approved,nan,OK,2024-07
CLM02949,PT00148,DR009,Dr. Meera Pillai,Cardiology,Unitedhealthindia,24750.84,0.0,2024-03-12,,,Rejected,Duplicate claim,OK,2024-03
CLM02950,PT01684,DR005,Dr. Sunita Kulkarni,General Medicine,Starhealth,74700.38,67741.64,2024-02-02,2024-05-10,98.0,Approved,nan,OK,2024-02
CLM02951,PT00537,DR002,Dr. Suresh Patil,Orthopedics,Hdfcergo,93094.85,77195.74,2024-08-04,2024-10-30,87.0,Approved,nan,OK,2024-08
CLM02952,PT00890,DR005,Dr. Sunita Kulkarni,General Medicine,Starhealth,126307.17,112962.98,2024-03-16,2024-03-31,15.0,Approved,nan,OK,2024-03
CLM02953,PT00704,DR003,Dr. Aarti Deshmukh,Neurology,Unitedhealthindia,26631.82,25333.81,2024-11-21,2024-12-11,20.0,Approved,nan,OK,2024-11
CLM02954,PT01195,DR005,Dr. Sunita Kulkarni,General Medicine,Unitedhealthindia,127628.6,123164.02,2024-10-17,2024-11-16,30.0,Approved,nan,OK,2024-10
CLM02955,PT00527,DR005,Dr. Sunita Kulkarni,General Medicine,Bajajallianz,104150.15,84578.06,2024-05-22,2024-09-01,102.0,Approved,nan,OK,2024-05
CLM02956,PT00891,DR009,Dr. Meera Pillai,Cardiology,Starhealth,131455.69,0.0,2024-02-29,,,Rejected,Duplicate claim,OK,2024-02
CLM02957,PT01450,DR009,Dr. Meera Pillai,Cardiology,Starhealth,51468.81,49421.78,2024-09-12,2024-10-29,47.0,Approved,nan,OK,2024-09
CLM02958,PT01422,DR001,Dr. Priya Nair,Cardiology,Hdfcergo,106297.06,93824.34,2024-03-26,2024-06-19,85.0,Approved,nan,OK,2024-03
CLM02959,PT01410,DR003,Dr. Aarti Deshmukh,Neurology,Starhealth,108419.7,107165.18,2024-05-16,2024-07-21,66.0,Approved,nan,OK,2024-05
CLM02960,PT01980,DR007,Dr. Deepak Sharma,Gynecology,Hdfcergo,110102.66,91495.33,2024-04-20,2024-06-04,45.0,Approved,nan,OK,2024-04
CLM02961,PT00655,DR006,Dr. Kavya Iyer,Pediatrics,Unitedhealthindia,90468.4,72993.94,2024-09-07,2024-11-11,65.0,Approved,nan,OK,2024-09
CLM02962,PT01702,DR006,Dr. Kavya Iyer,Pediatrics,Hdfcergo,128643.66,98651.94,2024-06-10,2024-09-07,89.0,Approved,nan,OK,2024-06
CLM02963,PT01398,DR002,Dr. Suresh Patil,Orthopedics,Starhealth,14336.64,12155.73,2024-12-11,2025-02-14,65.0,Approved,nan,OK,2024-12
CLM02964,PT01969,DR006,Dr. Kavya Iyer,Pediatrics,Hdfcergo,143887.06,111658.98,2024-08-25,2024-09-21,27.0,Approved,nan,OK,2024-08
CLM02965,PT00329,DR004,Dr. Rajan Mehta,Oncology,Nationalinsurance,9441.24,7934.17,2024-01-08,2024-02-15,38.0,Approved,nan,OK,2024-01
CLM02966,PT01184,DR003,Dr. Aarti Deshmukh,Neurology,Bajajallianz,149162.81,129262.17,2024-10-13,2025-02-04,114.0,Approved,nan,OK,2024-10
CLM02967,PT00967,DR009,Dr. Meera Pillai,Cardiology,Unitedhealthindia,34394.8,27769.74,2024-03-28,2024-05-28,61.0,Approved,nan,OK,2024-03
CLM02968,PT00715,DR003,Dr. Aarti Deshmukh,Neurology,Nationalinsurance,5387.06,0.0,2024-03-09,,,Rejected,Policy lapsed,OK,2024-03
CLM02969,PT00963,DR005,Dr. Sunita Kulkarni,General Medicine,Starhealth,68343.76,63187.0,2024-03-23,2024-07-05,104.0,Approved,nan,OK,2024-03
CLM02970,PT00322,DR010,Dr. Rohit Verma,Orthopedics,Bajajallianz,56254.96,42465.24,2024-02-16,2024-04-09,53.0,Approved,nan,OK,2024-02
CLM02971,PT00622,DR009,Dr. Meera Pillai,Cardiology,Bajajallianz,107950.77,85629.74,2024-03-06,2024-06-09,95.0,Approved,nan,OK,2024-03
CLM02972,PT00926,DR003,Dr. Aarti Deshmukh,Neurology,Nationalinsurance,39890.93,0.0,2024-01-20,,,Rejected,Duplicate claim,OK,2024-01
CLM02973,PT01399,DR003,Dr. Aarti Deshmukh,Neurology,Bajajallianz,33636.25,26948.62,2024-08-21,2024-09-11,21.0,Approved,nan,OK,2024-08
CLM02974,PT01960,DR009,Dr. Meera Pillai,Cardiology,Starhealth,130347.98,120880.29,2024-02-27,2024-04-02,35.0,Approved,nan,OK,2024-02
CLM02975,PT01254,DR007,Dr. Deepak Sharma,Gynecology,Unitedhealthindia,73330.59,59557.81,2024-12-12,2025-04-07,116.0,Approved,nan,OK,2024-12
CLM02976,PT00132,DR001,Dr. Priya Nair,Cardiology,Hdfcergo,19440.58,16837.04,2024-07-19,2024-07-29,10.0,Approved,nan,OK,2024-07
CLM02977,PT00679,DR009,Dr. Meera Pillai,Cardiology,Starhealth,19478.59,16591.94,2024-12-01,2024-12-26,25.0,Approved,nan,OK,2024-12
CLM02979,PT01651,DR007,Dr. Deepak Sharma,Gynecology,Unitedhealthindia,88106.13,82176.76,2024-12-27,2025-04-11,105.0,Approved,nan,OK,2024-12
CLM02980,PT00679,DR006,Dr. Kavya Iyer,Pediatrics,Nationalinsurance,106228.98,0.0,2024-12-22,,,Rejected,Pre-authorization missing,OK,2024-12
CLM02981,PT00934,DR008,Dr. Anil Joshi,Emergency,Bajajallianz,39076.69,38633.63,2024-05-18,2024-09-10,115.0,Approved,nan,OK,2024-05
CLM02982,PT01922,DR006,Dr. Kavya Iyer,Pediatrics,Nationalinsurance,91393.09,70531.24,2024-01-24,2024-03-13,49.0,Approved,nan,OK,2024-01
CLM02983,PT01405,DR007,Dr. Deepak Sharma,Gynecology,Nationalinsurance,72135.99,63809.75,2024-12-26,2025-02-22,58.0,Approved,nan,OK,2024-12
CLM02984,PT01089,DR010,Dr. Rohit Verma,Orthopedics,Starhealth,145558.63,144242.81,2024-01-11,2024-04-29,109.0,Approved,nan,OK,2024-01
CLM02985,PT01448,DR010,Dr. Rohit Verma,Orthopedics,Hdfcergo,22071.27,20963.69,2024-10-05,2025-01-28,115.0,Approved,nan,OK,2024-10
CLM02986,PT01248,DR004,Dr. Rajan Mehta,Oncology,Bajajallianz,143805.36,135470.66,2024-06-17,2024-09-16,91.0,Approved,nan,OK,2024-06
CLM02987,PT00668,DR006,Dr. Kavya Iyer,Pediatrics,Unitedhealthindia,63980.95,57576.21,2024-06-13,2024-10-07,116.0,Approved,nan,OK,2024-06
CLM02988,PT01214,DR009,Dr. Meera Pillai,Cardiology,Nationalinsurance,7656.61,6637.78,2024-06-05,2024-06-30,25.0,Approved,nan,OK,2024-06
CLM02989,PT01399,DR002,Dr. Suresh Patil,Orthopedics,Starhealth,149611.45,148822.47,2024-01-01,2024-04-25,115.0,Approved,nan,OK,2024-01
CLM02990,PT01943,DR001,Dr. Priya Nair,Cardiology,Starhealth,132338.21,104808.12,2024-12-03,2024-12-24,21.0,Approved,nan,OK,2024-12
CLM02991,PT01219,DR007,Dr. Deepak Sharma,Gynecology,Starhealth,6125.55,5296.31,2024-09-20,2024-12-23,94.0,Approved,nan,OK,2024-09
CLM02992,PT01184,DR009,Dr. Meera Pillai,Cardiology,Unitedhealthindia,94527.01,0.0,2024-04-26,,,Rejected,Policy lapsed,OK,2024-04
CLM02993,PT01532,DR004,Dr. Rajan Mehta,Oncology,Unitedhealthindia,92623.2,89933.81,2024-11-23,2025-03-18,115.0,Approved,nan,OK,2024-11
CLM02994,PT01903,DR006,Dr. Kavya Iyer,Pediatrics,Hdfcergo,140580.98,129220.59,2024-04-22,2024-08-02,102.0,Approved,nan,OK,2024-04
CLM02995,PT01698,DR003,Dr. Aarti Deshmukh,Neurology,Unitedhealthindia,57996.79,51629.05,2024-11-25,2025-02-18,85.0,Approved,nan,OK,2024-11
CLM02996,PT01584,DR005,Dr. Sunita Kulkarni,General Medicine,Nationalinsurance,145527.4,117975.89,2024-08-27,2024-12-03,98.0,Approved,nan,OK,2024-08
CLM02997,PT00964,DR004,Dr. Rajan Mehta,Oncology,Hdfcergo,90170.9,81418.0,2024-11-11,2025-02-26,107.0,Approved,nan,OK,2024-11
CLM02998,PT00567,DR006,Dr. Kavya Iyer,Pediatrics,Hdfcergo,104178.7,100781.13,2024-11-24,2025-01-09,46.0,Approved,nan,OK,2024-11
CLM02999,PT00826,DR010,Dr. Rohit Verma,Orthopedics,Nationalinsurance,112853.51,106397.87,2024-03-10,2024-04-29,50.0,Approved,nan,OK,2024-03
CLM03000,PT01701,DR006,Dr. Kavya Iyer,Pediatrics,Unitedhealthindia,20823.15,0.0,2024-07-19,,,Rejected,Late submission,OK,2024-07
CLM03001,PT00429,DR010,Dr. Rohit Verma,Orthopedics,Unitedhealthindia,52761.52,50944.13,2024-11-16,2025-02-25,101.0,Approved,nan,OK,2024-11
CLM03002,PT01173,DR007,Dr. Deepak Sharma,Gynecology,Bajajallianz,78410.83,73634.2,2024-06-09,2024-09-10,93.0,Approved,nan,OK,2024-06
CLM03003,PT01131,DR002,Dr. Suresh Patil,Orthopedics,Hdfcergo,74157.94,59661.56,2024-06-07,2024-07-23,46.0,Approved,nan,OK,2024-06
CLM03004,PT00432,DR001,Dr. Priya Nair,Cardiology,Hdfcergo,99562.44,95584.85,2024-02-20,2024-04-26,66.0,Approved,nan,OK,2024-02
CLM03005,PT01305,DR004,Dr. Rajan Mehta,Oncology,Bajajallianz,100350.4,87604.13,2024-11-24,2025-02-07,75.0,Approved,nan,OK,2024-11
CLM03006,PT00405,DR009,Dr. Meera Pillai,Cardiology,Bajajallianz,45965.57,39171.86,2024-04-30,2024-07-21,82.0,Approved,nan,OK,2024-04
CLM03007,PT01397,DR001,Dr. Priya Nair,Cardiology,Nationalinsurance,37510.21,34541.06,2024-03-11,2024-05-07,57.0,Approved,nan,OK,2024-03
CLM03008,PT01423,DR006,Dr. Kavya Iyer,Pediatrics,Starhealth,46287.8,41592.31,2024-08-18,2024-08-31,13.0,Approved,nan,OK,2024-08
CLM03009,PT00988,DR008,Dr. Anil Joshi,Emergency,Starhealth,47342.78,35902.16,2024-11-09,2024-12-17,38.0,Approved,nan,OK,2024-11
CLM03010,PT00925,DR001,Dr. Priya Nair,Cardiology,Nationalinsurance,10328.44,0.0,2024-07-29,,,Rejected,Late submission,OK,2024-07
CLM03011,PT01920,DR006,Dr. Kavya Iyer,Pediatrics,Unitedhealthindia,44743.74,34801.2,2024-08-28,2024-09-24,27.0,Approved,nan,OK,2024-08
CLM03012,PT01223,DR002,Dr. Suresh Patil,Orthopedics,Nationalinsurance,74253.32,61721.73,2024-01-08,2024-03-11,63.0,Approved,nan,OK,2024-01
CLM03013,PT01781,DR003,Dr. Aarti Deshmukh,Neurology,Unitedhealthindia,99120.57,74994.99,2024-12-01,2025-01-26,56.0,Approved,nan,OK,2024-12
CLM03014,PT00509,DR001,Dr. Priya Nair,Cardiology,Bajajallianz,58791.87,49092.82,2024-06-14,2024-08-02,49.0,Approved,nan,OK,2024-06
CLM03015,PT00682,DR007,Dr. Deepak Sharma,Gynecology,Starhealth,77459.75,69824.45,2024-09-06,2024-12-08,93.0,Approved,nan,OK,2024-09
CLM03016,PT00281,DR008,Dr. Anil Joshi,Emergency,Hdfcergo,129384.73,116465.86,2024-04-08,2024-05-18,40.0,Approved,nan,OK,2024-04
CLM03017,PT00365,DR004,Dr. Rajan Mehta,Oncology,Hdfcergo,87006.94,83421.08,2024-12-04,2025-02-03,61.0,Approved,nan,OK,2024-12
CLM03018,PT01405,DR003,Dr. Aarti Deshmukh,Neurology,Nationalinsurance,13999.99,11680.05,2024-08-15,2024-08-24,9.0,Approved,nan,OK,2024-08
CLM03019,PT00885,DR008,Dr. Anil Joshi,Emergency,Starhealth,138064.6,126957.83,2024-02-04,2024-03-04,29.0,Approved,nan,OK,2024-02
CLM03020,PT00518,DR005,Dr. Sunita Kulkarni,General Medicine,Unitedhealthindia,9808.87,9549.05,2024-08-11,2024-09-01,21.0,Approved,nan,OK,2024-08
CLM03021,PT00397,DR004,Dr. Rajan Mehta,Oncology,Nationalinsurance,90284.1,69351.01,2024-11-21,2025-02-12,83.0,Approved,nan,OK,2024-11
CLM03022,PT01249,DR003,Dr. Aarti Deshmukh,Neurology,Starhealth,5354.45,4658.89,2024-06-21,2024-07-18,27.0,Approved,nan,OK,2024-06
CLM03023,PT01839,DR009,Dr. Meera Pillai,Cardiology,Nationalinsurance,133246.78,0.0,2024-09-18,,,Rejected,Policy lapsed,OK,2024-09
CLM03024,PT00111,DR006,Dr. Kavya Iyer,Pediatrics,Bajajallianz,94964.17,84078.28,2024-06-14,2024-10-12,120.0,Approved,nan,OK,2024-06
CLM03025,PT00298,DR001,Dr. Priya Nair,Cardiology,Hdfcergo,33059.77,29080.64,2024-03-22,2024-06-25,95.0,Approved,nan,OK,2024-03
CLM03026,PT00343,DR007,Dr. Deepak Sharma,Gynecology,Unitedhealthindia,85243.91,0.0,2024-05-29,,,Rejected,Patient details mismatch,OK,2024-05
CLM03027,PT01805,DR005,Dr. Sunita Kulkarni,General Medicine,Hdfcergo,64211.02,59276.57,2024-10-17,2024-10-26,9.0,Approved,nan,OK,2024-10
CLM03028,PT00902,DR003,Dr. Aarti Deshmukh,Neurology,Bajajallianz,137938.3,119352.22,2024-06-24,2024-08-27,64.0,Approved,nan,OK,2024-06
CLM03029,PT01122,DR009,Dr. Meera Pillai,Cardiology,Bajajallianz,7043.63,6513.73,2024-01-02,2024-02-12,41.0,Approved,nan,OK,2024-01
CLM03030,PT01777,DR001,Dr. Priya Nair,Cardiology,Hdfcergo,17529.54,15805.79,2024-11-10,2024-12-06,26.0,Approved,nan,OK,2024-11
CLM03031,PT01630,DR010,Dr. Rohit Verma,Orthopedics,Nationalinsurance,79334.18,73126.63,2024-03-16,2024-04-01,16.0,Approved,nan,OK,2024-03
CLM03032,PT00897,DR001,Dr. Priya Nair,Cardiology,Starhealth,54532.02,0.0,2024-09-09,,,Rejected,Patient details mismatch,OK,2024-09
CLM03033,PT01112,DR009,Dr. Meera Pillai,Cardiology,Starhealth,120260.28,119168.77,2024-02-08,2024-04-06,58.0,Approved,nan,OK,2024-02
CLM03034,PT01183,DR006,Dr. Kavya Iyer,Pediatrics,Starhealth,25930.06,25266.04,2024-10-25,2025-02-21,119.0,Approved,nan,OK,2024-10
CLM03035,PT01141,DR006,Dr. Kavya Iyer,Pediatrics,Nationalinsurance,147532.33,113718.14,2024-12-10,2025-02-06,58.0,Approved,nan,OK,2024-12
CLM03036,PT01264,DR009,Dr. Meera Pillai,Cardiology,Bajajallianz,85643.85,84165.68,2024-09-24,2024-10-16,22.0,Approved,nan,OK,2024-09
CLM03037,PT01404,DR007,Dr. Deepak Sharma,Gynecology,Hdfcergo,131472.28,99899.53,2024-02-22,2024-04-28,66.0,Approved,nan,OK,2024-02
CLM03038,PT01694,DR005,Dr. Sunita Kulkarni,General Medicine,Starhealth,46322.28,41087.54,2024-04-25,2024-06-18,54.0,Approved,nan,OK,2024-04
CLM03039,PT00311,DR005,Dr. Sunita Kulkarni,General Medicine,Hdfcergo,17069.44,13089.59,2024-01-28,2024-02-08,11.0,Approved,nan,OK,2024-01
CLM03040,PT01386,DR008,Dr. Anil Joshi,Emergency,Starhealth,123210.1,103561.81,2024-09-11,2024-12-19,99.0,Approved,nan,OK,2024-09
CLM03041,PT01363,DR005,Dr. Sunita Kulkarni,General Medicine,Unitedhealthindia,73665.53,66791.02,2024-12-17,2025-03-24,97.0,Approved,nan,OK,2024-12
CLM03042,PT01382,DR003,Dr. Aarti Deshmukh,Neurology,Unitedhealthindia,135676.93,122935.86,2024-08-28,2024-11-20,84.0,Approved,nan,OK,2024-08
CLM03043,PT01340,DR006,Dr. Kavya Iyer,Pediatrics,Nationalinsurance,130882.64,126533.02,2024-08-04,2024-10-07,64.0,Approved,nan,OK,2024-08
CLM03044,PT00710,DR003,Dr. Aarti Deshmukh,Neurology,Hdfcergo,101150.46,94626.15,2024-12-14,2025-03-16,92.0,Approved,nan,OK,2024-12
CLM03045,PT00583,DR002,Dr. Suresh Patil,Orthopedics,Bajajallianz,117891.24,89578.17,2024-04-18,2024-08-04,108.0,Approved,nan,OK,2024-04
CLM03046,PT01840,DR004,Dr. Rajan Mehta,Oncology,Nationalinsurance,71494.96,69142.74,2024-11-09,2025-02-25,108.0,Approved,nan,OK,2024-11
CLM03047,PT01580,DR010,Dr. Rohit Verma,Orthopedics,Hdfcergo,60001.47,58509.08,2024-02-28,2024-06-12,105.0,Approved,nan,OK,2024-02
CLM03048,PT01017,DR002,Dr. Suresh Patil,Orthopedics,Hdfcergo,48670.9,0.0,2024-12-02,,,Rejected,Incomplete documents,OK,2024-12
CLM03049,PT01043,DR002,Dr. Suresh Patil,Orthopedics,Bajajallianz,44566.17,0.0,2024-11-09,,,Rejected,Pre-authorization missing,OK,2024-11
CLM03050,PT00821,DR003,Dr. Aarti Deshmukh,Neurology,Bajajallianz,111498.35,90745.49,2024-12-11,2025-01-29,49.0,Approved,nan,OK,2024-12
CLM03051,PT00429,DR003,Dr. Aarti Deshmukh,Neurology,Bajajallianz,59213.38,58828.7,2024-05-04,2024-08-13,101.0,Approved,nan,OK,2024-05
CLM03052,PT01417,DR001,Dr. Priya Nair,Cardiology,Unitedhealthindia,58932.0,58374.5,2024-12-20,2025-01-28,39.0,Approved,nan,OK,2024-12
CLM03053,PT01135,DR006,Dr. Kavya Iyer,Pediatrics,Unitedhealthindia,37244.01,0.0,2024-03-25,,,Rejected,Incomplete documents,OK,2024-03
CLM03054,PT00430,DR001,Dr. Priya Nair,Cardiology,Hdfcergo,109865.89,101438.63,2024-04-11,2024-08-04,115.0,Approved,nan,OK,2024-04
CLM03056,PT00608,DR009,Dr. Meera Pillai,Cardiology,Nationalinsurance,124282.21,122021.21,2024-09-21,2025-01-07,108.0,Approved,nan,OK,2024-09
CLM03057,PT01984,DR002,Dr. Suresh Patil,Orthopedics,Bajajallianz,73219.65,68256.16,2024-12-15,2025-01-26,42.0,Approved,nan,OK,2024-12
CLM03058,PT01196,DR004,Dr. Rajan Mehta,Oncology,Hdfcergo,143969.55,141048.8,2024-09-03,2024-12-06,94.0,Approved,nan,OK,2024-09
CLM03059,PT00538,DR007,Dr. Deepak Sharma,Gynecology,Starhealth,71411.62,54405.29,2024-09-12,2024-10-23,41.0,Approved,nan,OK,2024-09
CLM03060,PT00371,DR007,Dr. Deepak Sharma,Gynecology,Hdfcergo,130319.51,114141.87,2024-08-07,2024-11-05,90.0,Approved,nan,OK,2024-08
CLM03061,PT00945,DR008,Dr. Anil Joshi,Emergency,Bajajallianz,47513.14,46129.05,2024-06-17,2024-09-29,104.0,Approved,nan,OK,2024-06
CLM03062,PT00237,DR010,Dr. Rohit Verma,Orthopedics,Nationalinsurance,109696.33,109249.9,2024-10-24,2024-12-23,60.0,Approved,nan,OK,2024-10
CLM03063,PT01972,DR010,Dr. Rohit Verma,Orthopedics,Hdfcergo,31389.28,31319.02,2024-08-20,2024-11-24,96.0,Approved,nan,OK,2024-08
CLM03064,PT01057,DR010,Dr. Rohit Verma,Orthopedics,Starhealth,21077.59,18590.36,2024-05-22,2024-09-06,107.0,Approved,nan,OK,2024-05
CLM03065,PT01615,DR006,Dr. Kavya Iyer,Pediatrics,Hdfcergo,22230.12,18948.9,2024-02-05,2024-05-24,109.0,Approved,nan,OK,2024-02
CLM03066,PT00492,DR001,Dr. Priya Nair,Cardiology,Hdfcergo,9092.32,7392.79,2024-08-02,2024-08-12,10.0,Approved,nan,OK,2024-08
CLM03067,PT00072,DR003,Dr. Aarti Deshmukh,Neurology,Nationalinsurance,70179.05,0.0,2024-06-02,,,Rejected,Pre-authorization missing,OK,2024-06
CLM03068,PT01656,DR008,Dr. Anil Joshi,Emergency,Starhealth,82849.88,68025.32,2024-11-21,2025-01-25,65.0,Approved,nan,OK,2024-11
CLM03069,PT00129,DR002,Dr. Suresh Patil,Orthopedics,Nationalinsurance,95703.78,72120.84,2024-04-17,2024-07-02,76.0,Approved,nan,OK,2024-04
CLM03070,PT01553,DR001,Dr. Priya Nair,Cardiology,Hdfcergo,65348.48,53893.02,2024-06-12,2024-09-06,86.0,Approved,nan,OK,2024-06
CLM03071,PT00475,DR006,Dr. Kavya Iyer,Pediatrics,Hdfcergo,52285.0,0.0,2024-05-31,,,Rejected,Pre-authorization missing,OK,2024-05
CLM03072,PT00361,DR006,Dr. Kavya Iyer,Pediatrics,Nationalinsurance,16023.84,14114.25,2024-03-28,2024-06-12,76.0,Approved,nan,OK,2024-03
CLM03073,PT00648,DR010,Dr. Rohit Verma,Orthopedics,Bajajallianz,61566.43,57890.6,2024-12-31,2025-01-29,29.0,Approved,nan,OK,2024-12
CLM03074,PT01722,DR009,Dr. Meera Pillai,Cardiology,Bajajallianz,70106.09,53358.73,2024-01-19,2024-02-05,17.0,Approved,nan,OK,2024-01
CLM03075,PT01264,DR009,Dr. Meera Pillai,Cardiology,Unitedhealthindia,130721.92,0.0,2024-08-23,,,Rejected,Service not covered,OK,2024-08
CLM03076,PT01777,DR007,Dr. Deepak Sharma,Gynecology,Hdfcergo,80828.37,69563.2,2024-05-30,2024-09-25,118.0,Approved,nan,OK,2024-05
CLM03077,PT01935,DR009,Dr. Meera Pillai,Cardiology,Bajajallianz,31992.13,29902.89,2024-03-14,2024-03-24,10.0,Approved,nan,OK,2024-03
CLM03078,PT01870,DR008,Dr. Anil Joshi,Emergency,Hdfcergo,86350.53,66489.77,2024-05-17,2024-08-27,102.0,Approved,nan,OK,2024-05
CLM03079,PT01688,DR004,Dr. Rajan Mehta,Oncology,Bajajallianz,97470.38,91485.51,2024-06-26,2024-09-22,88.0,Approved,nan,OK,2024-06
CLM03080,PT00871,DR003,Dr. Aarti Deshmukh,Neurology,Nationalinsurance,143335.77,138009.75,2024-03-07,2024-05-10,64.0,Approved,nan,OK,2024-03
CLM03081,PT00522,DR006,Dr. Kavya Iyer,Pediatrics,Nationalinsurance,54250.25,47059.6,2024-07-01,2024-07-15,14.0,Approved,nan,OK,2024-07
CLM03082,PT01303,DR003,Dr. Aarti Deshmukh,Neurology,Nationalinsurance,84858.87,64124.56,2024-08-17,2024-11-22,97.0,Approved,nan,OK,2024-08
CLM03083,PT01989,DR003,Dr. Aarti Deshmukh,Neurology,Bajajallianz,54616.53,48079.03,2024-05-28,2024-09-04,99.0,Approved,nan,OK,2024-05
CLM03084,PT01630,DR008,Dr. Anil Joshi,Emergency,Hdfcergo,99139.66,84654.59,2024-05-30,2024-08-16,78.0,Approved,nan,OK,2024-05
CLM03085,PT01196,DR007,Dr. Deepak Sharma,Gynecology,Bajajallianz,62960.98,55525.97,2024-11-26,2025-03-20,114.0,Approved,nan,OK,2024-11
CLM03086,PT00021,DR005,Dr. Sunita Kulkarni,General Medicine,Bajajallianz,79660.39,68333.37,2024-05-15,2024-08-25,102.0,Approved,nan,OK,2024-05
CLM03088,PT01826,DR003,Dr. Aarti Deshmukh,Neurology,Nationalinsurance,103221.58,92452.57,2024-05-14,2024-08-04,82.0,Approved,nan,OK,2024-05
CLM03089,PT00563,DR001,Dr. Priya Nair,Cardiology,Hdfcergo,64824.16,53853.17,2024-11-21,2024-12-05,14.0,Approved,nan,OK,2024-11
CLM03090,PT01761,DR004,Dr. Rajan Mehta,Oncology,Unitedhealthindia,79189.57,0.0,2024-12-21,,,Rejected,Policy lapsed,OK,2024-12
CLM03091,PT00459,DR004,Dr. Rajan Mehta,Oncology,Bajajallianz,66523.26,0.0,2024-11-15,,,Rejected,Wrong diagnosis code,OK,2024-11
CLM03092,PT00750,DR004,Dr. Rajan Mehta,Oncology,Nationalinsurance,71269.97,61619.73,2024-04-11,2024-05-04,23.0,Approved,nan,OK,2024-04
CLM03093,PT01571,DR008,Dr. Anil Joshi,Emergency,Starhealth,149707.75,128430.29,2024-07-14,2024-10-08,86.0,Approved,nan,OK,2024-07
CLM03094,PT01840,DR005,Dr. Sunita Kulkarni,General Medicine,Bajajallianz,144303.58,130291.9,2024-06-23,2024-08-16,54.0,Approved,nan,OK,2024-06
CLM03095,PT01837,DR004,Dr. Rajan Mehta,Oncology,Hdfcergo,24430.54,21029.26,2024-12-29,2025-02-12,45.0,Approved,nan,OK,2024-12
CLM03096,PT00587,DR002,Dr. Suresh Patil,Orthopedics,Unitedhealthindia,37517.14,34606.55,2024-06-25,2024-07-18,23.0,Approved,nan,OK,2024-06
CLM03097,PT01657,DR001,Dr. Priya Nair,Cardiology,Hdfcergo,134661.91,117850.17,2024-09-28,2025-01-12,106.0,Approved,nan,OK,2024-09
CLM03098,PT01790,DR002,Dr. Suresh Patil,Orthopedics,Unitedhealthindia,96227.09,0.0,2024-04-04,,,Rejected,Incomplete documents,OK,2024-04
CLM03099,PT00123,DR004,Dr. Rajan Mehta,Oncology,Starhealth,119476.34,108444.94,2024-12-06,2025-03-20,104.0,Approved,nan,OK,2024-12
CLM03100,PT01051,DR009,Dr. Meera Pillai,Cardiology,Nationalinsurance,48526.9,0.0,2024-01-30,,,Rejected,Incomplete documents,OK,2024-01
CLM03101,PT00188,DR003,Dr. Aarti Deshmukh,Neurology,Bajajallianz,132317.73,0.0,2024-05-26,,,Rejected,Service not covered,OK,2024-05
CLM03102,PT00594,DR001,Dr. Priya Nair,Cardiology,Unitedhealthindia,41324.6,31908.24,2024-03-31,2024-06-16,77.0,Approved,nan,OK,2024-03
CLM03103,PT00338,DR006,Dr. Kavya Iyer,Pediatrics,Hdfcergo,87892.75,81463.44,2024-10-25,2024-12-07,43.0,Approved,nan,OK,2024-10
CLM03104,PT00182,DR003,Dr. Aarti Deshmukh,Neurology,Nationalinsurance,136114.45,0.0,2024-06-15,,,Rejected,Pre-authorization missing,OK,2024-06
CLM03105,PT01980,DR002,Dr. Suresh Patil,Orthopedics,Nationalinsurance,120987.85,0.0,2024-04-29,,,Rejected,Incomplete documents,OK,2024-04
CLM03106,PT01405,DR010,Dr. Rohit Verma,Orthopedics,Hdfcergo,105326.16,89948.82,2024-08-24,2024-09-23,30.0,Approved,nan,OK,2024-08
CLM03107,PT01573,DR002,Dr. Suresh Patil,Orthopedics,Nationalinsurance,8758.39,8501.88,2024-03-25,2024-06-30,97.0,Approved,nan,OK,2024-03
CLM03108,PT00189,DR005,Dr. Sunita Kulkarni,General Medicine,Unitedhealthindia,129598.16,0.0,2024-10-13,,,Rejected,Pre-authorization missing,OK,2024-10
CLM03109,PT01185,DR007,Dr. Deepak Sharma,Gynecology,Hdfcergo,48792.69,38021.91,2024-07-03,2024-09-21,80.0,Approved,nan,OK,2024-07
CLM03110,PT01051,DR003,Dr. Aarti Deshmukh,Neurology,Starhealth,102251.67,101337.17,2024-04-08,2024-07-17,100.0,Approved,nan,OK,2024-04
CLM03111,PT00311,DR004,Dr. Rajan Mehta,Oncology,Hdfcergo,132745.22,101345.48,2024-11-16,2024-12-31,45.0,Approved,nan,OK,2024-11
CLM03112,PT00142,DR008,Dr. Anil Joshi,Emergency,Starhealth,6645.05,5893.92,2024-12-01,2025-02-18,79.0,Approved,nan,OK,2024-12
CLM03113,PT01563,DR008,Dr. Anil Joshi,Emergency,Bajajallianz,10185.88,0.0,2024-01-16,,,Rejected,Duplicate claim,OK,2024-01
CLM03114,PT00510,DR005,Dr. Sunita Kulkarni,General Medicine,Bajajallianz,90902.89,0.0,2024-08-08,,,Rejected,Policy lapsed,OK,2024-08
CLM03115,PT00801,DR006,Dr. Kavya Iyer,Pediatrics,Starhealth,124824.57,117058.27,2024-09-10,2024-10-06,26.0,Approved,nan,OK,2024-09
CLM03116,PT00464,DR002,Dr. Suresh Patil,Orthopedics,Hdfcergo,114605.88,86702.14,2024-04-16,2024-05-18,32.0,Approved,nan,OK,2024-04
CLM03117,PT00158,DR002,Dr. Suresh Patil,Orthopedics,Starhealth,50741.3,50443.88,2024-12-19,2024-12-29,10.0,Approved,nan,OK,2024-12
CLM03118,PT00777,DR004,Dr. Rajan Mehta,Oncology,Starhealth,66556.2,0.0,2024-08-24,,,Rejected,Incomplete documents,OK,2024-08
CLM03119,PT01767,DR007,Dr. Deepak Sharma,Gynecology,Hdfcergo,104530.73,81976.26,2024-05-05,2024-08-18,105.0,Approved,nan,OK,2024-05
CLM03120,PT01010,DR002,Dr. Suresh Patil,Orthopedics,Bajajallianz,80822.67,72336.24,2024-01-05,2024-05-01,117.0,Approved,nan,OK,2024-01
CLM03121,PT00862,DR004,Dr. Rajan Mehta,Oncology,Nationalinsurance,31477.82,0.0,2024-06-01,,,Rejected,Pre-authorization missing,OK,2024-06
CLM03122,PT01594,DR008,Dr. Anil Joshi,Emergency,Bajajallianz,46370.55,40877.18,2024-12-22,2025-01-22,31.0,Approved,nan,OK,2024-12
CLM03123,PT00687,DR010,Dr. Rohit Verma,Orthopedics,Starhealth,126905.79,111823.0,2024-09-09,2025-01-07,120.0,Approved,nan,OK,2024-09
CLM03124,PT01405,DR006,Dr. Kavya Iyer,Pediatrics,Unitedhealthindia,142104.83,142067.04,2024-05-20,2024-06-10,21.0,Approved,nan,OK,2024-05
CLM03125,PT01956,DR007,Dr. Deepak Sharma,Gynecology,Starhealth,144759.01,114543.94,2024-06-08,2024-09-19,103.0,Approved,nan,OK,2024-06
CLM03126,PT00423,DR009,Dr. Meera Pillai,Cardiology,Hdfcergo,33340.55,26610.0,2024-10-15,2024-11-21,37.0,Approved,nan,OK,2024-10
CLM03127,PT00843,DR005,Dr. Sunita Kulkarni,General Medicine,Hdfcergo,57793.37,56328.11,2024-06-08,2024-07-20,42.0,Approved,nan,OK,2024-06
CLM03128,PT00545,DR002,Dr. Suresh Patil,Orthopedics,Hdfcergo,38478.8,32710.1,2024-02-15,2024-03-06,20.0,Approved,nan,OK,2024-02
CLM03129,PT00906,DR008,Dr. Anil Joshi,Emergency,Hdfcergo,10410.88,8593.95,2024-05-13,2024-07-24,72.0,Approved,nan,OK,2024-05
CLM03130,PT01637,DR002,Dr. Suresh Patil,Orthopedics,Bajajallianz,68714.79,0.0,2024-10-05,,,Rejected,Late submission,OK,2024-10
CLM03131,PT00149,DR007,Dr. Deepak Sharma,Gynecology,Unitedhealthindia,60275.33,59031.14,2024-02-22,2024-06-18,117.0,Approved,nan,OK,2024-02
CLM03132,PT01245,DR003,Dr. Aarti Deshmukh,Neurology,Hdfcergo,113534.78,94849.65,2024-01-12,2024-04-18,97.0,Approved,nan,OK,2024-01
CLM03133,PT00529,DR003,Dr. Aarti Deshmukh,Neurology,Hdfcergo,77612.55,72821.13,2024-05-06,2024-08-29,115.0,Approved,nan,OK,2024-05
CLM03134,PT01024,DR008,Dr. Anil Joshi,Emergency,Starhealth,148352.6,143801.33,2024-01-14,2024-04-16,93.0,Approved,nan,OK,2024-01
CLM03135,PT00693,DR010,Dr. Rohit Verma,Orthopedics,Bajajallianz,102812.24,0.0,2024-08-05,,,Rejected,Duplicate claim,OK,2024-08
CLM03136,PT01957,DR007,Dr. Deepak Sharma,Gynecology,Nationalinsurance,27067.22,26855.24,2024-03-17,2024-05-11,55.0,Approved,nan,OK,2024-03
CLM03137,PT00258,DR002,Dr. Suresh Patil,Orthopedics,Hdfcergo,112842.97,99594.56,2024-04-16,2024-06-30,75.0,Approved,nan,OK,2024-04
CLM03138,PT01190,DR006,Dr. Kavya Iyer,Pediatrics,Hdfcergo,8114.03,6145.11,2024-10-26,2025-02-01,98.0,Approved,nan,OK,2024-10
CLM03139,PT01858,DR006,Dr. Kavya Iyer,Pediatrics,Starhealth,83821.39,79704.25,2024-02-05,2024-05-23,108.0,Approved,nan,OK,2024-02
CLM03140,PT00040,DR004,Dr. Rajan Mehta,Oncology,Bajajallianz,123355.74,100905.31,2024-11-17,2025-03-15,118.0,Approved,nan,OK,2024-11
CLM03141,PT00032,DR007,Dr. Deepak Sharma,Gynecology,Nationalinsurance,122518.28,112127.7,2024-10-19,2024-12-07,49.0,Approved,nan,OK,2024-10
CLM03142,PT01217,DR006,Dr. Kavya Iyer,Pediatrics,Bajajallianz,46337.15,38567.6,2024-07-17,2024-08-10,24.0,Approved,nan,OK,2024-07
CLM03143,PT00975,DR006,Dr. Kavya Iyer,Pediatrics,Hdfcergo,23912.44,17980.67,2024-06-24,2024-07-02,8.0,Approved,nan,OK,2024-06
CLM03144,PT01819,DR002,Dr. Suresh Patil,Orthopedics,Hdfcergo,34680.58,31752.36,2024-06-05,2024-07-18,43.0,Approved,nan,OK,2024-06
CLM03145,PT00642,DR002,Dr. Suresh Patil,Orthopedics,Hdfcergo,108181.83,85526.02,2024-10-09,2024-11-20,42.0,Approved,nan,OK,2024-10
CLM03146,PT00187,DR001,Dr. Priya Nair,Cardiology,Starhealth,18122.13,17967.89,2024-01-07,2024-01-27,20.0,Approved,nan,OK,2024-01
CLM03147,PT01344,DR006,Dr. Kavya Iyer,Pediatrics,Hdfcergo,63730.18,51612.01,2024-02-08,2024-06-03,116.0,Approved,nan,OK,2024-02
CLM03148,PT01160,DR005,Dr. Sunita Kulkarni,General Medicine,Unitedhealthindia,45867.04,37707.52,2024-12-23,2025-03-20,87.0,Approved,nan,OK,2024-12
CLM03149,PT00503,DR006,Dr. Kavya Iyer,Pediatrics,Bajajallianz,117210.92,94157.51,2024-10-04,2024-11-01,28.0,Approved,nan,OK,2024-10
CLM03150,PT01761,DR007,Dr. Deepak Sharma,Gynecology,Hdfcergo,88197.85,70737.29,2024-10-11,2024-11-04,24.0,Approved,nan,OK,2024-10
CLM03151,PT00935,DR008,Dr. Anil Joshi,Emergency,Starhealth,125051.11,97849.2,2024-06-23,2024-10-01,100.0,Approved,nan,OK,2024-06
CLM03152,PT01967,DR008,Dr. Anil Joshi,Emergency,Starhealth,102894.69,84311.79,2024-09-24,2025-01-01,99.0,Approved,nan,OK,2024-09
CLM03153,PT00238,DR007,Dr. Deepak Sharma,Gynecology,Starhealth,16029.65,13552.37,2024-07-24,2024-10-22,90.0,Approved,nan,OK,2024-07
CLM03154,PT01034,DR004,Dr. Rajan Mehta,Oncology,Starhealth,114946.03,94929.08,2024-08-22,2024-11-30,100.0,Approved,nan,OK,2024-08
CLM03155,PT01966,DR009,Dr. Meera Pillai,Cardiology,Unitedhealthindia,129406.91,103031.34,2024-06-21,2024-08-30,70.0,Approved,nan,OK,2024-06
CLM03156,PT01146,DR008,Dr. Anil Joshi,Emergency,Hdfcergo,5686.12,5525.99,2024-08-28,2024-11-23,87.0,Approved,nan,OK,2024-08
CLM03157,PT00195,DR003,Dr. Aarti Deshmukh,Neurology,Starhealth,113889.83,101094.35,2024-10-11,2024-11-07,27.0,Approved,nan,OK,2024-10
CLM03158,PT01200,DR001,Dr. Priya Nair,Cardiology,Unitedhealthindia,64319.44,48553.6,2024-07-26,2024-10-10,76.0,Approved,nan,OK,2024-07
CLM03159,PT01125,DR004,Dr. Rajan Mehta,Oncology,Unitedhealthindia,98755.15,84185.49,2024-07-03,2024-08-30,58.0,Approved,nan,OK,2024-07
CLM03160,PT00223,DR001,Dr. Priya Nair,Cardiology,Starhealth,32392.23,0.0,2024-08-29,,,Rejected,Pre-authorization missing,OK,2024-08
CLM03161,PT01591,DR001,Dr. Priya Nair,Cardiology,Unitedhealthindia,96569.48,89448.66,2024-08-01,2024-10-02,62.0,Approved,nan,OK,2024-08
CLM03162,PT00075,DR008,Dr. Anil Joshi,Emergency,Starhealth,87742.66,76875.89,2024-09-20,2024-12-12,83.0,Approved,nan,OK,2024-09
CLM03163,PT01480,DR005,Dr. Sunita Kulkarni,General Medicine,Unitedhealthindia,68837.42,54656.95,2024-07-28,2024-09-25,59.0,Approved,nan,OK,2024-07
CLM03164,PT01379,DR005,Dr. Sunita Kulkarni,General Medicine,Bajajallianz,62270.3,54033.36,2024-08-14,2024-10-06,53.0,Approved,nan,OK,2024-08
CLM03165,PT00329,DR009,Dr. Meera Pillai,Cardiology,Starhealth,69778.54,60648.52,2024-10-27,2024-12-17,51.0,Approved,nan,OK,2024-10
CLM03166,PT00630,DR006,Dr. Kavya Iyer,Pediatrics,Nationalinsurance,114445.43,0.0,2024-02-01,,,Rejected,Service not covered,OK,2024-02
CLM03167,PT00444,DR003,Dr. Aarti Deshmukh,Neurology,Hdfcergo,101178.82,99990.74,2024-05-10,2024-07-03,54.0,Approved,nan,OK,2024-05
CLM03168,PT01865,DR001,Dr. Priya Nair,Cardiology,Hdfcergo,114255.43,86811.92,2024-05-12,2024-07-06,55.0,Approved,nan,OK,2024-05
CLM03169,PT00301,DR003,Dr. Aarti Deshmukh,Neurology,Bajajallianz,72422.72,56582.86,2024-09-02,2024-12-08,97.0,Approved,nan,OK,2024-09
CLM03170,PT01216,DR001,Dr. Priya Nair,Cardiology,Starhealth,109417.67,106128.05,2024-07-02,2024-08-29,58.0,Approved,nan,OK,2024-07
CLM03171,PT00428,DR004,Dr. Rajan Mehta,Oncology,Nationalinsurance,76422.21,0.0,2024-04-28,,,Rejected,Late submission,OK,2024-04
CLM03172,PT00820,DR003,Dr. Aarti Deshmukh,Neurology,Unitedhealthindia,38477.29,36869.9,2024-03-12,2024-07-01,111.0,Approved,nan,OK,2024-03
CLM03173,PT01538,DR010,Dr. Rohit Verma,Orthopedics,Nationalinsurance,19791.03,18393.09,2024-04-29,2024-08-19,112.0,Approved,nan,OK,2024-04
CLM03174,PT00015,DR009,Dr. Meera Pillai,Cardiology,Unitedhealthindia,50268.14,0.0,2024-12-01,,,Rejected,Pre-authorization missing,OK,2024-12
CLM03175,PT00392,DR004,Dr. Rajan Mehta,Oncology,Nationalinsurance,104005.97,101073.98,2024-11-19,2025-01-30,72.0,Approved,nan,OK,2024-11
CLM03176,PT01569,DR002,Dr. Suresh Patil,Orthopedics,Nationalinsurance,57206.87,51857.12,2024-09-06,2024-09-14,8.0,Approved,nan,OK,2024-09
CLM03177,PT01073,DR006,Dr. Kavya Iyer,Pediatrics,Starhealth,74240.18,62837.68,2024-08-03,2024-08-12,9.0,Approved,nan,OK,2024-08
CLM03178,PT00757,DR006,Dr. Kavya Iyer,Pediatrics,Bajajallianz,48855.5,41132.05,2024-12-19,2025-03-21,92.0,Approved,nan,OK,2024-12
CLM03179,PT01370,DR003,Dr. Aarti Deshmukh,Neurology,Hdfcergo,46958.02,36926.26,2024-06-14,2024-10-04,112.0,Approved,nan,OK,2024-06
CLM03180,PT01234,DR007,Dr. Deepak Sharma,Gynecology,Unitedhealthindia,81751.32,0.0,2024-11-11,,,Rejected,Service not covered,OK,2024-11
CLM03181,PT01172,DR001,Dr. Priya Nair,Cardiology,Nationalinsurance,92468.39,80187.41,2024-11-10,2025-02-11,93.0,Approved,nan,OK,2024-11
CLM03182,PT00165,DR006,Dr. Kavya Iyer,Pediatrics,Starhealth,39513.26,33330.73,2024-02-18,2024-05-09,81.0,Approved,nan,OK,2024-02
CLM03183,PT00744,DR002,Dr. Suresh Patil,Orthopedics,Starhealth,23526.18,20199.59,2024-01-06,2024-04-16,101.0,Approved,nan,OK,2024-01
CLM03184,PT00076,DR007,Dr. Deepak Sharma,Gynecology,Hdfcergo,37357.33,32417.11,2024-06-01,2024-09-27,118.0,Approved,nan,OK,2024-06
CLM03185,PT00878,DR004,Dr. Rajan Mehta,Oncology,Nationalinsurance,86129.51,66514.09,2024-07-02,2024-10-10,100.0,Approved,nan,OK,2024-07
CLM03186,PT00301,DR008,Dr. Anil Joshi,Emergency,Hdfcergo,29489.97,26290.16,2024-02-22,2024-04-20,58.0,Approved,nan,OK,2024-02
CLM03187,PT01174,DR007,Dr. Deepak Sharma,Gynecology,Nationalinsurance,91502.77,89603.03,2024-05-11,2024-06-23,43.0,Approved,nan,OK,2024-05
CLM03188,PT01614,DR005,Dr. Sunita Kulkarni,General Medicine,Hdfcergo,57532.61,46002.88,2024-12-05,2025-02-10,67.0,Approved,nan,OK,2024-12
CLM03189,PT00307,DR002,Dr. Suresh Patil,Orthopedics,Starhealth,101017.06,85363.69,2024-08-27,2024-10-21,55.0,Approved,nan,OK,2024-08
CLM03190,PT01507,DR007,Dr. Deepak Sharma,Gynecology,Hdfcergo,34708.73,27506.77,2024-12-26,2025-04-05,100.0,Approved,nan,OK,2024-12
CLM03191,PT01156,DR004,Dr. Rajan Mehta,Oncology,Unitedhealthindia,147054.84,110478.2,2024-08-06,2024-08-25,19.0,Approved,nan,OK,2024-08
CLM03192,PT01124,DR009,Dr. Meera Pillai,Cardiology,Hdfcergo,62467.91,50097.28,2024-01-12,2024-05-07,116.0,Approved,nan,OK,2024-01
CLM03193,PT01548,DR008,Dr. Anil Joshi,Emergency,Unitedhealthindia,133552.38,122349.79,2024-11-17,2025-01-28,72.0,Approved,nan,OK,2024-11
CLM03194,PT00188,DR008,Dr. Anil Joshi,Emergency,Hdfcergo,120269.12,108226.28,2024-11-11,2025-01-20,70.0,Approved,nan,OK,2024-11
CLM03195,PT01580,DR006,Dr. Kavya Iyer,Pediatrics,Unitedhealthindia,20579.14,17959.63,2024-05-26,2024-07-03,38.0,Approved,nan,OK,2024-05
CLM03196,PT01711,DR005,Dr. Sunita Kulkarni,General Medicine,Bajajallianz,137554.15,136471.95,2024-04-19,2024-07-04,76.0,Approved,nan,OK,2024-04
CLM03197,PT01579,DR006,Dr. Kavya Iyer,Pediatrics,Nationalinsurance,77670.15,0.0,2024-10-20,,,Rejected,Incomplete documents,OK,2024-10
CLM03198,PT01133,DR004,Dr. Rajan Mehta,Oncology,Hdfcergo,83636.45,71980.51,2024-06-04,2024-08-25,82.0,Approved,nan,OK,2024-06
CLM03199,PT00912,DR005,Dr. Sunita Kulkarni,General Medicine,Nationalinsurance,123216.79,0.0,2024-06-30,,,Rejected,Patient details mismatch,OK,2024-06
CLM03200,PT00810,DR003,Dr. Aarti Deshmukh,Neurology,Bajajallianz,13374.89,0.0,2024-05-02,,,Rejected,Patient details mismatch,OK,2024-05
CLM03201,PT00339,DR005,Dr. Sunita Kulkarni,General Medicine,Nationalinsurance,48234.69,42547.7,2024-04-28,2024-07-20,83.0,Approved,nan,OK,2024-04
CLM03202,PT00210,DR006,Dr. Kavya Iyer,Pediatrics,Hdfcergo,9668.07,7404.53,2024-04-30,2024-07-12,73.0,Approved,nan,OK,2024-04
CLM03203,PT00860,DR010,Dr. Rohit Verma,Orthopedics,Bajajallianz,60355.32,54129.75,2024-01-01,2024-01-15,14.0,Approved,nan,OK,2024-01
CLM03204,PT00942,DR007,Dr. Deepak Sharma,Gynecology,Unitedhealthindia,22766.22,18134.79,2024-02-11,2024-03-03,21.0,Approved,nan,OK,2024-02
CLM03205,PT01489,DR010,Dr. Rohit Verma,Orthopedics,Hdfcergo,106319.12,90604.5,2024-06-28,2024-09-07,71.0,Approved,nan,OK,2024-06
CLM03206,PT01850,DR001,Dr. Priya Nair,Cardiology,Starhealth,119235.19,104960.76,2024-06-03,2024-07-08,35.0,Approved,nan,OK,2024-06
CLM03207,PT00852,DR007,Dr. Deepak Sharma,Gynecology,Starhealth,19560.49,16213.95,2024-04-24,2024-05-01,7.0,Approved,nan,OK,2024-04
CLM03208,PT01609,DR008,Dr. Anil Joshi,Emergency,Nationalinsurance,119523.67,0.0,2024-01-06,,,Rejected,Pre-authorization missing,OK,2024-01
CLM03209,PT01754,DR008,Dr. Anil Joshi,Emergency,Starhealth,144650.73,128700.69,2024-02-17,2024-04-13,56.0,Approved,nan,OK,2024-02
CLM03210,PT00605,DR010,Dr. Rohit Verma,Orthopedics,Unitedhealthindia,116755.17,0.0,2024-02-29,,,Rejected,Patient details mismatch,OK,2024-02
CLM03211,PT00730,DR006,Dr. Kavya Iyer,Pediatrics,Starhealth,88460.09,84270.61,2024-12-09,2025-01-13,35.0,Approved,nan,OK,2024-12
CLM03212,PT00167,DR009,Dr. Meera Pillai,Cardiology,Hdfcergo,120268.24,0.0,2024-09-09,,,Rejected,Pre-authorization missing,OK,2024-09
CLM03213,PT00303,DR010,Dr. Rohit Verma,Orthopedics,Nationalinsurance,107534.62,106303.92,2024-10-12,2025-02-04,115.0,Approved,nan,OK,2024-10
CLM03214,PT01868,DR002,Dr. Suresh Patil,Orthopedics,Unitedhealthindia,66271.84,53348.88,2024-03-19,2024-07-08,111.0,Approved,nan,OK,2024-03
CLM03215,PT00723,DR003,Dr. Aarti Deshmukh,Neurology,Nationalinsurance,11103.23,0.0,2024-05-15,,,Rejected,Pre-authorization missing,OK,2024-05
CLM03216,PT01385,DR002,Dr. Suresh Patil,Orthopedics,Hdfcergo,76923.87,65103.69,2024-09-24,2024-12-31,98.0,Approved,nan,OK,2024-09
CLM03217,PT00218,DR002,Dr. Suresh Patil,Orthopedics,Nationalinsurance,136241.73,124309.22,2024-03-08,2024-03-22,14.0,Approved,nan,OK,2024-03
CLM03218,PT01932,DR002,Dr. Suresh Patil,Orthopedics,Hdfcergo,51110.13,39740.27,2024-12-10,2025-02-25,77.0,Approved,nan,OK,2024-12
CLM03219,PT00168,DR002,Dr. Suresh Patil,Orthopedics,Nationalinsurance,130204.54,105140.89,2024-12-29,2025-04-01,93.0,Approved,nan,OK,2024-12
CLM03220,PT00122,DR003,Dr. Aarti Deshmukh,Neurology,Bajajallianz,56790.7,50839.16,2024-09-17,2024-10-11,24.0,Approved,nan,OK,2024-09
CLM03221,PT01620,DR005,Dr. Sunita Kulkarni,General Medicine,Bajajallianz,92004.77,80616.77,2024-10-11,2025-01-03,84.0,Approved,nan,OK,2024-10
CLM03222,PT01806,DR010,Dr. Rohit Verma,Orthopedics,Hdfcergo,96823.55,93439.03,2024-10-19,2024-11-01,13.0,Approved,nan,OK,2024-10
CLM03223,PT00183,DR002,Dr. Suresh Patil,Orthopedics,Nationalinsurance,114407.48,85973.95,2024-04-21,2024-05-13,22.0,Approved,nan,OK,2024-04
CLM03224,PT01412,DR009,Dr. Meera Pillai,Cardiology,Starhealth,41710.03,40421.64,2024-07-27,2024-10-31,96.0,Approved,nan,OK,2024-07
CLM03225,PT00526,DR001,Dr. Priya Nair,Cardiology,Unitedhealthindia,126913.13,105518.22,2024-05-19,2024-06-30,42.0,Approved,nan,OK,2024-05
CLM03226,PT00024,DR010,Dr. Rohit Verma,Orthopedics,Bajajallianz,125151.98,0.0,2024-09-13,,,Rejected,Service not covered,OK,2024-09
CLM03227,PT00886,DR010,Dr. Rohit Verma,Orthopedics,Unitedhealthindia,36963.59,36173.98,2024-11-12,2025-01-02,51.0,Approved,nan,OK,2024-11
CLM03228,PT01246,DR005,Dr. Sunita Kulkarni,General Medicine,Starhealth,49232.12,37121.96,2024-12-06,2025-03-02,86.0,Approved,nan,OK,2024-12
CLM03229,PT00908,DR007,Dr. Deepak Sharma,Gynecology,Nationalinsurance,50848.43,46108.09,2024-04-07,2024-05-20,43.0,Approved,nan,OK,2024-04
CLM03230,PT01799,DR010,Dr. Rohit Verma,Orthopedics,Bajajallianz,33311.41,32117.87,2024-02-19,2024-04-02,43.0,Approved,nan,OK,2024-02
CLM03231,PT00253,DR008,Dr. Anil Joshi,Emergency,Bajajallianz,102482.93,85065.16,2024-07-11,2024-07-19,8.0,Approved,nan,OK,2024-07
CLM03232,PT00266,DR010,Dr. Rohit Verma,Orthopedics,Hdfcergo,143810.66,121887.79,2024-02-13,2024-03-08,24.0,Approved,nan,OK,2024-02
CLM03233,PT01573,DR004,Dr. Rajan Mehta,Oncology,Bajajallianz,91530.8,90185.96,2024-03-06,2024-07-03,119.0,Approved,nan,OK,2024-03
CLM03234,PT01383,DR007,Dr. Deepak Sharma,Gynecology,Hdfcergo,99317.7,83885.69,2024-03-04,2024-06-26,114.0,Approved,nan,OK,2024-03
CLM03235,PT00092,DR003,Dr. Aarti Deshmukh,Neurology,Starhealth,135042.66,108246.2,2024-09-11,2024-12-18,98.0,Approved,nan,OK,2024-09
CLM03236,PT01969,DR004,Dr. Rajan Mehta,Oncology,Bajajallianz,26948.88,20216.29,2024-07-18,2024-09-04,48.0,Approved,nan,OK,2024-07
CLM03238,PT01500,DR004,Dr. Rajan Mehta,Oncology,Bajajallianz,33886.62,26423.32,2024-02-14,2024-03-26,41.0,Approved,nan,OK,2024-02
CLM03239,PT01968,DR010,Dr. Rohit Verma,Orthopedics,Nationalinsurance,46782.47,0.0,2024-03-17,,,Rejected,Service not covered,OK,2024-03
CLM03240,PT00175,DR003,Dr. Aarti Deshmukh,Neurology,Unitedhealthindia,44275.78,35710.86,2024-05-12,2024-06-01,20.0,Approved,nan,OK,2024-05
CLM03241,PT01636,DR002,Dr. Suresh Patil,Orthopedics,Bajajallianz,130007.34,113284.42,2024-10-02,2024-11-06,35.0,Approved,nan,OK,2024-10
CLM03242,PT01395,DR008,Dr. Anil Joshi,Emergency,Hdfcergo,90802.43,87939.22,2024-10-05,2024-10-17,12.0,Approved,nan,OK,2024-10
CLM03243,PT01906,DR009,Dr. Meera Pillai,Cardiology,Nationalinsurance,38072.47,37504.45,2024-04-21,2024-08-16,117.0,Approved,nan,OK,2024-04
CLM03244,PT00224,DR001,Dr. Priya Nair,Cardiology,Starhealth,121582.68,117373.35,2024-10-17,2024-11-13,27.0,Approved,nan,OK,2024-10
CLM03245,PT01582,DR010,Dr. Rohit Verma,Orthopedics,Hdfcergo,122561.41,107361.8,2024-12-13,2025-02-15,64.0,Approved,nan,OK,2024-12
CLM03246,PT01776,DR003,Dr. Aarti Deshmukh,Neurology,Hdfcergo,35915.01,31629.26,2024-12-25,2025-03-10,75.0,Approved,nan,OK,2024-12
CLM03247,PT01688,DR003,Dr. Aarti Deshmukh,Neurology,Bajajallianz,50068.38,41580.91,2024-04-05,2024-05-23,48.0,Approved,nan,OK,2024-04
CLM03248,PT01392,DR009,Dr. Meera Pillai,Cardiology,Nationalinsurance,85263.1,0.0,2024-06-18,,,Rejected,Duplicate claim,OK,2024-06
CLM03249,PT01080,DR003,Dr. Aarti Deshmukh,Neurology,Unitedhealthindia,144516.59,0.0,2024-03-22,,,Rejected,Late submission,OK,2024-03
CLM03250,PT00776,DR001,Dr. Priya Nair,Cardiology,Unitedhealthindia,23633.09,19492.74,2024-10-06,2025-01-11,97.0,Approved,nan,OK,2024-10
CLM03251,PT01363,DR003,Dr. Aarti Deshmukh,Neurology,Starhealth,95736.47,88173.63,2024-06-09,2024-09-29,112.0,Approved,nan,OK,2024-06
CLM03252,PT01238,DR004,Dr. Rajan Mehta,Oncology,Starhealth,58855.57,46030.86,2024-12-29,2025-03-30,91.0,Approved,nan,OK,2024-12
CLM03253,PT01841,DR002,Dr. Suresh Patil,Orthopedics,Bajajallianz,119601.08,108704.53,2024-05-14,2024-06-05,22.0,Approved,nan,OK,2024-05
CLM03254,PT00587,DR006,Dr. Kavya Iyer,Pediatrics,Nationalinsurance,90677.75,74942.69,2024-11-01,2025-02-06,97.0,Approved,nan,OK,2024-11
CLM03255,PT00142,DR010,Dr. Rohit Verma,Orthopedics,Unitedhealthindia,128279.56,118130.25,2024-02-19,2024-04-12,53.0,Approved,nan,OK,2024-02
CLM03256,PT01609,DR010,Dr. Rohit Verma,Orthopedics,Hdfcergo,28871.01,25026.86,2024-08-09,2024-08-27,18.0,Approved,nan,OK,2024-08
CLM03257,PT01297,DR005,Dr. Sunita Kulkarni,General Medicine,Nationalinsurance,47701.46,40120.46,2024-11-03,2025-02-09,98.0,Approved,nan,OK,2024-11
CLM03258,PT00847,DR002,Dr. Suresh Patil,Orthopedics,Unitedhealthindia,80906.47,70311.01,2024-02-17,2024-04-15,58.0,Approved,nan,OK,2024-02
CLM03259,PT01808,DR003,Dr. Aarti Deshmukh,Neurology,Starhealth,58121.62,52411.24,2024-10-29,2024-12-02,34.0,Approved,nan,OK,2024-10
CLM03260,PT00262,DR008,Dr. Anil Joshi,Emergency,Bajajallianz,89588.87,71909.76,2024-01-24,2024-02-15,22.0,Approved,nan,OK,2024-01
CLM03261,PT00659,DR005,Dr. Sunita Kulkarni,General Medicine,Unitedhealthindia,10938.8,0.0,2024-08-12,,,Rejected,Policy lapsed,OK,2024-08
CLM03262,PT01929,DR009,Dr. Meera Pillai,Cardiology,Nationalinsurance,120645.59,104353.36,2024-10-11,2025-01-18,99.0,Approved,nan,OK,2024-10
CLM03263,PT00453,DR007,Dr. Deepak Sharma,Gynecology,Hdfcergo,64613.87,48520.68,2024-06-29,2024-09-01,64.0,Approved,nan,OK,2024-06
CLM03264,PT01126,DR003,Dr. Aarti Deshmukh,Neurology,Starhealth,130491.13,118910.66,2024-04-02,2024-04-25,23.0,Approved,nan,OK,2024-04
CLM03265,PT01754,DR009,Dr. Meera Pillai,Cardiology,Hdfcergo,130455.69,115961.96,2024-10-02,2024-11-11,40.0,Approved,nan,OK,2024-10
CLM03266,PT01619,DR004,Dr. Rajan Mehta,Oncology,Unitedhealthindia,34868.62,32444.58,2024-01-06,2024-02-28,53.0,Approved,nan,OK,2024-01
CLM03267,PT00341,DR001,Dr. Priya Nair,Cardiology,Hdfcergo,63128.57,0.0,2024-07-22,,,Rejected,Late submission,OK,2024-07
CLM03268,PT00415,DR005,Dr. Sunita Kulkarni,General Medicine,Bajajallianz,34809.68,32433.96,2024-06-23,2024-09-12,81.0,Approved,nan,OK,2024-06
CLM03269,PT01067,DR005,Dr. Sunita Kulkarni,General Medicine,Hdfcergo,55965.2,44510.74,2024-03-19,2024-03-29,10.0,Approved,nan,OK,2024-03
CLM03270,PT01398,DR002,Dr. Suresh Patil,Orthopedics,Hdfcergo,114785.62,106472.88,2024-01-10,2024-02-14,35.0,Approved,nan,OK,2024-01
CLM03271,PT00195,DR002,Dr. Suresh Patil,Orthopedics,Hdfcergo,110358.65,92740.71,2024-10-23,2025-02-11,111.0,Approved,nan,OK,2024-10
CLM03272,PT01909,DR005,Dr. Sunita Kulkarni,General Medicine,Nationalinsurance,15621.47,14663.5,2024-05-06,2024-05-26,20.0,Approved,nan,OK,2024-05
CLM03273,PT01412,DR007,Dr. Deepak Sharma,Gynecology,Bajajallianz,88549.08,76621.87,2024-03-31,2024-06-12,73.0,Approved,nan,OK,2024-03
CLM03274,PT00740,DR009,Dr. Meera Pillai,Cardiology,Hdfcergo,15425.88,0.0,2024-06-07,,,Rejected,Late submission,OK,2024-06
CLM03275,PT01587,DR009,Dr. Meera Pillai,Cardiology,Starhealth,144190.3,118876.98,2024-11-30,2025-01-31,62.0,Approved,nan,OK,2024-11
CLM03276,PT01245,DR010,Dr. Rohit Verma,Orthopedics,Starhealth,103538.64,80630.24,2024-09-07,2025-01-02,117.0,Approved,nan,OK,2024-09
CLM03277,PT01249,DR002,Dr. Suresh Patil,Orthopedics,Bajajallianz,49652.5,39516.3,2024-01-01,2024-02-02,32.0,Approved,nan,OK,2024-01
CLM03278,PT01553,DR002,Dr. Suresh Patil,Orthopedics,Bajajallianz,148959.32,0.0,2024-11-05,,,Rejected,Pre-authorization missing,OK,2024-11
CLM03279,PT01639,DR007,Dr. Deepak Sharma,Gynecology,Bajajallianz,124700.19,103247.59,2024-12-26,2025-03-23,87.0,Approved,nan,OK,2024-12
CLM03280,PT00184,DR006,Dr. Kavya Iyer,Pediatrics,Hdfcergo,37504.9,31704.96,2024-12-04,2025-02-27,85.0,Approved,nan,OK,2024-12
CLM03281,PT00793,DR008,Dr. Anil Joshi,Emergency,Nationalinsurance,146782.2,114423.02,2024-10-26,2025-02-12,109.0,Approved,nan,OK,2024-10
CLM03282,PT00626,DR004,Dr. Rajan Mehta,Oncology,Nationalinsurance,13284.55,11848.54,2024-09-17,2024-11-19,63.0,Approved,nan,OK,2024-09
CLM03283,PT01271,DR008,Dr. Anil Joshi,Emergency,Starhealth,101363.09,99209.26,2024-11-26,2025-01-28,63.0,Approved,nan,OK,2024-11
CLM03284,PT00957,DR001,Dr. Priya Nair,Cardiology,Starhealth,21766.57,19691.0,2024-06-20,2024-10-11,113.0,Approved,nan,OK,2024-06
CLM03285,PT01656,DR003,Dr. Aarti Deshmukh,Neurology,Hdfcergo,5667.34,4732.7,2024-10-27,2025-01-07,72.0,Approved,nan,OK,2024-10
CLM03286,PT01128,DR007,Dr. Deepak Sharma,Gynecology,Starhealth,10065.34,9071.26,2024-09-25,2024-10-27,32.0,Approved,nan,OK,2024-09
CLM03287,PT00981,DR010,Dr. Rohit Verma,Orthopedics,Bajajallianz,125245.21,125021.63,2024-12-22,2025-02-19,59.0,Approved,nan,OK,2024-12
CLM03288,PT00784,DR004,Dr. Rajan Mehta,Oncology,Nationalinsurance,76050.32,73864.27,2024-09-09,2024-12-22,104.0,Approved,nan,OK,2024-09
CLM03289,PT01636,DR005,Dr. Sunita Kulkarni,General Medicine,Bajajallianz,80145.18,67823.08,2024-12-01,2025-01-10,40.0,Approved,nan,OK,2024-12
CLM03290,PT01525,DR002,Dr. Suresh Patil,Orthopedics,Bajajallianz,56269.57,45558.85,2024-11-17,2025-03-13,116.0,Approved,nan,OK,2024-11
CLM03291,PT00074,DR003,Dr. Aarti Deshmukh,Neurology,Bajajallianz,8410.1,7348.65,2024-07-05,2024-09-26,83.0,Approved,nan,OK,2024-07
CLM03292,PT01704,DR009,Dr. Meera Pillai,Cardiology,Unitedhealthindia,62762.75,51131.22,2024-04-26,2024-08-23,119.0,Approved,nan,OK,2024-04
CLM03293,PT00573,DR009,Dr. Meera Pillai,Cardiology,Starhealth,117063.58,98760.62,2024-09-03,2024-11-17,75.0,Approved,nan,OK,2024-09
CLM03294,PT00826,DR010,Dr. Rohit Verma,Orthopedics,Nationalinsurance,32046.8,0.0,2024-11-06,,,Rejected,Patient details mismatch,OK,2024-11
CLM03295,PT00088,DR005,Dr. Sunita Kulkarni,General Medicine,Starhealth,73834.19,73235.95,2024-08-22,2024-12-19,119.0,Approved,nan,OK,2024-08
CLM03296,PT00792,DR004,Dr. Rajan Mehta,Oncology,Nationalinsurance,122565.69,0.0,2024-12-27,,,Rejected,Pre-authorization missing,OK,2024-12
CLM03297,PT00290,DR007,Dr. Deepak Sharma,Gynecology,Bajajallianz,79896.17,71535.55,2024-09-29,2024-11-01,33.0,Approved,nan,OK,2024-09
CLM03298,PT00576,DR007,Dr. Deepak Sharma,Gynecology,Bajajallianz,105290.26,98592.93,2024-07-20,2024-08-27,38.0,Approved,nan,OK,2024-07
CLM03299,PT00995,DR004,Dr. Rajan Mehta,Oncology,Unitedhealthindia,94803.02,0.0,2024-05-15,,,Rejected,Service not covered,OK,2024-05
CLM03300,PT00581,DR002,Dr. Suresh Patil,Orthopedics,Starhealth,132183.24,115304.53,2024-01-11,2024-01-23,12.0,Approved,nan,OK,2024-01
CLM03301,PT01222,DR006,Dr. Kavya Iyer,Pediatrics,Starhealth,61802.32,59966.05,2024-09-22,2024-11-28,67.0,Approved,nan,OK,2024-09
CLM03302,PT00484,DR001,Dr. Priya Nair,Cardiology,Hdfcergo,17643.28,14650.24,2024-05-08,2024-09-02,117.0,Approved,nan,OK,2024-05
CLM03303,PT01082,DR010,Dr. Rohit Verma,Orthopedics,Nationalinsurance,128976.89,126116.34,2024-01-12,2024-04-13,92.0,Approved,nan,OK,2024-01
CLM03304,PT00065,DR003,Dr. Aarti Deshmukh,Neurology,Hdfcergo,9204.03,7985.35,2024-07-25,2024-09-25,62.0,Approved,nan,OK,2024-07
CLM03305,PT01733,DR009,Dr. Meera Pillai,Cardiology,Starhealth,141508.75,137371.25,2024-11-03,2024-12-31,58.0,Approved,nan,OK,2024-11
CLM03306,PT00261,DR004,Dr. Rajan Mehta,Oncology,Hdfcergo,71949.5,64543.19,2024-07-05,2024-08-19,45.0,Approved,nan,OK,2024-07
CLM03307,PT00425,DR004,Dr. Rajan Mehta,Oncology,Hdfcergo,64627.76,53874.77,2024-09-13,2024-12-17,95.0,Approved,nan,OK,2024-09
CLM03308,PT00136,DR001,Dr. Priya Nair,Cardiology,Hdfcergo,127528.23,96601.44,2024-07-05,2024-09-04,61.0,Approved,nan,OK,2024-07
CLM03309,PT01081,DR004,Dr. Rajan Mehta,Oncology,Unitedhealthindia,103705.9,96725.22,2024-06-03,2024-08-14,72.0,Approved,nan,OK,2024-06
CLM03310,PT01060,DR006,Dr. Kavya Iyer,Pediatrics,Hdfcergo,35894.68,33113.74,2024-06-17,2024-06-24,7.0,Approved,nan,OK,2024-06
CLM03311,PT00982,DR003,Dr. Aarti Deshmukh,Neurology,Unitedhealthindia,13374.58,0.0,2024-01-06,,,Rejected,Policy lapsed,OK,2024-01
CLM03312,PT01359,DR007,Dr. Deepak Sharma,Gynecology,Bajajallianz,40627.15,38029.1,2024-02-12,2024-03-31,48.0,Approved,nan,OK,2024-02
CLM03313,PT00535,DR005,Dr. Sunita Kulkarni,General Medicine,Starhealth,84869.75,70345.37,2024-12-03,2025-03-15,102.0,Approved,nan,OK,2024-12
CLM03314,PT01991,DR001,Dr. Priya Nair,Cardiology,Hdfcergo,95818.33,92099.18,2024-07-09,2024-10-29,112.0,Approved,nan,OK,2024-07
CLM03315,PT00111,DR002,Dr. Suresh Patil,Orthopedics,Bajajallianz,28048.28,0.0,2024-11-28,,,Rejected,Service not covered,OK,2024-11
CLM03316,PT00781,DR004,Dr. Rajan Mehta,Oncology,Nationalinsurance,8092.96,6403.82,2024-11-03,2024-12-11,38.0,Approved,nan,OK,2024-11
CLM03317,PT01985,DR001,Dr. Priya Nair,Cardiology,Nationalinsurance,9255.98,7213.51,2024-11-01,2024-12-23,52.0,Approved,nan,OK,2024-11
CLM03318,PT00369,DR008,Dr. Anil Joshi,Emergency,Nationalinsurance,139036.76,0.0,2024-01-14,,,Rejected,Incomplete documents,OK,2024-01
CLM03319,PT00009,DR001,Dr. Priya Nair,Cardiology,Bajajallianz,23563.31,20804.64,2024-02-10,2024-05-16,96.0,Approved,nan,OK,2024-02
CLM03320,PT01912,DR009,Dr. Meera Pillai,Cardiology,Nationalinsurance,122123.42,0.0,2024-01-29,,,Rejected,Wrong diagnosis code,OK,2024-01
CLM03321,PT01982,DR001,Dr. Priya Nair,Cardiology,Bajajallianz,48111.65,38699.98,2024-05-27,2024-08-08,73.0,Approved,nan,OK,2024-05
CLM03322,PT00916,DR004,Dr. Rajan Mehta,Oncology,Unitedhealthindia,122645.54,113958.87,2024-03-17,2024-06-13,88.0,Approved,nan,OK,2024-03
CLM03323,PT00768,DR002,Dr. Suresh Patil,Orthopedics,Unitedhealthindia,27738.04,22105.79,2024-03-15,2024-05-26,72.0,Approved,nan,OK,2024-03
CLM03324,PT00270,DR010,Dr. Rohit Verma,Orthopedics,Bajajallianz,130870.64,104194.82,2024-02-20,2024-04-13,53.0,Approved,nan,OK,2024-02
CLM03325,PT01082,DR009,Dr. Meera Pillai,Cardiology,Starhealth,53798.81,43626.51,2024-06-22,2024-09-02,72.0,Approved,nan,OK,2024-06
CLM03326,PT01702,DR010,Dr. Rohit Verma,Orthopedics,Bajajallianz,127520.08,110097.1,2024-05-14,2024-06-03,20.0,Approved,nan,OK,2024-05
CLM03327,PT01561,DR005,Dr. Sunita Kulkarni,General Medicine,Unitedhealthindia,85388.95,82929.22,2024-10-26,2025-02-18,115.0,Approved,nan,OK,2024-10
CLM03328,PT01341,DR005,Dr. Sunita Kulkarni,General Medicine,Bajajallianz,64047.17,0.0,2024-05-28,,,Rejected,Incomplete documents,OK,2024-05
CLM03329,PT01906,DR006,Dr. Kavya Iyer,Pediatrics,Bajajallianz,118658.87,111942.48,2024-11-03,2024-12-06,33.0,Approved,nan,OK,2024-11
CLM03330,PT01759,DR001,Dr. Priya Nair,Cardiology,Unitedhealthindia,114711.68,98842.37,2024-03-09,2024-06-23,106.0,Approved,nan,OK,2024-03
CLM03331,PT01286,DR008,Dr. Anil Joshi,Emergency,Hdfcergo,44368.86,37380.07,2024-10-21,2025-02-17,119.0,Approved,nan,OK,2024-10
CLM03332,PT00304,DR005,Dr. Sunita Kulkarni,General Medicine,Unitedhealthindia,122773.92,106504.45,2024-05-07,2024-05-18,11.0,Approved,nan,OK,2024-05
CLM03333,PT00678,DR006,Dr. Kavya Iyer,Pediatrics,Unitedhealthindia,147574.55,131680.43,2024-10-07,2025-01-16,101.0,Approved,nan,OK,2024-10
CLM03334,PT01732,DR002,Dr. Suresh Patil,Orthopedics,Hdfcergo,66823.87,55813.29,2024-04-11,2024-06-10,60.0,Approved,nan,OK,2024-04
CLM03335,PT00746,DR010,Dr. Rohit Verma,Orthopedics,Nationalinsurance,54808.38,51746.28,2024-01-16,2024-03-18,62.0,Approved,nan,OK,2024-01
CLM03336,PT00770,DR005,Dr. Sunita Kulkarni,General Medicine,Starhealth,118424.58,108936.99,2024-03-19,2024-05-15,57.0,Approved,nan,OK,2024-03
CLM03337,PT01674,DR006,Dr. Kavya Iyer,Pediatrics,Starhealth,105547.46,92260.0,2024-04-13,2024-07-10,88.0,Approved,nan,OK,2024-04
CLM03338,PT00747,DR006,Dr. Kavya Iyer,Pediatrics,Unitedhealthindia,39895.65,36130.37,2024-05-28,2024-07-17,50.0,Approved,nan,OK,2024-05
CLM03339,PT00384,DR002,Dr. Suresh Patil,Orthopedics,Hdfcergo,148854.89,125522.32,2024-12-05,2025-03-06,91.0,Approved,nan,OK,2024-12
CLM03340,PT00850,DR009,Dr. Meera Pillai,Cardiology,Starhealth,86271.15,64871.13,2024-11-09,2025-02-26,109.0,Approved,nan,OK,2024-11
CLM03341,PT01555,DR001,Dr. Priya Nair,Cardiology,Bajajallianz,34133.84,0.0,2024-08-30,,,Rejected,Incomplete documents,OK,2024-08
CLM03342,PT00192,DR010,Dr. Rohit Verma,Orthopedics,Hdfcergo,89545.29,75748.95,2024-04-24,2024-05-06,12.0,Approved,nan,OK,2024-04
CLM03343,PT01783,DR002,Dr. Suresh Patil,Orthopedics,Hdfcergo,10226.79,9928.56,2024-10-21,2024-12-31,71.0,Approved,nan,OK,2024-10
CLM03344,PT00181,DR001,Dr. Priya Nair,Cardiology,Bajajallianz,58911.8,45336.74,2024-10-09,2024-10-29,20.0,Approved,nan,OK,2024-10
CLM03345,PT00832,DR005,Dr. Sunita Kulkarni,General Medicine,Starhealth,9781.85,8994.08,2024-12-28,2025-02-03,37.0,Approved,nan,OK,2024-12
CLM03346,PT01024,DR010,Dr. Rohit Verma,Orthopedics,Starhealth,31816.44,30937.3,2024-01-02,2024-03-18,76.0,Approved,nan,OK,2024-01
CLM03347,PT01342,DR002,Dr. Suresh Patil,Orthopedics,Unitedhealthindia,82182.89,67458.32,2024-04-18,2024-06-21,64.0,Approved,nan,OK,2024-04
CLM03348,PT00928,DR007,Dr. Deepak Sharma,Gynecology,Hdfcergo,41027.55,39021.15,2024-05-19,2024-08-28,101.0,Approved,nan,OK,2024-05
CLM03349,PT00190,DR003,Dr. Aarti Deshmukh,Neurology,Bajajallianz,32020.45,27863.67,2024-07-26,2024-08-21,26.0,Approved,nan,OK,2024-07
CLM03350,PT00062,DR005,Dr. Sunita Kulkarni,General Medicine,Hdfcergo,98995.4,93179.02,2024-04-09,2024-07-22,104.0,Approved,nan,OK,2024-04
CLM03351,PT00906,DR010,Dr. Rohit Verma,Orthopedics,Bajajallianz,80151.06,69618.64,2024-12-15,2025-04-06,112.0,Approved,nan,OK,2024-12
CLM03352,PT00638,DR007,Dr. Deepak Sharma,Gynecology,Unitedhealthindia,69650.31,68777.46,2024-02-15,2024-04-11,56.0,Approved,nan,OK,2024-02
CLM03353,PT01263,DR006,Dr. Kavya Iyer,Pediatrics,Nationalinsurance,18318.46,15740.88,2024-06-16,2024-08-01,46.0,Approved,nan,OK,2024-06
CLM03354,PT01929,DR003,Dr. Aarti Deshmukh,Neurology,Hdfcergo,119874.62,115286.14,2024-10-25,2025-01-12,79.0,Approved,nan,OK,2024-10
CLM03355,PT00796,DR007,Dr. Deepak Sharma,Gynecology,Hdfcergo,101812.43,0.0,2024-09-22,,,Rejected,Wrong diagnosis code,OK,2024-09
CLM03356,PT01181,DR003,Dr. Aarti Deshmukh,Neurology,Nationalinsurance,101423.41,98406.68,2024-11-28,2024-12-22,24.0,Approved,nan,OK,2024-11
CLM03357,PT01850,DR001,Dr. Priya Nair,Cardiology,Nationalinsurance,72818.01,64771.57,2024-04-27,2024-06-07,41.0,Approved,nan,OK,2024-04
CLM03358,PT00418,DR009,Dr. Meera Pillai,Cardiology,Hdfcergo,76331.27,76128.2,2024-06-03,2024-07-21,48.0,Approved,nan,OK,2024-06
CLM03359,PT01613,DR006,Dr. Kavya Iyer,Pediatrics,Bajajallianz,89697.64,87219.14,2024-12-17,2025-03-20,93.0,Approved,nan,OK,2024-12
CLM03360,PT01365,DR006,Dr. Kavya Iyer,Pediatrics,Hdfcergo,77850.28,59440.86,2024-10-14,2024-12-05,52.0,Approved,nan,OK,2024-10
CLM03361,PT00811,DR008,Dr. Anil Joshi,Emergency,Hdfcergo,42865.05,34977.53,2024-05-10,2024-07-09,60.0,Approved,nan,OK,2024-05
CLM03362,PT00842,DR002,Dr. Suresh Patil,Orthopedics,Bajajallianz,144508.68,117460.64,2024-06-30,2024-08-08,39.0,Approved,nan,OK,2024-06
CLM03363,PT01403,DR009,Dr. Meera Pillai,Cardiology,Hdfcergo,69246.14,66917.03,2024-08-21,2024-09-14,24.0,Approved,nan,OK,2024-08
CLM03364,PT00190,DR010,Dr. Rohit Verma,Orthopedics,Unitedhealthindia,55402.21,0.0,2024-12-02,,,Rejected,Incomplete documents,OK,2024-12
CLM03365,PT00649,DR009,Dr. Meera Pillai,Cardiology,Bajajallianz,12201.0,12167.11,2024-02-14,2024-03-15,30.0,Approved,nan,OK,2024-02
CLM03366,PT01903,DR008,Dr. Anil Joshi,Emergency,Hdfcergo,64559.71,56327.84,2024-04-14,2024-07-05,82.0,Approved,nan,OK,2024-04
CLM03367,PT00425,DR004,Dr. Rajan Mehta,Oncology,Unitedhealthindia,18889.34,0.0,2024-07-24,,,Rejected,Wrong diagnosis code,OK,2024-07
CLM03368,PT00310,DR003,Dr. Aarti Deshmukh,Neurology,Unitedhealthindia,16820.62,16400.86,2024-05-16,2024-08-14,90.0,Approved,nan,OK,2024-05
CLM03369,PT01571,DR007,Dr. Deepak Sharma,Gynecology,Bajajallianz,94629.51,74111.6,2024-01-11,2024-01-20,9.0,Approved,nan,OK,2024-01
CLM03370,PT00196,DR002,Dr. Suresh Patil,Orthopedics,Bajajallianz,36257.47,27598.71,2024-09-14,2025-01-10,118.0,Approved,nan,OK,2024-09
CLM03371,PT01520,DR006,Dr. Kavya Iyer,Pediatrics,Starhealth,37019.67,0.0,2024-08-07,,,Rejected,Service not covered,OK,2024-08
CLM03372,PT01126,DR010,Dr. Rohit Verma,Orthopedics,Hdfcergo,46687.6,36302.31,2024-04-12,2024-06-15,64.0,Approved,nan,OK,2024-04
CLM03373,PT00504,DR002,Dr. Suresh Patil,Orthopedics,Unitedhealthindia,23307.55,0.0,2024-05-24,,,Rejected,Wrong diagnosis code,OK,2024-05
CLM03374,PT01753,DR001,Dr. Priya Nair,Cardiology,Nationalinsurance,37141.25,0.0,2024-07-24,,,Rejected,Patient details mismatch,OK,2024-07
CLM03375,PT01563,DR003,Dr. Aarti Deshmukh,Neurology,Bajajallianz,70784.93,60538.57,2024-06-18,2024-07-12,24.0,Approved,nan,OK,2024-06
CLM03376,PT01827,DR008,Dr. Anil Joshi,Emergency,Starhealth,25876.14,19456.94,2024-06-09,2024-07-31,52.0,Approved,nan,OK,2024-06
CLM03377,PT01891,DR007,Dr. Deepak Sharma,Gynecology,Unitedhealthindia,75677.09,62796.98,2024-08-06,2024-08-22,16.0,Approved,nan,OK,2024-08
CLM03378,PT01071,DR002,Dr. Suresh Patil,Orthopedics,Hdfcergo,70777.8,67419.27,2024-12-18,2025-01-24,37.0,Approved,nan,OK,2024-12
CLM03379,PT00471,DR004,Dr. Rajan Mehta,Oncology,Starhealth,96298.36,79009.82,2024-07-08,2024-09-27,81.0,Approved,nan,OK,2024-07
CLM03380,PT00858,DR006,Dr. Kavya Iyer,Pediatrics,Hdfcergo,123566.42,98493.11,2024-08-14,2024-12-09,117.0,Approved,nan,OK,2024-08
CLM03381,PT00556,DR003,Dr. Aarti Deshmukh,Neurology,Hdfcergo,104093.6,98475.7,2024-07-30,2024-10-25,87.0,Approved,nan,OK,2024-07
CLM03382,PT00051,DR003,Dr. Aarti Deshmukh,Neurology,Starhealth,49165.14,40843.86,2024-11-30,2025-01-15,46.0,Approved,nan,OK,2024-11
CLM03383,PT00103,DR010,Dr. Rohit Verma,Orthopedics,Nationalinsurance,32602.4,30347.98,2024-07-19,2024-08-23,35.0,Approved,nan,OK,2024-07
CLM03384,PT00647,DR008,Dr. Anil Joshi,Emergency,Bajajallianz,106485.89,103038.68,2024-04-09,2024-04-16,7.0,Approved,nan,OK,2024-04
CLM03385,PT00831,DR005,Dr. Sunita Kulkarni,General Medicine,Nationalinsurance,70371.4,0.0,2024-08-17,,,Rejected,Service not covered,OK,2024-08
CLM03386,PT01530,DR005,Dr. Sunita Kulkarni,General Medicine,Hdfcergo,13915.71,12872.28,2024-04-04,2024-06-29,86.0,Approved,nan,OK,2024-04
CLM03387,PT00459,DR004,Dr. Rajan Mehta,Oncology,Unitedhealthindia,113003.26,108499.17,2024-02-17,2024-05-03,76.0,Approved,nan,OK,2024-02
CLM03388,PT01240,DR008,Dr. Anil Joshi,Emergency,Bajajallianz,10337.47,0.0,2024-11-05,,,Rejected,Duplicate claim,OK,2024-11
CLM03389,PT01564,DR002,Dr. Suresh Patil,Orthopedics,Starhealth,104416.53,93705.01,2024-07-04,2024-10-18,106.0,Approved,nan,OK,2024-07
CLM03390,PT01470,DR002,Dr. Suresh Patil,Orthopedics,Hdfcergo,90384.41,79076.59,2024-07-11,2024-09-22,73.0,Approved,nan,OK,2024-07
CLM03391,PT00089,DR007,Dr. Deepak Sharma,Gynecology,Bajajallianz,107110.07,106916.37,2024-11-18,2025-01-09,52.0,Approved,nan,OK,2024-11
CLM03392,PT00415,DR006,Dr. Kavya Iyer,Pediatrics,Hdfcergo,8110.87,8091.54,2024-09-11,2025-01-06,117.0,Approved,nan,OK,2024-09
CLM03393,PT01781,DR001,Dr. Priya Nair,Cardiology,Hdfcergo,83007.78,65310.62,2024-11-27,2025-03-06,99.0,Approved,nan,OK,2024-11
CLM03394,PT00328,DR007,Dr. Deepak Sharma,Gynecology,Starhealth,115212.61,109095.85,2024-11-19,2025-03-10,111.0,Approved,nan,OK,2024-11
CLM03395,PT01763,DR001,Dr. Priya Nair,Cardiology,Starhealth,8826.49,8358.57,2024-11-06,2025-01-07,62.0,Approved,nan,OK,2024-11
CLM03396,PT00571,DR010,Dr. Rohit Verma,Orthopedics,Starhealth,123114.35,93842.64,2024-02-04,2024-06-01,118.0,Approved,nan,OK,2024-02
CLM03397,PT01366,DR003,Dr. Aarti Deshmukh,Neurology,Unitedhealthindia,8497.87,7486.37,2024-12-08,2025-02-12,66.0,Approved,nan,OK,2024-12
CLM03398,PT00174,DR005,Dr. Sunita Kulkarni,General Medicine,Unitedhealthindia,72301.15,56565.57,2024-12-23,2025-01-11,19.0,Approved,nan,OK,2024-12
CLM03399,PT01583,DR010,Dr. Rohit Verma,Orthopedics,Hdfcergo,49356.76,42565.25,2024-01-15,2024-04-12,88.0,Approved,nan,OK,2024-01
CLM03400,PT01635,DR010,Dr. Rohit Verma,Orthopedics,Starhealth,148620.93,124622.41,2024-03-26,2024-07-15,111.0,Approved,nan,OK,2024-03
CLM03401,PT00822,DR004,Dr. Rajan Mehta,Oncology,Unitedhealthindia,140393.88,115204.03,2024-12-05,2025-02-17,74.0,Approved,nan,OK,2024-12
CLM03402,PT00100,DR008,Dr. Anil Joshi,Emergency,Bajajallianz,20346.89,19732.82,2024-08-27,2024-12-04,99.0,Approved,nan,OK,2024-08
CLM03403,PT01109,DR002,Dr. Suresh Patil,Orthopedics,Unitedhealthindia,23954.07,20939.68,2024-02-27,2024-05-09,72.0,Approved,nan,OK,2024-02
CLM03404,PT01244,DR004,Dr. Rajan Mehta,Oncology,Bajajallianz,130180.88,119332.51,2024-11-10,2024-12-29,49.0,Approved,nan,OK,2024-11
CLM03405,PT00764,DR007,Dr. Deepak Sharma,Gynecology,Unitedhealthindia,88909.89,70626.54,2024-08-28,2024-09-22,25.0,Approved,nan,OK,2024-08
CLM03406,PT00127,DR007,Dr. Deepak Sharma,Gynecology,Bajajallianz,66738.93,56419.82,2024-10-22,2024-12-30,69.0,Approved,nan,OK,2024-10
CLM03407,PT01199,DR010,Dr. Rohit Verma,Orthopedics,Nationalinsurance,35568.74,28569.59,2024-05-02,2024-05-18,16.0,Approved,nan,OK,2024-05
CLM03408,PT00082,DR006,Dr. Kavya Iyer,Pediatrics,Hdfcergo,81903.56,76246.03,2024-09-20,2024-11-27,68.0,Approved,nan,OK,2024-09
CLM03409,PT00365,DR007,Dr. Deepak Sharma,Gynecology,Nationalinsurance,12723.18,12009.26,2024-11-02,2025-01-10,69.0,Approved,nan,OK,2024-11
CLM03410,PT01144,DR003,Dr. Aarti Deshmukh,Neurology,Hdfcergo,90679.09,74592.23,2024-12-06,2025-01-29,54.0,Approved,nan,OK,2024-12
CLM03411,PT01640,DR003,Dr. Aarti Deshmukh,Neurology,Nationalinsurance,88956.32,76949.22,2024-02-12,2024-04-14,62.0,Approved,nan,OK,2024-02
CLM03412,PT01163,DR005,Dr. Sunita Kulkarni,General Medicine,Hdfcergo,59160.64,49048.1,2024-11-25,2025-02-01,68.0,Approved,nan,OK,2024-11
CLM03413,PT01731,DR010,Dr. Rohit Verma,Orthopedics,Starhealth,71508.62,0.0,2024-04-14,,,Rejected,Service not covered,OK,2024-04
CLM03414,PT00423,DR006,Dr. Kavya Iyer,Pediatrics,Nationalinsurance,77921.12,0.0,2024-12-22,,,Rejected,Incomplete documents,OK,2024-12
CLM03415,PT01844,DR008,Dr. Anil Joshi,Emergency,Nationalinsurance,12273.76,11454.71,2024-05-19,2024-06-19,31.0,Approved,nan,OK,2024-05
CLM03416,PT01319,DR006,Dr. Kavya Iyer,Pediatrics,Hdfcergo,32035.73,25624.32,2024-11-09,2024-11-28,19.0,Approved,nan,OK,2024-11
CLM03417,PT00944,DR001,Dr. Priya Nair,Cardiology,Unitedhealthindia,82880.53,0.0,2024-06-15,,,Rejected,Late submission,OK,2024-06
CLM03418,PT00559,DR005,Dr. Sunita Kulkarni,General Medicine,Starhealth,13764.28,0.0,2024-02-04,,,Rejected,Service not covered,OK,2024-02
CLM03419,PT00534,DR010,Dr. Rohit Verma,Orthopedics,Nationalinsurance,55577.12,0.0,2024-10-26,,,Rejected,Pre-authorization missing,OK,2024-10
CLM03420,PT01118,DR010,Dr. Rohit Verma,Orthopedics,Hdfcergo,93637.87,75241.02,2024-11-14,2024-12-10,26.0,Approved,nan,OK,2024-11
CLM03421,PT00758,DR008,Dr. Anil Joshi,Emergency,Bajajallianz,35469.9,34474.43,2024-06-06,2024-06-22,16.0,Approved,nan,OK,2024-06
CLM03422,PT01752,DR004,Dr. Rajan Mehta,Oncology,Bajajallianz,71418.06,0.0,2024-07-21,,,Rejected,Wrong diagnosis code,OK,2024-07
CLM03423,PT01911,DR003,Dr. Aarti Deshmukh,Neurology,Hdfcergo,32169.58,26409.88,2024-06-20,2024-07-17,27.0,Approved,nan,OK,2024-06
CLM03424,PT00473,DR006,Dr. Kavya Iyer,Pediatrics,Bajajallianz,119991.77,95081.99,2024-11-14,2025-02-13,91.0,Approved,nan,OK,2024-11
CLM03425,PT01762,DR002,Dr. Suresh Patil,Orthopedics,Hdfcergo,40687.41,34430.92,2024-05-31,2024-06-14,14.0,Approved,nan,OK,2024-05
CLM03426,PT01707,DR005,Dr. Sunita Kulkarni,General Medicine,Hdfcergo,104351.17,0.0,2024-12-04,,,Rejected,Pre-authorization missing,OK,2024-12
CLM03427,PT01748,DR002,Dr. Suresh Patil,Orthopedics,Starhealth,69017.05,55039.13,2024-07-02,2024-07-26,24.0,Approved,nan,OK,2024-07
CLM03428,PT01516,DR003,Dr. Aarti Deshmukh,Neurology,Starhealth,137331.41,106661.67,2024-03-25,2024-05-14,50.0,Approved,nan,OK,2024-03
CLM03429,PT01244,DR006,Dr. Kavya Iyer,Pediatrics,Hdfcergo,41698.46,41221.74,2024-02-13,2024-04-02,49.0,Approved,nan,OK,2024-02
CLM03430,PT00891,DR007,Dr. Deepak Sharma,Gynecology,Bajajallianz,110968.79,92674.03,2024-01-07,2024-03-30,83.0,Approved,nan,OK,2024-01
CLM03431,PT01427,DR006,Dr. Kavya Iyer,Pediatrics,Unitedhealthindia,21903.06,20079.54,2024-11-27,2025-03-07,100.0,Approved,nan,OK,2024-11
CLM03432,PT00675,DR003,Dr. Aarti Deshmukh,Neurology,Bajajallianz,90934.06,0.0,2024-03-28,,,Rejected,Wrong diagnosis code,OK,2024-03
CLM03433,PT01169,DR010,Dr. Rohit Verma,Orthopedics,Unitedhealthindia,44198.53,36289.69,2024-02-27,2024-06-09,103.0,Approved,nan,OK,2024-02
CLM03434,PT01421,DR007,Dr. Deepak Sharma,Gynecology,Unitedhealthindia,89256.73,0.0,2024-10-24,,,Rejected,Service not covered,OK,2024-10
CLM03435,PT01698,DR003,Dr. Aarti Deshmukh,Neurology,Starhealth,20670.53,16289.14,2024-06-03,2024-08-28,86.0,Approved,nan,OK,2024-06
CLM03436,PT00893,DR010,Dr. Rohit Verma,Orthopedics,Unitedhealthindia,79456.02,66822.26,2024-09-23,2024-11-07,45.0,Approved,nan,OK,2024-09
CLM03437,PT00383,DR010,Dr. Rohit Verma,Orthopedics,Starhealth,40857.48,37466.56,2024-07-16,2024-10-08,84.0,Approved,nan,OK,2024-07
CLM03438,PT00560,DR010,Dr. Rohit Verma,Orthopedics,Starhealth,149440.89,117667.27,2024-06-09,2024-06-30,21.0,Approved,nan,OK,2024-06
CLM03439,PT00391,DR001,Dr. Priya Nair,Cardiology,Unitedhealthindia,50623.58,0.0,2024-03-11,,,Rejected,Incomplete documents,OK,2024-03
CLM03440,PT01818,DR004,Dr. Rajan Mehta,Oncology,Bajajallianz,31539.46,31325.35,2024-05-08,2024-08-16,100.0,Approved,nan,OK,2024-05
CLM03441,PT01887,DR005,Dr. Sunita Kulkarni,General Medicine,Hdfcergo,30252.53,23307.1,2024-07-20,2024-08-27,38.0,Approved,nan,OK,2024-07
CLM03442,PT00642,DR004,Dr. Rajan Mehta,Oncology,Bajajallianz,28044.27,26640.95,2024-10-01,2025-01-20,111.0,Approved,nan,OK,2024-10
CLM03443,PT00276,DR010,Dr. Rohit Verma,Orthopedics,Nationalinsurance,99512.86,91071.11,2024-11-20,2025-03-03,103.0,Approved,nan,OK,2024-11
CLM03444,PT00874,DR007,Dr. Deepak Sharma,Gynecology,Hdfcergo,48845.67,47571.9,2024-10-03,2024-12-12,70.0,Approved,nan,OK,2024-10
CLM03445,PT01332,DR006,Dr. Kavya Iyer,Pediatrics,Nationalinsurance,120056.3,0.0,2024-12-18,,,Rejected,Duplicate claim,OK,2024-12
CLM03446,PT00759,DR002,Dr. Suresh Patil,Orthopedics,Starhealth,104748.77,91473.08,2024-11-02,2024-11-27,25.0,Approved,nan,OK,2024-11
CLM03447,PT00706,DR005,Dr. Sunita Kulkarni,General Medicine,Nationalinsurance,67677.78,58149.9,2024-05-28,2024-09-15,110.0,Approved,nan,OK,2024-05
CLM03448,PT01216,DR003,Dr. Aarti Deshmukh,Neurology,Hdfcergo,149722.93,147982.49,2024-08-10,2024-11-15,97.0,Approved,nan,OK,2024-08
CLM03449,PT00380,DR004,Dr. Rajan Mehta,Oncology,Unitedhealthindia,100346.82,0.0,2024-10-09,,,Rejected,Duplicate claim,OK,2024-10
CLM03450,PT01284,DR003,Dr. Aarti Deshmukh,Neurology,Hdfcergo,84645.69,73601.63,2024-08-06,2024-11-15,101.0,Approved,nan,OK,2024-08
CLM03451,PT00476,DR006,Dr. Kavya Iyer,Pediatrics,Hdfcergo,117124.58,0.0,2024-04-28,,,Rejected,Incomplete documents,OK,2024-04
CLM03452,PT00874,DR010,Dr. Rohit Verma,Orthopedics,Unitedhealthindia,32127.52,26655.79,2024-02-11,2024-03-28,46.0,Approved,nan,OK,2024-02
CLM03453,PT01670,DR008,Dr. Anil Joshi,Emergency,Starhealth,76864.64,0.0,2024-07-10,,,Rejected,Late submission,OK,2024-07
CLM03454,PT01623,DR007,Dr. Deepak Sharma,Gynecology,Nationalinsurance,118424.53,101138.95,2024-08-21,2024-10-20,60.0,Approved,nan,OK,2024-08
CLM03455,PT00024,DR006,Dr. Kavya Iyer,Pediatrics,Unitedhealthindia,56968.43,46389.46,2024-11-08,2024-12-20,42.0,Approved,nan,OK,2024-11
CLM03456,PT01844,DR006,Dr. Kavya Iyer,Pediatrics,Unitedhealthindia,53257.58,0.0,2024-02-21,,,Rejected,Duplicate claim,OK,2024-02
CLM03457,PT00719,DR005,Dr. Sunita Kulkarni,General Medicine,Starhealth,89366.08,74942.11,2024-04-16,2024-07-27,102.0,Approved,nan,OK,2024-04
CLM03458,PT00842,DR008,Dr. Anil Joshi,Emergency,Bajajallianz,54680.61,52774.48,2024-12-10,2025-02-09,61.0,Approved,nan,OK,2024-12
CLM03459,PT00021,DR006,Dr. Kavya Iyer,Pediatrics,Starhealth,41512.28,40297.04,2024-09-08,2024-10-03,25.0,Approved,nan,OK,2024-09
CLM03460,PT01438,DR008,Dr. Anil Joshi,Emergency,Unitedhealthindia,119092.67,117835.89,2024-08-26,2024-12-01,97.0,Approved,nan,OK,2024-08
CLM03461,PT00444,DR009,Dr. Meera Pillai,Cardiology,Starhealth,25289.5,24574.08,2024-02-11,2024-06-08,118.0,Approved,nan,OK,2024-02
CLM03462,PT01537,DR004,Dr. Rajan Mehta,Oncology,Bajajallianz,141957.42,132791.36,2024-06-06,2024-09-30,116.0,Approved,nan,OK,2024-06
CLM03463,PT00246,DR002,Dr. Suresh Patil,Orthopedics,Nationalinsurance,68979.19,59030.87,2024-06-11,2024-09-22,103.0,Approved,nan,OK,2024-06
CLM03464,PT00180,DR005,Dr. Sunita Kulkarni,General Medicine,Unitedhealthindia,126983.09,0.0,2024-04-15,,,Rejected,Wrong diagnosis code,OK,2024-04
CLM03465,PT00332,DR004,Dr. Rajan Mehta,Oncology,Starhealth,123379.63,110469.97,2024-06-20,2024-07-30,40.0,Approved,nan,OK,2024-06
CLM03466,PT01901,DR009,Dr. Meera Pillai,Cardiology,Starhealth,78867.55,67382.1,2024-01-10,2024-03-27,77.0,Approved,nan,OK,2024-01
CLM03467,PT01880,DR001,Dr. Priya Nair,Cardiology,Nationalinsurance,14819.73,0.0,2024-03-19,,,Rejected,Late submission,OK,2024-03
CLM03468,PT01061,DR005,Dr. Sunita Kulkarni,General Medicine,Hdfcergo,14088.77,12443.76,2024-11-20,2025-02-17,89.0,Approved,nan,OK,2024-11
CLM03469,PT00577,DR010,Dr. Rohit Verma,Orthopedics,Unitedhealthindia,88221.64,0.0,2024-01-06,,,Rejected,Service not covered,OK,2024-01
CLM03470,PT01361,DR008,Dr. Anil Joshi,Emergency,Bajajallianz,35891.55,28082.53,2024-04-14,2024-04-26,12.0,Approved,nan,OK,2024-04
CLM03471,PT00043,DR005,Dr. Sunita Kulkarni,General Medicine,Hdfcergo,5281.92,4107.39,2024-01-07,2024-01-29,22.0,Approved,nan,OK,2024-01
CLM03472,PT00933,DR010,Dr. Rohit Verma,Orthopedics,Bajajallianz,24307.91,24298.83,2024-08-29,2024-12-01,94.0,Approved,nan,OK,2024-08
CLM03473,PT00732,DR007,Dr. Deepak Sharma,Gynecology,Hdfcergo,23919.15,22692.76,2024-02-13,2024-02-29,16.0,Approved,nan,OK,2024-02
CLM03474,PT01554,DR009,Dr. Meera Pillai,Cardiology,Unitedhealthindia,85375.77,81601.55,2024-10-10,2024-12-18,69.0,Approved,nan,OK,2024-10
CLM03475,PT01772,DR002,Dr. Suresh Patil,Orthopedics,Nationalinsurance,77514.65,60631.82,2024-08-25,2024-09-28,34.0,Approved,nan,OK,2024-08
CLM03476,PT00458,DR010,Dr. Rohit Verma,Orthopedics,Hdfcergo,98267.34,0.0,2024-03-23,,,Rejected,Policy lapsed,OK,2024-03
CLM03477,PT00518,DR006,Dr. Kavya Iyer,Pediatrics,Bajajallianz,112193.26,106821.67,2024-07-28,2024-08-14,17.0,Approved,nan,OK,2024-07
CLM03478,PT00458,DR005,Dr. Sunita Kulkarni,General Medicine,Starhealth,83089.89,0.0,2024-12-17,,,Rejected,Patient details mismatch,OK,2024-12
CLM03479,PT01283,DR002,Dr. Suresh Patil,Orthopedics,Bajajallianz,132074.05,119520.95,2024-06-12,2024-08-30,79.0,Approved,nan,OK,2024-06
CLM03480,PT00489,DR007,Dr. Deepak Sharma,Gynecology,Nationalinsurance,9780.39,8804.68,2024-05-22,2024-09-04,105.0,Approved,nan,OK,2024-05
CLM03482,PT01514,DR008,Dr. Anil Joshi,Emergency,Starhealth,116320.6,106338.27,2024-04-10,2024-05-10,30.0,Approved,nan,OK,2024-04
CLM03483,PT01329,DR006,Dr. Kavya Iyer,Pediatrics,Bajajallianz,114585.44,94029.26,2024-12-10,2025-03-24,104.0,Approved,nan,OK,2024-12
CLM03484,PT01058,DR010,Dr. Rohit Verma,Orthopedics,Hdfcergo,71124.72,68893.67,2024-12-23,2025-03-08,75.0,Approved,nan,OK,2024-12
CLM03486,PT01575,DR010,Dr. Rohit Verma,Orthopedics,Bajajallianz,76701.05,72526.43,2024-02-04,2024-03-19,44.0,Approved,nan,OK,2024-02
CLM03487,PT01008,DR009,Dr. Meera Pillai,Cardiology,Starhealth,134413.18,130640.31,2024-05-23,2024-08-26,95.0,Approved,nan,OK,2024-05
CLM03488,PT00168,DR009,Dr. Meera Pillai,Cardiology,Hdfcergo,42281.26,36292.16,2024-05-19,2024-09-01,105.0,Approved,nan,OK,2024-05
CLM03489,PT00122,DR005,Dr. Sunita Kulkarni,General Medicine,Unitedhealthindia,84549.03,0.0,2024-08-28,,,Rejected,Pre-authorization missing,OK,2024-08
CLM03490,PT00029,DR004,Dr. Rajan Mehta,Oncology,Nationalinsurance,27769.38,25637.65,2024-08-25,2024-11-24,91.0,Approved,nan,OK,2024-08
CLM03491,PT00501,DR003,Dr. Aarti Deshmukh,Neurology,Bajajallianz,126815.58,111918.29,2024-12-03,2025-02-26,85.0,Approved,nan,OK,2024-12
CLM03492,PT01662,DR001,Dr. Priya Nair,Cardiology,Nationalinsurance,97667.65,0.0,2024-01-30,,,Rejected,Duplicate claim,OK,2024-01
CLM03493,PT01279,DR010,Dr. Rohit Verma,Orthopedics,Unitedhealthindia,140357.31,0.0,2024-10-20,,,Rejected,Patient details mismatch,OK,2024-10
CLM03494,PT00579,DR009,Dr. Meera Pillai,Cardiology,Starhealth,20265.91,15671.85,2024-12-14,2025-02-13,61.0,Approved,nan,OK,2024-12
CLM03495,PT00172,DR005,Dr. Sunita Kulkarni,General Medicine,Bajajallianz,104954.26,0.0,2024-07-09,,,Rejected,Wrong diagnosis code,OK,2024-07
CLM03496,PT01673,DR008,Dr. Anil Joshi,Emergency,Starhealth,8128.22,7638.35,2024-05-18,2024-06-28,41.0,Approved,nan,OK,2024-05
CLM03497,PT00781,DR008,Dr. Anil Joshi,Emergency,Bajajallianz,9108.49,7696.54,2024-12-18,2025-02-03,47.0,Approved,nan,OK,2024-12
CLM03498,PT00253,DR002,Dr. Suresh Patil,Orthopedics,Bajajallianz,42386.0,0.0,2024-11-22,,,Rejected,Pre-authorization missing,OK,2024-11
CLM03499,PT00210,DR004,Dr. Rajan Mehta,Oncology,Hdfcergo,99194.21,0.0,2024-04-14,,,Rejected,Pre-authorization missing,OK,2024-04
CLM03500,PT01383,DR005,Dr. Sunita Kulkarni,General Medicine,Bajajallianz,28772.78,24728.33,2024-08-05,2024-09-12,38.0,Approved,nan,OK,2024-08
CLM03501,PT00544,DR003,Dr. Aarti Deshmukh,Neurology,Bajajallianz,117368.45,100037.74,2024-03-02,2024-06-04,94.0,Approved,nan,OK,2024-03
CLM03502,PT01252,DR005,Dr. Sunita Kulkarni,General Medicine,Bajajallianz,111510.94,86010.37,2024-07-30,2024-09-10,42.0,Approved,nan,OK,2024-07
CLM03503,PT01564,DR006,Dr. Kavya Iyer,Pediatrics,Unitedhealthindia,145827.81,135613.91,2024-07-24,2024-10-18,86.0,Approved,nan,OK,2024-07
CLM03504,PT01254,DR010,Dr. Rohit Verma,Orthopedics,Bajajallianz,145285.62,113815.53,2024-04-03,2024-05-24,51.0,Approved,nan,OK,2024-04
CLM03505,PT01047,DR001,Dr. Priya Nair,Cardiology,Nationalinsurance,142605.89,129943.89,2024-11-17,2025-01-28,72.0,Approved,nan,OK,2024-11
CLM03506,PT01016,DR006,Dr. Kavya Iyer,Pediatrics,Starhealth,131564.47,117944.56,2024-12-06,2025-04-04,119.0,Approved,nan,OK,2024-12
CLM03507,PT00739,DR005,Dr. Sunita Kulkarni,General Medicine,Bajajallianz,137249.99,127084.71,2024-07-02,2024-09-07,67.0,Approved,nan,OK,2024-07
CLM03508,PT01864,DR005,Dr. Sunita Kulkarni,General Medicine,Unitedhealthindia,61625.16,0.0,2024-10-27,,,Rejected,Late submission,OK,2024-10
CLM03509,PT00018,DR007,Dr. Deepak Sharma,Gynecology,Unitedhealthindia,82150.55,69626.18,2024-09-18,2024-12-03,76.0,Approved,nan,OK,2024-09
CLM03510,PT00746,DR006,Dr. Kavya Iyer,Pediatrics,Nationalinsurance,77041.67,0.0,2024-10-30,,,Rejected,Incomplete documents,OK,2024-10
CLM03511,PT00778,DR001,Dr. Priya Nair,Cardiology,Unitedhealthindia,19598.0,0.0,2024-03-03,,,Rejected,Late submission,OK,2024-03
CLM03512,PT01659,DR006,Dr. Kavya Iyer,Pediatrics,Nationalinsurance,92442.58,0.0,2024-01-23,,,Rejected,Patient details mismatch,OK,2024-01
CLM03513,PT01668,DR004,Dr. Rajan Mehta,Oncology,Nationalinsurance,127149.05,109359.63,2024-05-09,2024-06-03,25.0,Approved,nan,OK,2024-05
CLM03514,PT01829,DR002,Dr. Suresh Patil,Orthopedics,Hdfcergo,48014.07,45299.49,2024-03-04,2024-04-07,34.0,Approved,nan,OK,2024-03
CLM03515,PT01536,DR010,Dr. Rohit Verma,Orthopedics,Bajajallianz,40746.17,40078.16,2024-11-20,2024-12-30,40.0,Approved,nan,OK,2024-11
CLM03516,PT01174,DR006,Dr. Kavya Iyer,Pediatrics,Nationalinsurance,104423.46,98846.16,2024-05-04,2024-07-13,70.0,Approved,nan,OK,2024-05
CLM03517,PT00538,DR006,Dr. Kavya Iyer,Pediatrics,Bajajallianz,92652.06,77689.66,2024-06-30,2024-09-03,65.0,Approved,nan,OK,2024-06
CLM03518,PT01486,DR004,Dr. Rajan Mehta,Oncology,Starhealth,76486.67,73870.2,2024-05-27,2024-09-13,109.0,Approved,nan,OK,2024-05
CLM03519,PT00272,DR003,Dr. Aarti Deshmukh,Neurology,Bajajallianz,135824.07,134635.3,2024-03-23,2024-05-19,57.0,Approved,nan,OK,2024-03
CLM03520,PT00210,DR008,Dr. Anil Joshi,Emergency,Hdfcergo,138127.69,130062.61,2024-05-18,2024-06-29,42.0,Approved,nan,OK,2024-05
CLM03521,PT00689,DR006,Dr. Kavya Iyer,Pediatrics,Starhealth,16711.49,14641.94,2024-10-09,2024-10-31,22.0,Approved,nan,OK,2024-10
CLM03522,PT01449,DR003,Dr. Aarti Deshmukh,Neurology,Unitedhealthindia,109176.49,0.0,2024-03-23,,,Rejected,Late submission,OK,2024-03
CLM03523,PT01625,DR009,Dr. Meera Pillai,Cardiology,Nationalinsurance,69141.24,65590.66,2024-08-03,2024-09-02,30.0,Approved,nan,OK,2024-08
CLM03524,PT00445,DR004,Dr. Rajan Mehta,Oncology,Hdfcergo,33061.32,29094.21,2024-03-09,2024-04-12,34.0,Approved,nan,OK,2024-03
CLM03525,PT00164,DR006,Dr. Kavya Iyer,Pediatrics,Starhealth,10954.33,9556.88,2024-03-11,2024-06-22,103.0,Approved,nan,OK,2024-03
CLM03526,PT01284,DR005,Dr. Sunita Kulkarni,General Medicine,Unitedhealthindia,60878.09,51482.43,2024-10-18,2025-02-03,108.0,Approved,nan,OK,2024-10
CLM03527,PT00140,DR006,Dr. Kavya Iyer,Pediatrics,Bajajallianz,74078.39,62153.55,2024-02-27,2024-03-05,7.0,Approved,nan,OK,2024-02
CLM03528,PT00929,DR004,Dr. Rajan Mehta,Oncology,Starhealth,101463.52,77410.06,2024-10-17,2025-01-11,86.0,Approved,nan,OK,2024-10
CLM03529,PT01700,DR004,Dr. Rajan Mehta,Oncology,Starhealth,147448.79,117692.52,2024-11-09,2024-12-21,42.0,Approved,nan,OK,2024-11
CLM03530,PT00106,DR003,Dr. Aarti Deshmukh,Neurology,Hdfcergo,102127.04,97772.76,2024-07-10,2024-10-14,96.0,Approved,nan,OK,2024-07
CLM03531,PT00038,DR001,Dr. Priya Nair,Cardiology,Unitedhealthindia,13524.86,0.0,2024-03-18,,,Rejected,Policy lapsed,OK,2024-03
CLM03532,PT01070,DR010,Dr. Rohit Verma,Orthopedics,Bajajallianz,55339.59,50403.03,2024-05-05,2024-06-22,48.0,Approved,nan,OK,2024-05
CLM03533,PT00430,DR002,Dr. Suresh Patil,Orthopedics,Bajajallianz,122550.2,106145.59,2024-11-15,2025-01-05,51.0,Approved,nan,OK,2024-11
CLM03534,PT00061,DR004,Dr. Rajan Mehta,Oncology,Nationalinsurance,33508.77,25606.46,2024-10-09,2024-12-10,62.0,Approved,nan,OK,2024-10
CLM03535,PT00138,DR008,Dr. Anil Joshi,Emergency,Bajajallianz,6709.15,5402.6,2024-05-23,2024-06-02,10.0,Approved,nan,OK,2024-05
CLM03537,PT01543,DR002,Dr. Suresh Patil,Orthopedics,Bajajallianz,53612.41,52389.13,2024-05-31,2024-06-29,29.0,Approved,nan,OK,2024-05
CLM03538,PT01387,DR007,Dr. Deepak Sharma,Gynecology,Nationalinsurance,69570.39,58075.91,2024-09-13,2024-11-28,76.0,Approved,nan,OK,2024-09
CLM03539,PT00081,DR005,Dr. Sunita Kulkarni,General Medicine,Nationalinsurance,99438.64,82632.33,2024-05-18,2024-05-30,12.0,Approved,nan,OK,2024-05
CLM03540,PT00300,DR002,Dr. Suresh Patil,Orthopedics,Hdfcergo,132127.55,129784.5,2024-05-13,2024-08-05,84.0,Approved,nan,OK,2024-05
CLM03541,PT00219,DR007,Dr. Deepak Sharma,Gynecology,Hdfcergo,70124.21,68273.05,2024-01-18,2024-04-05,78.0,Approved,nan,OK,2024-01
CLM03542,PT01507,DR006,Dr. Kavya Iyer,Pediatrics,Unitedhealthindia,50626.49,50091.57,2024-05-18,2024-06-05,18.0,Approved,nan,OK,2024-05
CLM03543,PT00938,DR003,Dr. Aarti Deshmukh,Neurology,Hdfcergo,47006.05,42597.05,2024-02-16,2024-05-16,90.0,Approved,nan,OK,2024-02
CLM03544,PT00444,DR008,Dr. Anil Joshi,Emergency,Hdfcergo,12595.81,10116.83,2024-03-22,2024-07-14,114.0,Approved,nan,OK,2024-03
CLM03545,PT01373,DR010,Dr. Rohit Verma,Orthopedics,Unitedhealthindia,149759.64,149256.68,2024-05-12,2024-07-14,63.0,Approved,nan,OK,2024-05
CLM03546,PT00081,DR008,Dr. Anil Joshi,Emergency,Unitedhealthindia,34131.38,0.0,2024-06-25,,,Rejected,Policy lapsed,OK,2024-06
CLM03547,PT00885,DR010,Dr. Rohit Verma,Orthopedics,Nationalinsurance,114743.49,113267.58,2024-04-22,2024-05-19,27.0,Approved,nan,OK,2024-04
CLM03549,PT00700,DR008,Dr. Anil Joshi,Emergency,Unitedhealthindia,130065.79,101293.25,2024-06-27,2024-08-02,36.0,Approved,nan,OK,2024-06
CLM03550,PT00796,DR007,Dr. Deepak Sharma,Gynecology,Starhealth,6001.55,5782.61,2024-10-03,2025-01-30,119.0,Approved,nan,OK,2024-10
CLM03551,PT00436,DR007,Dr. Deepak Sharma,Gynecology,Unitedhealthindia,11695.77,0.0,2024-04-15,,,Rejected,Late submission,OK,2024-04
CLM03552,PT01305,DR007,Dr. Deepak Sharma,Gynecology,Bajajallianz,99864.21,82966.62,2024-03-05,2024-06-13,100.0,Approved,nan,OK,2024-03
CLM03553,PT01234,DR008,Dr. Anil Joshi,Emergency,Hdfcergo,123373.23,117243.68,2024-01-15,2024-03-16,61.0,Approved,nan,OK,2024-01
CLM03554,PT00204,DR005,Dr. Sunita Kulkarni,General Medicine,Nationalinsurance,40890.48,0.0,2024-08-15,,,Rejected,Pre-authorization missing,OK,2024-08
CLM03555,PT01778,DR008,Dr. Anil Joshi,Emergency,Bajajallianz,134301.89,119522.62,2024-05-25,2024-06-11,17.0,Approved,nan,OK,2024-05
CLM03556,PT00782,DR004,Dr. Rajan Mehta,Oncology,Unitedhealthindia,137011.65,132729.57,2024-08-22,2024-10-13,52.0,Approved,nan,OK,2024-08
CLM03557,PT01705,DR001,Dr. Priya Nair,Cardiology,Bajajallianz,41970.17,36064.2,2024-07-10,2024-08-01,22.0,Approved,nan,OK,2024-07
CLM03558,PT01023,DR005,Dr. Sunita Kulkarni,General Medicine,Starhealth,44737.8,43422.27,2024-09-07,2024-12-03,87.0,Approved,nan,OK,2024-09
CLM03559,PT01031,DR009,Dr. Meera Pillai,Cardiology,Hdfcergo,30102.54,27739.86,2024-04-16,2024-05-15,29.0,Approved,nan,OK,2024-04
CLM03560,PT00449,DR010,Dr. Rohit Verma,Orthopedics,Unitedhealthindia,126002.2,120243.52,2024-09-25,2024-10-22,27.0,Approved,nan,OK,2024-09
CLM03561,PT00945,DR002,Dr. Suresh Patil,Orthopedics,Nationalinsurance,129869.03,97619.98,2024-03-11,2024-06-17,98.0,Approved,nan,OK,2024-03
CLM03562,PT00720,DR007,Dr. Deepak Sharma,Gynecology,Hdfcergo,138930.87,0.0,2024-09-04,,,Rejected,Late submission,OK,2024-09
CLM03563,PT00778,DR007,Dr. Deepak Sharma,Gynecology,Starhealth,48021.63,46074.65,2024-08-01,2024-10-20,80.0,Approved,nan,OK,2024-08
CLM03564,PT01513,DR005,Dr. Sunita Kulkarni,General Medicine,Bajajallianz,68824.82,65158.36,2024-07-24,2024-10-24,92.0,Approved,nan,OK,2024-07
CLM03566,PT01902,DR006,Dr. Kavya Iyer,Pediatrics,Nationalinsurance,89986.75,74703.74,2024-06-08,2024-07-08,30.0,Approved,nan,OK,2024-06
CLM03567,PT01277,DR009,Dr. Meera Pillai,Cardiology,Unitedhealthindia,76790.65,67216.38,2024-03-09,2024-04-03,25.0,Approved,nan,OK,2024-03
CLM03568,PT00342,DR001,Dr. Priya Nair,Cardiology,Hdfcergo,16165.72,14922.34,2024-12-24,2025-02-22,60.0,Approved,nan,OK,2024-12
CLM03569,PT00958,DR004,Dr. Rajan Mehta,Oncology,Unitedhealthindia,67610.21,51750.6,2024-12-17,2025-04-05,109.0,Approved,nan,OK,2024-12
CLM03570,PT00885,DR004,Dr. Rajan Mehta,Oncology,Unitedhealthindia,10426.34,8048.4,2024-03-24,2024-05-01,38.0,Approved,nan,OK,2024-03
CLM03571,PT01161,DR004,Dr. Rajan Mehta,Oncology,Nationalinsurance,124015.62,0.0,2024-02-10,,,Rejected,Wrong diagnosis code,OK,2024-02
CLM03572,PT00821,DR006,Dr. Kavya Iyer,Pediatrics,Bajajallianz,77756.28,68000.83,2024-06-14,2024-08-07,54.0,Approved,nan,OK,2024-06
CLM03573,PT00805,DR002,Dr. Suresh Patil,Orthopedics,Bajajallianz,15848.86,13699.2,2024-04-08,2024-05-17,39.0,Approved,nan,OK,2024-04
CLM03574,PT00650,DR002,Dr. Suresh Patil,Orthopedics,Hdfcergo,143858.65,125936.42,2024-10-06,2025-01-12,98.0,Approved,nan,OK,2024-10
CLM03575,PT01985,DR007,Dr. Deepak Sharma,Gynecology,Hdfcergo,137510.77,111639.59,2024-08-09,2024-09-11,33.0,Approved,nan,OK,2024-08
CLM03576,PT00728,DR009,Dr. Meera Pillai,Cardiology,Hdfcergo,101322.7,89515.68,2024-02-04,2024-02-29,25.0,Approved,nan,OK,2024-02
CLM03577,PT01419,DR002,Dr. Suresh Patil,Orthopedics,Unitedhealthindia,94135.54,88838.38,2024-10-25,2025-02-03,101.0,Approved,nan,OK,2024-10
CLM03578,PT01235,DR005,Dr. Sunita Kulkarni,General Medicine,Hdfcergo,66031.24,56016.52,2024-03-27,2024-07-25,120.0,Approved,nan,OK,2024-03
CLM03579,PT01076,DR006,Dr. Kavya Iyer,Pediatrics,Starhealth,75360.73,64699.2,2024-10-29,2025-01-16,79.0,Approved,nan,OK,2024-10
CLM03580,PT00186,DR001,Dr. Priya Nair,Cardiology,Nationalinsurance,99971.95,90142.65,2024-09-10,2024-09-24,14.0,Approved,nan,OK,2024-09
CLM03581,PT01476,DR003,Dr. Aarti Deshmukh,Neurology,Starhealth,32241.54,24994.12,2024-12-04,2024-12-27,23.0,Approved,nan,OK,2024-12
CLM03582,PT00155,DR010,Dr. Rohit Verma,Orthopedics,Starhealth,96917.18,81960.21,2024-06-29,2024-10-19,112.0,Approved,nan,OK,2024-06
CLM03583,PT01411,DR003,Dr. Aarti Deshmukh,Neurology,Nationalinsurance,10169.44,8664.45,2024-07-19,2024-10-14,87.0,Approved,nan,OK,2024-07
CLM03584,PT00723,DR001,Dr. Priya Nair,Cardiology,Unitedhealthindia,27570.54,23319.58,2024-04-06,2024-05-24,48.0,Approved,nan,OK,2024-04
CLM03585,PT00030,DR004,Dr. Rajan Mehta,Oncology,Starhealth,98264.72,94705.74,2024-06-09,2024-09-20,103.0,Approved,nan,OK,2024-06
CLM03586,PT01831,DR003,Dr. Aarti Deshmukh,Neurology,Starhealth,25465.78,20306.58,2024-05-24,2024-07-14,51.0,Approved,nan,OK,2024-05
CLM03587,PT01956,DR010,Dr. Rohit Verma,Orthopedics,Nationalinsurance,111937.68,98378.99,2024-05-06,2024-08-30,116.0,Approved,nan,OK,2024-05
CLM03588,PT01621,DR008,Dr. Anil Joshi,Emergency,Starhealth,25258.51,0.0,2024-05-18,,,Rejected,Duplicate claim,OK,2024-05
CLM03589,PT00992,DR002,Dr. Suresh Patil,Orthopedics,Unitedhealthindia,30214.09,27868.42,2024-12-12,2025-01-04,23.0,Approved,nan,OK,2024-12
CLM03590,PT00452,DR008,Dr. Anil Joshi,Emergency,Hdfcergo,56416.85,43227.6,2024-05-11,2024-06-03,23.0,Approved,nan,OK,2024-05
CLM03591,PT00657,DR005,Dr. Sunita Kulkarni,General Medicine,Unitedhealthindia,139379.08,107925.55,2024-05-27,2024-07-22,56.0,Approved,nan,OK,2024-05
CLM03592,PT00506,DR010,Dr. Rohit Verma,Orthopedics,Nationalinsurance,120802.39,94453.48,2024-10-22,2024-12-02,41.0,Approved,nan,OK,2024-10
CLM03593,PT01970,DR002,Dr. Suresh Patil,Orthopedics,Bajajallianz,13536.02,0.0,2024-11-24,,,Rejected,Late submission,OK,2024-11
CLM03594,PT00104,DR007,Dr. Deepak Sharma,Gynecology,Nationalinsurance,73519.71,66977.08,2024-10-03,2024-11-21,49.0,Approved,nan,OK,2024-10
CLM03595,PT00970,DR004,Dr. Rajan Mehta,Oncology,Nationalinsurance,107204.1,0.0,2024-10-16,,,Rejected,Service not covered,OK,2024-10
CLM03596,PT00922,DR002,Dr. Suresh Patil,Orthopedics,Unitedhealthindia,20898.13,16940.13,2024-08-14,2024-11-18,96.0,Approved,nan,OK,2024-08
CLM03597,PT00180,DR005,Dr. Sunita Kulkarni,General Medicine,Nationalinsurance,17219.99,15813.72,2024-02-15,2024-03-15,29.0,Approved,nan,OK,2024-02
CLM03598,PT01339,DR006,Dr. Kavya Iyer,Pediatrics,Unitedhealthindia,17882.17,17140.78,2024-01-02,2024-02-02,31.0,Approved,nan,OK,2024-01
CLM03599,PT00595,DR005,Dr. Sunita Kulkarni,General Medicine,Nationalinsurance,124438.26,106345.03,2024-10-15,2024-11-02,18.0,Approved,nan,OK,2024-10
CLM03600,PT01891,DR001,Dr. Priya Nair,Cardiology,Starhealth,72191.34,70191.47,2024-03-17,2024-05-19,63.0,Approved,nan,OK,2024-03
CLM03601,PT00946,DR009,Dr. Meera Pillai,Cardiology,Starhealth,127840.88,125286.76,2024-09-16,2024-12-01,76.0,Approved,nan,OK,2024-09
CLM03602,PT01876,DR004,Dr. Rajan Mehta,Oncology,Nationalinsurance,83359.02,0.0,2024-07-09,,,Rejected,Pre-authorization missing,OK,2024-07
CLM03603,PT00867,DR004,Dr. Rajan Mehta,Oncology,Nationalinsurance,54605.44,47450.0,2024-08-05,2024-10-08,64.0,Approved,nan,OK,2024-08
CLM03604,PT00847,DR002,Dr. Suresh Patil,Orthopedics,Hdfcergo,29026.28,25126.03,2024-12-02,2024-12-12,10.0,Approved,nan,OK,2024-12
CLM03605,PT00444,DR004,Dr. Rajan Mehta,Oncology,Nationalinsurance,108201.99,102493.05,2024-07-12,2024-10-24,104.0,Approved,nan,OK,2024-07
CLM03606,PT01922,DR002,Dr. Suresh Patil,Orthopedics,Bajajallianz,48019.52,40011.03,2024-07-29,2024-10-03,66.0,Approved,nan,OK,2024-07
CLM03607,PT01549,DR002,Dr. Suresh Patil,Orthopedics,Unitedhealthindia,58135.38,53406.35,2024-09-12,2024-11-03,52.0,Approved,nan,OK,2024-09
CLM03608,PT00837,DR006,Dr. Kavya Iyer,Pediatrics,Hdfcergo,6828.02,6688.69,2024-11-23,2024-12-29,36.0,Approved,nan,OK,2024-11
CLM03609,PT00374,DR010,Dr. Rohit Verma,Orthopedics,Hdfcergo,111830.7,87777.92,2024-09-21,2024-09-29,8.0,Approved,nan,OK,2024-09
CLM03610,PT00668,DR002,Dr. Suresh Patil,Orthopedics,Bajajallianz,54084.16,49134.07,2024-09-02,2024-12-25,114.0,Approved,nan,OK,2024-09
CLM03611,PT00993,DR007,Dr. Deepak Sharma,Gynecology,Hdfcergo,11535.71,11350.31,2024-02-05,2024-03-22,46.0,Approved,nan,OK,2024-02
CLM03612,PT00095,DR009,Dr. Meera Pillai,Cardiology,Starhealth,36998.49,33209.27,2024-09-06,2024-10-01,25.0,Approved,nan,OK,2024-09
CLM03613,PT01308,DR003,Dr. Aarti Deshmukh,Neurology,Bajajallianz,134411.34,105943.99,2024-12-09,2025-03-03,84.0,Approved,nan,OK,2024-12
CLM03614,PT01380,DR005,Dr. Sunita Kulkarni,General Medicine,Unitedhealthindia,62147.84,47008.27,2024-03-09,2024-06-27,110.0,Approved,nan,OK,2024-03
CLM03615,PT00673,DR004,Dr. Rajan Mehta,Oncology,Unitedhealthindia,12893.11,12679.83,2024-10-06,2025-01-05,91.0,Approved,nan,OK,2024-10
CLM03616,PT00938,DR010,Dr. Rohit Verma,Orthopedics,Starhealth,12293.13,10174.73,2024-08-12,2024-10-09,58.0,Approved,nan,OK,2024-08
CLM03617,PT01409,DR009,Dr. Meera Pillai,Cardiology,Nationalinsurance,67557.29,62152.83,2024-12-16,2025-03-05,79.0,Approved,nan,OK,2024-12
CLM03618,PT00326,DR006,Dr. Kavya Iyer,Pediatrics,Starhealth,81759.74,68150.79,2024-06-20,2024-09-16,88.0,Approved,nan,OK,2024-06
CLM03619,PT00773,DR007,Dr. Deepak Sharma,Gynecology,Unitedhealthindia,113863.27,0.0,2024-03-15,,,Rejected,Service not covered,OK,2024-03
CLM03620,PT00502,DR005,Dr. Sunita Kulkarni,General Medicine,Hdfcergo,138662.73,120413.9,2024-11-06,2024-11-20,14.0,Approved,nan,OK,2024-11
CLM03621,PT01600,DR004,Dr. Rajan Mehta,Oncology,Bajajallianz,97514.87,75704.58,2024-08-08,2024-09-29,52.0,Approved,nan,OK,2024-08
CLM03622,PT01523,DR007,Dr. Deepak Sharma,Gynecology,Starhealth,84292.71,71561.47,2024-07-12,2024-09-21,71.0,Approved,nan,OK,2024-07
CLM03623,PT01065,DR009,Dr. Meera Pillai,Cardiology,Hdfcergo,141683.75,115891.61,2024-11-11,2024-12-20,39.0,Approved,nan,OK,2024-11
CLM03624,PT01545,DR004,Dr. Rajan Mehta,Oncology,Unitedhealthindia,57232.86,51818.39,2024-09-23,2024-11-10,48.0,Approved,nan,OK,2024-09
CLM03625,PT00560,DR001,Dr. Priya Nair,Cardiology,Unitedhealthindia,146377.45,118395.03,2024-04-26,2024-05-15,19.0,Approved,nan,OK,2024-04
CLM03626,PT01187,DR004,Dr. Rajan Mehta,Oncology,Bajajallianz,72992.82,0.0,2024-10-26,,,Rejected,Service not covered,OK,2024-10
CLM03627,PT01978,DR008,Dr. Anil Joshi,Emergency,Unitedhealthindia,145569.34,131373.47,2024-05-06,2024-08-24,110.0,Approved,nan,OK,2024-05
CLM03628,PT00328,DR001,Dr. Priya Nair,Cardiology,Starhealth,60905.58,51268.24,2024-02-19,2024-02-29,10.0,Approved,nan,OK,2024-02
CLM03629,PT00746,DR003,Dr. Aarti Deshmukh,Neurology,Nationalinsurance,15613.44,0.0,2024-04-09,,,Rejected,Patient details mismatch,OK,2024-04
CLM03630,PT00597,DR001,Dr. Priya Nair,Cardiology,Unitedhealthindia,85230.41,0.0,2024-02-10,,,Rejected,Pre-authorization missing,OK,2024-02
CLM03631,PT00874,DR008,Dr. Anil Joshi,Emergency,Nationalinsurance,10069.83,0.0,2024-02-27,,,Rejected,Incomplete documents,OK,2024-02
CLM03633,PT01192,DR002,Dr. Suresh Patil,Orthopedics,Hdfcergo,59551.63,57818.3,2024-06-24,2024-10-14,112.0,Approved,nan,OK,2024-06
CLM03634,PT01085,DR004,Dr. Rajan Mehta,Oncology,Bajajallianz,148722.23,129424.02,2024-09-18,2024-11-11,54.0,Approved,nan,OK,2024-09
CLM03635,PT00624,DR007,Dr. Deepak Sharma,Gynecology,Unitedhealthindia,21713.99,16603.51,2024-08-26,2024-12-02,98.0,Approved,nan,OK,2024-08
CLM03636,PT00289,DR009,Dr. Meera Pillai,Cardiology,Nationalinsurance,136386.47,0.0,2024-05-10,,,Rejected,Duplicate claim,OK,2024-05
CLM03637,PT01764,DR009,Dr. Meera Pillai,Cardiology,Nationalinsurance,46039.67,35842.25,2024-12-31,2025-04-24,114.0,Approved,nan,OK,2024-12
CLM03638,PT00026,DR001,Dr. Priya Nair,Cardiology,Bajajallianz,129862.55,106010.0,2024-12-29,2025-01-14,16.0,Approved,nan,OK,2024-12
CLM03639,PT00718,DR003,Dr. Aarti Deshmukh,Neurology,Hdfcergo,60735.16,58745.25,2024-07-03,2024-10-31,120.0,Approved,nan,OK,2024-07
CLM03640,PT00958,DR010,Dr. Rohit Verma,Orthopedics,Bajajallianz,110204.26,107596.73,2024-03-25,2024-04-28,34.0,Approved,nan,OK,2024-03
CLM03641,PT00208,DR002,Dr. Suresh Patil,Orthopedics,Hdfcergo,69660.45,59786.19,2024-02-26,2024-05-02,66.0,Approved,nan,OK,2024-02
CLM03642,PT00278,DR010,Dr. Rohit Verma,Orthopedics,Starhealth,31030.17,27207.26,2024-02-19,2024-06-16,118.0,Approved,nan,OK,2024-02
CLM03643,PT01597,DR001,Dr. Priya Nair,Cardiology,Nationalinsurance,29811.89,22982.5,2024-11-10,2025-02-12,94.0,Approved,nan,OK,2024-11
CLM03644,PT01756,DR001,Dr. Priya Nair,Cardiology,Bajajallianz,142086.46,113576.33,2024-01-07,2024-03-31,84.0,Approved,nan,OK,2024-01
CLM03645,PT00702,DR001,Dr. Priya Nair,Cardiology,Hdfcergo,51741.03,0.0,2024-06-12,,,Rejected,Late submission,OK,2024-06
CLM03646,PT01903,DR008,Dr. Anil Joshi,Emergency,Hdfcergo,14031.29,12053.45,2024-09-11,2024-12-05,85.0,Approved,nan,OK,2024-09
CLM03647,PT01488,DR004,Dr. Rajan Mehta,Oncology,Starhealth,99309.68,81784.39,2024-07-20,2024-08-01,12.0,Approved,nan,OK,2024-07
CLM03648,PT01471,DR001,Dr. Priya Nair,Cardiology,Starhealth,77144.84,66625.42,2024-03-24,2024-06-15,83.0,Approved,nan,OK,2024-03
CLM03649,PT01124,DR003,Dr. Aarti Deshmukh,Neurology,Unitedhealthindia,8740.82,7071.89,2024-12-19,2024-12-27,8.0,Approved,nan,OK,2024-12
CLM03650,PT01693,DR004,Dr. Rajan Mehta,Oncology,Bajajallianz,9014.82,7964.96,2024-04-10,2024-04-26,16.0,Approved,nan,OK,2024-04
CLM03651,PT00367,DR005,Dr. Sunita Kulkarni,General Medicine,Starhealth,63178.31,0.0,2024-02-02,,,Rejected,Policy lapsed,OK,2024-02
CLM03652,PT00973,DR002,Dr. Suresh Patil,Orthopedics,Starhealth,71828.8,63582.3,2024-12-08,2025-03-28,110.0,Approved,nan,OK,2024-12
CLM03653,PT01139,DR007,Dr. Deepak Sharma,Gynecology,Nationalinsurance,96459.52,0.0,2024-02-15,,,Rejected,Late submission,OK,2024-02
CLM03654,PT00052,DR005,Dr. Sunita Kulkarni,General Medicine,Bajajallianz,83738.59,74159.08,2024-02-11,2024-05-12,91.0,Approved,nan,OK,2024-02
CLM03655,PT00205,DR005,Dr. Sunita Kulkarni,General Medicine,Bajajallianz,106311.65,90421.17,2024-09-12,2024-11-14,63.0,Approved,nan,OK,2024-09
CLM03656,PT00265,DR005,Dr. Sunita Kulkarni,General Medicine,Unitedhealthindia,62870.35,0.0,2024-01-15,,,Rejected,Pre-authorization missing,OK,2024-01
CLM03657,PT00628,DR006,Dr. Kavya Iyer,Pediatrics,Starhealth,140137.98,121454.13,2024-09-04,2024-12-22,109.0,Approved,nan,OK,2024-09
CLM03658,PT01137,DR001,Dr. Priya Nair,Cardiology,Bajajallianz,107075.45,88480.02,2024-06-28,2024-09-07,71.0,Approved,nan,OK,2024-06
CLM03659,PT00661,DR004,Dr. Rajan Mehta,Oncology,Nationalinsurance,13601.21,12391.83,2024-06-29,2024-07-29,30.0,Approved,nan,OK,2024-06
CLM03660,PT01606,DR004,Dr. Rajan Mehta,Oncology,Bajajallianz,107769.27,93182.15,2024-09-12,2024-10-10,28.0,Approved,nan,OK,2024-09
CLM03661,PT01288,DR006,Dr. Kavya Iyer,Pediatrics,Hdfcergo,134303.63,0.0,2024-11-17,,,Rejected,Late submission,OK,2024-11
CLM03662,PT01031,DR007,Dr. Deepak Sharma,Gynecology,Hdfcergo,33339.99,27574.96,2024-11-06,2025-01-01,56.0,Approved,nan,OK,2024-11
CLM03663,PT00932,DR004,Dr. Rajan Mehta,Oncology,Unitedhealthindia,85799.33,72777.11,2024-06-12,2024-09-13,93.0,Approved,nan,OK,2024-06
CLM03664,PT01133,DR009,Dr. Meera Pillai,Cardiology,Hdfcergo,100919.45,100193.21,2024-07-26,2024-10-01,67.0,Approved,nan,OK,2024-07
CLM03665,PT01701,DR004,Dr. Rajan Mehta,Oncology,Bajajallianz,134768.35,102980.57,2024-07-18,2024-08-07,20.0,Approved,nan,OK,2024-07
CLM03666,PT00122,DR002,Dr. Suresh Patil,Orthopedics,Bajajallianz,105217.69,0.0,2024-03-09,,,Rejected,Patient details mismatch,OK,2024-03
CLM03667,PT00704,DR003,Dr. Aarti Deshmukh,Neurology,Hdfcergo,35708.17,31496.2,2024-03-28,2024-05-27,60.0,Approved,nan,OK,2024-03
CLM03668,PT00066,DR005,Dr. Sunita Kulkarni,General Medicine,Bajajallianz,43619.95,33992.95,2024-07-04,2024-11-01,120.0,Approved,nan,OK,2024-07
CLM03669,PT00595,DR003,Dr. Aarti Deshmukh,Neurology,Starhealth,16236.94,15788.02,2024-08-27,2024-10-06,40.0,Approved,nan,OK,2024-08
CLM03670,PT00592,DR003,Dr. Aarti Deshmukh,Neurology,Starhealth,96607.59,76794.14,2024-09-29,2024-12-25,87.0,Approved,nan,OK,2024-09
CLM03671,PT01842,DR006,Dr. Kavya Iyer,Pediatrics,Starhealth,28405.9,27765.7,2024-02-26,2024-04-07,41.0,Approved,nan,OK,2024-02
CLM03672,PT00516,DR007,Dr. Deepak Sharma,Gynecology,Bajajallianz,30814.85,30743.18,2024-11-01,2024-11-30,29.0,Approved,nan,OK,2024-11
CLM03673,PT01335,DR010,Dr. Rohit Verma,Orthopedics,Unitedhealthindia,81605.26,74365.8,2024-09-10,2024-12-29,110.0,Approved,nan,OK,2024-09
CLM03674,PT00952,DR006,Dr. Kavya Iyer,Pediatrics,Starhealth,42858.13,0.0,2024-11-29,,,Rejected,Duplicate claim,OK,2024-11
CLM03675,PT01879,DR004,Dr. Rajan Mehta,Oncology,Starhealth,54242.63,48244.82,2024-08-26,2024-10-05,40.0,Approved,nan,OK,2024-08
CLM03676,PT01484,DR009,Dr. Meera Pillai,Cardiology,Starhealth,25345.54,24737.81,2024-07-26,2024-09-01,37.0,Approved,nan,OK,2024-07
CLM03678,PT01523,DR010,Dr. Rohit Verma,Orthopedics,Hdfcergo,21563.62,20835.41,2024-01-14,2024-04-10,87.0,Approved,nan,OK,2024-01
CLM03679,PT01244,DR002,Dr. Suresh Patil,Orthopedics,Nationalinsurance,120852.05,105476.18,2024-02-02,2024-05-08,96.0,Approved,nan,OK,2024-02
CLM03680,PT00159,DR005,Dr. Sunita Kulkarni,General Medicine,Hdfcergo,17111.07,0.0,2024-10-24,,,Rejected,Wrong diagnosis code,OK,2024-10
CLM03681,PT00392,DR002,Dr. Suresh Patil,Orthopedics,Hdfcergo,11394.49,9079.26,2024-05-10,2024-07-17,68.0,Approved,nan,OK,2024-05
CLM03682,PT00852,DR009,Dr. Meera Pillai,Cardiology,Nationalinsurance,97636.4,74693.75,2024-02-27,2024-04-24,57.0,Approved,nan,OK,2024-02
CLM03683,PT01123,DR005,Dr. Sunita Kulkarni,General Medicine,Nationalinsurance,58929.22,55435.6,2024-08-24,2024-11-18,86.0,Approved,nan,OK,2024-08
CLM03684,PT01035,DR005,Dr. Sunita Kulkarni,General Medicine,Nationalinsurance,9700.94,7969.12,2024-02-01,2024-03-14,42.0,Approved,nan,OK,2024-02
CLM03685,PT01315,DR008,Dr. Anil Joshi,Emergency,Nationalinsurance,127117.33,0.0,2024-03-27,,,Rejected,Patient details mismatch,OK,2024-03
CLM03686,PT00348,DR009,Dr. Meera Pillai,Cardiology,Bajajallianz,112280.8,91881.08,2024-12-28,2025-02-14,48.0,Approved,nan,OK,2024-12
CLM03687,PT01544,DR008,Dr. Anil Joshi,Emergency,Unitedhealthindia,78057.24,0.0,2024-10-30,,,Rejected,Incomplete documents,OK,2024-10
CLM03688,PT01681,DR010,Dr. Rohit Verma,Orthopedics,Unitedhealthindia,128049.56,109948.11,2024-04-16,2024-06-22,67.0,Approved,nan,OK,2024-04
CLM03689,PT01202,DR004,Dr. Rajan Mehta,Oncology,Unitedhealthindia,44526.17,36917.3,2024-12-10,2025-03-25,105.0,Approved,nan,OK,2024-12
CLM03690,PT01998,DR004,Dr. Rajan Mehta,Oncology,Bajajallianz,146097.26,141516.11,2024-08-10,2024-10-23,74.0,Approved,nan,OK,2024-08
CLM03691,PT01296,DR007,Dr. Deepak Sharma,Gynecology,Hdfcergo,108919.66,91416.99,2024-11-12,2025-02-13,93.0,Approved,nan,OK,2024-11
CLM03692,PT00996,DR006,Dr. Kavya Iyer,Pediatrics,Starhealth,120593.78,0.0,2024-02-14,,,Rejected,Late submission,OK,2024-02
CLM03693,PT00637,DR005,Dr. Sunita Kulkarni,General Medicine,Starhealth,81327.56,68014.9,2024-03-07,2024-04-20,44.0,Approved,nan,OK,2024-03
CLM03694,PT01297,DR004,Dr. Rajan Mehta,Oncology,Bajajallianz,63765.55,60594.86,2024-05-03,2024-07-31,89.0,Approved,nan,OK,2024-05
CLM03695,PT01936,DR010,Dr. Rohit Verma,Orthopedics,Bajajallianz,10519.77,8987.45,2024-08-16,2024-11-18,94.0,Approved,nan,OK,2024-08
CLM03696,PT01836,DR004,Dr. Rajan Mehta,Oncology,Hdfcergo,131945.1,123681.53,2024-05-09,2024-08-17,100.0,Approved,nan,OK,2024-05
CLM03697,PT00156,DR003,Dr. Aarti Deshmukh,Neurology,Nationalinsurance,141759.28,121179.68,2024-10-09,2025-01-25,108.0,Approved,nan,OK,2024-10
CLM03698,PT01008,DR006,Dr. Kavya Iyer,Pediatrics,Nationalinsurance,128554.52,116809.01,2024-09-02,2024-10-01,29.0,Approved,nan,OK,2024-09
CLM03699,PT00877,DR006,Dr. Kavya Iyer,Pediatrics,Nationalinsurance,35308.71,28730.66,2024-11-15,2025-03-13,118.0,Approved,nan,OK,2024-11
CLM03700,PT00292,DR001,Dr. Priya Nair,Cardiology,Nationalinsurance,101392.15,0.0,2024-06-22,,,Rejected,Policy lapsed,OK,2024-06
CLM03701,PT00702,DR010,Dr. Rohit Verma,Orthopedics,Starhealth,141495.0,126080.25,2024-05-24,2024-07-10,47.0,Approved,nan,OK,2024-05
CLM03702,PT01113,DR006,Dr. Kavya Iyer,Pediatrics,Starhealth,107539.06,97007.54,2024-04-13,2024-06-20,68.0,Approved,nan,OK,2024-04
CLM03703,PT00583,DR007,Dr. Deepak Sharma,Gynecology,Starhealth,50282.47,37985.46,2024-08-10,2024-08-24,14.0,Approved,nan,OK,2024-08
CLM03704,PT00504,DR004,Dr. Rajan Mehta,Oncology,Bajajallianz,133345.87,0.0,2024-02-09,,,Rejected,Policy lapsed,OK,2024-02
CLM03705,PT00368,DR007,Dr. Deepak Sharma,Gynecology,Bajajallianz,149507.0,137977.9,2024-04-06,2024-04-18,12.0,Approved,nan,OK,2024-04
CLM03706,PT00986,DR002,Dr. Suresh Patil,Orthopedics,Hdfcergo,11999.11,11483.96,2024-05-05,2024-08-22,109.0,Approved,nan,OK,2024-05
CLM03707,PT00598,DR005,Dr. Sunita Kulkarni,General Medicine,Starhealth,81725.44,74629.46,2024-06-03,2024-09-28,117.0,Approved,nan,OK,2024-06
CLM03708,PT01292,DR010,Dr. Rohit Verma,Orthopedics,Nationalinsurance,17638.46,15611.3,2024-08-29,2024-12-07,100.0,Approved,nan,OK,2024-08
CLM03709,PT00493,DR007,Dr. Deepak Sharma,Gynecology,Hdfcergo,110105.7,95177.71,2024-07-30,2024-10-04,66.0,Approved,nan,OK,2024-07
CLM03710,PT01955,DR008,Dr. Anil Joshi,Emergency,Hdfcergo,50117.03,45324.34,2024-06-27,2024-07-11,14.0,Approved,nan,OK,2024-06
CLM03711,PT01257,DR006,Dr. Kavya Iyer,Pediatrics,Bajajallianz,34296.14,0.0,2024-02-26,,,Rejected,Pre-authorization missing,OK,2024-02
CLM03712,PT00761,DR004,Dr. Rajan Mehta,Oncology,Nationalinsurance,124274.86,116542.09,2024-10-02,2024-11-02,31.0,Approved,nan,OK,2024-10
CLM03713,PT00169,DR004,Dr. Rajan Mehta,Oncology,Bajajallianz,103413.67,94489.72,2024-02-05,2024-03-23,47.0,Approved,nan,OK,2024-02
CLM03714,PT00294,DR007,Dr. Deepak Sharma,Gynecology,Bajajallianz,7517.77,6432.55,2024-03-11,2024-05-06,56.0,Approved,nan,OK,2024-03
CLM03715,PT00253,DR005,Dr. Sunita Kulkarni,General Medicine,Bajajallianz,123170.14,95683.57,2024-09-01,2024-10-31,60.0,Approved,nan,OK,2024-09
CLM03716,PT00523,DR003,Dr. Aarti Deshmukh,Neurology,Hdfcergo,106103.17,81023.88,2024-10-23,2025-01-12,81.0,Approved,nan,OK,2024-10
CLM03717,PT00979,DR003,Dr. Aarti Deshmukh,Neurology,Bajajallianz,29320.67,27418.69,2024-01-18,2024-05-03,106.0,Approved,nan,OK,2024-01
CLM03718,PT00947,DR002,Dr. Suresh Patil,Orthopedics,Nationalinsurance,59264.72,52311.81,2024-04-02,2024-07-16,105.0,Approved,nan,OK,2024-04
CLM03719,PT01824,DR010,Dr. Rohit Verma,Orthopedics,Bajajallianz,125371.94,106067.58,2024-07-02,2024-10-09,99.0,Approved,nan,OK,2024-07
CLM03720,PT01435,DR010,Dr. Rohit Verma,Orthopedics,Bajajallianz,50467.26,41549.77,2024-07-20,2024-09-03,45.0,Approved,nan,OK,2024-07
CLM03721,PT01689,DR010,Dr. Rohit Verma,Orthopedics,Starhealth,9374.98,7429.38,2024-02-07,2024-06-04,118.0,Approved,nan,OK,2024-02
CLM03722,PT01078,DR007,Dr. Deepak Sharma,Gynecology,Hdfcergo,83060.02,80787.9,2024-06-18,2024-10-03,107.0,Approved,nan,OK,2024-06
CLM03723,PT01227,DR006,Dr. Kavya Iyer,Pediatrics,Starhealth,23115.58,19945.43,2024-12-16,2024-12-28,12.0,Approved,nan,OK,2024-12
CLM03724,PT00868,DR008,Dr. Anil Joshi,Emergency,Nationalinsurance,115021.71,107628.8,2024-06-24,2024-09-03,71.0,Approved,nan,OK,2024-06
CLM03725,PT01365,DR002,Dr. Suresh Patil,Orthopedics,Hdfcergo,75115.88,0.0,2024-12-30,,,Rejected,Policy lapsed,OK,2024-12
CLM03726,PT01379,DR004,Dr. Rajan Mehta,Oncology,Starhealth,64972.78,48933.87,2024-04-23,2024-07-01,69.0,Approved,nan,OK,2024-04
CLM03727,PT00180,DR007,Dr. Deepak Sharma,Gynecology,Bajajallianz,55757.28,48617.5,2024-06-14,2024-07-27,43.0,Approved,nan,OK,2024-06
CLM03728,PT01366,DR004,Dr. Rajan Mehta,Oncology,Nationalinsurance,115240.7,112334.13,2024-07-23,2024-09-11,50.0,Approved,nan,OK,2024-07
CLM03729,PT00867,DR007,Dr. Deepak Sharma,Gynecology,Unitedhealthindia,140652.85,131605.9,2024-02-05,2024-02-26,21.0,Approved,nan,OK,2024-02
CLM03730,PT00853,DR002,Dr. Suresh Patil,Orthopedics,Hdfcergo,65114.53,64794.71,2024-10-25,2025-01-12,79.0,Approved,nan,OK,2024-10
CLM03731,PT00514,DR007,Dr. Deepak Sharma,Gynecology,Starhealth,54537.09,50386.85,2024-07-08,2024-07-29,21.0,Approved,nan,OK,2024-07
CLM03732,PT00685,DR007,Dr. Deepak Sharma,Gynecology,Nationalinsurance,32168.01,31613.97,2024-05-13,2024-07-24,72.0,Approved,nan,OK,2024-05
CLM03733,PT01216,DR003,Dr. Aarti Deshmukh,Neurology,Starhealth,142575.32,139137.14,2024-11-24,2025-01-27,64.0,Approved,nan,OK,2024-11
CLM03734,PT01557,DR007,Dr. Deepak Sharma,Gynecology,Unitedhealthindia,75482.19,67388.02,2024-06-04,2024-09-24,112.0,Approved,nan,OK,2024-06
CLM03735,PT00406,DR002,Dr. Suresh Patil,Orthopedics,Unitedhealthindia,66604.33,0.0,2024-04-24,,,Rejected,Service not covered,OK,2024-04
CLM03736,PT00797,DR010,Dr. Rohit Verma,Orthopedics,Nationalinsurance,31162.49,29072.85,2024-06-26,2024-08-26,61.0,Approved,nan,OK,2024-06
CLM03737,PT00275,DR008,Dr. Anil Joshi,Emergency,Bajajallianz,63778.14,0.0,2024-01-06,,,Rejected,Patient details mismatch,OK,2024-01
CLM03738,PT01169,DR009,Dr. Meera Pillai,Cardiology,Hdfcergo,40338.97,38693.69,2024-12-15,2025-02-06,53.0,Approved,nan,OK,2024-12
CLM03739,PT00861,DR003,Dr. Aarti Deshmukh,Neurology,Nationalinsurance,32933.99,0.0,2024-07-30,,,Rejected,Patient details mismatch,OK,2024-07
CLM03741,PT00018,DR001,Dr. Priya Nair,Cardiology,Nationalinsurance,128996.02,97342.53,2024-03-22,2024-07-03,103.0,Approved,nan,OK,2024-03
CLM03742,PT00911,DR005,Dr. Sunita Kulkarni,General Medicine,Hdfcergo,35017.71,32606.98,2024-06-15,2024-09-30,107.0,Approved,nan,OK,2024-06
CLM03743,PT01055,DR003,Dr. Aarti Deshmukh,Neurology,Starhealth,144974.56,0.0,2024-10-03,,,Rejected,Patient details mismatch,OK,2024-10
CLM03744,PT00675,DR009,Dr. Meera Pillai,Cardiology,Hdfcergo,145154.62,0.0,2024-12-04,,,Rejected,Incomplete documents,OK,2024-12
CLM03745,PT00132,DR002,Dr. Suresh Patil,Orthopedics,Starhealth,100099.88,77041.92,2024-03-24,2024-06-01,69.0,Approved,nan,OK,2024-03
CLM03746,PT01306,DR007,Dr. Deepak Sharma,Gynecology,Hdfcergo,60815.98,56559.5,2024-04-27,2024-07-21,85.0,Approved,nan,OK,2024-04
CLM03747,PT00505,DR003,Dr. Aarti Deshmukh,Neurology,Hdfcergo,142990.27,117247.77,2024-06-16,2024-06-24,8.0,Approved,nan,OK,2024-06
CLM03748,PT00101,DR003,Dr. Aarti Deshmukh,Neurology,Unitedhealthindia,45321.5,39549.44,2024-01-16,2024-02-19,34.0,Approved,nan,OK,2024-01
CLM03749,PT00221,DR004,Dr. Rajan Mehta,Oncology,Nationalinsurance,108021.6,0.0,2024-06-24,,,Rejected,Policy lapsed,OK,2024-06
CLM03750,PT00201,DR010,Dr. Rohit Verma,Orthopedics,Bajajallianz,11878.26,0.0,2024-05-07,,,Rejected,Patient details mismatch,OK,2024-05
CLM03751,PT00138,DR003,Dr. Aarti Deshmukh,Neurology,Hdfcergo,52815.6,47832.25,2024-05-25,2024-09-10,108.0,Approved,nan,OK,2024-05
CLM03752,PT01638,DR010,Dr. Rohit Verma,Orthopedics,Unitedhealthindia,39504.03,38608.5,2024-09-14,2024-12-21,98.0,Approved,nan,OK,2024-09
CLM03753,PT00905,DR008,Dr. Anil Joshi,Emergency,Hdfcergo,43895.78,40887.63,2024-02-15,2024-04-14,59.0,Approved,nan,OK,2024-02
CLM03754,PT00282,DR009,Dr. Meera Pillai,Cardiology,Nationalinsurance,144026.99,135056.77,2024-12-26,2025-01-15,20.0,Approved,nan,OK,2024-12
CLM03755,PT01451,DR010,Dr. Rohit Verma,Orthopedics,Starhealth,133958.7,119286.84,2024-03-08,2024-04-17,40.0,Approved,nan,OK,2024-03
CLM03756,PT01526,DR005,Dr. Sunita Kulkarni,General Medicine,Bajajallianz,71412.67,54931.06,2024-07-28,2024-11-24,119.0,Approved,nan,OK,2024-07
CLM03757,PT00703,DR006,Dr. Kavya Iyer,Pediatrics,Starhealth,117656.85,105379.96,2024-01-18,2024-02-05,18.0,Approved,nan,OK,2024-01
CLM03758,PT01526,DR008,Dr. Anil Joshi,Emergency,Unitedhealthindia,32188.67,29381.6,2024-04-16,2024-07-26,101.0,Approved,nan,OK,2024-04
CLM03759,PT01211,DR004,Dr. Rajan Mehta,Oncology,Hdfcergo,122024.65,100205.94,2024-02-29,2024-03-26,26.0,Approved,nan,OK,2024-02
CLM03760,PT01151,DR006,Dr. Kavya Iyer,Pediatrics,Nationalinsurance,64415.58,56925.79,2024-12-27,2025-02-28,63.0,Approved,nan,OK,2024-12
CLM03761,PT01758,DR004,Dr. Rajan Mehta,Oncology,Nationalinsurance,84834.18,0.0,2024-10-08,,,Rejected,Wrong diagnosis code,OK,2024-10
CLM03762,PT00875,DR007,Dr. Deepak Sharma,Gynecology,Hdfcergo,67148.5,66212.75,2024-04-22,2024-05-24,32.0,Approved,nan,OK,2024-04
CLM03763,PT01031,DR004,Dr. Rajan Mehta,Oncology,Hdfcergo,57431.6,0.0,2024-09-04,,,Rejected,Wrong diagnosis code,OK,2024-09
CLM03764,PT01351,DR006,Dr. Kavya Iyer,Pediatrics,Hdfcergo,121801.68,106245.13,2024-04-09,2024-04-20,11.0,Approved,nan,OK,2024-04
CLM03765,PT01231,DR004,Dr. Rajan Mehta,Oncology,Starhealth,61908.16,0.0,2024-11-01,,,Rejected,Incomplete documents,OK,2024-11
CLM03766,PT01091,DR008,Dr. Anil Joshi,Emergency,Nationalinsurance,109208.85,96035.1,2024-01-26,2024-04-06,71.0,Approved,nan,OK,2024-01
CLM03767,PT00677,DR004,Dr. Rajan Mehta,Oncology,Starhealth,24806.77,21224.81,2024-10-28,2025-02-24,119.0,Approved,nan,OK,2024-10
CLM03768,PT01593,DR009,Dr. Meera Pillai,Cardiology,Starhealth,104531.0,79750.59,2024-10-15,2024-10-23,8.0,Approved,nan,OK,2024-10
CLM03769,PT01704,DR006,Dr. Kavya Iyer,Pediatrics,Unitedhealthindia,119181.95,0.0,2024-01-07,,,Rejected,Wrong diagnosis code,OK,2024-01
CLM03770,PT01895,DR001,Dr. Priya Nair,Cardiology,Hdfcergo,35397.06,28827.66,2024-09-16,2024-11-18,63.0,Approved,nan,OK,2024-09
CLM03771,PT01492,DR008,Dr. Anil Joshi,Emergency,Bajajallianz,40381.68,32628.17,2024-07-24,2024-10-12,80.0,Approved,nan,OK,2024-07
CLM03772,PT00215,DR004,Dr. Rajan Mehta,Oncology,Starhealth,88284.68,74555.6,2024-06-11,2024-06-26,15.0,Approved,nan,OK,2024-06
CLM03773,PT00028,DR006,Dr. Kavya Iyer,Pediatrics,Bajajallianz,23248.63,18907.64,2024-12-04,2025-03-22,108.0,Approved,nan,OK,2024-12
CLM03774,PT00178,DR010,Dr. Rohit Verma,Orthopedics,Starhealth,33466.24,32293.41,2024-06-29,2024-07-07,8.0,Approved,nan,OK,2024-06
CLM03775,PT00130,DR003,Dr. Aarti Deshmukh,Neurology,Bajajallianz,86883.97,82983.64,2024-11-14,2024-11-25,11.0,Approved,nan,OK,2024-11
CLM03776,PT00506,DR009,Dr. Meera Pillai,Cardiology,Unitedhealthindia,107908.03,93563.28,2024-12-13,2025-04-08,116.0,Approved,nan,OK,2024-12
CLM03777,PT00339,DR009,Dr. Meera Pillai,Cardiology,Unitedhealthindia,140998.15,133282.01,2024-02-06,2024-05-29,113.0,Approved,nan,OK,2024-02
CLM03778,PT01676,DR008,Dr. Anil Joshi,Emergency,Unitedhealthindia,36590.78,33564.0,2024-08-24,2024-11-22,90.0,Approved,nan,OK,2024-08
CLM03779,PT00835,DR004,Dr. Rajan Mehta,Oncology,Nationalinsurance,105134.25,95504.98,2024-10-18,2025-02-13,118.0,Approved,nan,OK,2024-10
CLM03780,PT00789,DR007,Dr. Deepak Sharma,Gynecology,Nationalinsurance,78920.91,66061.75,2024-01-03,2024-02-18,46.0,Approved,nan,OK,2024-01
CLM03781,PT00458,DR002,Dr. Suresh Patil,Orthopedics,Starhealth,122842.66,102608.02,2024-09-17,2025-01-08,113.0,Approved,nan,OK,2024-09
CLM03782,PT01215,DR003,Dr. Aarti Deshmukh,Neurology,Unitedhealthindia,85137.4,82467.75,2024-03-10,2024-03-24,14.0,Approved,nan,OK,2024-03
CLM03783,PT00910,DR006,Dr. Kavya Iyer,Pediatrics,Hdfcergo,44123.33,41392.11,2024-07-02,2024-08-01,30.0,Approved,nan,OK,2024-07
CLM03784,PT00027,DR007,Dr. Deepak Sharma,Gynecology,Hdfcergo,75876.48,73446.79,2024-09-03,2024-10-01,28.0,Approved,nan,OK,2024-09
CLM03785,PT00359,DR007,Dr. Deepak Sharma,Gynecology,Bajajallianz,54532.53,0.0,2024-08-26,,,Rejected,Patient details mismatch,OK,2024-08
CLM03786,PT00530,DR006,Dr. Kavya Iyer,Pediatrics,Starhealth,105685.68,91222.79,2024-06-07,2024-09-19,104.0,Approved,nan,OK,2024-06
CLM03787,PT01653,DR005,Dr. Sunita Kulkarni,General Medicine,Unitedhealthindia,82117.33,0.0,2024-06-14,,,Rejected,Patient details mismatch,OK,2024-06
CLM03788,PT00100,DR002,Dr. Suresh Patil,Orthopedics,Unitedhealthindia,57968.55,44969.48,2024-02-23,2024-03-15,21.0,Approved,nan,OK,2024-02
CLM03789,PT01613,DR004,Dr. Rajan Mehta,Oncology,Unitedhealthindia,130367.15,111718.94,2024-02-08,2024-05-19,101.0,Approved,nan,OK,2024-02
CLM03790,PT00124,DR007,Dr. Deepak Sharma,Gynecology,Unitedhealthindia,6340.59,5554.36,2024-11-07,2024-12-10,33.0,Approved,nan,OK,2024-11
CLM03791,PT00889,DR006,Dr. Kavya Iyer,Pediatrics,Starhealth,30734.23,30373.65,2024-09-05,2024-09-18,13.0,Approved,nan,OK,2024-09
CLM03792,PT01844,DR006,Dr. Kavya Iyer,Pediatrics,Hdfcergo,34398.83,32484.76,2024-05-03,2024-07-22,80.0,Approved,nan,OK,2024-05
CLM03793,PT00737,DR003,Dr. Aarti Deshmukh,Neurology,Bajajallianz,116549.48,0.0,2024-08-19,,,Rejected,Wrong diagnosis code,OK,2024-08
CLM03794,PT00964,DR009,Dr. Meera Pillai,Cardiology,Nationalinsurance,63352.13,60562.85,2024-10-01,2024-11-02,32.0,Approved,nan,OK,2024-10
CLM03795,PT01514,DR003,Dr. Aarti Deshmukh,Neurology,Hdfcergo,17857.62,16730.09,2024-02-26,2024-04-22,56.0,Approved,nan,OK,2024-02
CLM03796,PT01863,DR007,Dr. Deepak Sharma,Gynecology,Unitedhealthindia,140651.12,130922.95,2024-05-08,2024-06-07,30.0,Approved,nan,OK,2024-05
CLM03797,PT00051,DR004,Dr. Rajan Mehta,Oncology,Unitedhealthindia,54958.67,51625.76,2024-05-22,2024-09-02,103.0,Approved,nan,OK,2024-05
CLM03798,PT01169,DR004,Dr. Rajan Mehta,Oncology,Starhealth,120496.2,107600.43,2024-03-20,2024-05-01,42.0,Approved,nan,OK,2024-03
CLM03799,PT01912,DR004,Dr. Rajan Mehta,Oncology,Nationalinsurance,79012.16,0.0,2024-12-22,,,Rejected,Patient details mismatch,OK,2024-12
CLM03800,PT01777,DR002,Dr. Suresh Patil,Orthopedics,Unitedhealthindia,57276.96,43880.23,2024-06-23,2024-09-07,76.0,Approved,nan,OK,2024-06
CLM03801,PT01819,DR004,Dr. Rajan Mehta,Oncology,Starhealth,42885.44,0.0,2024-01-02,,,Rejected,Duplicate claim,OK,2024-01
CLM03803,PT01187,DR009,Dr. Meera Pillai,Cardiology,Hdfcergo,57241.98,54282.65,2024-02-21,2024-05-12,81.0,Approved,nan,OK,2024-02
CLM03804,PT00303,DR006,Dr. Kavya Iyer,Pediatrics,Starhealth,81053.81,69053.45,2024-03-29,2024-06-12,75.0,Approved,nan,OK,2024-03
CLM03805,PT00611,DR008,Dr. Anil Joshi,Emergency,Hdfcergo,12328.14,11937.42,2024-12-14,2025-02-27,75.0,Approved,nan,OK,2024-12
CLM03806,PT00741,DR009,Dr. Meera Pillai,Cardiology,Hdfcergo,30678.54,27916.48,2024-11-02,2024-12-29,57.0,Approved,nan,OK,2024-11
CLM03807,PT00429,DR002,Dr. Suresh Patil,Orthopedics,Hdfcergo,34341.82,28276.31,2024-01-09,2024-01-21,12.0,Approved,nan,OK,2024-01
CLM03808,PT01828,DR003,Dr. Aarti Deshmukh,Neurology,Unitedhealthindia,116575.72,107861.65,2024-04-30,2024-06-27,58.0,Approved,nan,OK,2024-04
CLM03809,PT00582,DR008,Dr. Anil Joshi,Emergency,Bajajallianz,87789.66,0.0,2024-11-19,,,Rejected,Duplicate claim,OK,2024-11
CLM03810,PT01393,DR001,Dr. Priya Nair,Cardiology,Nationalinsurance,141703.83,130710.22,2024-02-01,2024-03-28,56.0,Approved,nan,OK,2024-02
CLM03811,PT01540,DR003,Dr. Aarti Deshmukh,Neurology,Unitedhealthindia,44747.62,36806.08,2024-06-11,2024-06-18,7.0,Approved,nan,OK,2024-06
CLM03812,PT01898,DR007,Dr. Deepak Sharma,Gynecology,Nationalinsurance,28611.99,26922.51,2024-10-21,2024-11-10,20.0,Approved,nan,OK,2024-10
CLM03813,PT00164,DR001,Dr. Priya Nair,Cardiology,Hdfcergo,111011.58,103789.53,2024-07-31,2024-11-16,108.0,Approved,nan,OK,2024-07
CLM03814,PT00607,DR007,Dr. Deepak Sharma,Gynecology,Unitedhealthindia,7550.18,6818.72,2024-02-23,2024-04-12,49.0,Approved,nan,OK,2024-02
CLM03815,PT01862,DR007,Dr. Deepak Sharma,Gynecology,Nationalinsurance,135721.08,0.0,2024-05-22,,,Rejected,Pre-authorization missing,OK,2024-05
CLM03816,PT00590,DR006,Dr. Kavya Iyer,Pediatrics,Hdfcergo,131677.86,103614.06,2024-04-23,2024-05-09,16.0,Approved,nan,OK,2024-04
CLM03817,PT01400,DR005,Dr. Sunita Kulkarni,General Medicine,Nationalinsurance,135051.92,112989.34,2024-09-25,2025-01-05,102.0,Approved,nan,OK,2024-09
CLM03818,PT01639,DR002,Dr. Suresh Patil,Orthopedics,Starhealth,104617.44,88267.37,2024-03-28,2024-04-25,28.0,Approved,nan,OK,2024-03
CLM03819,PT01309,DR001,Dr. Priya Nair,Cardiology,Hdfcergo,67889.56,56684.7,2024-02-18,2024-03-24,35.0,Approved,nan,OK,2024-02
CLM03820,PT00166,DR005,Dr. Sunita Kulkarni,General Medicine,Hdfcergo,88362.1,82520.09,2024-06-11,2024-06-26,15.0,Approved,nan,OK,2024-06
CLM03821,PT01424,DR003,Dr. Aarti Deshmukh,Neurology,Bajajallianz,114292.74,85884.89,2024-10-23,2025-02-07,107.0,Approved,nan,OK,2024-10
CLM03822,PT00148,DR006,Dr. Kavya Iyer,Pediatrics,Nationalinsurance,11896.01,10944.52,2024-10-27,2024-11-20,24.0,Approved,nan,OK,2024-10
CLM03823,PT00008,DR002,Dr. Suresh Patil,Orthopedics,Nationalinsurance,65473.04,0.0,2024-08-08,,,Rejected,Pre-authorization missing,OK,2024-08
CLM03824,PT00467,DR003,Dr. Aarti Deshmukh,Neurology,Bajajallianz,113726.17,0.0,2024-11-03,,,Rejected,Late submission,OK,2024-11
CLM03825,PT01537,DR003,Dr. Aarti Deshmukh,Neurology,Bajajallianz,11644.99,10481.52,2024-03-27,2024-07-16,111.0,Approved,nan,OK,2024-03
CLM03826,PT01036,DR005,Dr. Sunita Kulkarni,General Medicine,Bajajallianz,11854.57,10318.9,2024-12-13,2025-02-08,57.0,Approved,nan,OK,2024-12
CLM03827,PT00545,DR003,Dr. Aarti Deshmukh,Neurology,Unitedhealthindia,114839.68,0.0,2024-09-25,,,Rejected,Duplicate claim,OK,2024-09
CLM03828,PT01682,DR002,Dr. Suresh Patil,Orthopedics,Bajajallianz,85710.64,67026.61,2024-12-01,2025-03-01,90.0,Approved,nan,OK,2024-12
CLM03829,PT01996,DR001,Dr. Priya Nair,Cardiology,Bajajallianz,140916.31,128966.29,2024-09-18,2024-11-06,49.0,Approved,nan,OK,2024-09
CLM03830,PT00257,DR004,Dr. Rajan Mehta,Oncology,Hdfcergo,75792.86,0.0,2024-02-23,,,Rejected,Pre-authorization missing,OK,2024-02
CLM03832,PT00525,DR006,Dr. Kavya Iyer,Pediatrics,Hdfcergo,81541.63,79816.14,2024-09-15,2024-11-28,74.0,Approved,nan,OK,2024-09
CLM03833,PT00427,DR008,Dr. Anil Joshi,Emergency,Bajajallianz,118206.29,99796.76,2024-11-02,2024-11-09,7.0,Approved,nan,OK,2024-11
CLM03834,PT00119,DR005,Dr. Sunita Kulkarni,General Medicine,Hdfcergo,43180.9,0.0,2024-03-16,,,Rejected,Wrong diagnosis code,OK,2024-03
CLM03836,PT00506,DR006,Dr. Kavya Iyer,Pediatrics,Starhealth,63312.3,59737.61,2024-03-11,2024-04-29,49.0,Approved,nan,OK,2024-03
CLM03837,PT01881,DR007,Dr. Deepak Sharma,Gynecology,Hdfcergo,86292.61,69401.44,2024-10-13,2025-01-22,101.0,Approved,nan,OK,2024-10
CLM03838,PT00143,DR008,Dr. Anil Joshi,Emergency,Bajajallianz,26673.1,21661.85,2024-11-27,2025-01-04,38.0,Approved,nan,OK,2024-11
CLM03839,PT01700,DR009,Dr. Meera Pillai,Cardiology,Nationalinsurance,114600.54,0.0,2024-04-22,,,Rejected,Incomplete documents,OK,2024-04
CLM03840,PT01808,DR007,Dr. Deepak Sharma,Gynecology,Starhealth,80678.2,64304.68,2024-10-02,2024-12-24,83.0,Approved,nan,OK,2024-10
CLM03841,PT00595,DR001,Dr. Priya Nair,Cardiology,Starhealth,17192.65,14995.58,2024-11-13,2025-02-20,99.0,Approved,nan,OK,2024-11
CLM03842,PT01003,DR004,Dr. Rajan Mehta,Oncology,Hdfcergo,129151.0,115863.42,2024-01-19,2024-04-13,85.0,Approved,nan,OK,2024-01
CLM03843,PT00139,DR010,Dr. Rohit Verma,Orthopedics,Bajajallianz,57866.13,48266.02,2024-07-18,2024-09-24,68.0,Approved,nan,OK,2024-07
CLM03844,PT01598,DR001,Dr. Priya Nair,Cardiology,Nationalinsurance,117130.67,0.0,2024-05-08,,,Rejected,Policy lapsed,OK,2024-05
CLM03845,PT01739,DR010,Dr. Rohit Verma,Orthopedics,Starhealth,138764.38,104773.3,2024-09-22,2025-01-10,110.0,Approved,nan,OK,2024-09
CLM03846,PT00643,DR007,Dr. Deepak Sharma,Gynecology,Unitedhealthindia,97673.44,0.0,2024-04-19,,,Rejected,Service not covered,OK,2024-04
CLM03847,PT01625,DR009,Dr. Meera Pillai,Cardiology,Hdfcergo,100954.55,86425.76,2024-02-04,2024-04-24,80.0,Approved,nan,OK,2024-02
CLM03848,PT00371,DR004,Dr. Rajan Mehta,Oncology,Hdfcergo,40850.82,33331.11,2024-02-05,2024-05-31,116.0,Approved,nan,OK,2024-02
CLM03849,PT00860,DR008,Dr. Anil Joshi,Emergency,Starhealth,141428.94,122939.26,2024-07-16,2024-08-12,27.0,Approved,nan,OK,2024-07
CLM03850,PT01723,DR010,Dr. Rohit Verma,Orthopedics,Starhealth,29105.72,26368.27,2024-09-08,2025-01-01,115.0,Approved,nan,OK,2024-09
CLM03851,PT00529,DR010,Dr. Rohit Verma,Orthopedics,Unitedhealthindia,14277.29,0.0,2024-07-26,,,Rejected,Late submission,OK,2024-07
CLM03852,PT01148,DR006,Dr. Kavya Iyer,Pediatrics,Bajajallianz,33028.65,30602.34,2024-12-31,2025-02-11,42.0,Approved,nan,OK,2024-12
CLM03853,PT01085,DR006,Dr. Kavya Iyer,Pediatrics,Bajajallianz,86995.39,0.0,2024-09-09,,,Rejected,Wrong diagnosis code,OK,2024-09
CLM03854,PT01122,DR002,Dr. Suresh Patil,Orthopedics,Bajajallianz,113711.48,0.0,2024-01-02,,,Rejected,Late submission,OK,2024-01
CLM03855,PT00306,DR004,Dr. Rajan Mehta,Oncology,Starhealth,12382.84,11687.86,2024-08-04,2024-10-06,63.0,Approved,nan,OK,2024-08
CLM03856,PT00842,DR009,Dr. Meera Pillai,Cardiology,Nationalinsurance,30587.42,29810.31,2024-10-14,2025-01-24,102.0,Approved,nan,OK,2024-10
CLM03857,PT01521,DR005,Dr. Sunita Kulkarni,General Medicine,Bajajallianz,149258.96,142648.03,2024-12-30,2025-03-23,83.0,Approved,nan,OK,2024-12
CLM03858,PT01747,DR010,Dr. Rohit Verma,Orthopedics,Hdfcergo,104999.75,100380.02,2024-07-29,2024-09-15,48.0,Approved,nan,OK,2024-07
CLM03859,PT01042,DR008,Dr. Anil Joshi,Emergency,Unitedhealthindia,106825.73,86619.31,2024-12-07,2025-03-09,92.0,Approved,nan,OK,2024-12
CLM03860,PT01436,DR006,Dr. Kavya Iyer,Pediatrics,Nationalinsurance,146218.23,0.0,2024-12-22,,,Rejected,Pre-authorization missing,OK,2024-12
CLM03861,PT00247,DR009,Dr. Meera Pillai,Cardiology,Bajajallianz,33280.73,0.0,2024-07-24,,,Rejected,Wrong diagnosis code,OK,2024-07
CLM03862,PT00527,DR001,Dr. Priya Nair,Cardiology,Nationalinsurance,55778.17,0.0,2024-01-31,,,Rejected,Wrong diagnosis code,OK,2024-01
CLM03863,PT01735,DR008,Dr. Anil Joshi,Emergency,Hdfcergo,56057.78,42051.71,2024-09-02,2024-09-23,21.0,Approved,nan,OK,2024-09
CLM03864,PT01448,DR008,Dr. Anil Joshi,Emergency,Starhealth,68666.39,57092.59,2024-04-19,2024-06-17,59.0,Approved,nan,OK,2024-04
CLM03865,PT01427,DR008,Dr. Anil Joshi,Emergency,Nationalinsurance,87573.13,80732.66,2024-11-07,2024-12-10,33.0,Approved,nan,OK,2024-11
CLM03866,PT01474,DR007,Dr. Deepak Sharma,Gynecology,Hdfcergo,62657.69,53860.6,2024-03-26,2024-04-20,25.0,Approved,nan,OK,2024-03
CLM03867,PT00812,DR004,Dr. Rajan Mehta,Oncology,Unitedhealthindia,14678.09,12553.46,2024-09-18,2025-01-16,120.0,Approved,nan,OK,2024-09
CLM03868,PT00580,DR007,Dr. Deepak Sharma,Gynecology,Hdfcergo,148380.26,135522.06,2024-09-19,2024-12-22,94.0,Approved,nan,OK,2024-09
CLM03869,PT01860,DR002,Dr. Suresh Patil,Orthopedics,Bajajallianz,107954.23,98862.42,2024-12-25,2025-01-24,30.0,Approved,nan,OK,2024-12
CLM03870,PT01437,DR010,Dr. Rohit Verma,Orthopedics,Hdfcergo,37833.09,35665.27,2024-03-10,2024-03-24,14.0,Approved,nan,OK,2024-03
CLM03871,PT00892,DR007,Dr. Deepak Sharma,Gynecology,Bajajallianz,46540.62,43467.58,2024-01-03,2024-02-01,29.0,Approved,nan,OK,2024-01
CLM03872,PT01417,DR007,Dr. Deepak Sharma,Gynecology,Unitedhealthindia,45243.44,0.0,2024-06-20,,,Rejected,Service not covered,OK,2024-06
CLM03873,PT00151,DR008,Dr. Anil Joshi,Emergency,Unitedhealthindia,101501.77,77846.32,2024-07-06,2024-09-17,73.0,Approved,nan,OK,2024-07
CLM03874,PT00238,DR004,Dr. Rajan Mehta,Oncology,Hdfcergo,117486.15,110354.98,2024-08-15,2024-11-13,90.0,Approved,nan,OK,2024-08
CLM03875,PT00763,DR003,Dr. Aarti Deshmukh,Neurology,Hdfcergo,20980.96,0.0,2024-03-02,,,Rejected,Pre-authorization missing,OK,2024-03
CLM03876,PT01020,DR001,Dr. Priya Nair,Cardiology,Bajajallianz,144782.86,122105.58,2024-03-21,2024-06-07,78.0,Approved,nan,OK,2024-03
CLM03877,PT00593,DR002,Dr. Suresh Patil,Orthopedics,Nationalinsurance,117003.83,104913.8,2024-06-24,2024-10-16,114.0,Approved,nan,OK,2024-06
CLM03878,PT01344,DR003,Dr. Aarti Deshmukh,Neurology,Bajajallianz,86390.88,73414.28,2024-11-01,2024-12-18,47.0,Approved,nan,OK,2024-11
CLM03879,PT00686,DR006,Dr. Kavya Iyer,Pediatrics,Starhealth,58099.65,57394.84,2024-09-04,2024-12-31,118.0,Approved,nan,OK,2024-09
CLM03880,PT01774,DR010,Dr. Rohit Verma,Orthopedics,Nationalinsurance,73820.19,0.0,2024-09-23,,,Rejected,Incomplete documents,OK,2024-09
CLM03881,PT01644,DR004,Dr. Rajan Mehta,Oncology,Bajajallianz,115958.53,96658.12,2024-05-08,2024-08-05,89.0,Approved,nan,OK,2024-05
CLM03882,PT00867,DR003,Dr. Aarti Deshmukh,Neurology,Starhealth,33617.16,25962.36,2024-05-17,2024-06-28,42.0,Approved,nan,OK,2024-05
CLM03883,PT01434,DR007,Dr. Deepak Sharma,Gynecology,Bajajallianz,40997.86,37668.3,2024-03-13,2024-04-22,40.0,Approved,nan,OK,2024-03
CLM03884,PT01386,DR009,Dr. Meera Pillai,Cardiology,Starhealth,147132.61,129771.9,2024-01-02,2024-01-22,20.0,Approved,nan,OK,2024-01
CLM03885,PT01144,DR009,Dr. Meera Pillai,Cardiology,Bajajallianz,11316.23,11224.11,2024-10-11,2024-11-19,39.0,Approved,nan,OK,2024-10
CLM03887,PT00663,DR009,Dr. Meera Pillai,Cardiology,Unitedhealthindia,121932.13,101499.37,2024-11-07,2025-02-05,90.0,Approved,nan,OK,2024-11
CLM03888,PT00549,DR001,Dr. Priya Nair,Cardiology,Nationalinsurance,36411.41,30402.77,2024-12-30,2025-01-10,11.0,Approved,nan,OK,2024-12
CLM03889,PT01830,DR001,Dr. Priya Nair,Cardiology,Bajajallianz,59614.96,58977.02,2024-12-29,2025-03-12,73.0,Approved,nan,OK,2024-12
CLM03890,PT01212,DR010,Dr. Rohit Verma,Orthopedics,Starhealth,97040.73,97032.24,2024-02-24,2024-03-14,19.0,Approved,nan,OK,2024-02
CLM03891,PT00046,DR003,Dr. Aarti Deshmukh,Neurology,Starhealth,28310.68,28047.33,2024-05-28,2024-09-18,113.0,Approved,nan,OK,2024-05
CLM03892,PT00306,DR006,Dr. Kavya Iyer,Pediatrics,Unitedhealthindia,80934.39,63911.71,2024-04-07,2024-06-11,65.0,Approved,nan,OK,2024-04
CLM03893,PT01147,DR005,Dr. Sunita Kulkarni,General Medicine,Unitedhealthindia,135710.77,130527.81,2024-06-13,2024-08-08,56.0,Approved,nan,OK,2024-06
CLM03894,PT00459,DR002,Dr. Suresh Patil,Orthopedics,Bajajallianz,113037.63,104188.15,2024-07-08,2024-09-16,70.0,Approved,nan,OK,2024-07
CLM03895,PT00801,DR006,Dr. Kavya Iyer,Pediatrics,Hdfcergo,128340.02,103027.57,2024-09-19,2024-11-01,43.0,Approved,nan,OK,2024-09
CLM03896,PT00621,DR004,Dr. Rajan Mehta,Oncology,Unitedhealthindia,87622.39,67916.71,2024-07-21,2024-08-31,41.0,Approved,nan,OK,2024-07
CLM03897,PT01483,DR010,Dr. Rohit Verma,Orthopedics,Bajajallianz,32554.39,31309.35,2024-03-07,2024-03-16,9.0,Approved,nan,OK,2024-03
CLM03898,PT01490,DR009,Dr. Meera Pillai,Cardiology,Hdfcergo,60904.48,51970.11,2024-02-18,2024-03-23,34.0,Approved,nan,OK,2024-02
CLM03899,PT01910,DR006,Dr. Kavya Iyer,Pediatrics,Hdfcergo,41437.84,36299.4,2024-10-05,2024-10-13,8.0,Approved,nan,OK,2024-10
CLM03900,PT00503,DR005,Dr. Sunita Kulkarni,General Medicine,Starhealth,80121.33,76427.32,2024-07-07,2024-08-18,42.0,Approved,nan,OK,2024-07
CLM03901,PT01087,DR006,Dr. Kavya Iyer,Pediatrics,Unitedhealthindia,84130.22,0.0,2024-09-18,,,Rejected,Service not covered,OK,2024-09
CLM03902,PT01256,DR004,Dr. Rajan Mehta,Oncology,Nationalinsurance,58716.11,46122.56,2024-11-02,2025-01-06,65.0,Approved,nan,OK,2024-11
CLM03903,PT01104,DR004,Dr. Rajan Mehta,Oncology,Starhealth,121899.07,119027.58,2024-08-28,2024-09-19,22.0,Approved,nan,OK,2024-08
CLM03904,PT01542,DR006,Dr. Kavya Iyer,Pediatrics,Bajajallianz,97043.21,92705.16,2024-08-28,2024-12-12,106.0,Approved,nan,OK,2024-08
CLM03905,PT01902,DR003,Dr. Aarti Deshmukh,Neurology,Unitedhealthindia,7573.45,6963.68,2024-08-20,2024-08-30,10.0,Approved,nan,OK,2024-08
CLM03906,PT01873,DR001,Dr. Priya Nair,Cardiology,Nationalinsurance,113590.55,93322.12,2024-12-04,2025-02-07,65.0,Approved,nan,OK,2024-12
CLM03907,PT00196,DR005,Dr. Sunita Kulkarni,General Medicine,Nationalinsurance,95086.31,75742.88,2024-01-16,2024-02-22,37.0,Approved,nan,OK,2024-01
CLM03908,PT01717,DR007,Dr. Deepak Sharma,Gynecology,Hdfcergo,129228.03,0.0,2024-11-22,,,Rejected,Patient details mismatch,OK,2024-11
CLM03910,PT00513,DR004,Dr. Rajan Mehta,Oncology,Hdfcergo,127696.74,121067.85,2024-03-29,2024-06-26,89.0,Approved,nan,OK,2024-03
CLM03911,PT01272,DR006,Dr. Kavya Iyer,Pediatrics,Nationalinsurance,32316.45,0.0,2024-05-24,,,Rejected,Incomplete documents,OK,2024-05
CLM03912,PT00275,DR005,Dr. Sunita Kulkarni,General Medicine,Nationalinsurance,57212.1,53921.87,2024-09-09,2024-11-13,65.0,Approved,nan,OK,2024-09
CLM03913,PT00099,DR003,Dr. Aarti Deshmukh,Neurology,Starhealth,100463.55,83994.43,2024-09-23,2024-10-11,18.0,Approved,nan,OK,2024-09
CLM03914,PT00885,DR001,Dr. Priya Nair,Cardiology,Nationalinsurance,108091.44,96807.66,2024-04-07,2024-06-03,57.0,Approved,nan,OK,2024-04
CLM03915,PT01036,DR005,Dr. Sunita Kulkarni,General Medicine,Nationalinsurance,122643.62,116383.32,2024-01-09,2024-02-21,43.0,Approved,nan,OK,2024-01
CLM03916,PT01812,DR010,Dr. Rohit Verma,Orthopedics,Unitedhealthindia,40754.7,36618.7,2024-12-05,2025-02-07,64.0,Approved,nan,OK,2024-12
CLM03917,PT01437,DR004,Dr. Rajan Mehta,Oncology,Unitedhealthindia,30760.45,0.0,2024-06-23,,,Rejected,Pre-authorization missing,OK,2024-06
CLM03918,PT00835,DR002,Dr. Suresh Patil,Orthopedics,Hdfcergo,108339.8,97290.57,2024-12-26,2025-02-08,44.0,Approved,nan,OK,2024-12
CLM03919,PT01076,DR002,Dr. Suresh Patil,Orthopedics,Unitedhealthindia,149081.3,128005.61,2024-10-18,2025-01-24,98.0,Approved,nan,OK,2024-10
CLM03920,PT01782,DR010,Dr. Rohit Verma,Orthopedics,Bajajallianz,94668.03,78764.5,2024-05-28,2024-09-12,107.0,Approved,nan,OK,2024-05
CLM03921,PT01459,DR009,Dr. Meera Pillai,Cardiology,Bajajallianz,113506.76,103079.95,2024-03-29,2024-06-24,87.0,Approved,nan,OK,2024-03
CLM03922,PT01013,DR008,Dr. Anil Joshi,Emergency,Unitedhealthindia,66265.37,58068.04,2024-07-24,2024-11-08,107.0,Approved,nan,OK,2024-07
CLM03923,PT01569,DR010,Dr. Rohit Verma,Orthopedics,Unitedhealthindia,132289.53,102057.89,2024-12-13,2025-02-19,68.0,Approved,nan,OK,2024-12
CLM03924,PT01627,DR003,Dr. Aarti Deshmukh,Neurology,Starhealth,11378.91,10778.66,2024-11-26,2024-12-15,19.0,Approved,nan,OK,2024-11
CLM03925,PT01368,DR007,Dr. Deepak Sharma,Gynecology,Unitedhealthindia,13367.76,11101.29,2024-04-03,2024-05-21,48.0,Approved,nan,OK,2024-04
CLM03927,PT01293,DR006,Dr. Kavya Iyer,Pediatrics,Unitedhealthindia,105721.87,96707.97,2024-04-03,2024-06-10,68.0,Approved,nan,OK,2024-04
CLM03928,PT01999,DR010,Dr. Rohit Verma,Orthopedics,Hdfcergo,66413.18,60089.93,2024-12-26,2025-04-16,111.0,Approved,nan,OK,2024-12
CLM03929,PT00708,DR002,Dr. Suresh Patil,Orthopedics,Hdfcergo,23023.14,19177.63,2024-08-25,2024-09-24,30.0,Approved,nan,OK,2024-08
CLM03930,PT01555,DR004,Dr. Rajan Mehta,Oncology,Bajajallianz,38641.99,35507.29,2024-08-09,2024-11-11,94.0,Approved,nan,OK,2024-08
CLM03931,PT01480,DR003,Dr. Aarti Deshmukh,Neurology,Hdfcergo,120879.08,105228.46,2024-06-20,2024-07-03,13.0,Approved,nan,OK,2024-06
CLM03932,PT01326,DR010,Dr. Rohit Verma,Orthopedics,Hdfcergo,91893.5,0.0,2024-05-11,,,Rejected,Policy lapsed,OK,2024-05
CLM03933,PT01777,DR009,Dr. Meera Pillai,Cardiology,Starhealth,143557.81,131368.39,2024-07-30,2024-10-18,80.0,Approved,nan,OK,2024-07
CLM03934,PT00808,DR007,Dr. Deepak Sharma,Gynecology,Hdfcergo,92615.92,75781.8,2024-09-11,2024-10-07,26.0,Approved,nan,OK,2024-09
CLM03935,PT00941,DR002,Dr. Suresh Patil,Orthopedics,Nationalinsurance,47025.49,40244.36,2024-04-27,2024-07-27,91.0,Approved,nan,OK,2024-04
CLM03936,PT00447,DR003,Dr. Aarti Deshmukh,Neurology,Bajajallianz,114789.42,110414.98,2024-07-17,2024-10-05,80.0,Approved,nan,OK,2024-07
CLM03937,PT01090,DR008,Dr. Anil Joshi,Emergency,Hdfcergo,75994.93,66012.02,2024-06-12,2024-08-29,78.0,Approved,nan,OK,2024-06
CLM03938,PT00361,DR009,Dr. Meera Pillai,Cardiology,Nationalinsurance,99606.5,95650.56,2024-06-01,2024-07-12,41.0,Approved,nan,OK,2024-06
CLM03939,PT01925,DR002,Dr. Suresh Patil,Orthopedics,Nationalinsurance,103580.38,0.0,2024-02-15,,,Rejected,Duplicate claim,OK,2024-02
CLM03940,PT01579,DR010,Dr. Rohit Verma,Orthopedics,Hdfcergo,30527.93,28223.34,2024-08-13,2024-09-21,39.0,Approved,nan,OK,2024-08
CLM03941,PT00653,DR002,Dr. Suresh Patil,Orthopedics,Unitedhealthindia,126341.73,107418.85,2024-07-20,2024-07-29,9.0,Approved,nan,OK,2024-07
CLM03942,PT01457,DR002,Dr. Suresh Patil,Orthopedics,Starhealth,57011.93,43564.05,2024-02-09,2024-04-21,72.0,Approved,nan,OK,2024-02
CLM03943,PT01459,DR001,Dr. Priya Nair,Cardiology,Bajajallianz,126695.0,0.0,2024-09-13,,,Rejected,Duplicate claim,OK,2024-09
CLM03944,PT01544,DR004,Dr. Rajan Mehta,Oncology,Hdfcergo,113550.58,102319.07,2024-12-09,2025-01-31,53.0,Approved,nan,OK,2024-12
CLM03945,PT00335,DR010,Dr. Rohit Verma,Orthopedics,Bajajallianz,89208.02,77183.02,2024-10-05,2025-01-09,96.0,Approved,nan,OK,2024-10
CLM03946,PT01198,DR001,Dr. Priya Nair,Cardiology,Hdfcergo,17929.91,17571.01,2024-04-03,2024-05-29,56.0,Approved,nan,OK,2024-04
CLM03947,PT00599,DR009,Dr. Meera Pillai,Cardiology,Nationalinsurance,146223.31,0.0,2024-09-01,,,Rejected,Service not covered,OK,2024-09
CLM03948,PT00215,DR004,Dr. Rajan Mehta,Oncology,Nationalinsurance,61708.76,0.0,2024-10-19,,,Rejected,Late submission,OK,2024-10
CLM03949,PT01553,DR009,Dr. Meera Pillai,Cardiology,Unitedhealthindia,46633.48,35949.66,2024-07-03,2024-07-27,24.0,Approved,nan,OK,2024-07
CLM03950,PT00354,DR006,Dr. Kavya Iyer,Pediatrics,Starhealth,109752.81,102972.51,2024-06-29,2024-09-04,67.0,Approved,nan,OK,2024-06
CLM03951,PT01143,DR010,Dr. Rohit Verma,Orthopedics,Nationalinsurance,27495.09,26690.24,2024-12-20,2025-03-25,95.0,Approved,nan,OK,2024-12
CLM03952,PT01781,DR007,Dr. Deepak Sharma,Gynecology,Nationalinsurance,5832.59,0.0,2024-12-07,,,Rejected,Service not covered,OK,2024-12
CLM03953,PT01902,DR004,Dr. Rajan Mehta,Oncology,Nationalinsurance,56738.1,48778.14,2024-03-14,2024-06-07,85.0,Approved,nan,OK,2024-03
CLM03954,PT00719,DR010,Dr. Rohit Verma,Orthopedics,Hdfcergo,48546.51,44470.89,2024-03-21,2024-07-14,115.0,Approved,nan,OK,2024-03
CLM03955,PT00738,DR006,Dr. Kavya Iyer,Pediatrics,Starhealth,70953.75,57568.14,2024-03-18,2024-06-30,104.0,Approved,nan,OK,2024-03
CLM03956,PT01944,DR006,Dr. Kavya Iyer,Pediatrics,Starhealth,81318.63,70750.93,2024-01-26,2024-03-24,58.0,Approved,nan,OK,2024-01
CLM03957,PT01537,DR001,Dr. Priya Nair,Cardiology,Bajajallianz,83725.81,0.0,2024-11-29,,,Rejected,Pre-authorization missing,OK,2024-11
CLM03958,PT01823,DR007,Dr. Deepak Sharma,Gynecology,Hdfcergo,91208.41,78330.74,2024-05-13,2024-08-03,82.0,Approved,nan,OK,2024-05
CLM03959,PT01123,DR007,Dr. Deepak Sharma,Gynecology,Hdfcergo,33109.91,27279.89,2024-07-15,2024-10-27,104.0,Approved,nan,OK,2024-07
CLM03960,PT01674,DR008,Dr. Anil Joshi,Emergency,Hdfcergo,45092.82,36399.72,2024-10-20,2024-12-27,68.0,Approved,nan,OK,2024-10
CLM03961,PT01773,DR007,Dr. Deepak Sharma,Gynecology,Nationalinsurance,77789.8,65050.32,2024-11-11,2024-12-11,30.0,Approved,nan,OK,2024-11
CLM03962,PT01309,DR008,Dr. Anil Joshi,Emergency,Nationalinsurance,46803.41,0.0,2024-06-09,,,Rejected,Service not covered,OK,2024-06
CLM03963,PT01298,DR001,Dr. Priya Nair,Cardiology,Bajajallianz,73619.52,0.0,2024-08-01,,,Rejected,Policy lapsed,OK,2024-08
CLM03964,PT01219,DR002,Dr. Suresh Patil,Orthopedics,Bajajallianz,56533.41,45738.96,2024-10-27,2024-12-25,59.0,Approved,nan,OK,2024-10
CLM03965,PT01917,DR006,Dr. Kavya Iyer,Pediatrics,Unitedhealthindia,21653.47,0.0,2024-10-12,,,Rejected,Late submission,OK,2024-10
CLM03966,PT00748,DR004,Dr. Rajan Mehta,Oncology,Unitedhealthindia,68976.95,60768.22,2024-09-27,2025-01-15,110.0,Approved,nan,OK,2024-09
CLM03967,PT00710,DR006,Dr. Kavya Iyer,Pediatrics,Hdfcergo,21887.93,19765.21,2024-02-27,2024-04-06,39.0,Approved,nan,OK,2024-02
CLM03968,PT01231,DR007,Dr. Deepak Sharma,Gynecology,Starhealth,138228.75,114734.45,2024-05-04,2024-06-23,50.0,Approved,nan,OK,2024-05
CLM03969,PT00486,DR008,Dr. Anil Joshi,Emergency,Nationalinsurance,16507.04,14506.44,2024-04-23,2024-06-25,63.0,Approved,nan,OK,2024-04
CLM03970,PT01756,DR010,Dr. Rohit Verma,Orthopedics,Starhealth,139527.08,121007.47,2024-10-15,2024-12-08,54.0,Approved,nan,OK,2024-10
CLM03971,PT01994,DR004,Dr. Rajan Mehta,Oncology,Nationalinsurance,110918.35,0.0,2024-10-31,,,Rejected,Pre-authorization missing,OK,2024-10
CLM03972,PT00588,DR006,Dr. Kavya Iyer,Pediatrics,Starhealth,68531.77,57640.71,2024-07-13,2024-07-24,11.0,Approved,nan,OK,2024-07
CLM03973,PT00568,DR005,Dr. Sunita Kulkarni,General Medicine,Nationalinsurance,47115.23,44045.49,2024-03-05,2024-05-11,67.0,Approved,nan,OK,2024-03
CLM03974,PT00506,DR001,Dr. Priya Nair,Cardiology,Hdfcergo,53754.04,50951.23,2024-04-13,2024-08-10,119.0,Approved,nan,OK,2024-04
CLM03975,PT01911,DR010,Dr. Rohit Verma,Orthopedics,Unitedhealthindia,7919.79,6249.57,2024-07-21,2024-08-20,30.0,Approved,nan,OK,2024-07
CLM03976,PT00001,DR009,Dr. Meera Pillai,Cardiology,Hdfcergo,86220.34,74811.01,2024-11-18,2025-02-16,90.0,Approved,nan,OK,2024-11
CLM03977,PT00976,DR004,Dr. Rajan Mehta,Oncology,Hdfcergo,128531.22,115292.17,2024-08-05,2024-10-11,67.0,Approved,nan,OK,2024-08
CLM03978,PT01485,DR004,Dr. Rajan Mehta,Oncology,Hdfcergo,127603.83,0.0,2024-07-29,,,Rejected,Policy lapsed,OK,2024-07
CLM03979,PT00668,DR006,Dr. Kavya Iyer,Pediatrics,Starhealth,119689.67,98514.66,2024-01-29,2024-03-22,53.0,Approved,nan,OK,2024-01
CLM03980,PT00819,DR003,Dr. Aarti Deshmukh,Neurology,Unitedhealthindia,134733.75,101630.26,2024-01-14,2024-03-17,63.0,Approved,nan,OK,2024-01
CLM03981,PT00303,DR007,Dr. Deepak Sharma,Gynecology,Bajajallianz,26418.87,21727.2,2024-09-21,2024-10-28,37.0,Approved,nan,OK,2024-09
CLM03982,PT01512,DR006,Dr. Kavya Iyer,Pediatrics,Hdfcergo,77481.9,64300.05,2024-02-04,2024-04-25,81.0,Approved,nan,OK,2024-02
CLM03983,PT01615,DR008,Dr. Anil Joshi,Emergency,Nationalinsurance,45304.31,35003.93,2024-11-22,2025-03-21,119.0,Approved,nan,OK,2024-11
CLM03984,PT01374,DR001,Dr. Priya Nair,Cardiology,Unitedhealthindia,102332.17,0.0,2024-06-04,,,Rejected,Incomplete documents,OK,2024-06
CLM03985,PT01652,DR001,Dr. Priya Nair,Cardiology,Bajajallianz,33390.51,30273.97,2024-07-19,2024-08-13,25.0,Approved,nan,OK,2024-07
CLM03986,PT00760,DR001,Dr. Priya Nair,Cardiology,Hdfcergo,112410.19,106719.54,2024-01-13,2024-05-08,116.0,Approved,nan,OK,2024-01
CLM03987,PT00133,DR003,Dr. Aarti Deshmukh,Neurology,Unitedhealthindia,20479.8,18190.11,2024-07-17,2024-11-01,107.0,Approved,nan,OK,2024-07
CLM03988,PT01935,DR009,Dr. Meera Pillai,Cardiology,Bajajallianz,37537.21,33377.58,2024-10-18,2024-11-13,26.0,Approved,nan,OK,2024-10
CLM03989,PT00350,DR005,Dr. Sunita Kulkarni,General Medicine,Starhealth,37290.75,27991.58,2024-02-22,2024-06-21,120.0,Approved,nan,OK,2024-02
CLM03990,PT01961,DR009,Dr. Meera Pillai,Cardiology,Bajajallianz,81950.76,66806.35,2024-01-18,2024-03-29,71.0,Approved,nan,OK,2024-01
CLM03991,PT01563,DR009,Dr. Meera Pillai,Cardiology,Starhealth,66390.79,56343.64,2024-03-23,2024-05-12,50.0,Approved,nan,OK,2024-03
CLM03992,PT00985,DR006,Dr. Kavya Iyer,Pediatrics,Bajajallianz,86797.67,81047.61,2024-08-17,2024-11-28,103.0,Approved,nan,OK,2024-08
CLM03993,PT00653,DR008,Dr. Anil Joshi,Emergency,Hdfcergo,135529.45,102051.59,2024-03-07,2024-03-19,12.0,Approved,nan,OK,2024-03
CLM03994,PT01092,DR010,Dr. Rohit Verma,Orthopedics,Unitedhealthindia,84477.77,82618.1,2024-01-14,2024-05-03,110.0,Approved,nan,OK,2024-01
CLM03995,PT00993,DR009,Dr. Meera Pillai,Cardiology,Bajajallianz,114630.42,87304.39,2024-08-29,2024-09-07,9.0,Approved,nan,OK,2024-08
CLM03996,PT00587,DR002,Dr. Suresh Patil,Orthopedics,Bajajallianz,13593.74,13377.33,2024-08-27,2024-10-11,45.0,Approved,nan,OK,2024-08
CLM03997,PT01072,DR002,Dr. Suresh Patil,Orthopedics,Hdfcergo,116146.38,0.0,2024-02-28,,,Rejected,Incomplete documents,OK,2024-02
CLM03998,PT01327,DR005,Dr. Sunita Kulkarni,General Medicine,Starhealth,107171.07,89924.4,2024-08-13,2024-08-25,12.0,Approved,nan,OK,2024-08
CLM03999,PT00617,DR001,Dr. Priya Nair,Cardiology,Unitedhealthindia,90138.34,68124.39,2024-03-07,2024-07-03,118.0,Approved,nan,OK,2024-03
CLM04000,PT01333,DR007,Dr. Deepak Sharma,Gynecology,Bajajallianz,93012.4,77480.11,2024-06-06,2024-09-04,90.0,Approved,nan,OK,2024-06
CLM04001,PT01689,DR009,Dr. Meera Pillai,Cardiology,Starhealth,138445.58,117462.13,2024-04-25,2024-07-12,78.0,Approved,nan,OK,2024-04
CLM04002,PT00338,DR005,Dr. Sunita Kulkarni,General Medicine,Bajajallianz,52155.08,40384.7,2024-09-18,2024-09-29,11.0,Approved,nan,OK,2024-09
CLM04003,PT01603,DR005,Dr. Sunita Kulkarni,General Medicine,Nationalinsurance,42792.04,40475.15,2024-11-27,2025-02-22,87.0,Approved,nan,OK,2024-11
CLM04004,PT01375,DR010,Dr. Rohit Verma,Orthopedics,Starhealth,116710.06,93709.98,2024-01-18,2024-04-24,97.0,Approved,nan,OK,2024-01
CLM04006,PT00225,DR008,Dr. Anil Joshi,Emergency,Starhealth,86871.19,69730.57,2024-09-14,2024-11-23,70.0,Approved,nan,OK,2024-09
CLM04007,PT00237,DR007,Dr. Deepak Sharma,Gynecology,Hdfcergo,144090.82,140247.84,2024-10-14,2024-11-19,36.0,Approved,nan,OK,2024-10
CLM04008,PT00223,DR003,Dr. Aarti Deshmukh,Neurology,Unitedhealthindia,18909.87,0.0,2024-01-28,,,Rejected,Late submission,OK,2024-01
CLM04009,PT00315,DR006,Dr. Kavya Iyer,Pediatrics,Hdfcergo,38586.95,31053.19,2024-03-20,2024-04-09,20.0,Approved,nan,OK,2024-03
CLM04010,PT00809,DR003,Dr. Aarti Deshmukh,Neurology,Nationalinsurance,119061.66,104124.53,2024-10-26,2025-02-05,102.0,Approved,nan,OK,2024-10
CLM04011,PT00746,DR001,Dr. Priya Nair,Cardiology,Unitedhealthindia,13689.43,12378.31,2024-10-15,2024-12-18,64.0,Approved,nan,OK,2024-10
CLM04012,PT00184,DR006,Dr. Kavya Iyer,Pediatrics,Hdfcergo,18636.92,0.0,2024-08-05,,,Rejected,Late submission,OK,2024-08
CLM04013,PT00543,DR005,Dr. Sunita Kulkarni,General Medicine,Hdfcergo,17696.7,17024.95,2024-08-01,2024-09-10,40.0,Approved,nan,OK,2024-08
CLM04014,PT00582,DR006,Dr. Kavya Iyer,Pediatrics,Unitedhealthindia,112279.17,106428.09,2024-03-14,2024-06-23,101.0,Approved,nan,OK,2024-03
CLM04015,PT00177,DR010,Dr. Rohit Verma,Orthopedics,Starhealth,126107.5,102597.61,2024-08-25,2024-11-04,71.0,Approved,nan,OK,2024-08
CLM04016,PT00388,DR009,Dr. Meera Pillai,Cardiology,Nationalinsurance,69415.36,57706.08,2024-10-31,2024-11-28,28.0,Approved,nan,OK,2024-10
CLM04017,PT00854,DR001,Dr. Priya Nair,Cardiology,Hdfcergo,45791.1,39340.95,2024-12-12,2025-04-06,115.0,Approved,nan,OK,2024-12
CLM04018,PT00892,DR002,Dr. Suresh Patil,Orthopedics,Nationalinsurance,56084.05,0.0,2024-05-24,,,Rejected,Incomplete documents,OK,2024-05
CLM04019,PT01674,DR007,Dr. Deepak Sharma,Gynecology,Nationalinsurance,125512.67,123594.02,2024-04-16,2024-08-11,117.0,Approved,nan,OK,2024-04
CLM04020,PT01179,DR006,Dr. Kavya Iyer,Pediatrics,Bajajallianz,139811.31,109799.52,2024-11-17,2025-01-24,68.0,Approved,nan,OK,2024-11
CLM04021,PT01031,DR001,Dr. Priya Nair,Cardiology,Unitedhealthindia,136186.97,133553.82,2024-11-27,2025-03-03,96.0,Approved,nan,OK,2024-11
CLM04022,PT00802,DR004,Dr. Rajan Mehta,Oncology,Nationalinsurance,49493.69,45244.35,2024-12-20,2025-01-23,34.0,Approved,nan,OK,2024-12
CLM04023,PT00509,DR003,Dr. Aarti Deshmukh,Neurology,Hdfcergo,73130.03,57674.93,2024-08-19,2024-10-17,59.0,Approved,nan,OK,2024-08
CLM04024,PT00900,DR005,Dr. Sunita Kulkarni,General Medicine,Hdfcergo,132902.82,126041.46,2024-06-20,2024-10-15,117.0,Approved,nan,OK,2024-06
CLM04025,PT00789,DR009,Dr. Meera Pillai,Cardiology,Hdfcergo,97823.96,87639.75,2024-08-22,2024-09-17,26.0,Approved,nan,OK,2024-08
CLM04026,PT00398,DR002,Dr. Suresh Patil,Orthopedics,Nationalinsurance,65476.83,57208.82,2024-06-26,2024-10-21,117.0,Approved,nan,OK,2024-06
CLM04027,PT01034,DR005,Dr. Sunita Kulkarni,General Medicine,Unitedhealthindia,144770.81,120533.79,2024-01-03,2024-03-01,58.0,Approved,nan,OK,2024-01
CLM04028,PT00429,DR003,Dr. Aarti Deshmukh,Neurology,Starhealth,32751.5,30402.93,2024-07-22,2024-11-05,106.0,Approved,nan,OK,2024-07
CLM04029,PT00031,DR006,Dr. Kavya Iyer,Pediatrics,Nationalinsurance,48849.02,43158.25,2024-04-16,2024-05-17,31.0,Approved,nan,OK,2024-04
CLM04030,PT01362,DR002,Dr. Suresh Patil,Orthopedics,Unitedhealthindia,7280.0,6443.8,2024-07-22,2024-07-30,8.0,Approved,nan,OK,2024-07
CLM04031,PT01780,DR002,Dr. Suresh Patil,Orthopedics,Unitedhealthindia,37201.83,34761.42,2024-09-27,2024-12-21,85.0,Approved,nan,OK,2024-09
CLM04032,PT00226,DR006,Dr. Kavya Iyer,Pediatrics,Bajajallianz,117359.56,104548.82,2024-12-08,2025-02-22,76.0,Approved,nan,OK,2024-12
CLM04034,PT00376,DR004,Dr. Rajan Mehta,Oncology,Hdfcergo,56216.37,55521.74,2024-05-28,2024-07-26,59.0,Approved,nan,OK,2024-05
CLM04035,PT00637,DR008,Dr. Anil Joshi,Emergency,Unitedhealthindia,97669.14,0.0,2024-03-08,,,Rejected,Incomplete documents,OK,2024-03
CLM04036,PT00300,DR007,Dr. Deepak Sharma,Gynecology,Starhealth,141700.89,140123.34,2024-05-05,2024-05-28,23.0,Approved,nan,OK,2024-05
CLM04037,PT00662,DR008,Dr. Anil Joshi,Emergency,Unitedhealthindia,134051.2,101130.29,2024-09-11,2024-10-05,24.0,Approved,nan,OK,2024-09
CLM04038,PT01156,DR010,Dr. Rohit Verma,Orthopedics,Hdfcergo,98172.25,84002.36,2024-04-04,2024-05-31,57.0,Approved,nan,OK,2024-04
CLM04039,PT00440,DR007,Dr. Deepak Sharma,Gynecology,Unitedhealthindia,18476.72,17596.88,2024-07-19,2024-08-15,27.0,Approved,nan,OK,2024-07
CLM04040,PT00965,DR004,Dr. Rajan Mehta,Oncology,Starhealth,81190.88,66588.16,2024-08-20,2024-09-21,32.0,Approved,nan,OK,2024-08
CLM04041,PT01831,DR003,Dr. Aarti Deshmukh,Neurology,Starhealth,137444.57,128473.96,2024-06-23,2024-08-19,57.0,Approved,nan,OK,2024-06
CLM04042,PT01296,DR003,Dr. Aarti Deshmukh,Neurology,Bajajallianz,76403.46,74356.09,2024-09-19,2024-11-22,64.0,Approved,nan,OK,2024-09
CLM04043,PT01262,DR003,Dr. Aarti Deshmukh,Neurology,Starhealth,38500.29,30003.32,2024-08-24,2024-10-12,49.0,Approved,nan,OK,2024-08
CLM04044,PT00425,DR003,Dr. Aarti Deshmukh,Neurology,Nationalinsurance,88360.04,87566.37,2024-12-09,2025-01-26,48.0,Approved,nan,OK,2024-12
CLM04045,PT01748,DR004,Dr. Rajan Mehta,Oncology,Unitedhealthindia,104170.59,101132.32,2024-05-31,2024-07-14,44.0,Approved,nan,OK,2024-05
CLM04046,PT01613,DR005,Dr. Sunita Kulkarni,General Medicine,Bajajallianz,92022.33,70337.97,2024-08-20,2024-12-09,111.0,Approved,nan,OK,2024-08
CLM04047,PT00553,DR007,Dr. Deepak Sharma,Gynecology,Nationalinsurance,62968.57,51038.89,2024-11-02,2025-02-24,114.0,Approved,nan,OK,2024-11
CLM04048,PT01328,DR001,Dr. Priya Nair,Cardiology,Bajajallianz,125578.99,111126.81,2024-06-21,2024-08-13,53.0,Approved,nan,OK,2024-06
CLM04049,PT00952,DR001,Dr. Priya Nair,Cardiology,Unitedhealthindia,89253.29,0.0,2024-04-06,,,Rejected,Service not covered,OK,2024-04
CLM04050,PT01569,DR006,Dr. Kavya Iyer,Pediatrics,Unitedhealthindia,107458.93,86221.76,2024-01-02,2024-01-23,21.0,Approved,nan,OK,2024-01
CLM04051,PT00862,DR005,Dr. Sunita Kulkarni,General Medicine,Starhealth,21752.11,16482.63,2024-02-12,2024-06-11,120.0,Approved,nan,OK,2024-02
CLM04052,PT00428,DR006,Dr. Kavya Iyer,Pediatrics,Nationalinsurance,6034.51,0.0,2024-08-10,,,Rejected,Service not covered,OK,2024-08
CLM04053,PT00425,DR002,Dr. Suresh Patil,Orthopedics,Hdfcergo,112769.97,95815.23,2024-03-07,2024-04-12,36.0,Approved,nan,OK,2024-03
CLM04054,PT01852,DR009,Dr. Meera Pillai,Cardiology,Nationalinsurance,32593.7,0.0,2024-01-04,,,Rejected,Wrong diagnosis code,OK,2024-01
CLM04055,PT00605,DR006,Dr. Kavya Iyer,Pediatrics,Hdfcergo,138579.89,0.0,2024-05-08,,,Rejected,Wrong diagnosis code,OK,2024-05
CLM04056,PT01135,DR002,Dr. Suresh Patil,Orthopedics,Unitedhealthindia,134918.15,0.0,2024-01-06,,,Rejected,Incomplete documents,OK,2024-01
CLM04057,PT01306,DR006,Dr. Kavya Iyer,Pediatrics,Nationalinsurance,121372.52,102228.44,2024-04-25,2024-07-01,67.0,Approved,nan,OK,2024-04
CLM04058,PT00225,DR004,Dr. Rajan Mehta,Oncology,Starhealth,26760.49,26577.46,2024-04-05,2024-07-21,107.0,Approved,nan,OK,2024-04
CLM04059,PT00813,DR007,Dr. Deepak Sharma,Gynecology,Bajajallianz,112661.19,100863.3,2024-01-12,2024-02-12,31.0,Approved,nan,OK,2024-01
CLM04060,PT00167,DR005,Dr. Sunita Kulkarni,General Medicine,Unitedhealthindia,11357.5,0.0,2024-08-29,,,Rejected,Incomplete documents,OK,2024-08
CLM04061,PT01398,DR010,Dr. Rohit Verma,Orthopedics,Unitedhealthindia,127820.8,117521.31,2024-09-09,2024-10-30,51.0,Approved,nan,OK,2024-09
CLM04062,PT00952,DR009,Dr. Meera Pillai,Cardiology,Unitedhealthindia,106955.4,99313.5,2024-09-25,2024-11-22,58.0,Approved,nan,OK,2024-09
CLM04063,PT00978,DR002,Dr. Suresh Patil,Orthopedics,Bajajallianz,130536.54,0.0,2024-02-28,,,Rejected,Late submission,OK,2024-02
CLM04064,PT01438,DR009,Dr. Meera Pillai,Cardiology,Bajajallianz,149130.1,128236.99,2024-06-05,2024-06-21,16.0,Approved,nan,OK,2024-06
CLM04065,PT01891,DR008,Dr. Anil Joshi,Emergency,Bajajallianz,18399.18,15649.82,2024-01-01,2024-02-18,48.0,Approved,nan,OK,2024-01
CLM04066,PT01112,DR006,Dr. Kavya Iyer,Pediatrics,Hdfcergo,112340.13,84464.04,2024-01-03,2024-01-25,22.0,Approved,nan,OK,2024-01
CLM04067,PT00826,DR002,Dr. Suresh Patil,Orthopedics,Hdfcergo,9194.43,8911.33,2024-02-23,2024-03-15,21.0,Approved,nan,OK,2024-02
CLM04068,PT00454,DR002,Dr. Suresh Patil,Orthopedics,Unitedhealthindia,96562.5,0.0,2024-11-28,,,Rejected,Service not covered,OK,2024-11
CLM04069,PT01203,DR007,Dr. Deepak Sharma,Gynecology,Bajajallianz,143477.68,108707.76,2024-08-04,2024-10-22,79.0,Approved,nan,OK,2024-08
CLM04070,PT01507,DR006,Dr. Kavya Iyer,Pediatrics,Bajajallianz,129089.24,119717.61,2024-07-23,2024-11-18,118.0,Approved,nan,OK,2024-07
CLM04071,PT00596,DR002,Dr. Suresh Patil,Orthopedics,Starhealth,66066.14,62140.19,2024-05-23,2024-06-21,29.0,Approved,nan,OK,2024-05
CLM04072,PT00143,DR002,Dr. Suresh Patil,Orthopedics,Bajajallianz,132387.48,108943.03,2024-08-30,2024-10-26,57.0,Approved,nan,OK,2024-08
CLM04073,PT01082,DR003,Dr. Aarti Deshmukh,Neurology,Nationalinsurance,38179.56,37173.11,2024-02-01,2024-05-30,119.0,Approved,nan,OK,2024-02
CLM04074,PT00866,DR009,Dr. Meera Pillai,Cardiology,Bajajallianz,63048.05,62248.51,2024-04-24,2024-07-16,83.0,Approved,nan,OK,2024-04
CLM04075,PT01257,DR003,Dr. Aarti Deshmukh,Neurology,Nationalinsurance,45466.26,37721.11,2024-12-18,2025-01-02,15.0,Approved,nan,OK,2024-12
CLM04076,PT00666,DR004,Dr. Rajan Mehta,Oncology,Nationalinsurance,19289.68,15770.94,2024-08-09,2024-11-25,108.0,Approved,nan,OK,2024-08
CLM04077,PT01323,DR005,Dr. Sunita Kulkarni,General Medicine,Starhealth,18938.63,18935.84,2024-04-19,2024-07-18,90.0,Approved,nan,OK,2024-04
CLM04078,PT01313,DR007,Dr. Deepak Sharma,Gynecology,Nationalinsurance,96746.78,0.0,2024-12-16,,,Rejected,Policy lapsed,OK,2024-12
CLM04079,PT00991,DR009,Dr. Meera Pillai,Cardiology,Hdfcergo,88607.38,76487.42,2024-12-16,2025-02-09,55.0,Approved,nan,OK,2024-12
CLM04080,PT00466,DR001,Dr. Priya Nair,Cardiology,Bajajallianz,20439.27,19717.08,2024-12-10,2025-01-21,42.0,Approved,nan,OK,2024-12
CLM04081,PT00493,DR004,Dr. Rajan Mehta,Oncology,Bajajallianz,106809.49,102264.22,2024-07-09,2024-11-02,116.0,Approved,nan,OK,2024-07
CLM04082,PT00979,DR001,Dr. Priya Nair,Cardiology,Starhealth,101403.78,80013.58,2024-09-14,2024-11-06,53.0,Approved,nan,OK,2024-09
CLM04083,PT01439,DR008,Dr. Anil Joshi,Emergency,Bajajallianz,12073.31,9701.71,2024-01-03,2024-01-12,9.0,Approved,nan,OK,2024-01
CLM04084,PT01273,DR007,Dr. Deepak Sharma,Gynecology,Unitedhealthindia,87983.25,0.0,2024-08-17,,,Rejected,Pre-authorization missing,OK,2024-08
CLM04085,PT00671,DR006,Dr. Kavya Iyer,Pediatrics,Starhealth,91849.64,72404.18,2024-09-04,2024-09-19,15.0,Approved,nan,OK,2024-09
CLM04086,PT00816,DR009,Dr. Meera Pillai,Cardiology,Starhealth,62525.59,56372.19,2024-04-15,2024-07-12,88.0,Approved,nan,OK,2024-04
CLM04087,PT01302,DR002,Dr. Suresh Patil,Orthopedics,Starhealth,91539.92,0.0,2024-05-17,,,Rejected,Patient details mismatch,OK,2024-05
CLM04088,PT01828,DR010,Dr. Rohit Verma,Orthopedics,Starhealth,79025.76,73990.39,2024-09-29,2024-10-12,13.0,Approved,nan,OK,2024-09
CLM04089,PT00252,DR003,Dr. Aarti Deshmukh,Neurology,Starhealth,71750.74,56316.16,2024-10-25,2025-01-10,77.0,Approved,nan,OK,2024-10
CLM04090,PT00495,DR002,Dr. Suresh Patil,Orthopedics,Nationalinsurance,52751.93,44129.84,2024-09-05,2024-12-26,112.0,Approved,nan,OK,2024-09
CLM04091,PT00705,DR007,Dr. Deepak Sharma,Gynecology,Starhealth,66569.66,51859.88,2024-12-18,2025-01-27,40.0,Approved,nan,OK,2024-12
CLM04092,PT01337,DR008,Dr. Anil Joshi,Emergency,Nationalinsurance,25876.23,20911.38,2024-06-10,2024-08-18,69.0,Approved,nan,OK,2024-06
CLM04093,PT01385,DR005,Dr. Sunita Kulkarni,General Medicine,Nationalinsurance,6720.49,0.0,2024-05-09,,,Rejected,Policy lapsed,OK,2024-05
CLM04094,PT00757,DR009,Dr. Meera Pillai,Cardiology,Hdfcergo,14498.31,11393.77,2024-12-28,2025-01-10,13.0,Approved,nan,OK,2024-12
CLM04095,PT00279,DR006,Dr. Kavya Iyer,Pediatrics,Nationalinsurance,143086.84,107393.32,2024-11-24,2025-03-09,105.0,Approved,nan,OK,2024-11
CLM04096,PT01401,DR009,Dr. Meera Pillai,Cardiology,Hdfcergo,76683.69,65092.59,2024-12-27,2025-03-29,92.0,Approved,nan,OK,2024-12
CLM04097,PT00714,DR008,Dr. Anil Joshi,Emergency,Nationalinsurance,37266.42,0.0,2024-11-16,,,Rejected,Wrong diagnosis code,OK,2024-11
CLM04098,PT00213,DR002,Dr. Suresh Patil,Orthopedics,Starhealth,39710.07,0.0,2024-04-16,,,Rejected,Pre-authorization missing,OK,2024-04
CLM04099,PT01386,DR001,Dr. Priya Nair,Cardiology,Nationalinsurance,130926.09,107324.02,2024-07-26,2024-10-08,74.0,Approved,nan,OK,2024-07
CLM04100,PT01796,DR002,Dr. Suresh Patil,Orthopedics,Nationalinsurance,35613.73,0.0,2024-03-05,,,Rejected,Service not covered,OK,2024-03
CLM04101,PT01073,DR006,Dr. Kavya Iyer,Pediatrics,Hdfcergo,13589.0,12178.35,2024-10-21,2025-02-11,113.0,Approved,nan,OK,2024-10
CLM04102,PT01997,DR006,Dr. Kavya Iyer,Pediatrics,Unitedhealthindia,132306.57,0.0,2024-09-22,,,Rejected,Service not covered,OK,2024-09
CLM04103,PT01671,DR009,Dr. Meera Pillai,Cardiology,Nationalinsurance,25381.03,0.0,2024-11-28,,,Rejected,Pre-authorization missing,OK,2024-11
CLM04104,PT00139,DR006,Dr. Kavya Iyer,Pediatrics,Starhealth,95566.28,91802.16,2024-02-08,2024-03-24,45.0,Approved,nan,OK,2024-02
CLM04105,PT01583,DR004,Dr. Rajan Mehta,Oncology,Unitedhealthindia,5451.45,5430.47,2024-08-15,2024-10-17,63.0,Approved,nan,OK,2024-08
CLM04106,PT00197,DR004,Dr. Rajan Mehta,Oncology,Nationalinsurance,69581.17,0.0,2024-12-09,,,Rejected,Late submission,OK,2024-12
CLM04107,PT00632,DR001,Dr. Priya Nair,Cardiology,Hdfcergo,129166.67,0.0,2024-01-08,,,Rejected,Duplicate claim,OK,2024-01
CLM04108,PT01063,DR003,Dr. Aarti Deshmukh,Neurology,Nationalinsurance,137996.82,126513.28,2024-10-09,2025-01-23,106.0,Approved,nan,OK,2024-10
CLM04109,PT01157,DR004,Dr. Rajan Mehta,Oncology,Unitedhealthindia,148902.7,116750.19,2024-01-30,2024-04-14,75.0,Approved,nan,OK,2024-01
CLM04110,PT01565,DR003,Dr. Aarti Deshmukh,Neurology,Bajajallianz,79739.55,61203.11,2024-06-30,2024-08-23,54.0,Approved,nan,OK,2024-06
CLM04111,PT01741,DR004,Dr. Rajan Mehta,Oncology,Nationalinsurance,112808.23,95360.34,2024-08-16,2024-10-15,60.0,Approved,nan,OK,2024-08
CLM04112,PT01357,DR007,Dr. Deepak Sharma,Gynecology,Nationalinsurance,116004.84,0.0,2024-04-29,,,Rejected,Wrong diagnosis code,OK,2024-04
CLM04113,PT01973,DR010,Dr. Rohit Verma,Orthopedics,Bajajallianz,53859.11,0.0,2024-04-22,,,Rejected,Duplicate claim,OK,2024-04
CLM04114,PT00524,DR001,Dr. Priya Nair,Cardiology,Nationalinsurance,75711.58,0.0,2024-11-14,,,Rejected,Policy lapsed,OK,2024-11
CLM04115,PT01293,DR004,Dr. Rajan Mehta,Oncology,Starhealth,65054.46,63088.5,2024-10-02,2024-10-10,8.0,Approved,nan,OK,2024-10
CLM04116,PT00093,DR008,Dr. Anil Joshi,Emergency,Nationalinsurance,121935.39,0.0,2024-07-19,,,Rejected,Late submission,OK,2024-07
CLM04117,PT00884,DR009,Dr. Meera Pillai,Cardiology,Bajajallianz,140093.26,135858.18,2024-05-04,2024-06-21,48.0,Approved,nan,OK,2024-05
CLM04118,PT00276,DR010,Dr. Rohit Verma,Orthopedics,Unitedhealthindia,8491.23,8311.2,2024-04-22,2024-06-24,63.0,Approved,nan,OK,2024-04
CLM04119,PT00923,DR003,Dr. Aarti Deshmukh,Neurology,Starhealth,95102.76,87053.09,2024-09-01,2024-11-24,84.0,Approved,nan,OK,2024-09
CLM04120,PT01438,DR006,Dr. Kavya Iyer,Pediatrics,Starhealth,138457.01,124766.74,2024-10-02,2025-01-19,109.0,Approved,nan,OK,2024-10
CLM04121,PT01640,DR005,Dr. Sunita Kulkarni,General Medicine,Bajajallianz,51665.84,44519.14,2024-06-16,2024-09-26,102.0,Approved,nan,OK,2024-06
CLM04122,PT01494,DR008,Dr. Anil Joshi,Emergency,Bajajallianz,47691.45,0.0,2024-04-04,,,Rejected,Incomplete documents,OK,2024-04
CLM04123,PT01852,DR002,Dr. Suresh Patil,Orthopedics,Bajajallianz,138869.91,120967.68,2024-12-06,2025-01-17,42.0,Approved,nan,OK,2024-12
CLM04124,PT01494,DR007,Dr. Deepak Sharma,Gynecology,Hdfcergo,120839.39,111158.75,2024-11-03,2024-11-14,11.0,Approved,nan,OK,2024-11
CLM04126,PT00522,DR005,Dr. Sunita Kulkarni,General Medicine,Hdfcergo,57105.83,56767.09,2024-09-22,2024-09-30,8.0,Approved,nan,OK,2024-09
CLM04127,PT01461,DR007,Dr. Deepak Sharma,Gynecology,Bajajallianz,128141.95,108441.53,2024-05-08,2024-08-24,108.0,Approved,nan,OK,2024-05
CLM04128,PT00903,DR006,Dr. Kavya Iyer,Pediatrics,Nationalinsurance,57385.83,0.0,2024-01-10,,,Rejected,Service not covered,OK,2024-01
CLM04129,PT00909,DR007,Dr. Deepak Sharma,Gynecology,Starhealth,17057.55,15764.08,2024-04-08,2024-07-01,84.0,Approved,nan,OK,2024-04
CLM04130,PT00230,DR003,Dr. Aarti Deshmukh,Neurology,Starhealth,119929.87,110373.38,2024-07-15,2024-09-07,54.0,Approved,nan,OK,2024-07
CLM04131,PT00676,DR010,Dr. Rohit Verma,Orthopedics,Starhealth,49699.95,37542.53,2024-02-25,2024-06-22,118.0,Approved,nan,OK,2024-02
CLM04132,PT00526,DR002,Dr. Suresh Patil,Orthopedics,Hdfcergo,104145.59,90715.83,2024-09-03,2024-12-17,105.0,Approved,nan,OK,2024-09
CLM04133,PT01677,DR002,Dr. Suresh Patil,Orthopedics,Starhealth,105163.28,82981.97,2024-04-27,2024-06-04,38.0,Approved,nan,OK,2024-04
CLM04134,PT00333,DR006,Dr. Kavya Iyer,Pediatrics,Bajajallianz,144694.29,117708.06,2024-02-21,2024-04-05,44.0,Approved,nan,OK,2024-02
CLM04135,PT01559,DR009,Dr. Meera Pillai,Cardiology,Unitedhealthindia,135871.73,0.0,2024-04-02,,,Rejected,Late submission,OK,2024-04
CLM04136,PT01042,DR002,Dr. Suresh Patil,Orthopedics,Starhealth,129145.52,117287.22,2024-05-03,2024-06-13,41.0,Approved,nan,OK,2024-05
CLM04137,PT01010,DR010,Dr. Rohit Verma,Orthopedics,Nationalinsurance,118265.35,98296.68,2024-08-22,2024-11-10,80.0,Approved,nan,OK,2024-08
CLM04138,PT00614,DR009,Dr. Meera Pillai,Cardiology,Unitedhealthindia,148905.74,133063.38,2024-01-11,2024-02-26,46.0,Approved,nan,OK,2024-01
CLM04139,PT00523,DR007,Dr. Deepak Sharma,Gynecology,Nationalinsurance,132885.55,0.0,2024-10-23,,,Rejected,Late submission,OK,2024-10
CLM04140,PT01148,DR001,Dr. Priya Nair,Cardiology,Hdfcergo,114031.89,103729.1,2024-09-01,2024-12-20,110.0,Approved,nan,OK,2024-09
CLM04141,PT00963,DR004,Dr. Rajan Mehta,Oncology,Hdfcergo,82013.98,79071.1,2024-06-13,2024-08-03,51.0,Approved,nan,OK,2024-06
CLM04142,PT00252,DR007,Dr. Deepak Sharma,Gynecology,Nationalinsurance,127768.66,109930.24,2024-10-19,2025-02-06,110.0,Approved,nan,OK,2024-10
CLM04143,PT01544,DR001,Dr. Priya Nair,Cardiology,Unitedhealthindia,16834.05,16388.49,2024-03-02,2024-03-29,27.0,Approved,nan,OK,2024-03
CLM04144,PT01348,DR010,Dr. Rohit Verma,Orthopedics,Nationalinsurance,21417.47,18720.03,2024-08-10,2024-12-03,115.0,Approved,nan,OK,2024-08
CLM04145,PT01756,DR008,Dr. Anil Joshi,Emergency,Bajajallianz,88398.48,84988.84,2024-01-14,2024-03-16,62.0,Approved,nan,OK,2024-01
CLM04146,PT01211,DR007,Dr. Deepak Sharma,Gynecology,Hdfcergo,11729.18,11099.02,2024-06-04,2024-08-11,68.0,Approved,nan,OK,2024-06
CLM04147,PT00557,DR001,Dr. Priya Nair,Cardiology,Bajajallianz,121719.03,92975.24,2024-08-27,2024-10-19,53.0,Approved,nan,OK,2024-08
CLM04148,PT00738,DR006,Dr. Kavya Iyer,Pediatrics,Bajajallianz,42126.88,0.0,2024-05-24,,,Rejected,Incomplete documents,OK,2024-05
CLM04149,PT01291,DR004,Dr. Rajan Mehta,Oncology,Hdfcergo,42458.8,37677.67,2024-05-16,2024-07-07,52.0,Approved,nan,OK,2024-05
CLM04150,PT00970,DR007,Dr. Deepak Sharma,Gynecology,Hdfcergo,35525.65,35273.06,2024-06-22,2024-06-29,7.0,Approved,nan,OK,2024-06
CLM04151,PT01158,DR006,Dr. Kavya Iyer,Pediatrics,Nationalinsurance,118150.31,102507.83,2024-12-17,2025-03-27,100.0,Approved,nan,OK,2024-12
CLM04152,PT01587,DR003,Dr. Aarti Deshmukh,Neurology,Hdfcergo,61415.65,59584.43,2024-06-16,2024-08-25,70.0,Approved,nan,OK,2024-06
CLM04153,PT00559,DR003,Dr. Aarti Deshmukh,Neurology,Hdfcergo,123451.45,121140.6,2024-01-12,2024-05-01,110.0,Approved,nan,OK,2024-01
CLM04154,PT01594,DR008,Dr. Anil Joshi,Emergency,Hdfcergo,103794.86,82321.76,2024-06-05,2024-09-18,105.0,Approved,nan,OK,2024-06
CLM04155,PT00403,DR006,Dr. Kavya Iyer,Pediatrics,Starhealth,13211.77,11223.74,2024-09-03,2024-09-23,20.0,Approved,nan,OK,2024-09
CLM04156,PT01600,DR008,Dr. Anil Joshi,Emergency,Unitedhealthindia,42127.03,36019.4,2024-05-22,2024-07-04,43.0,Approved,nan,OK,2024-05
CLM04157,PT00396,DR007,Dr. Deepak Sharma,Gynecology,Unitedhealthindia,53382.57,42353.73,2024-12-17,2025-03-11,84.0,Approved,nan,OK,2024-12
CLM04158,PT00152,DR006,Dr. Kavya Iyer,Pediatrics,Hdfcergo,93892.11,0.0,2024-09-28,,,Rejected,Service not covered,OK,2024-09
CLM04159,PT01073,DR002,Dr. Suresh Patil,Orthopedics,Nationalinsurance,36285.04,32470.73,2024-06-06,2024-07-01,25.0,Approved,nan,OK,2024-06
CLM04161,PT01378,DR010,Dr. Rohit Verma,Orthopedics,Bajajallianz,136605.85,0.0,2024-11-09,,,Rejected,Service not covered,OK,2024-11
CLM04162,PT00081,DR004,Dr. Rajan Mehta,Oncology,Starhealth,148683.22,128690.81,2024-10-04,2024-12-26,83.0,Approved,nan,OK,2024-10
CLM04163,PT01209,DR006,Dr. Kavya Iyer,Pediatrics,Starhealth,146706.29,139727.49,2024-11-30,2025-03-22,112.0,Approved,nan,OK,2024-11
CLM04164,PT00122,DR006,Dr. Kavya Iyer,Pediatrics,Unitedhealthindia,143047.33,130398.49,2024-08-09,2024-09-17,39.0,Approved,nan,OK,2024-08
CLM04165,PT01694,DR004,Dr. Rajan Mehta,Oncology,Unitedhealthindia,102971.4,99413.18,2024-09-03,2024-12-14,102.0,Approved,nan,OK,2024-09
CLM04166,PT01026,DR005,Dr. Sunita Kulkarni,General Medicine,Hdfcergo,40138.79,36403.96,2024-09-02,2024-11-28,87.0,Approved,nan,OK,2024-09
CLM04167,PT01672,DR003,Dr. Aarti Deshmukh,Neurology,Hdfcergo,73860.23,56859.84,2024-03-10,2024-05-14,65.0,Approved,nan,OK,2024-03
CLM04168,PT00733,DR001,Dr. Priya Nair,Cardiology,Bajajallianz,56112.55,50745.23,2024-03-21,2024-04-15,25.0,Approved,nan,OK,2024-03
CLM04169,PT01384,DR009,Dr. Meera Pillai,Cardiology,Nationalinsurance,105191.19,93576.79,2024-03-14,2024-05-19,66.0,Approved,nan,OK,2024-03
CLM04170,PT01503,DR009,Dr. Meera Pillai,Cardiology,Unitedhealthindia,87562.36,67406.78,2024-05-17,2024-06-14,28.0,Approved,nan,OK,2024-05
CLM04171,PT01038,DR008,Dr. Anil Joshi,Emergency,Hdfcergo,42281.09,38228.2,2024-10-02,2024-10-15,13.0,Approved,nan,OK,2024-10
CLM04172,PT01755,DR003,Dr. Aarti Deshmukh,Neurology,Unitedhealthindia,59687.41,50449.27,2024-11-13,2024-12-13,30.0,Approved,nan,OK,2024-11
CLM04173,PT00996,DR004,Dr. Rajan Mehta,Oncology,Starhealth,101529.46,83397.85,2024-01-26,2024-03-06,40.0,Approved,nan,OK,2024-01
CLM04174,PT00210,DR010,Dr. Rohit Verma,Orthopedics,Starhealth,24524.42,22614.44,2024-05-23,2024-07-27,65.0,Approved,nan,OK,2024-05
CLM04175,PT00897,DR009,Dr. Meera Pillai,Cardiology,Starhealth,47210.31,39628.39,2024-07-21,2024-07-31,10.0,Approved,nan,OK,2024-07
CLM04176,PT00130,DR002,Dr. Suresh Patil,Orthopedics,Starhealth,132927.6,111970.85,2024-06-14,2024-08-16,63.0,Approved,nan,OK,2024-06
CLM04177,PT00449,DR008,Dr. Anil Joshi,Emergency,Starhealth,105688.84,105348.02,2024-12-23,2025-03-28,95.0,Approved,nan,OK,2024-12
CLM04178,PT01948,DR008,Dr. Anil Joshi,Emergency,Bajajallianz,65153.67,65136.17,2024-01-15,2024-01-22,7.0,Approved,nan,OK,2024-01
CLM04179,PT01741,DR008,Dr. Anil Joshi,Emergency,Nationalinsurance,70705.91,61533.13,2024-04-30,2024-07-27,88.0,Approved,nan,OK,2024-04
CLM04180,PT00012,DR002,Dr. Suresh Patil,Orthopedics,Bajajallianz,87023.71,83261.81,2024-07-30,2024-10-15,77.0,Approved,nan,OK,2024-07
CLM04181,PT01945,DR005,Dr. Sunita Kulkarni,General Medicine,Starhealth,147509.7,0.0,2024-07-31,,,Rejected,Patient details mismatch,OK,2024-07
CLM04182,PT01898,DR007,Dr. Deepak Sharma,Gynecology,Starhealth,29805.27,22987.38,2024-11-28,2025-01-08,41.0,Approved,nan,OK,2024-11
CLM04183,PT00567,DR008,Dr. Anil Joshi,Emergency,Starhealth,14300.95,10836.32,2024-10-12,2025-01-27,107.0,Approved,nan,OK,2024-10
CLM04184,PT01832,DR006,Dr. Kavya Iyer,Pediatrics,Nationalinsurance,138794.97,0.0,2024-12-28,,,Rejected,Incomplete documents,OK,2024-12
CLM04185,PT01665,DR007,Dr. Deepak Sharma,Gynecology,Starhealth,125426.62,112897.3,2024-03-18,2024-04-18,31.0,Approved,nan,OK,2024-03
CLM04186,PT01899,DR008,Dr. Anil Joshi,Emergency,Hdfcergo,93007.97,0.0,2024-08-01,,,Rejected,Incomplete documents,OK,2024-08
CLM04187,PT00771,DR003,Dr. Aarti Deshmukh,Neurology,Bajajallianz,73468.29,58207.84,2024-01-05,2024-02-20,46.0,Approved,nan,OK,2024-01
CLM04188,PT01210,DR005,Dr. Sunita Kulkarni,General Medicine,Unitedhealthindia,65179.51,61270.07,2024-02-26,2024-04-16,50.0,Approved,nan,OK,2024-02
CLM04189,PT00327,DR008,Dr. Anil Joshi,Emergency,Hdfcergo,20858.68,18554.19,2024-02-29,2024-06-15,107.0,Approved,nan,OK,2024-02
CLM04190,PT00044,DR002,Dr. Suresh Patil,Orthopedics,Unitedhealthindia,77386.34,67521.69,2024-06-18,2024-09-04,78.0,Approved,nan,OK,2024-06
CLM04191,PT01742,DR006,Dr. Kavya Iyer,Pediatrics,Starhealth,43084.71,35534.1,2024-05-28,2024-07-09,42.0,Approved,nan,OK,2024-05
CLM04192,PT01569,DR003,Dr. Aarti Deshmukh,Neurology,Hdfcergo,76584.35,0.0,2024-11-18,,,Rejected,Pre-authorization missing,OK,2024-11
CLM04193,PT01678,DR002,Dr. Suresh Patil,Orthopedics,Nationalinsurance,68546.97,68194.8,2024-09-19,2025-01-16,119.0,Approved,nan,OK,2024-09
CLM04194,PT01941,DR008,Dr. Anil Joshi,Emergency,Starhealth,47530.56,0.0,2024-05-10,,,Rejected,Wrong diagnosis code,OK,2024-05
CLM04195,PT00912,DR007,Dr. Deepak Sharma,Gynecology,Unitedhealthindia,16396.44,0.0,2024-11-30,,,Rejected,Patient details mismatch,OK,2024-11
CLM04196,PT00738,DR010,Dr. Rohit Verma,Orthopedics,Hdfcergo,27353.41,24963.8,2024-04-25,2024-06-30,66.0,Approved,nan,OK,2024-04
CLM04197,PT00641,DR005,Dr. Sunita Kulkarni,General Medicine,Starhealth,130504.25,98834.0,2024-02-12,2024-04-22,70.0,Approved,nan,OK,2024-02
CLM04198,PT00937,DR006,Dr. Kavya Iyer,Pediatrics,Starhealth,108002.02,81148.51,2024-10-01,2024-12-04,64.0,Approved,nan,OK,2024-10
CLM04199,PT00582,DR006,Dr. Kavya Iyer,Pediatrics,Bajajallianz,71200.25,61016.73,2024-02-22,2024-04-30,68.0,Approved,nan,OK,2024-02
CLM04200,PT00269,DR002,Dr. Suresh Patil,Orthopedics,Unitedhealthindia,110288.5,89128.45,2024-03-31,2024-06-21,82.0,Approved,nan,OK,2024-03
CLM04201,PT01301,DR010,Dr. Rohit Verma,Orthopedics,Nationalinsurance,21058.01,16723.77,2024-03-22,2024-05-14,53.0,Approved,nan,OK,2024-03
CLM04202,PT01954,DR008,Dr. Anil Joshi,Emergency,Bajajallianz,118846.12,109275.15,2024-01-28,2024-02-17,20.0,Approved,nan,OK,2024-01
CLM04203,PT01197,DR005,Dr. Sunita Kulkarni,General Medicine,Bajajallianz,104770.7,88821.46,2024-11-17,2025-02-26,101.0,Approved,nan,OK,2024-11
CLM04204,PT00186,DR003,Dr. Aarti Deshmukh,Neurology,Nationalinsurance,54625.1,41799.51,2024-07-26,2024-08-29,34.0,Approved,nan,OK,2024-07
CLM04205,PT01106,DR001,Dr. Priya Nair,Cardiology,Nationalinsurance,56863.05,0.0,2024-12-02,,,Rejected,Wrong diagnosis code,OK,2024-12
CLM04206,PT00097,DR007,Dr. Deepak Sharma,Gynecology,Nationalinsurance,71363.45,70062.46,2024-04-25,2024-07-20,86.0,Approved,nan,OK,2024-04
CLM04207,PT00253,DR007,Dr. Deepak Sharma,Gynecology,Hdfcergo,135356.56,115504.83,2024-02-09,2024-04-29,80.0,Approved,nan,OK,2024-02
CLM04208,PT01761,DR007,Dr. Deepak Sharma,Gynecology,Nationalinsurance,60935.26,0.0,2024-01-28,,,Rejected,Incomplete documents,OK,2024-01
CLM04209,PT00386,DR003,Dr. Aarti Deshmukh,Neurology,Starhealth,94730.26,77581.9,2024-04-01,2024-04-13,12.0,Approved,nan,OK,2024-04
CLM04210,PT00794,DR010,Dr. Rohit Verma,Orthopedics,Bajajallianz,7659.49,7528.22,2024-08-12,2024-12-01,111.0,Approved,nan,OK,2024-08
CLM04211,PT01145,DR008,Dr. Anil Joshi,Emergency,Starhealth,123497.46,112259.17,2024-10-01,2024-11-13,43.0,Approved,nan,OK,2024-10
CLM04212,PT01311,DR001,Dr. Priya Nair,Cardiology,Hdfcergo,61478.94,50523.34,2024-10-03,2024-11-09,37.0,Approved,nan,OK,2024-10
CLM04213,PT00474,DR001,Dr. Priya Nair,Cardiology,Starhealth,45114.72,42993.52,2024-02-01,2024-05-25,114.0,Approved,nan,OK,2024-02
CLM04214,PT01248,DR008,Dr. Anil Joshi,Emergency,Starhealth,60652.89,55849.81,2024-10-16,2024-12-22,67.0,Approved,nan,OK,2024-10
CLM04216,PT01085,DR010,Dr. Rohit Verma,Orthopedics,Starhealth,28171.84,23723.0,2024-08-21,2024-09-21,31.0,Approved,nan,OK,2024-08
CLM04217,PT01887,DR001,Dr. Priya Nair,Cardiology,Starhealth,134778.36,112127.92,2024-10-06,2024-12-14,69.0,Approved,nan,OK,2024-10
CLM04218,PT01041,DR001,Dr. Priya Nair,Cardiology,Unitedhealthindia,45998.69,38901.19,2024-09-05,2024-11-16,72.0,Approved,nan,OK,2024-09
CLM04219,PT00336,DR006,Dr. Kavya Iyer,Pediatrics,Bajajallianz,37435.88,29387.5,2024-01-07,2024-03-22,75.0,Approved,nan,OK,2024-01
CLM04220,PT00115,DR002,Dr. Suresh Patil,Orthopedics,Nationalinsurance,52774.05,40792.64,2024-05-09,2024-07-11,63.0,Approved,nan,OK,2024-05
CLM04221,PT01587,DR006,Dr. Kavya Iyer,Pediatrics,Starhealth,109335.32,105657.64,2024-03-03,2024-06-13,102.0,Approved,nan,OK,2024-03
CLM04222,PT00180,DR009,Dr. Meera Pillai,Cardiology,Starhealth,57034.15,44227.54,2024-02-17,2024-02-26,9.0,Approved,nan,OK,2024-02
CLM04223,PT00529,DR001,Dr. Priya Nair,Cardiology,Bajajallianz,111571.58,0.0,2024-07-10,,,Rejected,Patient details mismatch,OK,2024-07
CLM04224,PT01643,DR003,Dr. Aarti Deshmukh,Neurology,Hdfcergo,64039.05,60425.68,2024-11-15,2025-02-01,78.0,Approved,nan,OK,2024-11
CLM04225,PT00464,DR009,Dr. Meera Pillai,Cardiology,Hdfcergo,126417.92,0.0,2024-04-13,,,Rejected,Service not covered,OK,2024-04
CLM04226,PT00100,DR007,Dr. Deepak Sharma,Gynecology,Starhealth,58210.29,44317.92,2024-04-11,2024-04-28,17.0,Approved,nan,OK,2024-04
CLM04227,PT00417,DR008,Dr. Anil Joshi,Emergency,Nationalinsurance,93412.88,73256.8,2024-06-01,2024-07-18,47.0,Approved,nan,OK,2024-06
CLM04228,PT01831,DR007,Dr. Deepak Sharma,Gynecology,Hdfcergo,88897.36,71285.95,2024-04-07,2024-06-07,61.0,Approved,nan,OK,2024-04
CLM04229,PT00628,DR006,Dr. Kavya Iyer,Pediatrics,Unitedhealthindia,146367.89,125170.63,2024-05-23,2024-09-04,104.0,Approved,nan,OK,2024-05
CLM04230,PT00655,DR002,Dr. Suresh Patil,Orthopedics,Bajajallianz,60313.76,59244.5,2024-04-29,2024-05-19,20.0,Approved,nan,OK,2024-04
CLM04231,PT01797,DR007,Dr. Deepak Sharma,Gynecology,Nationalinsurance,39778.75,31114.22,2024-12-10,2024-12-18,8.0,Approved,nan,OK,2024-12
CLM04232,PT01665,DR004,Dr. Rajan Mehta,Oncology,Unitedhealthindia,81147.29,0.0,2024-05-02,,,Rejected,Patient details mismatch,OK,2024-05
CLM04233,PT01488,DR003,Dr. Aarti Deshmukh,Neurology,Hdfcergo,7342.43,0.0,2024-01-03,,,Rejected,Late submission,OK,2024-01
CLM04234,PT01903,DR007,Dr. Deepak Sharma,Gynecology,Hdfcergo,79689.1,0.0,2024-08-27,,,Rejected,Policy lapsed,OK,2024-08
CLM04235,PT00951,DR006,Dr. Kavya Iyer,Pediatrics,Hdfcergo,111385.28,95418.77,2024-11-06,2025-01-04,59.0,Approved,nan,OK,2024-11
CLM04236,PT00995,DR004,Dr. Rajan Mehta,Oncology,Unitedhealthindia,13393.17,13313.15,2024-10-11,2024-11-05,25.0,Approved,nan,OK,2024-10
CLM04237,PT00943,DR001,Dr. Priya Nair,Cardiology,Starhealth,93262.34,76815.64,2024-10-24,2025-01-02,70.0,Approved,nan,OK,2024-10
CLM04238,PT01073,DR007,Dr. Deepak Sharma,Gynecology,Nationalinsurance,20125.33,18240.24,2024-10-15,2025-01-31,108.0,Approved,nan,OK,2024-10
CLM04239,PT00827,DR008,Dr. Anil Joshi,Emergency,Unitedhealthindia,140503.15,0.0,2024-12-17,,,Rejected,Wrong diagnosis code,OK,2024-12
CLM04240,PT00024,DR001,Dr. Priya Nair,Cardiology,Hdfcergo,117379.99,102830.7,2024-07-23,2024-10-05,74.0,Approved,nan,OK,2024-07
CLM04241,PT00097,DR005,Dr. Sunita Kulkarni,General Medicine,Nationalinsurance,58575.38,49458.6,2024-10-05,2024-12-15,71.0,Approved,nan,OK,2024-10
CLM04242,PT01388,DR008,Dr. Anil Joshi,Emergency,Unitedhealthindia,24453.85,22410.89,2024-11-19,2025-02-12,85.0,Approved,nan,OK,2024-11
CLM04243,PT00445,DR002,Dr. Suresh Patil,Orthopedics,Starhealth,85853.39,76383.0,2024-09-28,2024-10-05,7.0,Approved,nan,OK,2024-09
CLM04244,PT01486,DR005,Dr. Sunita Kulkarni,General Medicine,Bajajallianz,136707.65,104052.5,2024-08-21,2024-12-10,111.0,Approved,nan,OK,2024-08
CLM04245,PT00506,DR004,Dr. Rajan Mehta,Oncology,Bajajallianz,65389.2,64047.7,2024-06-11,2024-08-15,65.0,Approved,nan,OK,2024-06
CLM04246,PT00375,DR002,Dr. Suresh Patil,Orthopedics,Nationalinsurance,15185.42,12992.48,2024-09-15,2024-11-15,61.0,Approved,nan,OK,2024-09
CLM04247,PT01889,DR010,Dr. Rohit Verma,Orthopedics,Unitedhealthindia,74097.57,67435.18,2024-12-16,2025-02-28,74.0,Approved,nan,OK,2024-12
CLM04248,PT00434,DR008,Dr. Anil Joshi,Emergency,Unitedhealthindia,30081.81,27871.09,2024-11-24,2025-03-18,114.0,Approved,nan,OK,2024-11
CLM04249,PT01796,DR009,Dr. Meera Pillai,Cardiology,Unitedhealthindia,76991.28,59288.98,2024-05-27,2024-09-11,107.0,Approved,nan,OK,2024-05
CLM04250,PT00202,DR004,Dr. Rajan Mehta,Oncology,Hdfcergo,34041.54,26953.14,2024-02-09,2024-03-02,22.0,Approved,nan,OK,2024-02
CLM04251,PT00282,DR005,Dr. Sunita Kulkarni,General Medicine,Hdfcergo,91159.06,74113.03,2024-05-21,2024-06-22,32.0,Approved,nan,OK,2024-05
CLM04252,PT00921,DR004,Dr. Rajan Mehta,Oncology,Starhealth,56019.26,48102.34,2024-11-11,2024-11-22,11.0,Approved,nan,OK,2024-11
CLM04253,PT00903,DR009,Dr. Meera Pillai,Cardiology,Bajajallianz,108672.49,81872.57,2024-07-24,2024-08-14,21.0,Approved,nan,OK,2024-07
CLM04254,PT00791,DR003,Dr. Aarti Deshmukh,Neurology,Starhealth,91985.31,84217.24,2024-12-23,2025-04-16,114.0,Approved,nan,OK,2024-12
CLM04255,PT00704,DR005,Dr. Sunita Kulkarni,General Medicine,Nationalinsurance,43143.96,36692.87,2024-10-14,2024-11-12,29.0,Approved,nan,OK,2024-10
CLM04256,PT00949,DR003,Dr. Aarti Deshmukh,Neurology,Nationalinsurance,147488.05,120619.72,2024-08-03,2024-10-04,62.0,Approved,nan,OK,2024-08
CLM04257,PT00533,DR002,Dr. Suresh Patil,Orthopedics,Nationalinsurance,79930.79,78488.37,2024-08-12,2024-10-29,78.0,Approved,nan,OK,2024-08
CLM04258,PT00485,DR010,Dr. Rohit Verma,Orthopedics,Nationalinsurance,121505.3,109531.65,2024-10-01,2024-11-26,56.0,Approved,nan,OK,2024-10
CLM04259,PT00867,DR009,Dr. Meera Pillai,Cardiology,Hdfcergo,32073.82,31937.16,2024-07-30,2024-08-13,14.0,Approved,nan,OK,2024-07
CLM04260,PT01314,DR009,Dr. Meera Pillai,Cardiology,Starhealth,86136.25,78638.59,2024-06-08,2024-06-25,17.0,Approved,nan,OK,2024-06
CLM04261,PT00841,DR003,Dr. Aarti Deshmukh,Neurology,Hdfcergo,38613.1,0.0,2024-07-06,,,Rejected,Patient details mismatch,OK,2024-07
CLM04262,PT00877,DR007,Dr. Deepak Sharma,Gynecology,Bajajallianz,129026.07,115654.82,2024-11-21,2025-01-22,62.0,Approved,nan,OK,2024-11
CLM04263,PT01858,DR002,Dr. Suresh Patil,Orthopedics,Starhealth,11808.73,9906.4,2024-02-24,2024-05-26,92.0,Approved,nan,OK,2024-02
CLM04264,PT00637,DR004,Dr. Rajan Mehta,Oncology,Starhealth,12928.42,12505.94,2024-08-30,2024-12-24,116.0,Approved,nan,OK,2024-08
CLM04265,PT01490,DR005,Dr. Sunita Kulkarni,General Medicine,Nationalinsurance,121637.2,100800.48,2024-01-03,2024-04-24,112.0,Approved,nan,OK,2024-01
CLM04266,PT01169,DR009,Dr. Meera Pillai,Cardiology,Hdfcergo,104545.17,0.0,2024-04-11,,,Rejected,Duplicate claim,OK,2024-04
CLM04267,PT01682,DR007,Dr. Deepak Sharma,Gynecology,Unitedhealthindia,133561.28,102144.93,2024-01-24,2024-04-08,75.0,Approved,nan,OK,2024-01
CLM04268,PT01771,DR002,Dr. Suresh Patil,Orthopedics,Hdfcergo,18514.95,13890.51,2024-12-08,2025-01-02,25.0,Approved,nan,OK,2024-12
CLM04269,PT00361,DR003,Dr. Aarti Deshmukh,Neurology,Hdfcergo,149122.45,142861.12,2024-05-11,2024-08-08,89.0,Approved,nan,OK,2024-05
CLM04270,PT01880,DR007,Dr. Deepak Sharma,Gynecology,Bajajallianz,13826.47,11353.08,2024-06-12,2024-10-10,120.0,Approved,nan,OK,2024-06
CLM04271,PT00843,DR001,Dr. Priya Nair,Cardiology,Nationalinsurance,78710.12,65966.1,2024-12-24,2025-04-01,98.0,Approved,nan,OK,2024-12
CLM04272,PT01477,DR008,Dr. Anil Joshi,Emergency,Bajajallianz,57076.79,49850.07,2024-11-23,2025-01-09,47.0,Approved,nan,OK,2024-11
CLM04273,PT01483,DR002,Dr. Suresh Patil,Orthopedics,Bajajallianz,132832.55,131651.28,2024-03-24,2024-07-03,101.0,Approved,nan,OK,2024-03
CLM04274,PT00102,DR002,Dr. Suresh Patil,Orthopedics,Hdfcergo,138926.58,104905.91,2024-05-20,2024-08-19,91.0,Approved,nan,OK,2024-05
CLM04275,PT01966,DR008,Dr. Anil Joshi,Emergency,Hdfcergo,107211.59,88108.26,2024-05-30,2024-07-05,36.0,Approved,nan,OK,2024-05
CLM04276,PT00634,DR006,Dr. Kavya Iyer,Pediatrics,Hdfcergo,81168.51,75719.29,2024-09-12,2025-01-09,119.0,Approved,nan,OK,2024-09
CLM04277,PT00968,DR008,Dr. Anil Joshi,Emergency,Nationalinsurance,42965.07,39950.77,2024-11-21,2025-02-15,86.0,Approved,nan,OK,2024-11
CLM04278,PT01650,DR009,Dr. Meera Pillai,Cardiology,Nationalinsurance,100916.97,0.0,2024-05-31,,,Rejected,Pre-authorization missing,OK,2024-05
CLM04279,PT01783,DR002,Dr. Suresh Patil,Orthopedics,Starhealth,9667.78,7955.56,2024-10-20,2024-11-18,29.0,Approved,nan,OK,2024-10
CLM04280,PT00136,DR007,Dr. Deepak Sharma,Gynecology,Bajajallianz,24014.5,20554.44,2024-03-06,2024-05-16,71.0,Approved,nan,OK,2024-03
CLM04281,PT00104,DR003,Dr. Aarti Deshmukh,Neurology,Bajajallianz,79779.12,0.0,2024-02-06,,,Rejected,Incomplete documents,OK,2024-02
CLM04282,PT01571,DR009,Dr. Meera Pillai,Cardiology,Bajajallianz,38146.24,37118.56,2024-12-13,2025-02-02,51.0,Approved,nan,OK,2024-12
CLM04283,PT00457,DR005,Dr. Sunita Kulkarni,General Medicine,Nationalinsurance,138273.13,0.0,2024-05-20,,,Rejected,Policy lapsed,OK,2024-05
CLM04284,PT01748,DR004,Dr. Rajan Mehta,Oncology,Starhealth,141298.5,127534.3,2024-05-02,2024-06-15,44.0,Approved,nan,OK,2024-05
CLM04285,PT01605,DR005,Dr. Sunita Kulkarni,General Medicine,Bajajallianz,94809.74,87484.98,2024-08-29,2024-12-20,113.0,Approved,nan,OK,2024-08
CLM04286,PT00207,DR002,Dr. Suresh Patil,Orthopedics,Nationalinsurance,62050.22,0.0,2024-11-22,,,Rejected,Wrong diagnosis code,OK,2024-11
CLM04287,PT01134,DR009,Dr. Meera Pillai,Cardiology,Unitedhealthindia,36524.36,31554.58,2024-08-25,2024-11-02,69.0,Approved,nan,OK,2024-08
CLM04288,PT01274,DR006,Dr. Kavya Iyer,Pediatrics,Starhealth,97576.83,78483.8,2024-03-07,2024-05-09,63.0,Approved,nan,OK,2024-03
CLM04289,PT01789,DR004,Dr. Rajan Mehta,Oncology,Nationalinsurance,66974.82,0.0,2024-08-19,,,Rejected,Policy lapsed,OK,2024-08
CLM04290,PT00083,DR008,Dr. Anil Joshi,Emergency,Unitedhealthindia,95119.22,0.0,2024-11-24,,,Rejected,Policy lapsed,OK,2024-11
CLM04291,PT01335,DR004,Dr. Rajan Mehta,Oncology,Unitedhealthindia,90393.0,72205.12,2024-08-10,2024-10-28,79.0,Approved,nan,OK,2024-08
CLM04292,PT00568,DR005,Dr. Sunita Kulkarni,General Medicine,Starhealth,130623.03,105299.5,2024-10-27,2025-01-06,71.0,Approved,nan,OK,2024-10
CLM04293,PT01165,DR003,Dr. Aarti Deshmukh,Neurology,Unitedhealthindia,29008.88,21886.15,2024-03-16,2024-05-15,60.0,Approved,nan,OK,2024-03
CLM04294,PT01482,DR010,Dr. Rohit Verma,Orthopedics,Bajajallianz,29062.31,27616.15,2024-05-25,2024-09-15,113.0,Approved,nan,OK,2024-05
CLM04295,PT01317,DR006,Dr. Kavya Iyer,Pediatrics,Nationalinsurance,32994.74,0.0,2024-04-14,,,Rejected,Policy lapsed,OK,2024-04
CLM04296,PT01363,DR004,Dr. Rajan Mehta,Oncology,Bajajallianz,123505.96,119796.42,2024-06-17,2024-09-10,85.0,Approved,nan,OK,2024-06
CLM04297,PT00778,DR006,Dr. Kavya Iyer,Pediatrics,Starhealth,25662.2,24288.6,2024-01-11,2024-02-08,28.0,Approved,nan,OK,2024-01
CLM04298,PT01580,DR010,Dr. Rohit Verma,Orthopedics,Bajajallianz,133731.72,125551.96,2024-09-24,2025-01-21,119.0,Approved,nan,OK,2024-09
CLM04299,PT01304,DR003,Dr. Aarti Deshmukh,Neurology,Bajajallianz,37959.2,0.0,2024-11-29,,,Rejected,Patient details mismatch,OK,2024-11
CLM04300,PT01844,DR004,Dr. Rajan Mehta,Oncology,Hdfcergo,126029.32,101081.62,2024-07-15,2024-10-23,100.0,Approved,nan,OK,2024-07
CLM04301,PT01401,DR003,Dr. Aarti Deshmukh,Neurology,Hdfcergo,46612.75,37045.32,2024-07-16,2024-09-26,72.0,Approved,nan,OK,2024-07
CLM04302,PT00158,DR006,Dr. Kavya Iyer,Pediatrics,Nationalinsurance,101908.39,79845.17,2024-04-15,2024-07-15,91.0,Approved,nan,OK,2024-04
CLM04303,PT01501,DR002,Dr. Suresh Patil,Orthopedics,Bajajallianz,129861.73,117158.25,2024-06-02,2024-09-20,110.0,Approved,nan,OK,2024-06
CLM04304,PT00770,DR005,Dr. Sunita Kulkarni,General Medicine,Bajajallianz,145515.57,136775.58,2024-10-21,2025-01-19,90.0,Approved,nan,OK,2024-10
CLM04305,PT01133,DR005,Dr. Sunita Kulkarni,General Medicine,Starhealth,145048.93,124987.05,2024-03-13,2024-06-13,92.0,Approved,nan,OK,2024-03
CLM04306,PT00469,DR007,Dr. Deepak Sharma,Gynecology,Unitedhealthindia,53054.92,44042.13,2024-11-27,2024-12-18,21.0,Approved,nan,OK,2024-11
CLM04307,PT01860,DR002,Dr. Suresh Patil,Orthopedics,Starhealth,140966.35,121039.44,2024-02-15,2024-03-09,23.0,Approved,nan,OK,2024-02
CLM04308,PT00561,DR005,Dr. Sunita Kulkarni,General Medicine,Bajajallianz,65066.37,61910.98,2024-02-09,2024-05-19,100.0,Approved,nan,OK,2024-02
CLM04309,PT00189,DR006,Dr. Kavya Iyer,Pediatrics,Starhealth,108875.13,81696.36,2024-04-30,2024-05-17,17.0,Approved,nan,OK,2024-04
CLM04310,PT00701,DR008,Dr. Anil Joshi,Emergency,Hdfcergo,105685.91,101568.31,2024-08-24,2024-12-17,115.0,Approved,nan,OK,2024-08
CLM04312,PT01259,DR001,Dr. Priya Nair,Cardiology,Nationalinsurance,39988.92,32960.51,2024-01-28,2024-05-25,118.0,Approved,nan,OK,2024-01
CLM04313,PT01440,DR008,Dr. Anil Joshi,Emergency,Starhealth,130253.1,128650.1,2024-02-20,2024-04-09,49.0,Approved,nan,OK,2024-02
CLM04314,PT01713,DR001,Dr. Priya Nair,Cardiology,Bajajallianz,34556.8,31070.11,2024-05-31,2024-08-08,69.0,Approved,nan,OK,2024-05
CLM04315,PT00856,DR003,Dr. Aarti Deshmukh,Neurology,Unitedhealthindia,34346.96,29004.56,2024-10-21,2024-12-12,52.0,Approved,nan,OK,2024-10
CLM04316,PT00104,DR007,Dr. Deepak Sharma,Gynecology,Hdfcergo,22654.82,0.0,2024-11-05,,,Rejected,Patient details mismatch,OK,2024-11
CLM04317,PT00121,DR005,Dr. Sunita Kulkarni,General Medicine,Starhealth,22345.61,20333.31,2024-12-02,2025-03-06,94.0,Approved,nan,OK,2024-12
CLM04318,PT00213,DR010,Dr. Rohit Verma,Orthopedics,Unitedhealthindia,146919.35,131041.58,2024-07-30,2024-10-24,86.0,Approved,nan,OK,2024-07
CLM04319,PT01262,DR007,Dr. Deepak Sharma,Gynecology,Starhealth,130134.63,127862.42,2024-03-17,2024-04-21,35.0,Approved,nan,OK,2024-03
CLM04320,PT01059,DR005,Dr. Sunita Kulkarni,General Medicine,Hdfcergo,70586.19,68933.11,2024-10-15,2024-11-10,26.0,Approved,nan,OK,2024-10
CLM04321,PT00826,DR009,Dr. Meera Pillai,Cardiology,Hdfcergo,82994.25,71520.12,2024-08-08,2024-09-16,39.0,Approved,nan,OK,2024-08
CLM04322,PT00026,DR001,Dr. Priya Nair,Cardiology,Unitedhealthindia,108389.29,88265.29,2024-02-03,2024-05-24,111.0,Approved,nan,OK,2024-02
CLM04323,PT01664,DR004,Dr. Rajan Mehta,Oncology,Nationalinsurance,60773.43,46914.79,2024-03-18,2024-07-09,113.0,Approved,nan,OK,2024-03
CLM04324,PT01981,DR002,Dr. Suresh Patil,Orthopedics,Bajajallianz,7575.69,6027.43,2024-03-22,2024-05-05,44.0,Approved,nan,OK,2024-03
CLM04325,PT01316,DR002,Dr. Suresh Patil,Orthopedics,Nationalinsurance,70160.15,53601.24,2024-08-03,2024-09-14,42.0,Approved,nan,OK,2024-08
CLM04326,PT00444,DR002,Dr. Suresh Patil,Orthopedics,Bajajallianz,136416.19,118313.2,2024-07-28,2024-10-11,75.0,Approved,nan,OK,2024-07
CLM04327,PT01700,DR010,Dr. Rohit Verma,Orthopedics,Starhealth,57863.84,53656.6,2024-09-19,2024-11-13,55.0,Approved,nan,OK,2024-09
CLM04328,PT01849,DR008,Dr. Anil Joshi,Emergency,Unitedhealthindia,11983.05,9830.36,2024-08-09,2024-09-18,40.0,Approved,nan,OK,2024-08
CLM04329,PT00133,DR006,Dr. Kavya Iyer,Pediatrics,Starhealth,92702.97,90565.82,2024-04-24,2024-07-03,70.0,Approved,nan,OK,2024-04
CLM04330,PT01441,DR002,Dr. Suresh Patil,Orthopedics,Unitedhealthindia,146722.79,140921.6,2024-03-23,2024-06-14,83.0,Approved,nan,OK,2024-03
CLM04331,PT00873,DR001,Dr. Priya Nair,Cardiology,Hdfcergo,124895.44,0.0,2024-09-24,,,Rejected,Late submission,OK,2024-09
CLM04333,PT00961,DR001,Dr. Priya Nair,Cardiology,Unitedhealthindia,145515.3,136203.68,2024-06-24,2024-08-14,51.0,Approved,nan,OK,2024-06
CLM04334,PT00523,DR010,Dr. Rohit Verma,Orthopedics,Hdfcergo,75256.48,69654.21,2024-12-16,2025-03-22,96.0,Approved,nan,OK,2024-12
CLM04335,PT00473,DR001,Dr. Priya Nair,Cardiology,Nationalinsurance,17109.36,15055.92,2024-02-03,2024-04-02,59.0,Approved,nan,OK,2024-02
CLM04336,PT00892,DR003,Dr. Aarti Deshmukh,Neurology,Nationalinsurance,104507.64,0.0,2024-11-08,,,Rejected,Policy lapsed,OK,2024-11
CLM04337,PT00554,DR010,Dr. Rohit Verma,Orthopedics,Bajajallianz,130257.53,109510.66,2024-04-18,2024-07-10,83.0,Approved,nan,OK,2024-04
CLM04338,PT01764,DR007,Dr. Deepak Sharma,Gynecology,Nationalinsurance,35776.51,35627.24,2024-11-14,2025-01-16,63.0,Approved,nan,OK,2024-11
CLM04339,PT00113,DR009,Dr. Meera Pillai,Cardiology,Bajajallianz,88702.01,77750.73,2024-12-13,2025-01-19,37.0,Approved,nan,OK,2024-12
CLM04340,PT00541,DR004,Dr. Rajan Mehta,Oncology,Bajajallianz,42129.86,0.0,2024-04-03,,,Rejected,Pre-authorization missing,OK,2024-04
CLM04341,PT00978,DR007,Dr. Deepak Sharma,Gynecology,Unitedhealthindia,45087.3,37993.46,2024-02-21,2024-03-12,20.0,Approved,nan,OK,2024-02
CLM04342,PT00755,DR004,Dr. Rajan Mehta,Oncology,Nationalinsurance,136320.98,102715.29,2024-04-14,2024-07-27,104.0,Approved,nan,OK,2024-04
CLM04343,PT00655,DR003,Dr. Aarti Deshmukh,Neurology,Bajajallianz,26699.75,21591.6,2024-04-22,2024-07-27,96.0,Approved,nan,OK,2024-04
CLM04344,PT01634,DR008,Dr. Anil Joshi,Emergency,Unitedhealthindia,133447.96,105616.74,2024-06-15,2024-06-22,7.0,Approved,nan,OK,2024-06
CLM04345,PT00026,DR007,Dr. Deepak Sharma,Gynecology,Bajajallianz,129219.43,120188.0,2024-06-15,2024-06-27,12.0,Approved,nan,OK,2024-06
CLM04346,PT01256,DR005,Dr. Sunita Kulkarni,General Medicine,Starhealth,73999.09,65107.95,2024-12-13,2025-01-12,30.0,Approved,nan,OK,2024-12
CLM04347,PT00369,DR010,Dr. Rohit Verma,Orthopedics,Nationalinsurance,130757.17,0.0,2024-08-19,,,Rejected,Patient details mismatch,OK,2024-08
CLM04348,PT01780,DR009,Dr. Meera Pillai,Cardiology,Hdfcergo,109972.55,0.0,2024-07-13,,,Rejected,Pre-authorization missing,OK,2024-07
CLM04349,PT00279,DR007,Dr. Deepak Sharma,Gynecology,Nationalinsurance,114581.21,113777.99,2024-12-27,2025-03-02,65.0,Approved,nan,OK,2024-12
CLM04350,PT00406,DR003,Dr. Aarti Deshmukh,Neurology,Hdfcergo,113353.43,106749.96,2024-04-20,2024-08-11,113.0,Approved,nan,OK,2024-04
CLM04351,PT00977,DR006,Dr. Kavya Iyer,Pediatrics,Hdfcergo,128421.67,118008.12,2024-10-05,2024-11-08,34.0,Approved,nan,OK,2024-10
CLM04352,PT01209,DR010,Dr. Rohit Verma,Orthopedics,Unitedhealthindia,73518.2,0.0,2024-09-25,,,Rejected,Incomplete documents,OK,2024-09
CLM04353,PT01128,DR002,Dr. Suresh Patil,Orthopedics,Nationalinsurance,107145.93,86332.94,2024-12-01,2025-03-02,91.0,Approved,nan,OK,2024-12
CLM04354,PT00928,DR006,Dr. Kavya Iyer,Pediatrics,Nationalinsurance,115122.68,97535.42,2024-09-06,2024-12-25,110.0,Approved,nan,OK,2024-09
CLM04355,PT01899,DR007,Dr. Deepak Sharma,Gynecology,Nationalinsurance,141202.95,0.0,2024-03-19,,,Rejected,Duplicate claim,OK,2024-03
CLM04356,PT01386,DR005,Dr. Sunita Kulkarni,General Medicine,Nationalinsurance,90272.51,70458.23,2024-12-17,2025-02-28,73.0,Approved,nan,OK,2024-12
CLM04357,PT01931,DR007,Dr. Deepak Sharma,Gynecology,Starhealth,137795.09,130817.35,2024-08-09,2024-09-10,32.0,Approved,nan,OK,2024-08
CLM04358,PT01948,DR007,Dr. Deepak Sharma,Gynecology,Unitedhealthindia,33953.75,26064.62,2024-03-18,2024-04-12,25.0,Approved,nan,OK,2024-03
CLM04359,PT00031,DR005,Dr. Sunita Kulkarni,General Medicine,Nationalinsurance,75287.83,71429.19,2024-07-10,2024-07-30,20.0,Approved,nan,OK,2024-07
CLM04360,PT01299,DR001,Dr. Priya Nair,Cardiology,Bajajallianz,59607.57,54399.49,2024-06-19,2024-08-18,60.0,Approved,nan,OK,2024-06
CLM04361,PT01191,DR007,Dr. Deepak Sharma,Gynecology,Unitedhealthindia,48511.96,0.0,2024-03-12,,,Rejected,Service not covered,OK,2024-03
CLM04362,PT01626,DR001,Dr. Priya Nair,Cardiology,Unitedhealthindia,133989.59,126034.85,2024-09-22,2024-12-05,74.0,Approved,nan,OK,2024-09
CLM04363,PT00204,DR005,Dr. Sunita Kulkarni,General Medicine,Unitedhealthindia,112960.05,85444.88,2024-04-14,2024-07-29,106.0,Approved,nan,OK,2024-04
CLM04364,PT00684,DR009,Dr. Meera Pillai,Cardiology,Unitedhealthindia,46499.59,0.0,2024-05-19,,,Rejected,Policy lapsed,OK,2024-05
CLM04365,PT00884,DR008,Dr. Anil Joshi,Emergency,Hdfcergo,128783.35,121743.36,2024-04-18,2024-05-23,35.0,Approved,nan,OK,2024-04
CLM04366,PT01401,DR009,Dr. Meera Pillai,Cardiology,Starhealth,121149.62,99858.75,2024-04-29,2024-06-05,37.0,Approved,nan,OK,2024-04
CLM04367,PT01984,DR008,Dr. Anil Joshi,Emergency,Bajajallianz,143990.34,136326.57,2024-07-11,2024-08-09,29.0,Approved,nan,OK,2024-07
CLM04368,PT00068,DR002,Dr. Suresh Patil,Orthopedics,Unitedhealthindia,127993.13,101310.78,2024-08-29,2024-09-16,18.0,Approved,nan,OK,2024-08
CLM04369,PT00252,DR003,Dr. Aarti Deshmukh,Neurology,Hdfcergo,56736.73,48051.03,2024-12-20,2025-01-23,34.0,Approved,nan,OK,2024-12
CLM04370,PT00148,DR008,Dr. Anil Joshi,Emergency,Unitedhealthindia,21432.37,19842.36,2024-01-09,2024-05-06,118.0,Approved,nan,OK,2024-01
CLM04371,PT01130,DR002,Dr. Suresh Patil,Orthopedics,Starhealth,82294.04,62217.91,2024-11-08,2024-12-12,34.0,Approved,nan,OK,2024-11
CLM04372,PT00267,DR008,Dr. Anil Joshi,Emergency,Nationalinsurance,132138.48,117815.61,2024-02-15,2024-02-23,8.0,Approved,nan,OK,2024-02
CLM04373,PT00039,DR002,Dr. Suresh Patil,Orthopedics,Hdfcergo,92285.11,70700.44,2024-04-02,2024-05-29,57.0,Approved,nan,OK,2024-04
CLM04374,PT01336,DR001,Dr. Priya Nair,Cardiology,Starhealth,36222.72,28766.52,2024-08-17,2024-12-10,115.0,Approved,nan,OK,2024-08
CLM04375,PT00187,DR010,Dr. Rohit Verma,Orthopedics,Bajajallianz,5708.35,4834.28,2024-05-21,2024-09-15,117.0,Approved,nan,OK,2024-05
CLM04376,PT00954,DR008,Dr. Anil Joshi,Emergency,Nationalinsurance,134700.06,0.0,2024-03-21,,,Rejected,Late submission,OK,2024-03
CLM04377,PT01130,DR001,Dr. Priya Nair,Cardiology,Hdfcergo,111694.06,108550.41,2024-04-14,2024-06-04,51.0,Approved,nan,OK,2024-04
CLM04378,PT00230,DR007,Dr. Deepak Sharma,Gynecology,Nationalinsurance,66075.88,50146.1,2024-06-15,2024-10-07,114.0,Approved,nan,OK,2024-06
CLM04379,PT00994,DR004,Dr. Rajan Mehta,Oncology,Starhealth,132380.47,126096.9,2024-07-04,2024-08-23,50.0,Approved,nan,OK,2024-07
CLM04381,PT01307,DR004,Dr. Rajan Mehta,Oncology,Bajajallianz,87224.16,72776.22,2024-12-14,2025-01-20,37.0,Approved,nan,OK,2024-12
CLM04383,PT01629,DR009,Dr. Meera Pillai,Cardiology,Bajajallianz,19785.89,17254.0,2024-03-13,2024-03-25,12.0,Approved,nan,OK,2024-03
CLM04384,PT01328,DR002,Dr. Suresh Patil,Orthopedics,Bajajallianz,61742.65,58371.11,2024-01-03,2024-02-07,35.0,Approved,nan,OK,2024-01
CLM04385,PT00759,DR006,Dr. Kavya Iyer,Pediatrics,Unitedhealthindia,108908.44,101908.07,2024-05-28,2024-08-25,89.0,Approved,nan,OK,2024-05
CLM04386,PT01323,DR010,Dr. Rohit Verma,Orthopedics,Starhealth,25364.47,0.0,2024-03-27,,,Rejected,Patient details mismatch,OK,2024-03
CLM04387,PT01908,DR010,Dr. Rohit Verma,Orthopedics,Starhealth,63865.32,49688.67,2024-01-09,2024-03-18,69.0,Approved,nan,OK,2024-01
CLM04388,PT00246,DR010,Dr. Rohit Verma,Orthopedics,Nationalinsurance,61533.02,51600.35,2024-08-24,2024-09-02,9.0,Approved,nan,OK,2024-08
CLM04389,PT00327,DR003,Dr. Aarti Deshmukh,Neurology,Unitedhealthindia,95957.71,89561.37,2024-05-25,2024-08-26,93.0,Approved,nan,OK,2024-05
CLM04390,PT01783,DR009,Dr. Meera Pillai,Cardiology,Hdfcergo,118764.67,0.0,2024-03-25,,,Rejected,Pre-authorization missing,OK,2024-03
CLM04391,PT00996,DR002,Dr. Suresh Patil,Orthopedics,Starhealth,125118.7,104454.08,2024-07-15,2024-08-27,43.0,Approved,nan,OK,2024-07
CLM04392,PT00597,DR003,Dr. Aarti Deshmukh,Neurology,Hdfcergo,21674.65,21336.86,2024-10-25,2024-12-14,50.0,Approved,nan,OK,2024-10
CLM04393,PT00755,DR006,Dr. Kavya Iyer,Pediatrics,Starhealth,143792.79,0.0,2024-01-27,,,Rejected,Pre-authorization missing,OK,2024-01
CLM04394,PT00964,DR004,Dr. Rajan Mehta,Oncology,Bajajallianz,66585.17,57414.37,2024-05-10,2024-06-03,24.0,Approved,nan,OK,2024-05
CLM04395,PT00078,DR010,Dr. Rohit Verma,Orthopedics,Starhealth,86996.46,66480.23,2024-03-22,2024-06-03,73.0,Approved,nan,OK,2024-03
CLM04396,PT00906,DR001,Dr. Priya Nair,Cardiology,Nationalinsurance,126225.66,0.0,2024-08-02,,,Rejected,Late submission,OK,2024-08
CLM04397,PT00343,DR003,Dr. Aarti Deshmukh,Neurology,Bajajallianz,29620.96,23712.72,2024-06-14,2024-09-13,91.0,Approved,nan,OK,2024-06
CLM04398,PT00863,DR003,Dr. Aarti Deshmukh,Neurology,Nationalinsurance,84168.49,82613.59,2024-10-21,2024-12-29,69.0,Approved,nan,OK,2024-10
CLM04399,PT00507,DR008,Dr. Anil Joshi,Emergency,Unitedhealthindia,10244.96,0.0,2024-10-08,,,Rejected,Service not covered,OK,2024-10
CLM04400,PT00433,DR010,Dr. Rohit Verma,Orthopedics,Hdfcergo,94673.37,0.0,2024-02-22,,,Rejected,Service not covered,OK,2024-02
CLM04401,PT00725,DR007,Dr. Deepak Sharma,Gynecology,Starhealth,24809.6,24453.2,2024-02-01,2024-03-15,43.0,Approved,nan,OK,2024-02
CLM04402,PT00983,DR007,Dr. Deepak Sharma,Gynecology,Bajajallianz,72212.77,60133.27,2024-07-01,2024-07-14,13.0,Approved,nan,OK,2024-07
CLM04403,PT01394,DR002,Dr. Suresh Patil,Orthopedics,Bajajallianz,40932.93,32288.33,2024-10-20,2024-12-25,66.0,Approved,nan,OK,2024-10
CLM04404,PT00350,DR009,Dr. Meera Pillai,Cardiology,Hdfcergo,22371.87,20294.88,2024-03-14,2024-06-26,104.0,Approved,nan,OK,2024-03
CLM04405,PT01758,DR003,Dr. Aarti Deshmukh,Neurology,Bajajallianz,104104.33,0.0,2024-03-13,,,Rejected,Service not covered,OK,2024-03
CLM04406,PT01560,DR007,Dr. Deepak Sharma,Gynecology,Bajajallianz,125767.72,124652.23,2024-03-01,2024-06-26,117.0,Approved,nan,OK,2024-03
CLM04407,PT01596,DR006,Dr. Kavya Iyer,Pediatrics,Nationalinsurance,81862.09,77183.07,2024-04-15,2024-08-12,119.0,Approved,nan,OK,2024-04
CLM04408,PT01989,DR007,Dr. Deepak Sharma,Gynecology,Hdfcergo,36800.5,32580.1,2024-01-08,2024-04-27,110.0,Approved,nan,OK,2024-01
CLM04409,PT00039,DR002,Dr. Suresh Patil,Orthopedics,Hdfcergo,97415.26,87490.37,2024-08-25,2024-11-29,96.0,Approved,nan,OK,2024-08
CLM04410,PT00252,DR001,Dr. Priya Nair,Cardiology,Bajajallianz,6841.78,6121.07,2024-09-07,2024-09-18,11.0,Approved,nan,OK,2024-09
CLM04411,PT01867,DR005,Dr. Sunita Kulkarni,General Medicine,Bajajallianz,140749.98,0.0,2024-05-22,,,Rejected,Patient details mismatch,OK,2024-05
CLM04412,PT00634,DR004,Dr. Rajan Mehta,Oncology,Unitedhealthindia,70916.69,62979.42,2024-08-10,2024-09-25,46.0,Approved,nan,OK,2024-08
CLM04413,PT00651,DR006,Dr. Kavya Iyer,Pediatrics,Hdfcergo,76824.16,75185.81,2024-11-07,2025-02-01,86.0,Approved,nan,OK,2024-11
CLM04414,PT00465,DR003,Dr. Aarti Deshmukh,Neurology,Hdfcergo,36673.81,31988.98,2024-05-15,2024-05-27,12.0,Approved,nan,OK,2024-05
CLM04415,PT01170,DR001,Dr. Priya Nair,Cardiology,Bajajallianz,64315.25,63923.57,2024-06-13,2024-07-23,40.0,Approved,nan,OK,2024-06
CLM04416,PT01829,DR008,Dr. Anil Joshi,Emergency,Hdfcergo,80162.69,71691.49,2024-04-28,2024-07-08,71.0,Approved,nan,OK,2024-04
CLM04417,PT01313,DR007,Dr. Deepak Sharma,Gynecology,Starhealth,140228.07,108791.54,2024-11-17,2025-03-05,108.0,Approved,nan,OK,2024-11
CLM04418,PT00487,DR007,Dr. Deepak Sharma,Gynecology,Nationalinsurance,69008.3,0.0,2024-12-04,,,Rejected,Duplicate claim,OK,2024-12
CLM04419,PT01077,DR005,Dr. Sunita Kulkarni,General Medicine,Nationalinsurance,46650.2,42847.8,2024-04-06,2024-07-13,98.0,Approved,nan,OK,2024-04
CLM04420,PT00848,DR002,Dr. Suresh Patil,Orthopedics,Starhealth,20754.67,20366.57,2024-05-26,2024-06-23,28.0,Approved,nan,OK,2024-05
CLM04421,PT00987,DR004,Dr. Rajan Mehta,Oncology,Bajajallianz,50245.2,41749.03,2024-05-23,2024-07-13,51.0,Approved,nan,OK,2024-05
CLM04422,PT01849,DR004,Dr. Rajan Mehta,Oncology,Starhealth,99526.54,82776.62,2024-07-21,2024-08-19,29.0,Approved,nan,OK,2024-07
CLM04423,PT00039,DR001,Dr. Priya Nair,Cardiology,Unitedhealthindia,130885.67,106951.08,2024-09-24,2024-12-10,77.0,Approved,nan,OK,2024-09
CLM04424,PT00750,DR008,Dr. Anil Joshi,Emergency,Unitedhealthindia,111691.03,108953.86,2024-02-23,2024-03-02,8.0,Approved,nan,OK,2024-02
CLM04425,PT01623,DR005,Dr. Sunita Kulkarni,General Medicine,Starhealth,78697.03,0.0,2024-11-13,,,Rejected,Service not covered,OK,2024-11
CLM04426,PT00379,DR009,Dr. Meera Pillai,Cardiology,Unitedhealthindia,118353.54,0.0,2024-08-09,,,Rejected,Duplicate claim,OK,2024-08
CLM04427,PT01663,DR009,Dr. Meera Pillai,Cardiology,Hdfcergo,36541.85,28120.71,2024-08-10,2024-10-28,79.0,Approved,nan,OK,2024-08
CLM04428,PT00925,DR003,Dr. Aarti Deshmukh,Neurology,Nationalinsurance,90473.5,90374.65,2024-04-13,2024-05-29,46.0,Approved,nan,OK,2024-04
CLM04429,PT01840,DR009,Dr. Meera Pillai,Cardiology,Nationalinsurance,45191.7,38433.74,2024-02-27,2024-05-06,69.0,Approved,nan,OK,2024-02
CLM04430,PT00405,DR009,Dr. Meera Pillai,Cardiology,Hdfcergo,85472.55,69101.69,2024-02-19,2024-05-29,100.0,Approved,nan,OK,2024-02
CLM04431,PT01302,DR008,Dr. Anil Joshi,Emergency,Unitedhealthindia,19973.44,19464.48,2024-02-08,2024-05-09,91.0,Approved,nan,OK,2024-02
CLM04432,PT00511,DR001,Dr. Priya Nair,Cardiology,Nationalinsurance,17814.04,15177.96,2024-07-22,2024-10-20,90.0,Approved,nan,OK,2024-07
CLM04433,PT01487,DR008,Dr. Anil Joshi,Emergency,Unitedhealthindia,70986.12,0.0,2024-01-07,,,Rejected,Policy lapsed,OK,2024-01
CLM04434,PT00848,DR005,Dr. Sunita Kulkarni,General Medicine,Unitedhealthindia,78777.75,59679.7,2024-01-02,2024-03-24,82.0,Approved,nan,OK,2024-01
CLM04435,PT01088,DR009,Dr. Meera Pillai,Cardiology,Nationalinsurance,69413.28,0.0,2024-11-20,,,Rejected,Incomplete documents,OK,2024-11
CLM04436,PT00119,DR009,Dr. Meera Pillai,Cardiology,Nationalinsurance,145003.56,132179.73,2024-04-04,2024-06-16,73.0,Approved,nan,OK,2024-04
CLM04437,PT01216,DR006,Dr. Kavya Iyer,Pediatrics,Nationalinsurance,124992.6,116528.14,2024-08-03,2024-09-10,38.0,Approved,nan,OK,2024-08
CLM04438,PT00343,DR005,Dr. Sunita Kulkarni,General Medicine,Unitedhealthindia,65076.97,0.0,2024-12-13,,,Rejected,Patient details mismatch,OK,2024-12
CLM04439,PT01542,DR003,Dr. Aarti Deshmukh,Neurology,Nationalinsurance,149042.83,132370.18,2024-12-21,2025-01-05,15.0,Approved,nan,OK,2024-12
CLM04440,PT00174,DR005,Dr. Sunita Kulkarni,General Medicine,Starhealth,128070.42,96080.84,2024-10-14,2024-11-27,44.0,Approved,nan,OK,2024-10
CLM04441,PT00325,DR001,Dr. Priya Nair,Cardiology,Unitedhealthindia,34224.18,0.0,2024-08-02,,,Rejected,Policy lapsed,OK,2024-08
CLM04442,PT01672,DR008,Dr. Anil Joshi,Emergency,Unitedhealthindia,98748.35,75794.89,2024-10-11,2024-11-15,35.0,Approved,nan,OK,2024-10
CLM04443,PT01985,DR007,Dr. Deepak Sharma,Gynecology,Starhealth,107007.11,97648.27,2024-04-06,2024-05-25,49.0,Approved,nan,OK,2024-04
CLM04444,PT01166,DR010,Dr. Rohit Verma,Orthopedics,Starhealth,66863.32,61815.77,2024-08-30,2024-11-20,82.0,Approved,nan,OK,2024-08
CLM04445,PT00851,DR007,Dr. Deepak Sharma,Gynecology,Nationalinsurance,102941.14,98637.99,2024-08-31,2024-10-30,60.0,Approved,nan,OK,2024-08
CLM04446,PT00725,DR004,Dr. Rajan Mehta,Oncology,Bajajallianz,74868.58,72794.64,2024-09-03,2024-10-26,53.0,Approved,nan,OK,2024-09
CLM04447,PT00695,DR009,Dr. Meera Pillai,Cardiology,Nationalinsurance,65029.78,63872.61,2024-10-01,2024-12-12,72.0,Approved,nan,OK,2024-10
CLM04448,PT01109,DR010,Dr. Rohit Verma,Orthopedics,Nationalinsurance,32565.82,27496.38,2024-11-13,2024-12-26,43.0,Approved,nan,OK,2024-11
CLM04449,PT00720,DR007,Dr. Deepak Sharma,Gynecology,Hdfcergo,97862.6,85125.51,2024-03-20,2024-06-01,73.0,Approved,nan,OK,2024-03
CLM04450,PT01138,DR009,Dr. Meera Pillai,Cardiology,Starhealth,137405.1,136118.1,2024-02-25,2024-04-28,63.0,Approved,nan,OK,2024-02
CLM04451,PT00598,DR001,Dr. Priya Nair,Cardiology,Nationalinsurance,125935.1,117315.97,2024-09-17,2024-09-27,10.0,Approved,nan,OK,2024-09
CLM04452,PT00322,DR007,Dr. Deepak Sharma,Gynecology,Unitedhealthindia,134330.46,117959.19,2024-10-08,2024-12-02,55.0,Approved,nan,OK,2024-10
CLM04453,PT00847,DR002,Dr. Suresh Patil,Orthopedics,Unitedhealthindia,124700.92,93621.74,2024-08-24,2024-11-02,70.0,Approved,nan,OK,2024-08
CLM04454,PT01620,DR004,Dr. Rajan Mehta,Oncology,Starhealth,39062.09,30922.21,2024-11-14,2025-01-20,67.0,Approved,nan,OK,2024-11
CLM04455,PT01847,DR001,Dr. Priya Nair,Cardiology,Starhealth,133665.88,112427.75,2024-07-25,2024-09-10,47.0,Approved,nan,OK,2024-07
CLM04456,PT00305,DR009,Dr. Meera Pillai,Cardiology,Starhealth,146018.81,127598.9,2024-12-16,2025-03-28,102.0,Approved,nan,OK,2024-12
CLM04457,PT01785,DR006,Dr. Kavya Iyer,Pediatrics,Bajajallianz,74432.52,70024.54,2024-09-24,2025-01-16,114.0,Approved,nan,OK,2024-09
CLM04458,PT01596,DR001,Dr. Priya Nair,Cardiology,Hdfcergo,139575.65,138660.88,2024-02-29,2024-06-01,93.0,Approved,nan,OK,2024-02
CLM04459,PT00163,DR008,Dr. Anil Joshi,Emergency,Hdfcergo,63851.87,52548.03,2024-12-20,2025-02-12,54.0,Approved,nan,OK,2024-12
CLM04460,PT01046,DR002,Dr. Suresh Patil,Orthopedics,Bajajallianz,35873.72,34231.42,2024-12-19,2025-04-15,117.0,Approved,nan,OK,2024-12
CLM04461,PT01735,DR006,Dr. Kavya Iyer,Pediatrics,Bajajallianz,62013.83,49464.37,2024-01-09,2024-04-24,106.0,Approved,nan,OK,2024-01
CLM04462,PT00483,DR009,Dr. Meera Pillai,Cardiology,Unitedhealthindia,27823.19,25767.26,2024-11-18,2025-01-19,62.0,Approved,nan,OK,2024-11
CLM04464,PT00457,DR005,Dr. Sunita Kulkarni,General Medicine,Unitedhealthindia,69512.31,0.0,2024-06-19,,,Rejected,Patient details mismatch,OK,2024-06
CLM04465,PT00922,DR010,Dr. Rohit Verma,Orthopedics,Starhealth,130561.89,127096.98,2024-03-21,2024-04-23,33.0,Approved,nan,OK,2024-03
CLM04466,PT00603,DR004,Dr. Rajan Mehta,Oncology,Starhealth,104543.57,85586.63,2024-02-13,2024-06-07,115.0,Approved,nan,OK,2024-02
CLM04467,PT01251,DR010,Dr. Rohit Verma,Orthopedics,Starhealth,138355.83,117639.65,2024-08-31,2024-12-16,107.0,Approved,nan,OK,2024-08
CLM04468,PT01923,DR004,Dr. Rajan Mehta,Oncology,Starhealth,60330.56,50503.59,2024-04-17,2024-08-12,117.0,Approved,nan,OK,2024-04
CLM04469,PT01326,DR006,Dr. Kavya Iyer,Pediatrics,Starhealth,144912.46,117239.37,2024-01-27,2024-04-05,69.0,Approved,nan,OK,2024-01
CLM04470,PT01242,DR006,Dr. Kavya Iyer,Pediatrics,Unitedhealthindia,100182.03,0.0,2024-11-25,,,Rejected,Service not covered,OK,2024-11
CLM04471,PT00785,DR008,Dr. Anil Joshi,Emergency,Nationalinsurance,72847.61,60347.1,2024-10-28,2025-02-11,106.0,Approved,nan,OK,2024-10
CLM04472,PT00062,DR010,Dr. Rohit Verma,Orthopedics,Bajajallianz,53500.01,0.0,2024-12-09,,,Rejected,Service not covered,OK,2024-12
CLM04473,PT01848,DR005,Dr. Sunita Kulkarni,General Medicine,Nationalinsurance,86173.57,0.0,2024-09-27,,,Rejected,Policy lapsed,OK,2024-09
CLM04474,PT01383,DR007,Dr. Deepak Sharma,Gynecology,Hdfcergo,75601.13,72599.37,2024-10-06,2024-12-29,84.0,Approved,nan,OK,2024-10
CLM04475,PT01064,DR008,Dr. Anil Joshi,Emergency,Unitedhealthindia,66462.07,66244.44,2024-10-16,2024-11-30,45.0,Approved,nan,OK,2024-10
CLM04476,PT00079,DR010,Dr. Rohit Verma,Orthopedics,Bajajallianz,93436.19,76875.33,2024-12-17,2025-02-21,66.0,Approved,nan,OK,2024-12
CLM04477,PT00742,DR005,Dr. Sunita Kulkarni,General Medicine,Bajajallianz,54820.51,46761.41,2024-03-18,2024-04-01,14.0,Approved,nan,OK,2024-03
CLM04478,PT00335,DR009,Dr. Meera Pillai,Cardiology,Hdfcergo,45203.53,44979.13,2024-01-29,2024-05-26,118.0,Approved,nan,OK,2024-01
CLM04479,PT00782,DR001,Dr. Priya Nair,Cardiology,Nationalinsurance,70080.93,69040.72,2024-03-27,2024-04-06,10.0,Approved,nan,OK,2024-03
CLM04480,PT01248,DR002,Dr. Suresh Patil,Orthopedics,Starhealth,86175.2,75291.44,2024-11-27,2025-01-31,65.0,Approved,nan,OK,2024-11
CLM04481,PT00218,DR004,Dr. Rajan Mehta,Oncology,Unitedhealthindia,99836.96,0.0,2024-11-15,,,Rejected,Service not covered,OK,2024-11
CLM04482,PT01716,DR010,Dr. Rohit Verma,Orthopedics,Hdfcergo,105283.9,100280.55,2024-06-04,2024-09-23,111.0,Approved,nan,OK,2024-06
CLM04483,PT00988,DR002,Dr. Suresh Patil,Orthopedics,Unitedhealthindia,63472.01,54580.24,2024-07-27,2024-11-08,104.0,Approved,nan,OK,2024-07
CLM04484,PT00477,DR004,Dr. Rajan Mehta,Oncology,Unitedhealthindia,61887.63,0.0,2024-09-30,,,Rejected,Pre-authorization missing,OK,2024-09
CLM04485,PT00266,DR005,Dr. Sunita Kulkarni,General Medicine,Unitedhealthindia,79778.4,0.0,2024-06-04,,,Rejected,Late submission,OK,2024-06
CLM04486,PT01162,DR008,Dr. Anil Joshi,Emergency,Hdfcergo,9395.69,7744.26,2024-06-09,2024-09-26,109.0,Approved,nan,OK,2024-06
CLM04487,PT00690,DR005,Dr. Sunita Kulkarni,General Medicine,Starhealth,24133.62,19128.23,2024-11-30,2025-02-14,76.0,Approved,nan,OK,2024-11
CLM04488,PT01770,DR009,Dr. Meera Pillai,Cardiology,Unitedhealthindia,41182.25,32570.22,2024-05-10,2024-05-18,8.0,Approved,nan,OK,2024-05
CLM04489,PT01686,DR001,Dr. Priya Nair,Cardiology,Bajajallianz,40683.81,33450.59,2024-07-16,2024-09-06,52.0,Approved,nan,OK,2024-07
CLM04490,PT00081,DR001,Dr. Priya Nair,Cardiology,Starhealth,92160.88,87221.85,2024-04-21,2024-06-07,47.0,Approved,nan,OK,2024-04
CLM04491,PT01828,DR002,Dr. Suresh Patil,Orthopedics,Bajajallianz,97403.32,79551.51,2024-06-16,2024-10-03,109.0,Approved,nan,OK,2024-06
CLM04492,PT01732,DR002,Dr. Suresh Patil,Orthopedics,Nationalinsurance,74654.36,59673.99,2024-10-19,2024-11-25,37.0,Approved,nan,OK,2024-10
CLM04493,PT01724,DR010,Dr. Rohit Verma,Orthopedics,Bajajallianz,136153.42,0.0,2024-01-11,,,Rejected,Late submission,OK,2024-01
CLM04494,PT00775,DR002,Dr. Suresh Patil,Orthopedics,Hdfcergo,130977.09,127186.4,2024-12-08,2025-04-01,114.0,Approved,nan,OK,2024-12
CLM04495,PT01498,DR007,Dr. Deepak Sharma,Gynecology,Bajajallianz,14472.72,0.0,2024-04-19,,,Rejected,Late submission,OK,2024-04
CLM04496,PT00998,DR004,Dr. Rajan Mehta,Oncology,Nationalinsurance,97573.89,78350.62,2024-07-07,2024-10-03,88.0,Approved,nan,OK,2024-07
CLM04497,PT00742,DR005,Dr. Sunita Kulkarni,General Medicine,Hdfcergo,113426.44,107761.03,2024-03-06,2024-04-10,35.0,Approved,nan,OK,2024-03
CLM04498,PT00843,DR008,Dr. Anil Joshi,Emergency,Nationalinsurance,68161.02,52417.97,2024-06-03,2024-08-26,84.0,Approved,nan,OK,2024-06
CLM04499,PT01445,DR009,Dr. Meera Pillai,Cardiology,Unitedhealthindia,21605.93,20673.39,2024-06-02,2024-07-06,34.0,Approved,nan,OK,2024-06
CLM04500,PT00369,DR006,Dr. Kavya Iyer,Pediatrics,Hdfcergo,23178.93,19834.42,2024-09-29,2025-01-09,102.0,Approved,nan,OK,2024-09
CLM04501,PT00174,DR004,Dr. Rajan Mehta,Oncology,Unitedhealthindia,46140.19,38447.38,2024-12-30,2025-01-15,16.0,Approved,nan,OK,2024-12
CLM04502,PT00949,DR005,Dr. Sunita Kulkarni,General Medicine,Unitedhealthindia,17790.43,0.0,2024-06-11,,,Rejected,Service not covered,OK,2024-06
CLM04503,PT01913,DR006,Dr. Kavya Iyer,Pediatrics,Bajajallianz,65561.85,0.0,2024-06-28,,,Rejected,Pre-authorization missing,OK,2024-06
CLM04504,PT00883,DR002,Dr. Suresh Patil,Orthopedics,Starhealth,95514.23,82484.49,2024-06-27,2024-09-23,88.0,Approved,nan,OK,2024-06
CLM04505,PT00476,DR002,Dr. Suresh Patil,Orthopedics,Bajajallianz,82596.01,81892.3,2024-07-12,2024-10-03,83.0,Approved,nan,OK,2024-07
CLM04506,PT00262,DR009,Dr. Meera Pillai,Cardiology,Starhealth,104753.53,80167.39,2024-05-10,2024-06-07,28.0,Approved,nan,OK,2024-05
CLM04507,PT01178,DR006,Dr. Kavya Iyer,Pediatrics,Starhealth,143596.46,108239.15,2024-10-13,2025-02-06,116.0,Approved,nan,OK,2024-10
CLM04508,PT00078,DR004,Dr. Rajan Mehta,Oncology,Bajajallianz,96932.72,77211.42,2024-11-19,2025-02-13,86.0,Approved,nan,OK,2024-11
CLM04509,PT00678,DR006,Dr. Kavya Iyer,Pediatrics,Bajajallianz,107494.63,104487.82,2024-07-14,2024-08-28,45.0,Approved,nan,OK,2024-07
CLM04510,PT01502,DR008,Dr. Anil Joshi,Emergency,Unitedhealthindia,105259.18,94795.43,2024-04-27,2024-08-10,105.0,Approved,nan,OK,2024-04
CLM04511,PT00720,DR002,Dr. Suresh Patil,Orthopedics,Unitedhealthindia,78164.69,69311.47,2024-06-29,2024-09-11,74.0,Approved,nan,OK,2024-06
CLM04512,PT01752,DR001,Dr. Priya Nair,Cardiology,Unitedhealthindia,54315.32,52011.89,2024-04-02,2024-05-10,38.0,Approved,nan,OK,2024-04
CLM04513,PT01749,DR002,Dr. Suresh Patil,Orthopedics,Unitedhealthindia,92363.97,83847.15,2024-08-09,2024-10-30,82.0,Approved,nan,OK,2024-08
CLM04514,PT01549,DR001,Dr. Priya Nair,Cardiology,Hdfcergo,114284.29,90209.31,2024-06-23,2024-08-09,47.0,Approved,nan,OK,2024-06
CLM04515,PT01835,DR004,Dr. Rajan Mehta,Oncology,Nationalinsurance,69888.82,61285.06,2024-09-30,2024-11-21,52.0,Approved,nan,OK,2024-09
CLM04516,PT01188,DR009,Dr. Meera Pillai,Cardiology,Starhealth,101356.99,98470.08,2024-01-18,2024-04-18,91.0,Approved,nan,OK,2024-01
CLM04517,PT01832,DR010,Dr. Rohit Verma,Orthopedics,Starhealth,133566.99,100872.12,2024-05-27,2024-07-24,58.0,Approved,nan,OK,2024-05
CLM04518,PT01014,DR004,Dr. Rajan Mehta,Oncology,Unitedhealthindia,29323.29,27816.27,2024-03-17,2024-07-07,112.0,Approved,nan,OK,2024-03
CLM04519,PT00483,DR002,Dr. Suresh Patil,Orthopedics,Unitedhealthindia,75149.01,70433.41,2024-10-04,2024-10-11,7.0,Approved,nan,OK,2024-10
CLM04520,PT01551,DR007,Dr. Deepak Sharma,Gynecology,Hdfcergo,136918.42,124902.41,2024-11-08,2025-02-17,101.0,Approved,nan,OK,2024-11
CLM04521,PT00257,DR007,Dr. Deepak Sharma,Gynecology,Starhealth,146925.76,125632.39,2024-07-19,2024-09-25,68.0,Approved,nan,OK,2024-07
CLM04522,PT00451,DR006,Dr. Kavya Iyer,Pediatrics,Nationalinsurance,69230.3,69033.82,2024-08-03,2024-11-08,97.0,Approved,nan,OK,2024-08
CLM04523,PT01846,DR004,Dr. Rajan Mehta,Oncology,Starhealth,99455.84,76582.34,2024-02-08,2024-06-04,117.0,Approved,nan,OK,2024-02
CLM04524,PT01165,DR001,Dr. Priya Nair,Cardiology,Starhealth,126672.73,120571.49,2024-09-09,2024-11-04,56.0,Approved,nan,OK,2024-09
CLM04525,PT01945,DR001,Dr. Priya Nair,Cardiology,Unitedhealthindia,59779.36,0.0,2024-05-31,,,Rejected,Duplicate claim,OK,2024-05
CLM04526,PT01744,DR005,Dr. Sunita Kulkarni,General Medicine,Hdfcergo,126332.54,109725.99,2024-05-09,2024-05-20,11.0,Approved,nan,OK,2024-05
CLM04527,PT00931,DR004,Dr. Rajan Mehta,Oncology,Hdfcergo,136643.64,123613.26,2024-09-27,2024-10-13,16.0,Approved,nan,OK,2024-09
CLM04528,PT00941,DR003,Dr. Aarti Deshmukh,Neurology,Unitedhealthindia,8686.57,0.0,2024-12-04,,,Rejected,Pre-authorization missing,OK,2024-12
CLM04529,PT01505,DR006,Dr. Kavya Iyer,Pediatrics,Hdfcergo,44356.45,38019.71,2024-11-22,2025-01-10,49.0,Approved,nan,OK,2024-11
CLM04530,PT00922,DR010,Dr. Rohit Verma,Orthopedics,Starhealth,133527.97,115540.69,2024-04-25,2024-08-03,100.0,Approved,nan,OK,2024-04
CLM04531,PT00573,DR008,Dr. Anil Joshi,Emergency,Unitedhealthindia,146688.92,137922.47,2024-01-11,2024-04-18,98.0,Approved,nan,OK,2024-01
CLM04532,PT01689,DR008,Dr. Anil Joshi,Emergency,Unitedhealthindia,45941.41,36950.82,2024-07-24,2024-08-05,12.0,Approved,nan,OK,2024-07
CLM04533,PT00397,DR005,Dr. Sunita Kulkarni,General Medicine,Nationalinsurance,8596.65,6821.65,2024-11-09,2025-02-24,107.0,Approved,nan,OK,2024-11
CLM04534,PT00805,DR008,Dr. Anil Joshi,Emergency,Bajajallianz,53944.95,51415.46,2024-08-16,2024-11-30,106.0,Approved,nan,OK,2024-08
CLM04535,PT00184,DR007,Dr. Deepak Sharma,Gynecology,Nationalinsurance,81705.52,0.0,2024-06-23,,,Rejected,Policy lapsed,OK,2024-06
CLM04536,PT00415,DR001,Dr. Priya Nair,Cardiology,Nationalinsurance,127189.66,98245.47,2024-06-27,2024-10-14,109.0,Approved,nan,OK,2024-06
CLM04537,PT01404,DR004,Dr. Rajan Mehta,Oncology,Starhealth,83892.0,78621.11,2024-01-28,2024-03-08,40.0,Approved,nan,OK,2024-01
CLM04538,PT01307,DR001,Dr. Priya Nair,Cardiology,Unitedhealthindia,133908.88,129909.79,2024-09-20,2024-10-07,17.0,Approved,nan,OK,2024-09
CLM04539,PT00620,DR005,Dr. Sunita Kulkarni,General Medicine,Nationalinsurance,13711.17,12953.09,2024-06-12,2024-08-19,68.0,Approved,nan,OK,2024-06
CLM04540,PT01439,DR007,Dr. Deepak Sharma,Gynecology,Unitedhealthindia,20326.93,15726.7,2024-10-16,2025-02-08,115.0,Approved,nan,OK,2024-10
CLM04541,PT00879,DR004,Dr. Rajan Mehta,Oncology,Bajajallianz,23660.84,20219.49,2024-06-19,2024-07-21,32.0,Approved,nan,OK,2024-06
CLM04542,PT00926,DR001,Dr. Priya Nair,Cardiology,Hdfcergo,82449.08,67486.48,2024-09-26,2025-01-05,101.0,Approved,nan,OK,2024-09
CLM04543,PT00482,DR006,Dr. Kavya Iyer,Pediatrics,Unitedhealthindia,126786.88,105730.22,2024-08-06,2024-11-02,88.0,Approved,nan,OK,2024-08
CLM04544,PT00651,DR008,Dr. Anil Joshi,Emergency,Hdfcergo,139180.62,124206.24,2024-10-02,2025-01-05,95.0,Approved,nan,OK,2024-10
CLM04545,PT01394,DR010,Dr. Rohit Verma,Orthopedics,Bajajallianz,17823.41,13519.09,2024-11-16,2025-02-23,99.0,Approved,nan,OK,2024-11
CLM04546,PT00984,DR001,Dr. Priya Nair,Cardiology,Starhealth,43430.58,36405.01,2024-01-09,2024-04-07,89.0,Approved,nan,OK,2024-01
CLM04547,PT01661,DR002,Dr. Suresh Patil,Orthopedics,Bajajallianz,98399.39,97070.54,2024-02-19,2024-05-29,100.0,Approved,nan,OK,2024-02
CLM04548,PT00119,DR005,Dr. Sunita Kulkarni,General Medicine,Hdfcergo,137078.56,123062.65,2024-03-18,2024-04-03,16.0,Approved,nan,OK,2024-03
CLM04549,PT01247,DR006,Dr. Kavya Iyer,Pediatrics,Nationalinsurance,38365.07,29652.61,2024-09-15,2024-10-08,23.0,Approved,nan,OK,2024-09
CLM04550,PT01400,DR001,Dr. Priya Nair,Cardiology,Hdfcergo,31851.69,0.0,2024-09-17,,,Rejected,Patient details mismatch,OK,2024-09
CLM04551,PT00396,DR001,Dr. Priya Nair,Cardiology,Unitedhealthindia,82596.25,75139.97,2024-06-28,2024-08-01,34.0,Approved,nan,OK,2024-06
CLM04552,PT00420,DR007,Dr. Deepak Sharma,Gynecology,Nationalinsurance,51651.08,0.0,2024-09-27,,,Rejected,Policy lapsed,OK,2024-09
CLM04553,PT01887,DR004,Dr. Rajan Mehta,Oncology,Bajajallianz,75650.06,61665.94,2024-05-30,2024-09-04,97.0,Approved,nan,OK,2024-05
CLM04554,PT01100,DR008,Dr. Anil Joshi,Emergency,Bajajallianz,40004.9,35002.05,2024-11-12,2024-12-05,23.0,Approved,nan,OK,2024-11
CLM04555,PT00484,DR005,Dr. Sunita Kulkarni,General Medicine,Unitedhealthindia,75037.71,68254.16,2024-11-05,2025-01-25,81.0,Approved,nan,OK,2024-11
CLM04556,PT01148,DR010,Dr. Rohit Verma,Orthopedics,Starhealth,85690.75,81183.89,2024-06-27,2024-08-21,55.0,Approved,nan,OK,2024-06
CLM04557,PT00210,DR003,Dr. Aarti Deshmukh,Neurology,Bajajallianz,80575.44,79588.26,2024-03-07,2024-05-24,78.0,Approved,nan,OK,2024-03
CLM04558,PT00545,DR001,Dr. Priya Nair,Cardiology,Bajajallianz,120631.7,116624.8,2024-11-14,2024-12-23,39.0,Approved,nan,OK,2024-11
CLM04559,PT01465,DR003,Dr. Aarti Deshmukh,Neurology,Nationalinsurance,48985.91,46515.51,2024-11-08,2025-02-20,104.0,Approved,nan,OK,2024-11
CLM04560,PT00760,DR002,Dr. Suresh Patil,Orthopedics,Hdfcergo,20125.26,15816.35,2024-07-09,2024-09-24,77.0,Approved,nan,OK,2024-07
CLM04561,PT01458,DR006,Dr. Kavya Iyer,Pediatrics,Starhealth,95714.34,82305.26,2024-06-30,2024-10-02,94.0,Approved,nan,OK,2024-06
CLM04562,PT00852,DR007,Dr. Deepak Sharma,Gynecology,Bajajallianz,82528.82,66556.29,2024-09-22,2024-12-23,92.0,Approved,nan,OK,2024-09
CLM04563,PT01015,DR009,Dr. Meera Pillai,Cardiology,Nationalinsurance,33493.61,0.0,2024-11-06,,,Rejected,Service not covered,OK,2024-11
CLM04564,PT00525,DR006,Dr. Kavya Iyer,Pediatrics,Nationalinsurance,46605.96,39462.45,2024-10-04,2024-10-12,8.0,Approved,nan,OK,2024-10
CLM04565,PT00634,DR002,Dr. Suresh Patil,Orthopedics,Hdfcergo,66468.06,51622.96,2024-06-29,2024-08-08,40.0,Approved,nan,OK,2024-06
CLM04566,PT00224,DR001,Dr. Priya Nair,Cardiology,Starhealth,47470.67,42345.88,2024-08-24,2024-11-23,91.0,Approved,nan,OK,2024-08
CLM04567,PT01182,DR009,Dr. Meera Pillai,Cardiology,Nationalinsurance,141394.9,116005.0,2024-06-09,2024-09-14,97.0,Approved,nan,OK,2024-06
CLM04568,PT00151,DR003,Dr. Aarti Deshmukh,Neurology,Hdfcergo,147048.72,122112.57,2024-12-23,2025-03-22,89.0,Approved,nan,OK,2024-12
CLM04569,PT01233,DR001,Dr. Priya Nair,Cardiology,Unitedhealthindia,18936.16,16509.74,2024-08-18,2024-09-26,39.0,Approved,nan,OK,2024-08
CLM04570,PT00059,DR009,Dr. Meera Pillai,Cardiology,Unitedhealthindia,111375.56,84776.97,2024-03-26,2024-05-23,58.0,Approved,nan,OK,2024-03
CLM04571,PT00797,DR006,Dr. Kavya Iyer,Pediatrics,Unitedhealthindia,113583.23,0.0,2024-01-17,,,Rejected,Duplicate claim,OK,2024-01
CLM04572,PT00852,DR006,Dr. Kavya Iyer,Pediatrics,Unitedhealthindia,70636.5,69379.13,2024-03-07,2024-04-13,37.0,Approved,nan,OK,2024-03
CLM04573,PT00848,DR001,Dr. Priya Nair,Cardiology,Starhealth,85391.42,64592.73,2024-07-05,2024-10-31,118.0,Approved,nan,OK,2024-07
CLM04574,PT00028,DR001,Dr. Priya Nair,Cardiology,Nationalinsurance,5007.37,4326.45,2024-06-19,2024-07-15,26.0,Approved,nan,OK,2024-06
CLM04575,PT00982,DR003,Dr. Aarti Deshmukh,Neurology,Nationalinsurance,12411.84,0.0,2024-04-07,,,Rejected,Wrong diagnosis code,OK,2024-04
CLM04576,PT01564,DR007,Dr. Deepak Sharma,Gynecology,Unitedhealthindia,112001.28,0.0,2024-03-26,,,Rejected,Policy lapsed,OK,2024-03
CLM04577,PT00751,DR005,Dr. Sunita Kulkarni,General Medicine,Starhealth,55517.57,0.0,2024-12-22,,,Rejected,Pre-authorization missing,OK,2024-12
CLM04578,PT00260,DR008,Dr. Anil Joshi,Emergency,Nationalinsurance,94849.33,87606.05,2024-03-26,2024-05-11,46.0,Approved,nan,OK,2024-03
CLM04579,PT00838,DR004,Dr. Rajan Mehta,Oncology,Bajajallianz,83000.96,65726.26,2024-05-01,2024-08-28,119.0,Approved,nan,OK,2024-05
CLM04580,PT01305,DR009,Dr. Meera Pillai,Cardiology,Hdfcergo,98505.47,82526.59,2024-05-17,2024-06-04,18.0,Approved,nan,OK,2024-05
CLM04581,PT00471,DR004,Dr. Rajan Mehta,Oncology,Bajajallianz,57670.18,49820.39,2024-09-25,2024-10-21,26.0,Approved,nan,OK,2024-09
CLM04582,PT01342,DR004,Dr. Rajan Mehta,Oncology,Unitedhealthindia,123325.97,95011.7,2024-02-19,2024-05-12,83.0,Approved,nan,OK,2024-02
CLM04583,PT01000,DR006,Dr. Kavya Iyer,Pediatrics,Nationalinsurance,7689.86,0.0,2024-11-21,,,Rejected,Patient details mismatch,OK,2024-11
CLM04584,PT01553,DR001,Dr. Priya Nair,Cardiology,Unitedhealthindia,48160.13,40066.17,2024-08-07,2024-11-06,91.0,Approved,nan,OK,2024-08
CLM04585,PT01599,DR009,Dr. Meera Pillai,Cardiology,Unitedhealthindia,103923.24,0.0,2024-12-19,,,Rejected,Incomplete documents,OK,2024-12
CLM04586,PT00146,DR009,Dr. Meera Pillai,Cardiology,Unitedhealthindia,143968.05,126451.57,2024-08-30,2024-10-19,50.0,Approved,nan,OK,2024-08
CLM04587,PT00554,DR010,Dr. Rohit Verma,Orthopedics,Bajajallianz,11224.36,8907.4,2024-01-23,2024-02-22,30.0,Approved,nan,OK,2024-01
CLM04588,PT00710,DR009,Dr. Meera Pillai,Cardiology,Starhealth,147107.37,146639.95,2024-09-09,2024-12-31,113.0,Approved,nan,OK,2024-09
CLM04589,PT00936,DR001,Dr. Priya Nair,Cardiology,Starhealth,87627.54,70328.14,2024-09-11,2024-12-24,104.0,Approved,nan,OK,2024-09
CLM04590,PT01405,DR003,Dr. Aarti Deshmukh,Neurology,Unitedhealthindia,23682.91,23118.31,2024-06-25,2024-10-07,104.0,Approved,nan,OK,2024-06
CLM04591,PT01439,DR009,Dr. Meera Pillai,Cardiology,Bajajallianz,66530.38,49921.67,2024-11-03,2024-12-23,50.0,Approved,nan,OK,2024-11
CLM04592,PT00433,DR007,Dr. Deepak Sharma,Gynecology,Nationalinsurance,44613.79,0.0,2024-04-05,,,Rejected,Late submission,OK,2024-04
CLM04593,PT01993,DR006,Dr. Kavya Iyer,Pediatrics,Starhealth,87962.13,80284.72,2024-01-21,2024-02-14,24.0,Approved,nan,OK,2024-01
CLM04594,PT01273,DR006,Dr. Kavya Iyer,Pediatrics,Hdfcergo,104918.91,92660.66,2024-03-22,2024-05-30,69.0,Approved,nan,OK,2024-03
CLM04595,PT01961,DR001,Dr. Priya Nair,Cardiology,Unitedhealthindia,35830.64,0.0,2024-08-13,,,Rejected,Pre-authorization missing,OK,2024-08
CLM04597,PT01587,DR003,Dr. Aarti Deshmukh,Neurology,Starhealth,103303.76,85639.63,2024-03-21,2024-07-17,118.0,Approved,nan,OK,2024-03
CLM04598,PT00440,DR007,Dr. Deepak Sharma,Gynecology,Unitedhealthindia,117321.8,112892.12,2024-04-05,2024-05-30,55.0,Approved,nan,OK,2024-04
CLM04599,PT00711,DR003,Dr. Aarti Deshmukh,Neurology,Bajajallianz,78793.85,66663.02,2024-10-12,2024-12-27,76.0,Approved,nan,OK,2024-10
CLM04600,PT00788,DR005,Dr. Sunita Kulkarni,General Medicine,Unitedhealthindia,74158.23,61363.71,2024-03-26,2024-06-06,72.0,Approved,nan,OK,2024-03
CLM04601,PT00360,DR006,Dr. Kavya Iyer,Pediatrics,Bajajallianz,42873.08,41249.37,2024-11-24,2024-12-31,37.0,Approved,nan,OK,2024-11
CLM04602,PT01199,DR005,Dr. Sunita Kulkarni,General Medicine,Unitedhealthindia,46492.65,0.0,2024-08-21,,,Rejected,Wrong diagnosis code,OK,2024-08
CLM04603,PT01365,DR007,Dr. Deepak Sharma,Gynecology,Nationalinsurance,115946.88,0.0,2024-09-03,,,Rejected,Incomplete documents,OK,2024-09
CLM04604,PT01210,DR007,Dr. Deepak Sharma,Gynecology,Starhealth,33684.41,32629.13,2024-11-26,2025-02-24,90.0,Approved,nan,OK,2024-11
CLM04605,PT00365,DR010,Dr. Rohit Verma,Orthopedics,Unitedhealthindia,141185.04,0.0,2024-12-06,,,Rejected,Service not covered,OK,2024-12
CLM04606,PT01735,DR008,Dr. Anil Joshi,Emergency,Starhealth,16742.18,15544.4,2024-01-03,2024-02-27,55.0,Approved,nan,OK,2024-01
CLM04607,PT01676,DR004,Dr. Rajan Mehta,Oncology,Hdfcergo,12482.29,12395.2,2024-05-15,2024-09-09,117.0,Approved,nan,OK,2024-05
CLM04608,PT00204,DR005,Dr. Sunita Kulkarni,General Medicine,Nationalinsurance,104245.51,90441.55,2024-10-20,2025-01-12,84.0,Approved,nan,OK,2024-10
CLM04609,PT00800,DR009,Dr. Meera Pillai,Cardiology,Unitedhealthindia,89433.93,75816.77,2024-09-15,2024-12-25,101.0,Approved,nan,OK,2024-09
CLM04610,PT01649,DR008,Dr. Anil Joshi,Emergency,Hdfcergo,49533.5,37840.66,2024-06-10,2024-07-24,44.0,Approved,nan,OK,2024-06
CLM04611,PT00652,DR003,Dr. Aarti Deshmukh,Neurology,Starhealth,136252.25,127261.49,2024-08-16,2024-11-12,88.0,Approved,nan,OK,2024-08
CLM04612,PT00133,DR003,Dr. Aarti Deshmukh,Neurology,Hdfcergo,7876.47,6872.4,2024-06-12,2024-06-26,14.0,Approved,nan,OK,2024-06
CLM04613,PT01542,DR005,Dr. Sunita Kulkarni,General Medicine,Bajajallianz,95069.83,93701.73,2024-10-02,2024-12-02,61.0,Approved,nan,OK,2024-10
CLM04614,PT00193,DR003,Dr. Aarti Deshmukh,Neurology,Hdfcergo,79798.3,0.0,2024-04-26,,,Rejected,Duplicate claim,OK,2024-04
CLM04615,PT01424,DR004,Dr. Rajan Mehta,Oncology,Bajajallianz,89320.58,0.0,2024-06-06,,,Rejected,Duplicate claim,OK,2024-06
CLM04616,PT01469,DR003,Dr. Aarti Deshmukh,Neurology,Nationalinsurance,30583.95,23364.57,2024-07-08,2024-10-18,102.0,Approved,nan,OK,2024-07
CLM04617,PT00159,DR002,Dr. Suresh Patil,Orthopedics,Hdfcergo,149103.43,140584.52,2024-12-24,2025-02-11,49.0,Approved,nan,OK,2024-12
CLM04618,PT01054,DR007,Dr. Deepak Sharma,Gynecology,Nationalinsurance,24400.66,0.0,2024-12-24,,,Rejected,Duplicate claim,OK,2024-12
CLM04619,PT00069,DR003,Dr. Aarti Deshmukh,Neurology,Unitedhealthindia,112823.49,84698.81,2024-01-23,2024-04-19,87.0,Approved,nan,OK,2024-01
CLM04620,PT00561,DR004,Dr. Rajan Mehta,Oncology,Nationalinsurance,45576.07,0.0,2024-07-31,,,Rejected,Patient details mismatch,OK,2024-07
CLM04621,PT00816,DR005,Dr. Sunita Kulkarni,General Medicine,Starhealth,108000.77,102727.43,2024-11-22,2025-02-21,91.0,Approved,nan,OK,2024-11
CLM04622,PT00309,DR002,Dr. Suresh Patil,Orthopedics,Bajajallianz,109558.56,99693.6,2024-02-15,2024-05-25,100.0,Approved,nan,OK,2024-02
CLM04623,PT00973,DR003,Dr. Aarti Deshmukh,Neurology,Nationalinsurance,101939.69,83163.37,2024-09-16,2024-12-27,102.0,Approved,nan,OK,2024-09
CLM04624,PT00796,DR001,Dr. Priya Nair,Cardiology,Nationalinsurance,124182.24,113475.81,2024-05-05,2024-05-31,26.0,Approved,nan,OK,2024-05
CLM04626,PT01088,DR010,Dr. Rohit Verma,Orthopedics,Nationalinsurance,73624.27,0.0,2024-11-20,,,Rejected,Late submission,OK,2024-11
CLM04627,PT00858,DR009,Dr. Meera Pillai,Cardiology,Nationalinsurance,36745.45,31250.58,2024-07-06,2024-09-16,72.0,Approved,nan,OK,2024-07
CLM04628,PT00316,DR009,Dr. Meera Pillai,Cardiology,Bajajallianz,133029.19,114363.86,2024-11-09,2025-01-22,74.0,Approved,nan,OK,2024-11
CLM04629,PT01791,DR006,Dr. Kavya Iyer,Pediatrics,Bajajallianz,75808.01,72792.94,2024-04-16,2024-06-29,74.0,Approved,nan,OK,2024-04
CLM04630,PT00258,DR007,Dr. Deepak Sharma,Gynecology,Hdfcergo,5140.53,4246.05,2024-12-10,2025-02-13,65.0,Approved,nan,OK,2024-12
CLM04631,PT01654,DR006,Dr. Kavya Iyer,Pediatrics,Starhealth,53306.38,44604.25,2024-12-13,2025-01-30,48.0,Approved,nan,OK,2024-12
CLM04632,PT01532,DR001,Dr. Priya Nair,Cardiology,Hdfcergo,51845.83,45324.11,2024-07-22,2024-11-07,108.0,Approved,nan,OK,2024-07
CLM04633,PT00347,DR005,Dr. Sunita Kulkarni,General Medicine,Nationalinsurance,11108.98,0.0,2024-05-02,,,Rejected,Patient details mismatch,OK,2024-05
CLM04634,PT00077,DR007,Dr. Deepak Sharma,Gynecology,Unitedhealthindia,73053.17,59287.2,2024-02-21,2024-06-04,104.0,Approved,nan,OK,2024-02
CLM04635,PT01633,DR002,Dr. Suresh Patil,Orthopedics,Bajajallianz,147396.48,146508.88,2024-03-16,2024-04-11,26.0,Approved,nan,OK,2024-03
CLM04636,PT00443,DR003,Dr. Aarti Deshmukh,Neurology,Unitedhealthindia,64617.85,0.0,2024-03-02,,,Rejected,Service not covered,OK,2024-03
CLM04637,PT00299,DR005,Dr. Sunita Kulkarni,General Medicine,Unitedhealthindia,27648.93,0.0,2024-05-27,,,Rejected,Service not covered,OK,2024-05
CLM04638,PT00031,DR001,Dr. Priya Nair,Cardiology,Starhealth,32648.81,29413.34,2024-08-17,2024-11-01,76.0,Approved,nan,OK,2024-08
CLM04639,PT00682,DR001,Dr. Priya Nair,Cardiology,Unitedhealthindia,126245.38,0.0,2024-10-17,,,Rejected,Duplicate claim,OK,2024-10
CLM04640,PT01994,DR007,Dr. Deepak Sharma,Gynecology,Starhealth,97251.59,77407.24,2024-09-05,2024-10-17,42.0,Approved,nan,OK,2024-09
CLM04641,PT01506,DR008,Dr. Anil Joshi,Emergency,Hdfcergo,46452.12,45270.44,2024-10-02,2024-12-24,83.0,Approved,nan,OK,2024-10
CLM04642,PT00442,DR007,Dr. Deepak Sharma,Gynecology,Starhealth,136240.23,102189.26,2024-01-02,2024-03-08,66.0,Approved,nan,OK,2024-01
CLM04643,PT01905,DR004,Dr. Rajan Mehta,Oncology,Hdfcergo,12938.74,12647.29,2024-09-05,2024-12-13,99.0,Approved,nan,OK,2024-09
CLM04644,PT00336,DR007,Dr. Deepak Sharma,Gynecology,Starhealth,76033.05,68195.94,2024-04-11,2024-05-25,44.0,Approved,nan,OK,2024-04
CLM04645,PT00964,DR008,Dr. Anil Joshi,Emergency,Hdfcergo,33344.96,26627.99,2024-04-03,2024-06-13,71.0,Approved,nan,OK,2024-04
CLM04646,PT00328,DR003,Dr. Aarti Deshmukh,Neurology,Nationalinsurance,148783.52,118907.54,2024-09-28,2025-01-05,99.0,Approved,nan,OK,2024-09
CLM04647,PT00667,DR003,Dr. Aarti Deshmukh,Neurology,Nationalinsurance,36533.24,30914.26,2024-11-03,2025-01-11,69.0,Approved,nan,OK,2024-11
CLM04648,PT00597,DR001,Dr. Priya Nair,Cardiology,Starhealth,149807.31,0.0,2024-06-02,,,Rejected,Late submission,OK,2024-06
CLM04649,PT00318,DR005,Dr. Sunita Kulkarni,General Medicine,Bajajallianz,61241.22,0.0,2024-12-11,,,Rejected,Duplicate claim,OK,2024-12
CLM04650,PT01320,DR006,Dr. Kavya Iyer,Pediatrics,Starhealth,45533.58,41135.12,2024-03-21,2024-04-21,31.0,Approved,nan,OK,2024-03
CLM04651,PT00722,DR004,Dr. Rajan Mehta,Oncology,Bajajallianz,85158.43,74988.12,2024-04-29,2024-07-10,72.0,Approved,nan,OK,2024-04
CLM04652,PT00164,DR010,Dr. Rohit Verma,Orthopedics,Starhealth,54350.09,50879.58,2024-01-17,2024-03-07,50.0,Approved,nan,OK,2024-01
CLM04654,PT01146,DR007,Dr. Deepak Sharma,Gynecology,Starhealth,85845.23,75178.0,2024-11-04,2024-12-19,45.0,Approved,nan,OK,2024-11
CLM04655,PT01291,DR006,Dr. Kavya Iyer,Pediatrics,Nationalinsurance,112757.41,0.0,2024-02-20,,,Rejected,Duplicate claim,OK,2024-02
CLM04656,PT00744,DR001,Dr. Priya Nair,Cardiology,Unitedhealthindia,97513.63,89336.42,2024-07-14,2024-08-07,24.0,Approved,nan,OK,2024-07
CLM04657,PT00002,DR003,Dr. Aarti Deshmukh,Neurology,Bajajallianz,123720.42,117622.51,2024-12-12,2025-03-10,88.0,Approved,nan,OK,2024-12
CLM04658,PT01631,DR002,Dr. Suresh Patil,Orthopedics,Starhealth,134362.98,114560.55,2024-07-07,2024-10-05,90.0,Approved,nan,OK,2024-07
CLM04659,PT00836,DR008,Dr. Anil Joshi,Emergency,Hdfcergo,134970.13,0.0,2024-09-16,,,Rejected,Late submission,OK,2024-09
CLM04660,PT00619,DR008,Dr. Anil Joshi,Emergency,Starhealth,41011.5,32507.0,2024-08-05,2024-09-17,43.0,Approved,nan,OK,2024-08
CLM04661,PT01465,DR003,Dr. Aarti Deshmukh,Neurology,Starhealth,67375.44,62869.76,2024-05-18,2024-06-11,24.0,Approved,nan,OK,2024-05
CLM04662,PT00452,DR005,Dr. Sunita Kulkarni,General Medicine,Starhealth,105845.84,88519.67,2024-04-16,2024-08-14,120.0,Approved,nan,OK,2024-04
CLM04663,PT00089,DR010,Dr. Rohit Verma,Orthopedics,Starhealth,53596.65,48914.25,2024-07-29,2024-08-08,10.0,Approved,nan,OK,2024-07
CLM04664,PT01489,DR002,Dr. Suresh Patil,Orthopedics,Nationalinsurance,28712.26,0.0,2024-07-05,,,Rejected,Patient details mismatch,OK,2024-07
CLM04665,PT00950,DR001,Dr. Priya Nair,Cardiology,Hdfcergo,68555.98,56395.38,2024-11-16,2024-12-13,27.0,Approved,nan,OK,2024-11
CLM04666,PT00076,DR008,Dr. Anil Joshi,Emergency,Starhealth,71729.42,66918.83,2024-02-10,2024-05-20,100.0,Approved,nan,OK,2024-02
CLM04667,PT01987,DR005,Dr. Sunita Kulkarni,General Medicine,Unitedhealthindia,116848.94,106337.49,2024-07-09,2024-08-01,23.0,Approved,nan,OK,2024-07
CLM04668,PT01468,DR010,Dr. Rohit Verma,Orthopedics,Starhealth,8700.19,8323.09,2024-05-11,2024-08-10,91.0,Approved,nan,OK,2024-05
CLM04669,PT01431,DR004,Dr. Rajan Mehta,Oncology,Starhealth,111134.98,88157.5,2024-05-30,2024-06-09,10.0,Approved,nan,OK,2024-05
CLM04670,PT01962,DR007,Dr. Deepak Sharma,Gynecology,Bajajallianz,13206.77,0.0,2024-05-15,,,Rejected,Wrong diagnosis code,OK,2024-05
CLM04671,PT01403,DR004,Dr. Rajan Mehta,Oncology,Starhealth,9237.12,6949.39,2024-06-27,2024-07-15,18.0,Approved,nan,OK,2024-06
CLM04672,PT00649,DR001,Dr. Priya Nair,Cardiology,Hdfcergo,65212.15,62112.25,2024-08-08,2024-11-05,89.0,Approved,nan,OK,2024-08
CLM04673,PT00708,DR002,Dr. Suresh Patil,Orthopedics,Bajajallianz,63454.97,51808.36,2024-10-17,2024-11-09,23.0,Approved,nan,OK,2024-10
CLM04674,PT00134,DR006,Dr. Kavya Iyer,Pediatrics,Nationalinsurance,83283.04,0.0,2024-02-28,,,Rejected,Incomplete documents,OK,2024-02
CLM04675,PT00357,DR008,Dr. Anil Joshi,Emergency,Starhealth,42127.92,34368.43,2024-07-08,2024-07-19,11.0,Approved,nan,OK,2024-07
CLM04676,PT00667,DR001,Dr. Priya Nair,Cardiology,Bajajallianz,143297.7,118851.0,2024-09-12,2024-10-16,34.0,Approved,nan,OK,2024-09
CLM04677,PT01023,DR002,Dr. Suresh Patil,Orthopedics,Nationalinsurance,26115.72,0.0,2024-08-12,,,Rejected,Pre-authorization missing,OK,2024-08
CLM04678,PT01484,DR003,Dr. Aarti Deshmukh,Neurology,Bajajallianz,139328.76,129548.25,2024-10-07,2024-10-18,11.0,Approved,nan,OK,2024-10
CLM04679,PT00651,DR004,Dr. Rajan Mehta,Oncology,Nationalinsurance,64088.88,62851.25,2024-02-20,2024-05-11,81.0,Approved,nan,OK,2024-02
CLM04680,PT00153,DR010,Dr. Rohit Verma,Orthopedics,Starhealth,141868.23,133802.77,2024-12-27,2025-01-06,10.0,Approved,nan,OK,2024-12
CLM04681,PT00338,DR010,Dr. Rohit Verma,Orthopedics,Hdfcergo,141516.47,126913.08,2024-02-26,2024-05-27,91.0,Approved,nan,OK,2024-02
CLM04682,PT01067,DR008,Dr. Anil Joshi,Emergency,Bajajallianz,111282.36,107486.58,2024-06-20,2024-07-29,39.0,Approved,nan,OK,2024-06
CLM04683,PT00393,DR005,Dr. Sunita Kulkarni,General Medicine,Bajajallianz,124020.1,101094.95,2024-03-17,2024-04-15,29.0,Approved,nan,OK,2024-03
CLM04684,PT01281,DR010,Dr. Rohit Verma,Orthopedics,Hdfcergo,126777.79,122934.1,2024-05-22,2024-06-02,11.0,Approved,nan,OK,2024-05
CLM04685,PT01312,DR003,Dr. Aarti Deshmukh,Neurology,Hdfcergo,26519.97,24769.17,2024-05-18,2024-07-27,70.0,Approved,nan,OK,2024-05
CLM04686,PT00790,DR008,Dr. Anil Joshi,Emergency,Hdfcergo,78601.82,68986.47,2024-01-06,2024-01-30,24.0,Approved,nan,OK,2024-01
CLM04687,PT00457,DR006,Dr. Kavya Iyer,Pediatrics,Starhealth,108799.47,102325.17,2024-04-22,2024-06-13,52.0,Approved,nan,OK,2024-04
CLM04688,PT01376,DR004,Dr. Rajan Mehta,Oncology,Hdfcergo,60874.96,48151.72,2024-12-29,2025-01-15,17.0,Approved,nan,OK,2024-12
CLM04689,PT01663,DR006,Dr. Kavya Iyer,Pediatrics,Starhealth,103485.31,100222.11,2024-07-14,2024-07-28,14.0,Approved,nan,OK,2024-07
CLM04690,PT01948,DR010,Dr. Rohit Verma,Orthopedics,Hdfcergo,117503.3,88712.09,2024-02-14,2024-03-26,41.0,Approved,nan,OK,2024-02
CLM04691,PT01164,DR003,Dr. Aarti Deshmukh,Neurology,Hdfcergo,61706.64,52635.59,2024-09-04,2024-12-19,106.0,Approved,nan,OK,2024-09
CLM04692,PT00448,DR010,Dr. Rohit Verma,Orthopedics,Unitedhealthindia,98984.81,0.0,2024-06-26,,,Rejected,Patient details mismatch,OK,2024-06
CLM04693,PT00018,DR006,Dr. Kavya Iyer,Pediatrics,Bajajallianz,7871.04,0.0,2024-11-26,,,Rejected,Pre-authorization missing,OK,2024-11
CLM04694,PT00110,DR009,Dr. Meera Pillai,Cardiology,Nationalinsurance,11242.41,9445.61,2024-11-16,2025-02-19,95.0,Approved,nan,OK,2024-11
CLM04695,PT00720,DR006,Dr. Kavya Iyer,Pediatrics,Hdfcergo,139578.37,125098.46,2024-06-08,2024-09-18,102.0,Approved,nan,OK,2024-06
CLM04696,PT00433,DR007,Dr. Deepak Sharma,Gynecology,Starhealth,61903.52,0.0,2024-07-09,,,Rejected,Service not covered,OK,2024-07
CLM04697,PT01984,DR001,Dr. Priya Nair,Cardiology,Hdfcergo,62844.61,57036.95,2024-10-24,2024-11-14,21.0,Approved,nan,OK,2024-10
CLM04698,PT01099,DR004,Dr. Rajan Mehta,Oncology,Hdfcergo,76530.78,61932.73,2024-05-14,2024-09-05,114.0,Approved,nan,OK,2024-05
CLM04699,PT01708,DR002,Dr. Suresh Patil,Orthopedics,Starhealth,116189.57,97928.92,2024-08-10,2024-11-13,95.0,Approved,nan,OK,2024-08
CLM04700,PT01692,DR008,Dr. Anil Joshi,Emergency,Bajajallianz,98044.46,76112.3,2024-04-11,2024-07-31,111.0,Approved,nan,OK,2024-04
CLM04701,PT00271,DR003,Dr. Aarti Deshmukh,Neurology,Unitedhealthindia,51725.1,0.0,2024-10-02,,,Rejected,Patient details mismatch,OK,2024-10
CLM04702,PT00437,DR007,Dr. Deepak Sharma,Gynecology,Hdfcergo,47214.93,39661.35,2024-08-07,2024-10-03,57.0,Approved,nan,OK,2024-08
CLM04703,PT01628,DR006,Dr. Kavya Iyer,Pediatrics,Starhealth,133847.86,123766.49,2024-05-07,2024-07-16,70.0,Approved,nan,OK,2024-05
CLM04704,PT00003,DR009,Dr. Meera Pillai,Cardiology,Starhealth,29763.14,27996.35,2024-08-22,2024-11-28,98.0,Approved,nan,OK,2024-08
CLM04705,PT00005,DR002,Dr. Suresh Patil,Orthopedics,Starhealth,41116.32,30894.0,2024-03-14,2024-04-09,26.0,Approved,nan,OK,2024-03
CLM04706,PT01574,DR007,Dr. Deepak Sharma,Gynecology,Starhealth,91605.5,0.0,2024-11-10,,,Rejected,Policy lapsed,OK,2024-11
CLM04707,PT01632,DR006,Dr. Kavya Iyer,Pediatrics,Starhealth,133560.57,100787.35,2024-07-23,2024-11-19,119.0,Approved,nan,OK,2024-07
CLM04708,PT00099,DR005,Dr. Sunita Kulkarni,General Medicine,Nationalinsurance,118691.13,109970.06,2024-05-27,2024-09-24,120.0,Approved,nan,OK,2024-05
CLM04709,PT00290,DR003,Dr. Aarti Deshmukh,Neurology,Nationalinsurance,147852.66,127297.83,2024-12-19,2025-02-19,62.0,Approved,nan,OK,2024-12
CLM04710,PT01622,DR001,Dr. Priya Nair,Cardiology,Nationalinsurance,110004.67,87455.91,2024-01-10,2024-04-09,90.0,Approved,nan,OK,2024-01
CLM04711,PT00679,DR010,Dr. Rohit Verma,Orthopedics,Nationalinsurance,135911.46,112706.74,2024-12-28,2025-03-14,76.0,Approved,nan,OK,2024-12
CLM04712,PT01280,DR010,Dr. Rohit Verma,Orthopedics,Nationalinsurance,128222.55,127556.77,2024-12-08,2025-01-29,52.0,Approved,nan,OK,2024-12
CLM04713,PT00088,DR003,Dr. Aarti Deshmukh,Neurology,Nationalinsurance,83458.86,64352.18,2024-10-11,2025-01-07,88.0,Approved,nan,OK,2024-10
CLM04714,PT01736,DR004,Dr. Rajan Mehta,Oncology,Hdfcergo,136079.59,124034.96,2024-07-12,2024-10-06,86.0,Approved,nan,OK,2024-07
CLM04715,PT00696,DR004,Dr. Rajan Mehta,Oncology,Hdfcergo,92413.28,74301.98,2024-08-14,2024-10-27,74.0,Approved,nan,OK,2024-08
CLM04716,PT01173,DR001,Dr. Priya Nair,Cardiology,Starhealth,27974.94,24388.57,2024-10-30,2025-02-15,108.0,Approved,nan,OK,2024-10
CLM04717,PT01484,DR002,Dr. Suresh Patil,Orthopedics,Bajajallianz,15061.87,0.0,2024-03-22,,,Rejected,Patient details mismatch,OK,2024-03
CLM04718,PT01908,DR010,Dr. Rohit Verma,Orthopedics,Hdfcergo,11412.58,11104.9,2024-01-11,2024-05-08,118.0,Approved,nan,OK,2024-01
CLM04719,PT01388,DR003,Dr. Aarti Deshmukh,Neurology,Bajajallianz,23768.02,19968.3,2024-07-08,2024-07-31,23.0,Approved,nan,OK,2024-07
CLM04720,PT00514,DR001,Dr. Priya Nair,Cardiology,Bajajallianz,109675.35,101159.57,2024-11-16,2025-03-15,119.0,Approved,nan,OK,2024-11
CLM04721,PT01854,DR004,Dr. Rajan Mehta,Oncology,Bajajallianz,59666.56,45087.98,2024-07-18,2024-08-09,22.0,Approved,nan,OK,2024-07
CLM04722,PT00090,DR003,Dr. Aarti Deshmukh,Neurology,Unitedhealthindia,108115.0,86040.84,2024-06-18,2024-09-04,78.0,Approved,nan,OK,2024-06
CLM04723,PT01358,DR004,Dr. Rajan Mehta,Oncology,Starhealth,74508.92,70744.5,2024-08-26,2024-09-15,20.0,Approved,nan,OK,2024-08
CLM04724,PT01426,DR008,Dr. Anil Joshi,Emergency,Unitedhealthindia,66600.41,0.0,2024-01-12,,,Rejected,Pre-authorization missing,OK,2024-01
CLM04725,PT01868,DR004,Dr. Rajan Mehta,Oncology,Bajajallianz,122358.81,107914.77,2024-02-06,2024-04-30,84.0,Approved,nan,OK,2024-02
CLM04726,PT01544,DR002,Dr. Suresh Patil,Orthopedics,Unitedhealthindia,35266.62,27402.61,2024-09-11,2024-12-10,90.0,Approved,nan,OK,2024-09
CLM04727,PT01810,DR006,Dr. Kavya Iyer,Pediatrics,Starhealth,71389.15,68607.83,2024-06-06,2024-06-18,12.0,Approved,nan,OK,2024-06
CLM04728,PT00122,DR001,Dr. Priya Nair,Cardiology,Hdfcergo,78712.51,65586.07,2024-08-16,2024-08-23,7.0,Approved,nan,OK,2024-08
CLM04729,PT00653,DR008,Dr. Anil Joshi,Emergency,Hdfcergo,108382.05,104551.51,2024-11-29,2025-01-01,33.0,Approved,nan,OK,2024-11
CLM04730,PT01991,DR005,Dr. Sunita Kulkarni,General Medicine,Hdfcergo,45721.92,35356.22,2024-07-01,2024-09-01,62.0,Approved,nan,OK,2024-07
CLM04731,PT00852,DR002,Dr. Suresh Patil,Orthopedics,Bajajallianz,78704.16,72790.56,2024-12-19,2025-03-19,90.0,Approved,nan,OK,2024-12
CLM04732,PT00909,DR009,Dr. Meera Pillai,Cardiology,Nationalinsurance,105831.13,92482.0,2024-12-14,2025-01-15,32.0,Approved,nan,OK,2024-12
CLM04733,PT01869,DR007,Dr. Deepak Sharma,Gynecology,Starhealth,16603.74,12809.67,2024-12-08,2025-02-01,55.0,Approved,nan,OK,2024-12
CLM04734,PT01691,DR010,Dr. Rohit Verma,Orthopedics,Nationalinsurance,52473.55,42008.44,2024-12-12,2025-04-06,115.0,Approved,nan,OK,2024-12
CLM04735,PT00874,DR003,Dr. Aarti Deshmukh,Neurology,Hdfcergo,80441.48,71529.78,2024-11-16,2025-01-23,68.0,Approved,nan,OK,2024-11
CLM04736,PT00460,DR005,Dr. Sunita Kulkarni,General Medicine,Hdfcergo,115476.47,112183.89,2024-05-24,2024-07-27,64.0,Approved,nan,OK,2024-05
CLM04737,PT01089,DR003,Dr. Aarti Deshmukh,Neurology,Hdfcergo,123675.24,122565.61,2024-11-26,2024-12-26,30.0,Approved,nan,OK,2024-11
CLM04738,PT00742,DR007,Dr. Deepak Sharma,Gynecology,Nationalinsurance,70869.92,67768.31,2024-05-08,2024-05-16,8.0,Approved,nan,OK,2024-05
CLM04739,PT01045,DR010,Dr. Rohit Verma,Orthopedics,Nationalinsurance,92733.18,77182.64,2024-07-03,2024-08-30,58.0,Approved,nan,OK,2024-07
CLM04740,PT01405,DR001,Dr. Priya Nair,Cardiology,Unitedhealthindia,42990.54,41759.29,2024-01-18,2024-03-28,70.0,Approved,nan,OK,2024-01
CLM04741,PT01431,DR004,Dr. Rajan Mehta,Oncology,Unitedhealthindia,100927.37,75977.4,2024-12-28,2025-03-16,78.0,Approved,nan,OK,2024-12
CLM04742,PT01790,DR010,Dr. Rohit Verma,Orthopedics,Nationalinsurance,126049.07,0.0,2024-02-01,,,Rejected,Duplicate claim,OK,2024-02
CLM04743,PT01774,DR009,Dr. Meera Pillai,Cardiology,Hdfcergo,14102.76,12402.34,2024-06-29,2024-08-09,41.0,Approved,nan,OK,2024-06
CLM04744,PT00051,DR003,Dr. Aarti Deshmukh,Neurology,Unitedhealthindia,94881.88,88164.39,2024-12-05,2025-02-20,77.0,Approved,nan,OK,2024-12
CLM04745,PT01645,DR005,Dr. Sunita Kulkarni,General Medicine,Starhealth,27596.42,24392.6,2024-05-12,2024-05-19,7.0,Approved,nan,OK,2024-05
CLM04746,PT01439,DR010,Dr. Rohit Verma,Orthopedics,Unitedhealthindia,97259.28,83919.66,2024-01-24,2024-02-25,32.0,Approved,nan,OK,2024-01
CLM04747,PT00357,DR008,Dr. Anil Joshi,Emergency,Nationalinsurance,49564.62,0.0,2024-08-26,,,Rejected,Incomplete documents,OK,2024-08
CLM04748,PT01931,DR009,Dr. Meera Pillai,Cardiology,Starhealth,54499.71,52908.83,2024-07-27,2024-08-23,27.0,Approved,nan,OK,2024-07
CLM04749,PT00971,DR002,Dr. Suresh Patil,Orthopedics,Nationalinsurance,112597.63,0.0,2024-09-10,,,Rejected,Late submission,OK,2024-09
CLM04750,PT00155,DR010,Dr. Rohit Verma,Orthopedics,Starhealth,62681.25,58267.33,2024-07-31,2024-09-30,61.0,Approved,nan,OK,2024-07
CLM04751,PT01265,DR009,Dr. Meera Pillai,Cardiology,Unitedhealthindia,109832.12,95540.73,2024-11-25,2025-01-21,57.0,Approved,nan,OK,2024-11
CLM04752,PT00369,DR005,Dr. Sunita Kulkarni,General Medicine,Hdfcergo,87577.19,68440.67,2024-11-18,2025-01-27,70.0,Approved,nan,OK,2024-11
CLM04753,PT00868,DR008,Dr. Anil Joshi,Emergency,Starhealth,148100.75,142254.58,2024-08-21,2024-09-08,18.0,Approved,nan,OK,2024-08
CLM04754,PT00943,DR010,Dr. Rohit Verma,Orthopedics,Nationalinsurance,53427.46,42375.11,2024-10-01,2024-11-17,47.0,Approved,nan,OK,2024-10
CLM04755,PT00054,DR010,Dr. Rohit Verma,Orthopedics,Nationalinsurance,47385.55,0.0,2024-02-05,,,Rejected,Policy lapsed,OK,2024-02
CLM04756,PT00586,DR008,Dr. Anil Joshi,Emergency,Starhealth,144790.23,127339.17,2024-06-26,2024-07-26,30.0,Approved,nan,OK,2024-06
CLM04757,PT01693,DR010,Dr. Rohit Verma,Orthopedics,Bajajallianz,17215.54,17077.6,2024-02-17,2024-04-21,64.0,Approved,nan,OK,2024-02
CLM04758,PT00876,DR010,Dr. Rohit Verma,Orthopedics,Nationalinsurance,124872.62,0.0,2024-02-29,,,Rejected,Patient details mismatch,OK,2024-02
CLM04759,PT00403,DR004,Dr. Rajan Mehta,Oncology,Hdfcergo,134007.83,133596.41,2024-03-23,2024-07-17,116.0,Approved,nan,OK,2024-03
CLM04760,PT01881,DR003,Dr. Aarti Deshmukh,Neurology,Starhealth,9794.31,8080.09,2024-03-23,2024-05-20,58.0,Approved,nan,OK,2024-03
CLM04761,PT00599,DR010,Dr. Rohit Verma,Orthopedics,Unitedhealthindia,101936.21,95895.57,2024-07-02,2024-10-13,103.0,Approved,nan,OK,2024-07
CLM04762,PT01649,DR008,Dr. Anil Joshi,Emergency,Starhealth,57254.44,44743.58,2024-09-29,2024-12-15,77.0,Approved,nan,OK,2024-09
CLM04763,PT01642,DR004,Dr. Rajan Mehta,Oncology,Bajajallianz,49459.36,47780.62,2024-07-17,2024-11-01,107.0,Approved,nan,OK,2024-07
CLM04764,PT01406,DR004,Dr. Rajan Mehta,Oncology,Hdfcergo,77580.09,74704.2,2024-04-30,2024-06-14,45.0,Approved,nan,OK,2024-04
CLM04765,PT01187,DR009,Dr. Meera Pillai,Cardiology,Starhealth,9401.92,7507.4,2024-07-25,2024-08-17,23.0,Approved,nan,OK,2024-07
CLM04766,PT01157,DR003,Dr. Aarti Deshmukh,Neurology,Starhealth,59666.03,48847.89,2024-12-29,2025-04-26,118.0,Approved,nan,OK,2024-12
CLM04767,PT01770,DR003,Dr. Aarti Deshmukh,Neurology,Starhealth,17989.09,14673.0,2024-03-30,2024-05-03,34.0,Approved,nan,OK,2024-03
CLM04768,PT00883,DR010,Dr. Rohit Verma,Orthopedics,Hdfcergo,83516.79,0.0,2024-03-27,,,Rejected,Duplicate claim,OK,2024-03
CLM04769,PT00284,DR001,Dr. Priya Nair,Cardiology,Nationalinsurance,79182.22,63186.81,2024-10-30,2025-02-10,103.0,Approved,nan,OK,2024-10
CLM04770,PT00084,DR002,Dr. Suresh Patil,Orthopedics,Bajajallianz,133871.78,123080.59,2024-12-07,2025-01-30,54.0,Approved,nan,OK,2024-12
CLM04771,PT00873,DR002,Dr. Suresh Patil,Orthopedics,Hdfcergo,86027.61,85534.15,2024-02-01,2024-04-13,72.0,Approved,nan,OK,2024-02
CLM04773,PT01575,DR004,Dr. Rajan Mehta,Oncology,Starhealth,123915.64,100379.39,2024-05-20,2024-05-27,7.0,Approved,nan,OK,2024-05
CLM04774,PT00210,DR002,Dr. Suresh Patil,Orthopedics,Starhealth,136952.96,114094.59,2024-06-25,2024-09-20,87.0,Approved,nan,OK,2024-06
CLM04775,PT00168,DR008,Dr. Anil Joshi,Emergency,Unitedhealthindia,111633.99,107237.02,2024-02-25,2024-06-24,120.0,Approved,nan,OK,2024-02
CLM04777,PT00755,DR010,Dr. Rohit Verma,Orthopedics,Bajajallianz,83594.82,63219.81,2024-04-14,2024-07-02,79.0,Approved,nan,OK,2024-04
CLM04778,PT00862,DR009,Dr. Meera Pillai,Cardiology,Starhealth,20575.13,20483.3,2024-02-12,2024-05-13,91.0,Approved,nan,OK,2024-02
CLM04779,PT00789,DR005,Dr. Sunita Kulkarni,General Medicine,Nationalinsurance,93227.56,92832.44,2024-07-05,2024-10-03,90.0,Approved,nan,OK,2024-07
CLM04780,PT00121,DR001,Dr. Priya Nair,Cardiology,Unitedhealthindia,65037.71,54221.43,2024-02-29,2024-06-17,109.0,Approved,nan,OK,2024-02
CLM04781,PT00452,DR003,Dr. Aarti Deshmukh,Neurology,Bajajallianz,144958.61,133258.96,2024-03-29,2024-06-15,78.0,Approved,nan,OK,2024-03
CLM04782,PT01410,DR009,Dr. Meera Pillai,Cardiology,Starhealth,130302.21,113866.4,2024-06-02,2024-07-12,40.0,Approved,nan,OK,2024-06
CLM04783,PT00661,DR006,Dr. Kavya Iyer,Pediatrics,Starhealth,104057.42,82282.97,2024-10-18,2024-11-30,43.0,Approved,nan,OK,2024-10
CLM04785,PT01590,DR010,Dr. Rohit Verma,Orthopedics,Starhealth,105573.75,97318.45,2024-07-23,2024-10-17,86.0,Approved,nan,OK,2024-07
CLM04786,PT01040,DR006,Dr. Kavya Iyer,Pediatrics,Unitedhealthindia,128321.72,119215.53,2024-07-12,2024-08-21,40.0,Approved,nan,OK,2024-07
CLM04787,PT01209,DR001,Dr. Priya Nair,Cardiology,Starhealth,149509.59,131982.91,2024-09-20,2024-10-15,25.0,Approved,nan,OK,2024-09
CLM04788,PT01300,DR006,Dr. Kavya Iyer,Pediatrics,Hdfcergo,79518.66,75918.31,2024-04-12,2024-06-27,76.0,Approved,nan,OK,2024-04
CLM04789,PT00966,DR004,Dr. Rajan Mehta,Oncology,Starhealth,27243.63,25814.1,2024-07-07,2024-09-04,59.0,Approved,nan,OK,2024-07
CLM04790,PT00421,DR001,Dr. Priya Nair,Cardiology,Hdfcergo,41541.3,31962.31,2024-08-22,2024-09-22,31.0,Approved,nan,OK,2024-08
CLM04791,PT01416,DR002,Dr. Suresh Patil,Orthopedics,Bajajallianz,7067.36,6278.56,2024-01-30,2024-03-08,38.0,Approved,nan,OK,2024-01
CLM04792,PT01800,DR001,Dr. Priya Nair,Cardiology,Starhealth,10394.59,8725.78,2024-05-21,2024-08-29,100.0,Approved,nan,OK,2024-05
CLM04793,PT01518,DR003,Dr. Aarti Deshmukh,Neurology,Nationalinsurance,101488.99,76329.69,2024-09-16,2024-12-24,99.0,Approved,nan,OK,2024-09
CLM04794,PT00670,DR004,Dr. Rajan Mehta,Oncology,Unitedhealthindia,60852.13,52201.44,2024-06-14,2024-07-25,41.0,Approved,nan,OK,2024-06
CLM04795,PT01468,DR010,Dr. Rohit Verma,Orthopedics,Unitedhealthindia,69590.22,53211.4,2024-02-02,2024-03-04,31.0,Approved,nan,OK,2024-02
CLM04796,PT00524,DR002,Dr. Suresh Patil,Orthopedics,Hdfcergo,121914.86,118404.37,2024-02-26,2024-04-12,46.0,Approved,nan,OK,2024-02
CLM04797,PT01441,DR001,Dr. Priya Nair,Cardiology,Unitedhealthindia,63902.34,50091.84,2024-06-24,2024-09-25,93.0,Approved,nan,OK,2024-06
CLM04798,PT01675,DR007,Dr. Deepak Sharma,Gynecology,Unitedhealthindia,48292.77,46425.26,2024-02-15,2024-02-29,14.0,Approved,nan,OK,2024-02
CLM04799,PT00450,DR001,Dr. Priya Nair,Cardiology,Starhealth,65866.07,54953.04,2024-10-23,2024-12-16,54.0,Approved,nan,OK,2024-10
CLM04800,PT00504,DR003,Dr. Aarti Deshmukh,Neurology,Nationalinsurance,84511.08,84182.87,2024-11-27,2025-01-22,56.0,Approved,nan,OK,2024-11
CLM04801,PT00577,DR007,Dr. Deepak Sharma,Gynecology,Nationalinsurance,30406.3,0.0,2024-09-15,,,Rejected,Policy lapsed,OK,2024-09
CLM04802,PT00410,DR009,Dr. Meera Pillai,Cardiology,Unitedhealthindia,117911.54,106525.19,2024-01-07,2024-01-14,7.0,Approved,nan,OK,2024-01
CLM04803,PT00554,DR003,Dr. Aarti Deshmukh,Neurology,Unitedhealthindia,97956.21,83195.5,2024-08-11,2024-09-29,49.0,Approved,nan,OK,2024-08
CLM04804,PT01434,DR009,Dr. Meera Pillai,Cardiology,Hdfcergo,31828.62,24844.73,2024-05-26,2024-06-08,13.0,Approved,nan,OK,2024-05
CLM04805,PT01961,DR006,Dr. Kavya Iyer,Pediatrics,Hdfcergo,136250.08,130708.1,2024-10-20,2025-02-16,119.0,Approved,nan,OK,2024-10
CLM04806,PT00639,DR010,Dr. Rohit Verma,Orthopedics,Bajajallianz,109136.53,93425.66,2024-07-07,2024-08-14,38.0,Approved,nan,OK,2024-07
CLM04807,PT00407,DR003,Dr. Aarti Deshmukh,Neurology,Unitedhealthindia,49295.39,42881.39,2024-05-15,2024-08-12,89.0,Approved,nan,OK,2024-05
CLM04808,PT00332,DR001,Dr. Priya Nair,Cardiology,Nationalinsurance,94496.66,94236.44,2024-11-25,2025-01-20,56.0,Approved,nan,OK,2024-11
CLM04809,PT01473,DR005,Dr. Sunita Kulkarni,General Medicine,Nationalinsurance,9748.94,8507.51,2024-11-16,2025-02-27,103.0,Approved,nan,OK,2024-11
CLM04810,PT00744,DR007,Dr. Deepak Sharma,Gynecology,Nationalinsurance,109641.66,0.0,2024-04-26,,,Rejected,Pre-authorization missing,OK,2024-04
CLM04811,PT00033,DR001,Dr. Priya Nair,Cardiology,Starhealth,21402.59,17669.8,2024-02-03,2024-03-20,46.0,Approved,nan,OK,2024-02
CLM04812,PT00980,DR009,Dr. Meera Pillai,Cardiology,Starhealth,144855.97,141536.8,2024-07-09,2024-08-02,24.0,Approved,nan,OK,2024-07
CLM04813,PT00049,DR003,Dr. Aarti Deshmukh,Neurology,Hdfcergo,12695.73,10789.79,2024-06-05,2024-09-03,90.0,Approved,nan,OK,2024-06
CLM04814,PT01919,DR008,Dr. Anil Joshi,Emergency,Nationalinsurance,55972.85,51046.76,2024-12-09,2025-01-24,46.0,Approved,nan,OK,2024-12
CLM04815,PT00918,DR007,Dr. Deepak Sharma,Gynecology,Bajajallianz,94628.48,87545.07,2024-07-13,2024-10-18,97.0,Approved,nan,OK,2024-07
CLM04816,PT00054,DR001,Dr. Priya Nair,Cardiology,Hdfcergo,21411.47,17571.74,2024-02-24,2024-04-11,47.0,Approved,nan,OK,2024-02
CLM04817,PT00377,DR003,Dr. Aarti Deshmukh,Neurology,Starhealth,18796.8,17801.8,2024-03-14,2024-05-21,68.0,Approved,nan,OK,2024-03
CLM04818,PT00292,DR003,Dr. Aarti Deshmukh,Neurology,Bajajallianz,140130.66,130242.19,2024-04-24,2024-05-18,24.0,Approved,nan,OK,2024-04
CLM04819,PT00476,DR004,Dr. Rajan Mehta,Oncology,Starhealth,63910.84,54421.96,2024-02-08,2024-06-04,117.0,Approved,nan,OK,2024-02
CLM04820,PT00630,DR007,Dr. Deepak Sharma,Gynecology,Unitedhealthindia,75551.72,0.0,2024-09-06,,,Rejected,Incomplete documents,OK,2024-09
CLM04821,PT01012,DR009,Dr. Meera Pillai,Cardiology,Hdfcergo,23615.52,0.0,2024-10-25,,,Rejected,Duplicate claim,OK,2024-10
CLM04822,PT01889,DR009,Dr. Meera Pillai,Cardiology,Hdfcergo,6517.14,5230.39,2024-07-24,2024-11-19,118.0,Approved,nan,OK,2024-07
CLM04823,PT01044,DR009,Dr. Meera Pillai,Cardiology,Bajajallianz,108132.82,93155.88,2024-10-24,2025-02-11,110.0,Approved,nan,OK,2024-10
CLM04824,PT01771,DR001,Dr. Priya Nair,Cardiology,Unitedhealthindia,102158.16,88354.58,2024-07-01,2024-07-16,15.0,Approved,nan,OK,2024-07
CLM04825,PT01083,DR005,Dr. Sunita Kulkarni,General Medicine,Bajajallianz,45468.55,39641.16,2024-01-31,2024-03-11,40.0,Approved,nan,OK,2024-01
CLM04826,PT00629,DR004,Dr. Rajan Mehta,Oncology,Hdfcergo,93077.65,79762.08,2024-04-14,2024-04-27,13.0,Approved,nan,OK,2024-04
CLM04827,PT01505,DR008,Dr. Anil Joshi,Emergency,Starhealth,22331.69,0.0,2024-09-25,,,Rejected,Wrong diagnosis code,OK,2024-09
CLM04828,PT01321,DR004,Dr. Rajan Mehta,Oncology,Bajajallianz,124426.24,106310.44,2024-08-25,2024-11-06,73.0,Approved,nan,OK,2024-08
CLM04829,PT01835,DR004,Dr. Rajan Mehta,Oncology,Nationalinsurance,98121.72,0.0,2024-11-23,,,Rejected,Wrong diagnosis code,OK,2024-11
CLM04830,PT00248,DR004,Dr. Rajan Mehta,Oncology,Bajajallianz,45206.42,41385.07,2024-11-20,2025-02-11,83.0,Approved,nan,OK,2024-11
CLM04831,PT01232,DR001,Dr. Priya Nair,Cardiology,Hdfcergo,134548.29,0.0,2024-11-24,,,Rejected,Late submission,OK,2024-11
CLM04832,PT00055,DR001,Dr. Priya Nair,Cardiology,Starhealth,75315.43,61423.31,2024-02-23,2024-03-20,26.0,Approved,nan,OK,2024-02
CLM04833,PT00223,DR003,Dr. Aarti Deshmukh,Neurology,Unitedhealthindia,95821.75,88411.19,2024-07-01,2024-08-10,40.0,Approved,nan,OK,2024-07
CLM04834,PT01875,DR003,Dr. Aarti Deshmukh,Neurology,Bajajallianz,128433.95,105595.75,2024-02-23,2024-05-08,75.0,Approved,nan,OK,2024-02
CLM04835,PT00827,DR005,Dr. Sunita Kulkarni,General Medicine,Nationalinsurance,115098.42,0.0,2024-05-18,,,Rejected,Late submission,OK,2024-05
CLM04836,PT00049,DR003,Dr. Aarti Deshmukh,Neurology,Nationalinsurance,12436.78,0.0,2024-02-07,,,Rejected,Late submission,OK,2024-02
CLM04837,PT00771,DR006,Dr. Kavya Iyer,Pediatrics,Nationalinsurance,108540.24,0.0,2024-12-17,,,Rejected,Late submission,OK,2024-12
CLM04838,PT00925,DR004,Dr. Rajan Mehta,Oncology,Hdfcergo,29684.89,0.0,2024-01-18,,,Rejected,Duplicate claim,OK,2024-01
CLM04839,PT00702,DR007,Dr. Deepak Sharma,Gynecology,Unitedhealthindia,33293.51,0.0,2024-04-01,,,Rejected,Pre-authorization missing,OK,2024-04
CLM04840,PT01164,DR007,Dr. Deepak Sharma,Gynecology,Starhealth,102588.87,90274.01,2024-06-20,2024-07-31,41.0,Approved,nan,OK,2024-06
CLM04841,PT01189,DR005,Dr. Sunita Kulkarni,General Medicine,Starhealth,20005.11,18978.66,2024-01-14,2024-04-16,93.0,Approved,nan,OK,2024-01
CLM04842,PT00828,DR001,Dr. Priya Nair,Cardiology,Bajajallianz,13479.05,13295.68,2024-07-29,2024-08-17,19.0,Approved,nan,OK,2024-07
CLM04843,PT00955,DR006,Dr. Kavya Iyer,Pediatrics,Starhealth,92332.99,73377.78,2024-08-30,2024-11-18,80.0,Approved,nan,OK,2024-08
CLM04844,PT00480,DR002,Dr. Suresh Patil,Orthopedics,Bajajallianz,103417.94,82169.1,2024-04-18,2024-04-29,11.0,Approved,nan,OK,2024-04
CLM04845,PT00162,DR001,Dr. Priya Nair,Cardiology,Hdfcergo,71324.89,61816.97,2024-03-25,2024-06-19,86.0,Approved,nan,OK,2024-03
CLM04846,PT01038,DR010,Dr. Rohit Verma,Orthopedics,Nationalinsurance,111411.49,88137.43,2024-09-06,2024-12-15,100.0,Approved,nan,OK,2024-09
CLM04847,PT01816,DR008,Dr. Anil Joshi,Emergency,Unitedhealthindia,70281.62,66117.08,2024-04-19,2024-07-01,73.0,Approved,nan,OK,2024-04
CLM04848,PT00068,DR006,Dr. Kavya Iyer,Pediatrics,Nationalinsurance,104620.76,0.0,2024-10-24,,,Rejected,Duplicate claim,OK,2024-10
CLM04849,PT00303,DR004,Dr. Rajan Mehta,Oncology,Hdfcergo,76600.53,72687.34,2024-01-23,2024-05-11,109.0,Approved,nan,OK,2024-01
CLM04850,PT00541,DR005,Dr. Sunita Kulkarni,General Medicine,Unitedhealthindia,103783.29,88469.07,2024-07-23,2024-09-03,42.0,Approved,nan,OK,2024-07
CLM04851,PT00857,DR002,Dr. Suresh Patil,Orthopedics,Hdfcergo,109974.52,91031.22,2024-07-06,2024-09-10,66.0,Approved,nan,OK,2024-07
CLM04852,PT00961,DR001,Dr. Priya Nair,Cardiology,Nationalinsurance,22511.21,17319.0,2024-06-01,2024-07-27,56.0,Approved,nan,OK,2024-06
CLM04853,PT00970,DR007,Dr. Deepak Sharma,Gynecology,Starhealth,12316.2,11275.47,2024-11-08,2025-02-06,90.0,Approved,nan,OK,2024-11
CLM04854,PT01203,DR001,Dr. Priya Nair,Cardiology,Bajajallianz,33769.31,26736.49,2024-08-26,2024-11-25,91.0,Approved,nan,OK,2024-08
CLM04855,PT00022,DR004,Dr. Rajan Mehta,Oncology,Bajajallianz,64965.26,56050.46,2024-03-27,2024-04-26,30.0,Approved,nan,OK,2024-03
CLM04856,PT01581,DR006,Dr. Kavya Iyer,Pediatrics,Hdfcergo,6393.37,6217.68,2024-10-02,2025-01-28,118.0,Approved,nan,OK,2024-10
CLM04857,PT00829,DR006,Dr. Kavya Iyer,Pediatrics,Hdfcergo,111147.07,102068.79,2024-03-31,2024-06-08,69.0,Approved,nan,OK,2024-03
CLM04858,PT01007,DR009,Dr. Meera Pillai,Cardiology,Bajajallianz,21537.78,17076.04,2024-06-26,2024-08-30,65.0,Approved,nan,OK,2024-06
CLM04859,PT01223,DR005,Dr. Sunita Kulkarni,General Medicine,Nationalinsurance,115600.19,104240.39,2024-03-07,2024-04-27,51.0,Approved,nan,OK,2024-03
CLM04860,PT00677,DR008,Dr. Anil Joshi,Emergency,Hdfcergo,17562.63,15299.52,2024-07-26,2024-08-22,27.0,Approved,nan,OK,2024-07
CLM04861,PT01722,DR009,Dr. Meera Pillai,Cardiology,Unitedhealthindia,146644.76,110499.06,2024-04-30,2024-07-20,81.0,Approved,nan,OK,2024-04
CLM04862,PT00098,DR009,Dr. Meera Pillai,Cardiology,Nationalinsurance,111296.46,89541.93,2024-04-09,2024-08-02,115.0,Approved,nan,OK,2024-04
CLM04863,PT00374,DR007,Dr. Deepak Sharma,Gynecology,Hdfcergo,80755.01,61042.63,2024-07-14,2024-07-23,9.0,Approved,nan,OK,2024-07
CLM04864,PT00105,DR001,Dr. Priya Nair,Cardiology,Starhealth,32030.28,26942.24,2024-03-14,2024-06-07,85.0,Approved,nan,OK,2024-03
CLM04865,PT00576,DR008,Dr. Anil Joshi,Emergency,Starhealth,94724.82,0.0,2024-10-13,,,Rejected,Duplicate claim,OK,2024-10
CLM04866,PT00229,DR004,Dr. Rajan Mehta,Oncology,Hdfcergo,46859.18,41807.06,2024-03-31,2024-06-20,81.0,Approved,nan,OK,2024-03
CLM04867,PT01483,DR009,Dr. Meera Pillai,Cardiology,Unitedhealthindia,45356.62,35806.82,2024-10-19,2025-02-08,112.0,Approved,nan,OK,2024-10
CLM04868,PT01493,DR004,Dr. Rajan Mehta,Oncology,Hdfcergo,110989.57,104108.33,2024-09-18,2024-09-28,10.0,Approved,nan,OK,2024-09
CLM04869,PT00176,DR010,Dr. Rohit Verma,Orthopedics,Bajajallianz,93699.14,85900.47,2024-02-23,2024-03-10,16.0,Approved,nan,OK,2024-02
CLM04870,PT01678,DR001,Dr. Priya Nair,Cardiology,Unitedhealthindia,82467.67,0.0,2024-02-01,,,Rejected,Duplicate claim,OK,2024-02
CLM04871,PT00551,DR005,Dr. Sunita Kulkarni,General Medicine,Bajajallianz,125214.1,112764.49,2024-04-05,2024-04-29,24.0,Approved,nan,OK,2024-04
CLM04872,PT01442,DR008,Dr. Anil Joshi,Emergency,Nationalinsurance,31878.49,0.0,2024-03-16,,,Rejected,Incomplete documents,OK,2024-03
CLM04873,PT01592,DR002,Dr. Suresh Patil,Orthopedics,Hdfcergo,94682.41,91694.12,2024-10-23,2025-01-10,79.0,Approved,nan,OK,2024-10
CLM04874,PT00175,DR007,Dr. Deepak Sharma,Gynecology,Bajajallianz,123147.89,109190.49,2024-02-05,2024-03-05,29.0,Approved,nan,OK,2024-02
CLM04875,PT00666,DR002,Dr. Suresh Patil,Orthopedics,Nationalinsurance,33897.72,31538.02,2024-08-05,2024-11-14,101.0,Approved,nan,OK,2024-08
CLM04876,PT00306,DR010,Dr. Rohit Verma,Orthopedics,Hdfcergo,62291.77,54176.75,2024-06-05,2024-09-07,94.0,Approved,nan,OK,2024-06
CLM04877,PT00276,DR001,Dr. Priya Nair,Cardiology,Hdfcergo,27481.3,25487.69,2024-10-20,2025-01-03,75.0,Approved,nan,OK,2024-10
CLM04878,PT01763,DR001,Dr. Priya Nair,Cardiology,Hdfcergo,140902.93,129081.65,2024-08-09,2024-10-20,72.0,Approved,nan,OK,2024-08
CLM04879,PT00775,DR008,Dr. Anil Joshi,Emergency,Hdfcergo,99076.7,89631.28,2024-07-03,2024-10-14,103.0,Approved,nan,OK,2024-07
CLM04880,PT01690,DR007,Dr. Deepak Sharma,Gynecology,Unitedhealthindia,69208.79,54292.77,2024-02-01,2024-03-27,55.0,Approved,nan,OK,2024-02
CLM04881,PT01625,DR006,Dr. Kavya Iyer,Pediatrics,Starhealth,127894.21,96065.51,2024-04-30,2024-06-10,41.0,Approved,nan,OK,2024-04
CLM04882,PT00608,DR010,Dr. Rohit Verma,Orthopedics,Starhealth,128476.68,100200.28,2024-03-20,2024-05-25,66.0,Approved,nan,OK,2024-03
CLM04883,PT00303,DR003,Dr. Aarti Deshmukh,Neurology,Nationalinsurance,19320.95,15124.39,2024-04-05,2024-07-03,89.0,Approved,nan,OK,2024-04
CLM04884,PT00983,DR004,Dr. Rajan Mehta,Oncology,Unitedhealthindia,18433.43,18049.83,2024-12-15,2025-01-23,39.0,Approved,nan,OK,2024-12
CLM04885,PT00065,DR003,Dr. Aarti Deshmukh,Neurology,Unitedhealthindia,139576.49,0.0,2024-10-03,,,Rejected,Incomplete documents,OK,2024-10
CLM04886,PT00971,DR002,Dr. Suresh Patil,Orthopedics,Starhealth,48271.01,40096.62,2024-04-16,2024-05-20,34.0,Approved,nan,OK,2024-04
CLM04887,PT01377,DR005,Dr. Sunita Kulkarni,General Medicine,Nationalinsurance,14488.57,13059.44,2024-08-13,2024-11-08,87.0,Approved,nan,OK,2024-08
CLM04888,PT01905,DR004,Dr. Rajan Mehta,Oncology,Bajajallianz,42872.83,0.0,2024-11-17,,,Rejected,Incomplete documents,OK,2024-11
CLM04889,PT01919,DR009,Dr. Meera Pillai,Cardiology,Nationalinsurance,51928.78,44271.45,2024-02-25,2024-05-15,80.0,Approved,nan,OK,2024-02
CLM04890,PT00816,DR009,Dr. Meera Pillai,Cardiology,Nationalinsurance,87593.72,81589.88,2024-11-26,2025-01-15,50.0,Approved,nan,OK,2024-11
CLM04891,PT01050,DR005,Dr. Sunita Kulkarni,General Medicine,Bajajallianz,71824.91,64155.87,2024-12-11,2025-03-15,94.0,Approved,nan,OK,2024-12
CLM04892,PT01054,DR002,Dr. Suresh Patil,Orthopedics,Hdfcergo,112815.03,101446.72,2024-07-08,2024-08-09,32.0,Approved,nan,OK,2024-07
CLM04893,PT00857,DR006,Dr. Kavya Iyer,Pediatrics,Starhealth,34044.71,26478.09,2024-09-21,2024-10-26,35.0,Approved,nan,OK,2024-09
CLM04894,PT00168,DR007,Dr. Deepak Sharma,Gynecology,Starhealth,67255.24,54493.69,2024-01-06,2024-03-10,64.0,Approved,nan,OK,2024-01
CLM04895,PT01422,DR004,Dr. Rajan Mehta,Oncology,Hdfcergo,73094.91,59566.17,2024-03-06,2024-03-13,7.0,Approved,nan,OK,2024-03
CLM04897,PT01274,DR008,Dr. Anil Joshi,Emergency,Nationalinsurance,148155.05,116331.7,2024-08-06,2024-08-19,13.0,Approved,nan,OK,2024-08
CLM04898,PT00401,DR002,Dr. Suresh Patil,Orthopedics,Unitedhealthindia,114607.27,111423.17,2024-02-24,2024-05-11,77.0,Approved,nan,OK,2024-02
CLM04899,PT01413,DR009,Dr. Meera Pillai,Cardiology,Hdfcergo,105086.11,79189.57,2024-09-08,2024-12-23,106.0,Approved,nan,OK,2024-09
CLM04900,PT00745,DR006,Dr. Kavya Iyer,Pediatrics,Nationalinsurance,132168.24,109904.63,2024-08-19,2024-08-26,7.0,Approved,nan,OK,2024-08
CLM04901,PT00605,DR004,Dr. Rajan Mehta,Oncology,Unitedhealthindia,127623.2,0.0,2024-05-19,,,Rejected,Policy lapsed,OK,2024-05
CLM04902,PT00708,DR008,Dr. Anil Joshi,Emergency,Hdfcergo,123686.06,0.0,2024-11-19,,,Rejected,Late submission,OK,2024-11
CLM04903,PT01541,DR001,Dr. Priya Nair,Cardiology,Unitedhealthindia,56131.95,52360.48,2024-04-10,2024-05-14,34.0,Approved,nan,OK,2024-04
CLM04904,PT01548,DR009,Dr. Meera Pillai,Cardiology,Nationalinsurance,32525.24,0.0,2024-04-17,,,Rejected,Patient details mismatch,OK,2024-04
CLM04905,PT00633,DR004,Dr. Rajan Mehta,Oncology,Bajajallianz,82688.32,74783.16,2024-12-15,2025-01-04,20.0,Approved,nan,OK,2024-12
CLM04906,PT00839,DR004,Dr. Rajan Mehta,Oncology,Unitedhealthindia,57485.98,52564.04,2024-07-19,2024-08-13,25.0,Approved,nan,OK,2024-07
CLM04907,PT00553,DR004,Dr. Rajan Mehta,Oncology,Hdfcergo,105385.68,83692.97,2024-04-10,2024-06-19,70.0,Approved,nan,OK,2024-04
CLM04908,PT01655,DR007,Dr. Deepak Sharma,Gynecology,Bajajallianz,129876.08,121998.56,2024-11-22,2025-01-12,51.0,Approved,nan,OK,2024-11
CLM04909,PT01653,DR001,Dr. Priya Nair,Cardiology,Hdfcergo,101494.4,88872.37,2024-09-23,2024-12-23,91.0,Approved,nan,OK,2024-09
CLM04910,PT01602,DR001,Dr. Priya Nair,Cardiology,Unitedhealthindia,88191.72,77619.94,2024-08-24,2024-10-11,48.0,Approved,nan,OK,2024-08
CLM04911,PT00419,DR010,Dr. Rohit Verma,Orthopedics,Bajajallianz,137294.04,122396.69,2024-02-13,2024-03-06,22.0,Approved,nan,OK,2024-02
CLM04912,PT00635,DR001,Dr. Priya Nair,Cardiology,Unitedhealthindia,63200.07,0.0,2024-07-18,,,Rejected,Service not covered,OK,2024-07
CLM04913,PT00068,DR005,Dr. Sunita Kulkarni,General Medicine,Starhealth,142529.14,130761.03,2024-07-08,2024-09-15,69.0,Approved,nan,OK,2024-07
CLM04914,PT00041,DR004,Dr. Rajan Mehta,Oncology,Bajajallianz,41465.7,40780.69,2024-08-24,2024-12-11,109.0,Approved,nan,OK,2024-08
CLM04915,PT01976,DR008,Dr. Anil Joshi,Emergency,Unitedhealthindia,122729.71,112515.58,2024-09-07,2024-09-14,7.0,Approved,nan,OK,2024-09
CLM04916,PT01570,DR002,Dr. Suresh Patil,Orthopedics,Unitedhealthindia,128370.39,122804.38,2024-01-12,2024-02-17,36.0,Approved,nan,OK,2024-01
CLM04917,PT01488,DR001,Dr. Priya Nair,Cardiology,Bajajallianz,22159.81,19463.93,2024-02-02,2024-04-21,79.0,Approved,nan,OK,2024-02
CLM04918,PT00651,DR002,Dr. Suresh Patil,Orthopedics,Nationalinsurance,94636.76,0.0,2024-01-03,,,Rejected,Incomplete documents,OK,2024-01
CLM04919,PT00904,DR005,Dr. Sunita Kulkarni,General Medicine,Hdfcergo,30590.27,0.0,2024-10-19,,,Rejected,Incomplete documents,OK,2024-10
CLM04920,PT01033,DR004,Dr. Rajan Mehta,Oncology,Unitedhealthindia,9047.59,7904.28,2024-11-09,2025-01-16,68.0,Approved,nan,OK,2024-11
CLM04921,PT01115,DR005,Dr. Sunita Kulkarni,General Medicine,Bajajallianz,24778.39,19889.22,2024-07-14,2024-08-21,38.0,Approved,nan,OK,2024-07
CLM04922,PT01827,DR005,Dr. Sunita Kulkarni,General Medicine,Hdfcergo,54684.2,43845.47,2024-10-19,2024-12-02,44.0,Approved,nan,OK,2024-10
CLM04923,PT00604,DR002,Dr. Suresh Patil,Orthopedics,Nationalinsurance,10965.68,9336.15,2024-08-04,2024-11-17,105.0,Approved,nan,OK,2024-08
CLM04924,PT01648,DR010,Dr. Rohit Verma,Orthopedics,Starhealth,34195.23,27724.52,2024-11-23,2025-01-06,44.0,Approved,nan,OK,2024-11
CLM04925,PT00992,DR004,Dr. Rajan Mehta,Oncology,Nationalinsurance,46282.28,45533.55,2024-12-17,2025-03-24,97.0,Approved,nan,OK,2024-12
CLM04926,PT01878,DR008,Dr. Anil Joshi,Emergency,Starhealth,84321.98,65346.84,2024-03-18,2024-07-11,115.0,Approved,nan,OK,2024-03
CLM04927,PT00035,DR007,Dr. Deepak Sharma,Gynecology,Nationalinsurance,87501.68,0.0,2024-04-22,,,Rejected,Patient details mismatch,OK,2024-04
CLM04928,PT01383,DR002,Dr. Suresh Patil,Orthopedics,Starhealth,83883.95,81160.03,2024-02-01,2024-04-17,76.0,Approved,nan,OK,2024-02
CLM04929,PT01393,DR008,Dr. Anil Joshi,Emergency,Starhealth,116701.47,107077.33,2024-03-12,2024-05-03,52.0,Approved,nan,OK,2024-03
CLM04930,PT00733,DR007,Dr. Deepak Sharma,Gynecology,Bajajallianz,44212.62,39854.63,2024-02-02,2024-05-06,94.0,Approved,nan,OK,2024-02
CLM04932,PT01029,DR005,Dr. Sunita Kulkarni,General Medicine,Unitedhealthindia,25864.19,0.0,2024-04-25,,,Rejected,Incomplete documents,OK,2024-04
CLM04933,PT00091,DR010,Dr. Rohit Verma,Orthopedics,Starhealth,99959.98,94139.93,2024-11-14,2024-12-08,24.0,Approved,nan,OK,2024-11
CLM04934,PT00697,DR004,Dr. Rajan Mehta,Oncology,Unitedhealthindia,142861.44,0.0,2024-02-15,,,Rejected,Policy lapsed,OK,2024-02
CLM04935,PT00911,DR007,Dr. Deepak Sharma,Gynecology,Bajajallianz,123905.33,94554.23,2024-05-31,2024-06-29,29.0,Approved,nan,OK,2024-05
CLM04936,PT01262,DR010,Dr. Rohit Verma,Orthopedics,Nationalinsurance,39143.16,32734.34,2024-10-12,2024-11-30,49.0,Approved,nan,OK,2024-10
CLM04937,PT01890,DR002,Dr. Suresh Patil,Orthopedics,Bajajallianz,103390.21,91773.5,2024-06-04,2024-07-20,46.0,Approved,nan,OK,2024-06
CLM04938,PT00117,DR006,Dr. Kavya Iyer,Pediatrics,Starhealth,120788.01,119899.64,2024-12-19,2024-12-27,8.0,Approved,nan,OK,2024-12
CLM04939,PT01480,DR008,Dr. Anil Joshi,Emergency,Hdfcergo,52589.76,0.0,2024-11-09,,,Rejected,Incomplete documents,OK,2024-11
CLM04940,PT01922,DR009,Dr. Meera Pillai,Cardiology,Nationalinsurance,88254.77,70798.05,2024-01-14,2024-01-21,7.0,Approved,nan,OK,2024-01
CLM04941,PT01311,DR008,Dr. Anil Joshi,Emergency,Nationalinsurance,78688.89,0.0,2024-02-04,,,Rejected,Service not covered,OK,2024-02
CLM04942,PT01220,DR006,Dr. Kavya Iyer,Pediatrics,Hdfcergo,52376.14,40780.37,2024-07-01,2024-09-01,62.0,Approved,nan,OK,2024-07
CLM04943,PT01562,DR010,Dr. Rohit Verma,Orthopedics,Hdfcergo,116668.05,93563.35,2024-12-01,2024-12-10,9.0,Approved,nan,OK,2024-12
CLM04944,PT00793,DR007,Dr. Deepak Sharma,Gynecology,Hdfcergo,126174.29,98355.37,2024-11-14,2024-12-12,28.0,Approved,nan,OK,2024-11
CLM04945,PT00426,DR004,Dr. Rajan Mehta,Oncology,Bajajallianz,57841.13,52620.77,2024-06-26,2024-08-19,54.0,Approved,nan,OK,2024-06
CLM04946,PT00131,DR010,Dr. Rohit Verma,Orthopedics,Nationalinsurance,91699.61,69528.42,2024-06-15,2024-09-23,100.0,Approved,nan,OK,2024-06
CLM04947,PT00612,DR008,Dr. Anil Joshi,Emergency,Bajajallianz,138190.78,110413.4,2024-08-12,2024-10-15,64.0,Approved,nan,OK,2024-08
CLM04948,PT00360,DR006,Dr. Kavya Iyer,Pediatrics,Hdfcergo,140602.55,120510.82,2024-09-17,2024-11-02,46.0,Approved,nan,OK,2024-09
CLM04949,PT01841,DR006,Dr. Kavya Iyer,Pediatrics,Hdfcergo,75484.58,67195.18,2024-01-03,2024-04-29,117.0,Approved,nan,OK,2024-01
CLM04951,PT01789,DR006,Dr. Kavya Iyer,Pediatrics,Hdfcergo,77946.53,61688.67,2024-01-02,2024-02-11,40.0,Approved,nan,OK,2024-01
CLM04952,PT00095,DR009,Dr. Meera Pillai,Cardiology,Starhealth,118847.86,101235.56,2024-06-02,2024-06-09,7.0,Approved,nan,OK,2024-06
CLM04953,PT01443,DR003,Dr. Aarti Deshmukh,Neurology,Unitedhealthindia,58835.69,0.0,2024-05-31,,,Rejected,Service not covered,OK,2024-05
CLM04954,PT01290,DR003,Dr. Aarti Deshmukh,Neurology,Starhealth,97712.73,77554.14,2024-03-21,2024-04-20,30.0,Approved,nan,OK,2024-03
CLM04955,PT00358,DR010,Dr. Rohit Verma,Orthopedics,Bajajallianz,43490.9,42173.66,2024-07-14,2024-08-07,24.0,Approved,nan,OK,2024-07
CLM04956,PT01473,DR002,Dr. Suresh Patil,Orthopedics,Bajajallianz,79166.76,68702.73,2024-05-14,2024-06-01,18.0,Approved,nan,OK,2024-05
CLM04957,PT01942,DR006,Dr. Kavya Iyer,Pediatrics,Bajajallianz,58606.92,54652.82,2024-10-13,2024-12-28,76.0,Approved,nan,OK,2024-10
CLM04958,PT00465,DR006,Dr. Kavya Iyer,Pediatrics,Unitedhealthindia,130236.11,118101.86,2024-05-30,2024-08-22,84.0,Approved,nan,OK,2024-05
CLM04959,PT01210,DR006,Dr. Kavya Iyer,Pediatrics,Nationalinsurance,141878.27,131673.93,2024-11-26,2024-12-21,25.0,Approved,nan,OK,2024-11
CLM04960,PT00659,DR002,Dr. Suresh Patil,Orthopedics,Nationalinsurance,148757.17,114012.8,2024-10-19,2024-11-06,18.0,Approved,nan,OK,2024-10
CLM04961,PT00511,DR002,Dr. Suresh Patil,Orthopedics,Starhealth,16536.21,13270.1,2024-11-06,2025-03-01,115.0,Approved,nan,OK,2024-11
CLM04962,PT01904,DR001,Dr. Priya Nair,Cardiology,Bajajallianz,102070.37,95725.48,2024-05-24,2024-08-16,84.0,Approved,nan,OK,2024-05
CLM04963,PT01341,DR008,Dr. Anil Joshi,Emergency,Bajajallianz,13931.46,12157.82,2024-12-26,2025-04-11,106.0,Approved,nan,OK,2024-12
CLM04964,PT00596,DR006,Dr. Kavya Iyer,Pediatrics,Unitedhealthindia,111633.09,0.0,2024-03-27,,,Rejected,Late submission,OK,2024-03
CLM04965,PT01667,DR002,Dr. Suresh Patil,Orthopedics,Unitedhealthindia,32110.23,27350.42,2024-11-17,2024-12-28,41.0,Approved,nan,OK,2024-11
CLM04966,PT00357,DR006,Dr. Kavya Iyer,Pediatrics,Bajajallianz,10050.25,8378.38,2024-07-10,2024-11-07,120.0,Approved,nan,OK,2024-07
CLM04967,PT00758,DR008,Dr. Anil Joshi,Emergency,Hdfcergo,147300.49,131806.72,2024-08-14,2024-10-08,55.0,Approved,nan,OK,2024-08
CLM04968,PT00824,DR002,Dr. Suresh Patil,Orthopedics,Hdfcergo,90109.32,75805.6,2024-02-27,2024-03-17,19.0,Approved,nan,OK,2024-02
CLM04969,PT01140,DR004,Dr. Rajan Mehta,Oncology,Hdfcergo,127935.71,121053.67,2024-06-09,2024-08-30,82.0,Approved,nan,OK,2024-06
CLM04970,PT00949,DR001,Dr. Priya Nair,Cardiology,Hdfcergo,89538.8,76462.95,2024-03-08,2024-06-30,114.0,Approved,nan,OK,2024-03
CLM04972,PT00462,DR006,Dr. Kavya Iyer,Pediatrics,Starhealth,100413.13,94458.69,2024-01-14,2024-02-23,40.0,Approved,nan,OK,2024-01
CLM04973,PT01196,DR002,Dr. Suresh Patil,Orthopedics,Bajajallianz,142964.78,116549.22,2024-08-28,2024-10-07,40.0,Approved,nan,OK,2024-08
CLM04974,PT01353,DR007,Dr. Deepak Sharma,Gynecology,Nationalinsurance,34655.04,30426.39,2024-07-02,2024-10-09,99.0,Approved,nan,OK,2024-07
CLM04975,PT01108,DR008,Dr. Anil Joshi,Emergency,Unitedhealthindia,77211.79,0.0,2024-01-02,,,Rejected,Wrong diagnosis code,OK,2024-01
CLM04976,PT01395,DR002,Dr. Suresh Patil,Orthopedics,Starhealth,109524.4,98848.64,2024-04-29,2024-08-26,119.0,Approved,nan,OK,2024-04
CLM04977,PT00545,DR004,Dr. Rajan Mehta,Oncology,Nationalinsurance,44945.36,33848.94,2024-11-18,2025-01-23,66.0,Approved,nan,OK,2024-11
CLM04978,PT01031,DR008,Dr. Anil Joshi,Emergency,Unitedhealthindia,65357.66,56947.98,2024-05-05,2024-08-24,111.0,Approved,nan,OK,2024-05
CLM04979,PT00141,DR004,Dr. Rajan Mehta,Oncology,Nationalinsurance,30038.17,29574.34,2024-01-26,2024-02-25,30.0,Approved,nan,OK,2024-01
CLM04980,PT01350,DR004,Dr. Rajan Mehta,Oncology,Bajajallianz,21271.24,20615.86,2024-09-08,2024-11-25,78.0,Approved,nan,OK,2024-09
CLM04982,PT01295,DR003,Dr. Aarti Deshmukh,Neurology,Unitedhealthindia,47725.13,36957.11,2024-03-09,2024-03-21,12.0,Approved,nan,OK,2024-03
CLM04983,PT01699,DR004,Dr. Rajan Mehta,Oncology,Starhealth,39590.97,31767.92,2024-09-09,2024-09-20,11.0,Approved,nan,OK,2024-09
CLM04984,PT00700,DR008,Dr. Anil Joshi,Emergency,Unitedhealthindia,29732.16,22974.64,2024-12-28,2025-02-01,35.0,Approved,nan,OK,2024-12
CLM04985,PT00477,DR007,Dr. Deepak Sharma,Gynecology,Unitedhealthindia,28677.37,0.0,2024-03-24,,,Rejected,Incomplete documents,OK,2024-03
CLM04987,PT00337,DR001,Dr. Priya Nair,Cardiology,Unitedhealthindia,24851.03,20302.22,2024-02-24,2024-04-29,65.0,Approved,nan,OK,2024-02
CLM04988,PT01473,DR006,Dr. Kavya Iyer,Pediatrics,Nationalinsurance,61386.67,0.0,2024-10-21,,,Rejected,Duplicate claim,OK,2024-10
CLM04989,PT00206,DR002,Dr. Suresh Patil,Orthopedics,Nationalinsurance,44275.13,43379.32,2024-11-06,2025-03-05,119.0,Approved,nan,OK,2024-11
CLM04990,PT01680,DR010,Dr. Rohit Verma,Orthopedics,Starhealth,127068.27,125178.08,2024-09-26,2024-12-17,82.0,Approved,nan,OK,2024-09
CLM04991,PT01196,DR005,Dr. Sunita Kulkarni,General Medicine,Unitedhealthindia,68680.79,65978.92,2024-06-29,2024-09-28,91.0,Approved,nan,OK,2024-06
CLM04993,PT00787,DR006,Dr. Kavya Iyer,Pediatrics,Starhealth,131584.32,112525.8,2024-06-03,2024-09-20,109.0,Approved,nan,OK,2024-06
CLM04994,PT00599,DR006,Dr. Kavya Iyer,Pediatrics,Nationalinsurance,50975.71,47868.83,2024-12-26,2025-03-11,75.0,Approved,nan,OK,2024-12
CLM04995,PT01771,DR001,Dr. Priya Nair,Cardiology,Unitedhealthindia,93504.6,0.0,2024-01-13,,,Rejected,Wrong diagnosis code,OK,2024-01
CLM04996,PT00487,DR010,Dr. Rohit Verma,Orthopedics,Starhealth,37452.42,33870.6,2024-08-11,2024-10-20,70.0,Approved,nan,OK,2024-08
CLM04997,PT00999,DR008,Dr. Anil Joshi,Emergency,Hdfcergo,134841.45,134723.05,2024-03-08,2024-06-17,101.0,Approved,nan,OK,2024-03
CLM04998,PT00335,DR005,Dr. Sunita Kulkarni,General Medicine,Starhealth,28804.37,28720.37,2024-06-11,2024-06-18,7.0,Approved,nan,OK,2024-06
CLM04999,PT00564,DR002,Dr. Suresh Patil,Orthopedics,Nationalinsurance,46755.93,0.0,2024-03-11,,,Rejected,Policy lapsed,OK,2024-03
CLM05000,PT00141,DR010,Dr. Rohit Verma,Orthopedics,Hdfcergo,55102.92,0.0,2024-09-01,,,Rejected,Pre-authorization missing,OK,2024-09
