discharge_id,patient_id,doctor_id,doctor_name,department,diagnosis,age,admit_date,discharge_date,length_of_stay,readmitted_within_30_days,readmission_date,days_to_readmission
DC00001,PT01879,DR010,Dr. Rohit Verma,Orthopedics,Anemia,80,2024-11-17,2024-12-05,18,No,,
DC00002,PT00002,DR009,Dr. Meera Pillai,Cardiology,Chest Infection,76,2024-09-28,2024-10-05,7,No,,
DC00003,PT00368,DR007,Dr. Deepak Sharma,Gynecology,Stroke Recovery,85,2024-03-22,2024-03-25,3,No,,
DC00004,PT00205,DR001,Dr. Priya Nair,Cardiology,Anemia,82,2024-09-24,2024-10-06,12,No,,
DC00005,PT00192,DR009,Dr. Meera Pillai,Cardiology,Diabetes Type 2,52,2024-02-21,2024-03-12,20,Yes,2024-03-18,6
DC00006,PT00585,DR003,Dr. Aarti Deshmukh,Neurology,Migraine,70,2024-11-24,2024-11-25,1,No,,
DC00007,PT01830,DR006,Dr. Kavya Iyer,Pediatrics,Chest Infection,43,2024-04-06,2024-04-16,10,No,,
DC00008,PT01221,DR008,Dr. Anil Joshi,Emergency,Knee Replacement,52,2024-11-16,2024-11-17,1,Yes,2024-12-08,21
DC00009,PT00568,DR004,Dr. Rajan Mehta,Oncology,Hernia Repair,21,2024-11-16,2024-11-18,2,No,,
DC00010,PT00461,DR002,Dr. Suresh Patil,Orthopedics,Appendicitis,35,2024-04-08,2024-04-16,8,No,,
DC00011,PT01362,DR008,Dr. Anil Joshi,Emergency,Migraine,50,2024-03-28,2024-04-07,10,No,,
DC00012,PT00996,DR002,Dr. Suresh Patil,Orthopedics,Cataract Surgery,39,2024-03-10,2024-03-13,3,No,,
DC00013,PT01914,DR010,Dr. Rohit Verma,Orthopedics,Diabetes Type 2,56,2024-01-26,2024-01-31,5,No,,
DC00014,PT00367,DR008,Dr. Anil Joshi,Emergency,Migraine,55,2024-03-24,2024-04-02,9,No,,
DC00015,PT01169,DR010,Dr. Rohit Verma,Orthopedics,Asthma,36,2024-02-09,2024-02-21,12,No,,
DC00016,PT01159,DR008,Dr. Anil Joshi,Emergency,Fracture - Femur,63,2024-09-16,2024-10-05,19,Yes,2024-10-20,15
DC00017,PT01801,DR009,Dr. Meera Pillai,CARDIOLOGY,Hypertension,53,2024-01-27,2024-02-08,12,No,,
DC00018,PT00122,DR002,Dr. Suresh Patil,Orthopedics,Asthma,30,2024-03-05,2024-03-13,8,No,,
DC00019,PT00069,DR001,Dr. Priya Nair,Cardiology,Stroke Recovery,62,2024-07-16,2024-07-30,14,No,,
DC00020,PT00973,DR004,Dr. Rajan Mehta,Oncology,Anemia,29,2024-05-18,2024-06-02,15,No,,
DC00021,PT00153,DR007,Dr. Deepak Sharma,Gynecology,Stroke Recovery,31,2024-01-25,2024-01-31,6,No,,
DC00022,PT00397,DR008,Dr. Anil Joshi,Emergency,Knee Replacement,29,2024-06-18,2024-06-22,4,Yes,2024-07-16,24
DC00023,PT01956,DR002,Dr. Suresh Patil,ORTHOPEDICS,Hypertension,37,2024-03-19,2024-04-01,13,No,,
DC00024,PT01380,DR005,Dr. Sunita Kulkarni,General Medicine,Anemia,38,2024-03-30,2024-04-11,12,No,,
DC00025,PT01823,DR007,Dr. Deepak Sharma,Gynecology,Chest Infection,66,2024-05-22,2024-06-07,16,No,,
DC00026,PT00725,DR010,Dr. Rohit Verma,Orthopedics,Hernia Repair,67,2024-01-28,2024-02-04,7,No,,
DC00027,PT00578,DR003,Dr. Aarti Deshmukh,Neurology,Hernia Repair,38,2024-04-14,2024-04-29,15,No,,
DC00028,PT01527,DR003,Dr. Aarti Deshmukh,Neurology,Knee Replacement,67,2024-07-28,2024-08-13,16,Yes,2024-08-25,12
DC00029,PT00729,DR006,Dr. Kavya Iyer,Pediatrics,Knee Replacement,39,2024-03-14,2024-03-24,10,No,,
DC00030,PT00302,DR006,Dr. Kavya Iyer,Pediatrics,Lung Cancer - Stage 2,24,2024-11-05,2024-11-20,15,No,,
DC00031,PT01966,DR007,Dr. Deepak Sharma,Gynecology,Hypertension,55,2024-11-27,2024-12-04,7,No,,
DC00032,PT00455,DR002,Dr. Suresh Patil,Orthopedics,Diabetes Type 2,33,2024-08-07,2024-08-09,2,No,,
DC00033,PT01235,DR006,Dr. Kavya Iyer,Pediatrics,Knee Replacement,,2024-02-17,2024-02-21,4,No,,
DC00034,PT01386,DR005,Dr. Sunita Kulkarni,General Medicine,Stroke Recovery,25,2024-11-23,2024-12-08,15,No,,
DC00035,PT01049,DR004,Dr. Rajan Mehta,Oncology,Chest Infection,63,2024-09-26,2024-10-08,12,No,,
DC00036,PT00657,DR005,Dr. Sunita Kulkarni,General Medicine,Asthma,65,2024-10-14,2024-10-29,15,No,,
DC00037,PT00990,DR005,Dr. Sunita Kulkarni,General Medicine,Knee Replacement,38,2024-06-27,2024-07-07,10,No,,
DC00038,PT00622,DR004,Dr. Rajan Mehta,Oncology,Appendicitis,79,2024-09-28,2024-10-04,6,No,,
DC00039,PT01377,DR009,Dr. Meera Pillai,Cardiology,Chest Infection,84,2024-02-01,2024-02-16,15,No,,
DC00040,PT00372,DR006,Dr. Kavya Iyer,PEDIATRICS,Stroke Recovery,31,2024-01-30,2024-02-16,17,No,,
DC00041,PT01070,DR010,Dr. Rohit Verma,Orthopedics,Lung Cancer - Stage 2,31,2024-07-10,2024-07-14,4,No,,
DC00042,PT01754,DR003,Dr. Aarti Deshmukh,Neurology,Migraine,79,2024-05-25,2024-06-08,14,Yes,2024-07-03,25
DC00043,PT00689,DR003,Dr. Aarti Deshmukh,Neurology,Stroke Recovery,20,2024-08-12,2024-08-16,4,No,,
DC00044,PT01622,DR006,Dr. Kavya Iyer,Pediatrics,Hernia Repair,67,2024-11-09,2024-11-30,21,No,,
DC00045,PT00719,DR008,Dr. Anil Joshi,Emergency,Hypertension,41,2024-07-06,2024-07-13,7,Yes,2024-08-07,25
DC00046,PT00042,DR002,Dr. Suresh Patil,Orthopedics,Lung Cancer - Stage 2,53,2024-06-08,2024-06-22,14,No,,
DC00047,PT01156,DR005,Dr. Sunita Kulkarni,General Medicine,Diabetes Type 2,,2024-01-30,2024-02-06,7,No,,
DC00048,PT01475,DR004,Dr. Rajan Mehta,Oncology,Knee Replacement,52,2024-09-25,2024-10-14,19,Yes,2024-10-19,5
DC00049,PT01537,DR004,Dr. Rajan Mehta,Oncology,Heart Attack,76,2024-09-05,2024-09-06,1,Yes,2024-09-17,11
DC00050,PT00953,DR008,Dr. Anil Joshi,Emergency,Migraine,45,2024-04-29,2024-05-15,16,No,,
DC00051,PT00294,DR008,Dr. Anil Joshi,Emergency,Chest Infection,,2024-11-08,2024-11-14,6,Yes,2024-11-18,4
DC00052,PT01248,DR008,Dr. Anil Joshi,Emergency,Fracture - Femur,18,2024-05-29,2024-05-31,2,No,,
DC00053,PT00759,DR007,Dr. Deepak Sharma,GYNECOLOGY,Appendicitis,19,2024-02-06,2024-02-24,18,No,,
DC00054,PT01661,DR008,Dr. Anil Joshi,Emergency,Hypertension,25,2024-01-04,2024-01-20,16,No,,
DC00055,PT00272,DR002,Dr. Suresh Patil,Orthopedics,Knee Replacement,45,2024-07-21,2024-08-08,18,No,,
DC00056,PT01527,DR001,Dr. Priya Nair,Cardiology,Diabetes Type 2,26,2024-02-09,2024-02-27,18,No,,
DC00057,PT00230,DR001,Dr. Priya Nair,Cardiology,Migraine,73,2024-07-14,2024-07-29,15,No,,
DC00058,PT00226,DR005,Dr. Sunita Kulkarni,General Medicine,Dengue Fever,28,2024-06-05,2024-06-08,3,No,,
DC00059,PT00368,DR009,Dr. Meera Pillai,Cardiology,Knee Replacement,32,2024-03-18,2024-03-30,12,No,,
DC00060,PT01209,DR006,Dr. Kavya Iyer,Pediatrics,Anemia,33,2024-11-19,2024-12-02,13,No,,
DC00061,PT00041,DR003,Dr. Aarti Deshmukh,Neurology,Hernia Repair,56,2024-06-16,2024-06-25,9,No,,
DC00062,PT00322,DR005,Dr. Sunita Kulkarni,General Medicine,Cataract Surgery,84,2024-03-21,2024-03-24,3,No,,
DC00063,PT00540,DR009,Dr. Meera Pillai,Cardiology,Hypertension,,2024-06-18,2024-07-03,15,No,,
DC00064,PT00603,DR003,Dr. Aarti Deshmukh,Neurology,Lung Cancer - Stage 2,71,2024-11-29,2024-12-04,5,No,,
DC00065,PT00949,DR006,Dr. Kavya Iyer,Pediatrics,Lung Cancer - Stage 2,81,2024-09-14,2024-09-29,15,No,,
DC00066,PT00317,DR001,Dr. Priya Nair,Cardiology,Appendicitis,34,2024-02-16,2024-02-23,7,Yes,2024-02-29,6
DC00067,PT01500,DR008,Dr. Anil Joshi,Emergency,Lung Cancer - Stage 2,,2024-06-06,2024-06-23,17,Yes,2024-07-19,26
DC00068,PT01260,DR001,Dr. Priya Nair,Cardiology,Hypertension,73,2024-06-02,2024-06-22,20,Yes,2024-07-17,25
DC00069,PT00920,DR007,Dr. Deepak Sharma,Gynecology,Knee Replacement,22,2024-10-17,2024-10-30,13,No,,
DC00070,PT01937,DR005,Dr. Sunita Kulkarni,General Medicine,Hernia Repair,26,2024-11-08,2024-11-28,20,No,,
DC00071,PT00252,DR007,Dr. Deepak Sharma,Gynecology,Lung Cancer - Stage 2,50,2024-10-31,2024-11-11,11,No,,
DC00072,PT01501,DR005,Dr. Sunita Kulkarni,General Medicine,Cataract Surgery,77,2024-07-27,2024-08-08,12,No,,
DC00073,PT01297,DR008,Dr. Anil Joshi,Emergency,Diabetes Type 2,50,2024-06-25,2024-07-02,7,Yes,2024-07-21,19
DC00074,PT01068,DR008,Dr. Anil Joshi,Emergency,Migraine,40,2024-04-20,2024-04-25,5,No,,
DC00075,PT01549,DR009,Dr. Meera Pillai,Cardiology,Asthma,81,2024-05-28,2024-06-02,5,No,,
DC00076,PT00878,DR005,Dr. Sunita Kulkarni,General Medicine,Chest Infection,25,2024-11-17,2024-11-26,9,No,,
DC00077,PT00206,DR005,Dr. Sunita Kulkarni,General Medicine,Stroke Recovery,59,2024-07-15,2024-07-29,14,No,,
DC00078,PT01875,DR004,Dr. Rajan Mehta,Oncology,Anemia,45,2024-10-10,2024-10-16,6,No,,
DC00079,PT00502,DR004,Dr. Rajan Mehta,Oncology,Chest Infection,83,2024-07-17,2024-07-31,14,No,,
DC00080,PT01973,DR007,Dr. Deepak Sharma,Gynecology,Hernia Repair,65,2024-07-05,2024-07-21,-1,No,,
DC00081,PT01613,DR004,Dr. Rajan Mehta,Oncology,Hernia Repair,18,2024-11-10,2024-11-28,18,No,,
DC00082,PT00150,DR010,Dr. Rohit Verma,Orthopedics,Diabetes Type 2,79,2024-07-06,2024-07-21,15,No,,
DC00083,PT01896,DR002,Dr. Suresh Patil,Orthopedics,Chest Infection,66,2024-09-27,2024-10-01,4,No,,
DC00084,PT00329,DR009,Dr. Meera Pillai,Cardiology,Diabetes Type 2,77,2024-02-27,2024-03-10,12,No,,
DC00085,PT00132,DR007,Dr. Deepak Sharma,Gynecology,Stroke Recovery,64,2024-11-03,2024-11-18,15,Yes,2024-12-05,17
DC00086,PT00281,DR002,Dr. Suresh Patil,Orthopedics,Hernia Repair,22,2024-07-08,2024-07-11,3,No,,
DC00087,PT01320,DR010,Dr. Rohit Verma,Orthopedics,Hernia Repair,46,2024-05-15,2024-05-25,10,Yes,2024-06-01,7
DC00088,PT01388,DR007,Dr. Deepak Sharma,Gynecology,Chest Infection,55,2024-07-22,2024-08-10,19,No,,
DC00089,PT01709,DR009,Dr. Meera Pillai,Cardiology,Knee Replacement,39,2024-07-14,2024-07-21,7,No,,
DC00090,PT01314,DR002,Dr. Suresh Patil,Orthopedics,Diabetes Type 2,28,2024-06-07,2024-06-15,8,No,,
DC00091,PT01771,DR008,Dr. Anil Joshi,Emergency,Diabetes Type 2,52,2024-05-21,2024-05-25,4,No,,
DC00092,PT00275,DR010,Dr. Rohit Verma,Orthopedics,Stroke Recovery,50,2024-01-16,2024-01-29,13,No,,
DC00093,PT01503,DR004,Dr. Rajan Mehta,Oncology,Hernia Repair,70,2024-09-16,2024-09-19,3,No,,
DC00094,PT01219,DR006,Dr. Kavya Iyer,Pediatrics,Cataract Surgery,63,2024-06-08,2024-06-10,2,No,,
DC00095,PT01196,DR005,Dr. Sunita Kulkarni,General Medicine,Fracture - Femur,83,2024-06-21,2024-06-26,5,No,,
DC00096,PT00684,DR010,Dr. Rohit Verma,Orthopedics,Fracture - Femur,40,2024-10-15,2024-11-02,18,No,,
DC00097,PT00055,DR005,Dr. Sunita Kulkarni,General Medicine,Knee Replacement,19,2024-03-03,2024-03-04,1,No,,
DC00098,PT01559,DR008,Dr. Anil Joshi,Emergency,Fracture - Femur,53,2024-09-26,2024-10-07,11,No,,
DC00099,PT00710,DR008,Dr. Anil Joshi,Emergency,Heart Attack,66,2024-11-13,2024-12-01,18,No,,
DC00100,PT01740,DR004,Dr. Rajan Mehta,Oncology,Stroke Recovery,,2024-10-17,2024-10-28,11,No,,
DC00101,PT01288,DR003,Dr. Aarti Deshmukh,Neurology,Asthma,43,2024-06-26,2024-07-08,12,No,,
DC00102,PT00820,DR004,Dr. Rajan Mehta,Oncology,Fracture - Femur,31,2024-09-06,2024-09-13,7,No,,
DC00103,PT01721,DR008,Dr. Anil Joshi,Emergency,Migraine,46,2024-01-17,2024-01-21,4,No,,
DC00104,PT00250,DR008,Dr. Anil Joshi,Emergency,Stroke Recovery,43,2024-04-15,2024-04-27,12,No,,
DC00105,PT00255,DR006,Dr. Kavya Iyer,Pediatrics,Diabetes Type 2,57,2024-06-22,2024-07-06,14,No,,
DC00106,PT00938,DR002,Dr. Suresh Patil,Orthopedics,Stroke Recovery,45,2024-06-14,2024-07-04,20,No,,
DC00107,PT01870,DR001,Dr. Priya Nair,Cardiology,Cataract Surgery,40,2024-06-28,2024-07-07,9,No,,
DC00108,PT00870,DR005,Dr. Sunita Kulkarni,GENERAL MEDICINE,Stroke Recovery,73,2024-04-13,2024-04-17,4,Yes,2024-04-24,7
DC00109,PT01126,DR007,Dr. Deepak Sharma,Gynecology,Asthma,55,2024-09-30,2024-10-16,16,No,,
DC00110,PT00456,DR007,Dr. Deepak Sharma,Gynecology,Asthma,24,2024-08-13,2024-08-18,5,No,,
DC00111,PT00074,DR007,Dr. Deepak Sharma,Gynecology,Appendicitis,31,2024-11-11,2024-11-30,19,No,,
DC00112,PT01978,DR007,Dr. Deepak Sharma,Gynecology,Anemia,53,2024-06-17,2024-07-06,19,No,,
DC00113,PT00204,DR002,Dr. Suresh Patil,Orthopedics,Diabetes Type 2,58,2024-06-12,2024-06-25,13,No,,
DC00114,PT00204,DR009,Dr. Meera Pillai,Cardiology,Hypertension,49,2024-07-20,2024-07-21,1,No,,
DC00115,PT01515,DR002,Dr. Suresh Patil,Orthopedics,Anemia,36,2024-06-15,2024-06-21,6,No,,
DC00116,PT00409,DR001,Dr. Priya Nair,Cardiology,Hernia Repair,83,2024-08-13,2024-08-21,8,No,,
DC00117,PT01396,DR006,Dr. Kavya Iyer,Pediatrics,Lung Cancer - Stage 2,21,2024-06-06,2024-06-13,7,Yes,2024-07-06,23
DC00118,PT01838,DR008,Dr. Anil Joshi,Emergency,Heart Attack,55,2024-09-07,2024-09-23,16,Yes,2024-10-05,12
DC00119,PT01621,DR006,Dr. Kavya Iyer,Pediatrics,Hernia Repair,44,2024-02-21,2024-03-09,17,No,,
DC00120,PT00455,DR004,Dr. Rajan Mehta,Oncology,Heart Attack,23,2024-08-09,2024-08-16,7,No,,
DC00121,PT00778,DR007,Dr. Deepak Sharma,Gynecology,Hernia Repair,25,2024-01-29,2024-02-13,15,No,,
DC00122,PT00782,DR007,Dr. Deepak Sharma,Gynecology,Appendicitis,63,2024-01-23,2024-02-05,13,Yes,2024-02-19,14
DC00123,PT00862,DR009,Dr. Meera Pillai,Cardiology,Dengue Fever,62,2024-07-28,2024-08-09,12,No,,
DC00124,PT00522,DR008,Dr. Anil Joshi,Emergency,Lung Cancer - Stage 2,51,2024-02-24,2024-03-16,21,Yes,2024-04-09,24
DC00125,PT00401,DR010,Dr. Rohit Verma,Orthopedics,Appendicitis,83,2024-09-23,2024-10-03,10,No,,
DC00126,PT00015,DR001,Dr. Priya Nair,Cardiology,Cataract Surgery,37,2024-02-04,2024-02-22,18,Yes,2024-03-12,19
DC00127,PT01818,DR009,Dr. Meera Pillai,Cardiology,Diabetes Type 2,36,2024-10-30,2024-11-06,7,No,,
DC00128,PT00452,DR009,Dr. Meera Pillai,Cardiology,Hernia Repair,79,2024-02-24,2024-03-15,-1,No,,
DC00129,PT01737,DR009,Dr. Meera Pillai,CARDIOLOGY,Diabetes Type 2,76,2024-08-26,2024-09-07,12,No,,
DC00130,PT00883,DR008,Dr. Anil Joshi,Emergency,Asthma,34,2024-06-12,2024-06-17,5,No,,
DC00131,PT01406,DR009,Dr. Meera Pillai,Cardiology,Dengue Fever,83,2024-04-25,2024-05-01,6,Yes,2024-05-29,28
DC00132,PT01626,DR002,Dr. Suresh Patil,Orthopedics,Fracture - Femur,27,2024-09-07,2024-09-14,7,No,,
DC00133,PT00594,DR010,Dr. Rohit Verma,Orthopedics,Stroke Recovery,59,2024-02-29,2024-03-08,8,No,,
DC00134,PT00874,DR003,Dr. Aarti Deshmukh,Neurology,Migraine,49,2024-06-25,2024-07-06,11,No,,
DC00135,PT01063,DR003,Dr. Aarti Deshmukh,Neurology,Chest Infection,61,2024-08-11,2024-08-25,14,Yes,2024-09-03,9
DC00136,PT01572,DR006,Dr. Kavya Iyer,Pediatrics,Lung Cancer - Stage 2,70,2024-09-30,2024-10-07,7,No,,
DC00137,PT00589,DR002,Dr. Suresh Patil,Orthopedics,Stroke Recovery,42,2024-06-19,2024-06-20,1,No,,
DC00138,PT01214,DR007,Dr. Deepak Sharma,Gynecology,Hernia Repair,74,2024-11-20,2024-12-07,17,No,,
DC00139,PT00646,DR005,Dr. Sunita Kulkarni,General Medicine,Heart Attack,36,2024-05-09,2024-05-27,18,No,,
DC00140,PT01260,DR009,Dr. Meera Pillai,Cardiology,Asthma,34,2024-03-31,2024-04-04,4,No,,
DC00141,PT01963,DR008,Dr. Anil Joshi,Emergency,Lung Cancer - Stage 2,25,2024-01-21,2024-02-02,12,Yes,2024-02-07,5
DC00142,PT00777,DR006,Dr. Kavya Iyer,Pediatrics,Hypertension,59,2024-10-06,2024-10-20,14,No,,
DC00143,PT00449,DR009,Dr. Meera Pillai,Cardiology,Fracture - Femur,79,2024-05-16,2024-05-26,10,No,,
DC00144,PT01525,DR004,Dr. Rajan Mehta,Oncology,Asthma,49,2024-09-22,2024-10-13,21,No,,
DC00145,PT00940,DR003,Dr. Aarti Deshmukh,Neurology,Dengue Fever,71,2024-11-13,2024-11-28,15,No,,
DC00146,PT01584,DR001,Dr. Priya Nair,Cardiology,Cataract Surgery,24,2024-08-03,2024-08-19,16,No,,
DC00147,PT00903,DR008,Dr. Anil Joshi,Emergency,Fracture - Femur,30,2024-05-11,2024-05-21,10,Yes,2024-06-16,26
DC00148,PT01199,DR008,Dr. Anil Joshi,Emergency,Cataract Surgery,,2024-03-03,2024-03-07,4,Yes,2024-04-01,25
DC00149,PT01874,DR005,Dr. Sunita Kulkarni,General Medicine,Hypertension,60,2024-11-14,2024-11-22,8,No,,
DC00150,PT01884,DR008,Dr. Anil Joshi,Emergency,Stroke Recovery,45,2024-03-10,2024-03-12,2,Yes,2024-03-15,3
DC00151,PT01439,DR006,Dr. Kavya Iyer,Pediatrics,Diabetes Type 2,78,2024-09-13,2024-09-22,9,No,,
DC00152,PT00957,DR009,Dr. Meera Pillai,Cardiology,Anemia,62,2024-09-19,2024-09-29,10,No,,
DC00153,PT01801,DR006,Dr. Kavya Iyer,Pediatrics,Fracture - Femur,28,2024-10-24,2024-11-09,16,No,,
DC00154,PT01233,DR005,Dr. Sunita Kulkarni,General Medicine,Appendicitis,24,2024-02-04,2024-02-25,21,No,,
DC00155,PT00462,DR010,Dr. Rohit Verma,Orthopedics,Migraine,20,2024-06-30,2024-07-04,4,No,,
DC00156,PT01868,DR004,Dr. Rajan Mehta,Oncology,Knee Replacement,68,2024-09-09,2024-09-26,17,No,,
DC00157,PT01242,DR010,Dr. Rohit Verma,Orthopedics,Anemia,20,2024-06-03,2024-06-08,5,Yes,2024-06-16,8
DC00158,PT01314,DR004,Dr. Rajan Mehta,Oncology,Hypertension,51,2024-06-11,2024-06-16,5,Yes,2024-06-27,11
DC00159,PT00834,DR006,Dr. Kavya Iyer,Pediatrics,Hernia Repair,45,2024-02-18,2024-02-26,8,No,,
DC00160,PT00896,DR001,Dr. Priya Nair,Cardiology,Stroke Recovery,71,2024-11-18,2024-12-07,19,No,,
DC00161,PT01996,DR010,Dr. Rohit Verma,Orthopedics,Knee Replacement,24,2024-10-29,2024-11-14,16,No,,
DC00162,PT00910,DR007,Dr. Deepak Sharma,Gynecology,Diabetes Type 2,75,2024-03-14,2024-04-02,19,No,,
DC00163,PT01756,DR004,Dr. Rajan Mehta,Oncology,Chest Infection,59,2024-06-02,2024-06-23,21,No,,
DC00164,PT01743,DR002,Dr. Suresh Patil,Orthopedics,Chest Infection,42,2024-04-11,2024-04-28,17,No,,
DC00165,PT01778,DR010,Dr. Rohit Verma,Orthopedics,Heart Attack,26,2024-07-04,2024-07-12,8,No,,
DC00166,PT00680,DR010,Dr. Rohit Verma,Orthopedics,Cataract Surgery,24,2024-01-22,2024-02-01,10,No,,
DC00167,PT01388,DR008,Dr. Anil Joshi,Emergency,Hypertension,50,2024-04-20,2024-05-03,13,Yes,2024-05-13,10
DC00168,PT00419,DR005,Dr. Sunita Kulkarni,General Medicine,Hernia Repair,57,2024-11-20,2024-11-25,5,Yes,2024-12-18,23
DC00169,PT00988,DR007,Dr. Deepak Sharma,Gynecology,Knee Replacement,78,2024-02-08,2024-02-24,16,No,,
DC00170,PT00603,DR003,Dr. Aarti Deshmukh,Neurology,Asthma,30,2024-11-08,2024-11-14,6,Yes,2024-11-20,6
DC00171,PT01571,DR003,Dr. Aarti Deshmukh,Neurology,Diabetes Type 2,79,2024-06-23,2024-06-26,3,No,,
DC00172,PT01163,DR007,Dr. Deepak Sharma,Gynecology,Stroke Recovery,36,2024-02-11,2024-02-19,8,No,,
DC00173,PT01202,DR007,Dr. Deepak Sharma,Gynecology,Hernia Repair,71,2024-02-11,2024-03-02,20,No,,
DC00174,PT00804,DR003,Dr. Aarti Deshmukh,Neurology,Fracture - Femur,62,2024-02-17,2024-02-26,9,No,,
DC00175,PT01847,DR007,Dr. Deepak Sharma,Gynecology,Migraine,38,2024-09-16,2024-09-30,14,No,,
DC00176,PT01427,DR008,Dr. Anil Joshi,Emergency,Fracture - Femur,33,2024-02-19,2024-03-05,15,Yes,2024-03-26,21
DC00177,PT01343,DR010,Dr. Rohit Verma,Orthopedics,Migraine,66,2024-02-14,2024-03-01,16,No,,
DC00178,PT01003,DR001,Dr. Priya Nair,Cardiology,Hypertension,74,2024-03-06,2024-03-12,6,No,,
DC00179,PT00690,DR003,Dr. Aarti Deshmukh,Neurology,Fracture - Femur,43,2024-09-15,2024-09-25,10,Yes,2024-09-28,3
DC00180,PT01546,DR001,Dr. Priya Nair,Cardiology,Appendicitis,61,2024-05-26,2024-06-09,14,No,,
DC00181,PT01752,DR009,Dr. Meera Pillai,Cardiology,Appendicitis,56,2024-10-04,2024-10-25,21,No,,
DC00182,PT00397,DR003,Dr. Aarti Deshmukh,Neurology,Hypertension,36,2024-04-17,2024-05-06,19,No,,
DC00183,PT00053,DR004,Dr. Rajan Mehta,Oncology,Fracture - Femur,80,2024-07-06,2024-07-18,12,No,,
DC00184,PT01421,DR007,Dr. Deepak Sharma,Gynecology,Cataract Surgery,18,2024-06-15,2024-06-22,7,No,,
DC00185,PT00037,DR009,Dr. Meera Pillai,Cardiology,Diabetes Type 2,37,2024-04-23,2024-04-28,5,Yes,2024-05-15,17
DC00186,PT00864,DR007,Dr. Deepak Sharma,Gynecology,Lung Cancer - Stage 2,18,2024-05-02,2024-05-14,12,No,,
DC00187,PT01325,DR008,Dr. Anil Joshi,Emergency,Stroke Recovery,37,2024-02-20,2024-03-01,10,No,,
DC00188,PT00519,DR008,Dr. Anil Joshi,Emergency,Fracture - Femur,43,2024-08-07,2024-08-08,1,No,,
DC00189,PT00986,DR002,Dr. Suresh Patil,Orthopedics,Hypertension,50,2024-01-26,2024-01-31,5,No,,
DC00190,PT00878,DR005,Dr. Sunita Kulkarni,General Medicine,Diabetes Type 2,48,2024-11-18,2024-12-03,15,No,,
DC00191,PT01348,DR004,Dr. Rajan Mehta,Oncology,Migraine,49,2024-11-09,2024-11-16,7,No,,
DC00192,PT01135,DR009,Dr. Meera Pillai,Cardiology,Stroke Recovery,84,2024-10-09,2024-10-22,13,No,,
DC00193,PT00917,DR004,Dr. Rajan Mehta,Oncology,Anemia,31,2024-08-10,2024-08-28,18,No,,
DC00194,PT00682,DR001,Dr. Priya Nair,Cardiology,Fracture - Femur,48,2024-11-21,2024-12-11,20,No,,
DC00195,PT00273,DR002,Dr. Suresh Patil,Orthopedics,Dengue Fever,21,2024-11-05,2024-11-22,17,No,,
DC00196,PT00063,DR004,Dr. Rajan Mehta,Oncology,Cataract Surgery,40,2024-04-16,2024-04-26,10,No,,
DC00197,PT01109,DR007,Dr. Deepak Sharma,Gynecology,Fracture - Femur,70,2024-03-19,2024-03-24,5,No,,
DC00198,PT00921,DR007,Dr. Deepak Sharma,Gynecology,Fracture - Femur,70,2024-08-21,2024-09-05,15,No,,
DC00199,PT00155,DR009,Dr. Meera Pillai,Cardiology,Diabetes Type 2,63,2024-11-07,2024-11-09,2,No,,
DC00200,PT01613,DR010,Dr. Rohit Verma,Orthopedics,Cataract Surgery,45,2024-10-18,2024-10-26,8,Yes,2024-11-04,9
DC00201,PT00324,DR005,Dr. Sunita Kulkarni,General Medicine,Knee Replacement,25,2024-07-17,2024-07-21,4,No,,
DC00202,PT00968,DR008,Dr. Anil Joshi,Emergency,Stroke Recovery,31,2024-07-18,2024-07-30,12,No,,
DC00203,PT01688,DR007,Dr. Deepak Sharma,Gynecology,Migraine,45,2024-07-20,2024-07-23,3,No,,
DC00204,PT01991,DR008,Dr. Anil Joshi,Emergency,Knee Replacement,69,2024-05-15,2024-05-30,15,No,,
DC00205,PT01655,DR007,Dr. Deepak Sharma,Gynecology,Asthma,22,2024-09-24,2024-10-05,11,Yes,2024-10-12,7
DC00206,PT00465,DR009,Dr. Meera Pillai,Cardiology,Asthma,19,2024-06-30,2024-07-17,17,Yes,2024-08-08,22
DC00207,PT01842,DR010,Dr. Rohit Verma,Orthopedics,Knee Replacement,58,2024-05-17,2024-06-07,21,No,,
DC00208,PT00059,DR005,Dr. Sunita Kulkarni,General Medicine,Anemia,62,2024-08-27,2024-09-04,8,No,,
DC00209,PT01949,DR006,Dr. Kavya Iyer,Pediatrics,Stroke Recovery,68,2024-07-14,2024-07-24,10,No,,
DC00210,PT01240,DR008,Dr. Anil Joshi,Emergency,Fracture - Femur,38,2024-03-13,2024-03-18,5,Yes,2024-04-03,16
DC00211,PT00174,DR006,Dr. Kavya Iyer,PEDIATRICS,Cataract Surgery,22,2024-05-03,2024-05-11,8,Yes,2024-05-29,18
DC00212,PT00123,DR008,Dr. Anil Joshi,Emergency,Hernia Repair,78,2024-08-02,2024-08-22,20,No,,
DC00213,PT01101,DR001,Dr. Priya Nair,Cardiology,Cataract Surgery,50,2024-06-12,2024-06-16,4,No,,
DC00214,PT00021,DR002,Dr. Suresh Patil,Orthopedics,Cataract Surgery,27,2024-08-10,2024-08-27,17,No,,
DC00215,PT00014,DR001,Dr. Priya Nair,Cardiology,Hypertension,28,2024-07-25,2024-08-14,20,No,,
DC00216,PT01165,DR004,Dr. Rajan Mehta,Oncology,Hernia Repair,36,2024-10-26,2024-11-01,6,No,,
DC00217,PT00375,DR004,Dr. Rajan Mehta,Oncology,Knee Replacement,56,2024-03-06,2024-03-10,4,No,,
DC00218,PT00172,DR004,Dr. Rajan Mehta,Oncology,Dengue Fever,65,2024-10-19,2024-11-07,19,No,,
DC00219,PT00428,DR001,Dr. Priya Nair,Cardiology,Stroke Recovery,58,2024-10-09,2024-10-12,3,No,,
DC00220,PT00716,DR007,Dr. Deepak Sharma,Gynecology,Dengue Fever,19,2024-07-08,2024-07-11,3,No,,
DC00221,PT01333,DR002,Dr. Suresh Patil,Orthopedics,Migraine,80,2024-03-12,2024-03-29,17,No,,
DC00222,PT00929,DR004,Dr. Rajan Mehta,Oncology,Hypertension,47,2024-07-11,2024-07-30,19,No,,
DC00223,PT00903,DR009,Dr. Meera Pillai,Cardiology,Dengue Fever,68,2024-11-04,2024-11-23,19,Yes,2024-12-14,21
DC00224,PT00384,DR009,Dr. Meera Pillai,Cardiology,Lung Cancer - Stage 2,36,2024-01-29,2024-02-10,12,Yes,2024-02-24,14
DC00225,PT01917,DR004,Dr. Rajan Mehta,Oncology,Heart Attack,30,2024-02-24,2024-03-14,19,No,,
DC00226,PT00725,DR009,Dr. Meera Pillai,Cardiology,Dengue Fever,51,2024-08-03,2024-08-14,11,No,,
DC00227,PT01969,DR001,Dr. Priya Nair,Cardiology,Dengue Fever,72,2024-05-03,2024-05-21,18,No,,
DC00228,PT01853,DR008,Dr. Anil Joshi,Emergency,Asthma,50,2024-01-27,2024-02-08,12,No,,
DC00229,PT00780,DR003,Dr. Aarti Deshmukh,NEUROLOGY,Stroke Recovery,65,2024-01-15,2024-01-17,2,No,,
DC00230,PT01283,DR007,Dr. Deepak Sharma,Gynecology,Hernia Repair,19,2024-02-25,2024-03-08,12,No,,
DC00231,PT01595,DR004,Dr. Rajan Mehta,Oncology,Cataract Surgery,71,2024-06-20,2024-06-22,2,No,,
DC00232,PT01734,DR006,Dr. Kavya Iyer,Pediatrics,Hypertension,20,2024-06-27,2024-07-17,20,No,,
DC00233,PT00877,DR006,Dr. Kavya Iyer,Pediatrics,Fracture - Femur,45,2024-10-02,2024-10-21,19,No,,
DC00234,PT00198,DR010,Dr. Rohit Verma,Orthopedics,Lung Cancer - Stage 2,46,2024-09-06,2024-09-15,9,No,,
DC00235,PT00391,DR006,Dr. Kavya Iyer,PEDIATRICS,Hernia Repair,67,2024-03-19,2024-03-22,3,No,,
DC00236,PT00866,DR005,Dr. Sunita Kulkarni,General Medicine,Fracture - Femur,41,2024-02-06,2024-02-16,10,No,,
DC00237,PT01666,DR010,Dr. Rohit Verma,Orthopedics,Hypertension,71,2024-03-07,2024-03-21,14,No,,
DC00238,PT01296,DR009,Dr. Meera Pillai,Cardiology,Diabetes Type 2,18,2024-04-22,2024-04-30,8,No,,
DC00239,PT00758,DR003,Dr. Aarti Deshmukh,Neurology,Stroke Recovery,19,2024-09-08,2024-09-26,18,No,,
DC00240,PT00371,DR009,Dr. Meera Pillai,Cardiology,Fracture - Femur,37,2024-05-15,2024-06-05,21,No,,
DC00241,PT01132,DR007,Dr. Deepak Sharma,Gynecology,Appendicitis,60,2024-09-29,2024-10-01,2,No,,
DC00242,PT01140,DR010,Dr. Rohit Verma,Orthopedics,Asthma,32,2024-06-28,2024-07-05,7,No,,
DC00243,PT00190,DR006,Dr. Kavya Iyer,Pediatrics,Lung Cancer - Stage 2,60,2024-04-23,2024-05-11,18,No,,
DC00244,PT00930,DR010,Dr. Rohit Verma,Orthopedics,Cataract Surgery,31,2024-05-20,2024-06-09,20,No,,
DC00245,PT00235,DR006,Dr. Kavya Iyer,Pediatrics,Asthma,55,2024-11-20,2024-11-24,4,No,,
DC00246,PT00699,DR005,Dr. Sunita Kulkarni,General Medicine,Diabetes Type 2,22,2024-08-20,2024-08-23,3,Yes,2024-09-21,29
DC00247,PT01866,DR007,Dr. Deepak Sharma,Gynecology,Appendicitis,64,2024-08-07,2024-08-25,18,No,,
DC00248,PT01790,DR007,Dr. Deepak Sharma,Gynecology,Stroke Recovery,72,2024-09-11,2024-09-27,16,No,,
DC00249,PT00094,DR003,Dr. Aarti Deshmukh,Neurology,Asthma,54,2024-04-27,2024-05-06,9,No,,
DC00250,PT00210,DR007,Dr. Deepak Sharma,Gynecology,Knee Replacement,72,2024-04-04,2024-04-17,13,No,,
DC00251,PT01079,DR007,Dr. Deepak Sharma,Gynecology,Diabetes Type 2,38,2024-06-08,2024-06-21,13,No,,
DC00252,PT01927,DR001,Dr. Priya Nair,Cardiology,Asthma,43,2024-07-10,2024-07-17,7,Yes,2024-07-31,14
DC00253,PT00404,DR006,Dr. Kavya Iyer,Pediatrics,Appendicitis,74,2024-02-28,2024-03-03,4,No,,
DC00254,PT00609,DR005,Dr. Sunita Kulkarni,General Medicine,Fracture - Femur,75,2024-10-22,2024-10-29,7,No,,
DC00255,PT01531,DR002,Dr. Suresh Patil,Orthopedics,Fracture - Femur,70,2024-07-13,2024-07-16,3,No,,
DC00256,PT01365,DR009,Dr. Meera Pillai,Cardiology,Cataract Surgery,33,2024-05-19,2024-05-26,7,Yes,2024-06-20,25
DC00257,PT00624,DR001,Dr. Priya Nair,Cardiology,Anemia,75,2024-08-17,2024-08-27,10,Yes,2024-09-13,17
DC00258,PT00860,DR002,Dr. Suresh Patil,Orthopedics,Heart Attack,70,2024-09-06,2024-09-18,12,No,,
DC00259,PT00789,DR002,Dr. Suresh Patil,Orthopedics,Anemia,51,2024-05-04,2024-05-14,10,No,,
DC00260,PT00534,DR006,Dr. Kavya Iyer,Pediatrics,Chest Infection,34,2024-02-09,2024-02-28,19,No,,
DC00261,PT00486,DR005,Dr. Sunita Kulkarni,General Medicine,Anemia,26,2024-05-08,2024-05-09,1,No,,
DC00262,PT01825,DR007,Dr. Deepak Sharma,Gynecology,Lung Cancer - Stage 2,56,2024-11-06,2024-11-10,4,No,,
DC00263,PT00716,DR003,Dr. Aarti Deshmukh,Neurology,Hypertension,66,2024-02-19,2024-03-02,12,No,,
DC00264,PT01403,DR005,Dr. Sunita Kulkarni,General Medicine,Diabetes Type 2,47,2024-06-28,2024-07-14,16,No,,
DC00265,PT01483,DR010,Dr. Rohit Verma,Orthopedics,Diabetes Type 2,,2024-04-13,2024-04-22,-1,No,,
DC00266,PT00228,DR010,Dr. Rohit Verma,Orthopedics,Chest Infection,31,2024-09-03,2024-09-24,21,No,,
DC00267,PT00735,DR002,Dr. Suresh Patil,Orthopedics,Lung Cancer - Stage 2,63,2024-10-25,2024-11-15,21,No,,
DC00268,PT00786,DR009,Dr. Meera Pillai,Cardiology,Hypertension,68,2024-08-27,2024-09-02,6,No,,
DC00269,PT00527,DR004,Dr. Rajan Mehta,Oncology,Cataract Surgery,26,2024-09-23,2024-10-10,17,No,,
DC00270,PT01462,DR003,Dr. Aarti Deshmukh,NEUROLOGY,Stroke Recovery,22,2024-11-29,2024-11-30,1,No,,
DC00271,PT00565,DR005,Dr. Sunita Kulkarni,General Medicine,Chest Infection,,2024-01-02,2024-01-10,8,No,,
DC00272,PT01483,DR002,Dr. Suresh Patil,Orthopedics,Asthma,24,2024-11-08,2024-11-28,20,No,,
DC00273,PT00059,DR003,Dr. Aarti Deshmukh,Neurology,Fracture - Femur,48,2024-11-22,2024-12-05,13,No,,
DC00274,PT00424,DR008,Dr. Anil Joshi,Emergency,Stroke Recovery,59,2024-08-06,2024-08-26,20,Yes,2024-09-24,29
DC00275,PT00092,DR006,Dr. Kavya Iyer,Pediatrics,Dengue Fever,77,2024-01-25,2024-02-03,9,No,,
DC00276,PT01552,DR006,Dr. Kavya Iyer,Pediatrics,Lung Cancer - Stage 2,24,2024-10-28,2024-11-04,7,No,,
DC00277,PT01963,DR010,Dr. Rohit Verma,Orthopedics,Fracture - Femur,65,2024-04-07,2024-04-17,10,No,,
DC00278,PT00890,DR005,Dr. Sunita Kulkarni,General Medicine,Knee Replacement,66,2024-08-03,2024-08-05,2,No,,
DC00279,PT00939,DR003,Dr. Aarti Deshmukh,Neurology,Fracture - Femur,58,2024-05-10,2024-05-11,1,Yes,2024-06-03,23
DC00280,PT00596,DR002,Dr. Suresh Patil,Orthopedics,Migraine,29,2024-02-05,2024-02-25,20,No,,
DC00281,PT01994,DR003,Dr. Aarti Deshmukh,Neurology,Heart Attack,40,2024-07-03,2024-07-13,10,No,,
DC00282,PT01178,DR003,Dr. Aarti Deshmukh,Neurology,Knee Replacement,51,2024-04-06,2024-04-23,17,No,,
DC00283,PT01102,DR010,Dr. Rohit Verma,Orthopedics,Chest Infection,65,2024-10-20,2024-10-30,10,No,,
DC00284,PT01313,DR008,Dr. Anil Joshi,Emergency,Lung Cancer - Stage 2,40,2024-09-05,2024-09-16,11,No,,
DC00285,PT00645,DR002,Dr. Suresh Patil,Orthopedics,Knee Replacement,60,2024-09-20,2024-10-07,17,No,,
DC00286,PT00868,DR006,Dr. Kavya Iyer,PEDIATRICS,Migraine,44,2024-08-20,2024-08-22,2,No,,
DC00287,PT00503,DR004,Dr. Rajan Mehta,Oncology,Asthma,63,2024-09-21,2024-10-07,16,No,,
DC00288,PT00151,DR005,Dr. Sunita Kulkarni,General Medicine,Lung Cancer - Stage 2,60,2024-09-18,2024-09-25,7,No,,
DC00289,PT00591,DR010,Dr. Rohit Verma,Orthopedics,Anemia,47,2024-09-26,2024-10-17,21,No,,
DC00290,PT00261,DR006,Dr. Kavya Iyer,Pediatrics,Knee Replacement,45,2024-07-09,2024-07-19,10,Yes,2024-07-28,9
DC00291,PT00696,DR003,Dr. Aarti Deshmukh,Neurology,Diabetes Type 2,80,2024-06-29,2024-07-02,3,No,,
DC00292,PT01741,DR001,Dr. Priya Nair,Cardiology,Migraine,37,2024-08-09,2024-08-27,18,No,,
DC00293,PT01597,DR006,Dr. Kavya Iyer,Pediatrics,Appendicitis,23,2024-02-23,2024-02-24,1,No,,
DC00294,PT00333,DR003,Dr. Aarti Deshmukh,Neurology,Cataract Surgery,44,2024-02-22,2024-02-27,5,No,,
DC00295,PT01666,DR007,Dr. Deepak Sharma,Gynecology,Dengue Fever,35,2024-09-19,2024-09-27,8,No,,
DC00296,PT02000,DR003,Dr. Aarti Deshmukh,Neurology,Cataract Surgery,47,2024-03-25,2024-04-08,14,No,,
DC00297,PT00605,DR005,Dr. Sunita Kulkarni,General Medicine,Chest Infection,31,2024-04-13,2024-04-29,16,No,,
DC00298,PT00805,DR008,Dr. Anil Joshi,Emergency,Anemia,82,2024-08-13,2024-08-29,16,No,,
DC00299,PT01309,DR006,Dr. Kavya Iyer,Pediatrics,Migraine,44,2024-11-06,2024-11-10,4,No,,
DC00300,PT01447,DR007,Dr. Deepak Sharma,Gynecology,Stroke Recovery,52,2024-06-21,2024-07-03,12,No,,
DC00301,PT01685,DR010,Dr. Rohit Verma,Orthopedics,Heart Attack,22,2024-04-06,2024-04-09,3,No,,
DC00302,PT00507,DR003,Dr. Aarti Deshmukh,Neurology,Stroke Recovery,63,2024-10-07,2024-10-11,4,No,,
DC00303,PT01146,DR008,Dr. Anil Joshi,Emergency,Appendicitis,66,2024-11-23,2024-11-29,6,Yes,2024-12-07,8
DC00304,PT01385,DR010,Dr. Rohit Verma,Orthopedics,Stroke Recovery,73,2024-01-08,2024-01-28,20,No,,
DC00305,PT00987,DR009,Dr. Meera Pillai,Cardiology,Appendicitis,68,2024-09-10,2024-09-29,19,No,,
DC00306,PT00222,DR010,Dr. Rohit Verma,Orthopedics,Asthma,55,2024-03-04,2024-03-25,21,No,,
DC00307,PT00242,DR003,Dr. Aarti Deshmukh,Neurology,Stroke Recovery,19,2024-02-12,2024-03-03,20,Yes,2024-03-15,12
DC00308,PT01870,DR006,Dr. Kavya Iyer,Pediatrics,Anemia,75,2024-07-21,2024-07-28,7,No,,
DC00309,PT00268,DR009,Dr. Meera Pillai,Cardiology,Migraine,69,2024-10-30,2024-11-19,20,No,,
DC00310,PT01092,DR006,Dr. Kavya Iyer,Pediatrics,Hernia Repair,45,2024-10-03,2024-10-12,9,No,,
DC00311,PT01375,DR007,Dr. Deepak Sharma,Gynecology,Chest Infection,50,2024-02-13,2024-02-23,10,No,,
DC00312,PT00745,DR005,Dr. Sunita Kulkarni,General Medicine,Heart Attack,20,2024-04-12,2024-04-15,3,No,,
DC00313,PT00420,DR001,Dr. Priya Nair,Cardiology,Asthma,60,2024-03-14,2024-03-29,15,No,,
DC00314,PT01185,DR006,Dr. Kavya Iyer,Pediatrics,Anemia,75,2024-07-15,2024-08-04,20,No,,
DC00315,PT00524,DR003,Dr. Aarti Deshmukh,Neurology,Stroke Recovery,53,2024-02-21,2024-03-01,9,No,,
DC00316,PT01782,DR009,Dr. Meera Pillai,Cardiology,Appendicitis,35,2024-01-24,2024-02-07,14,No,,
DC00317,PT00221,DR009,Dr. Meera Pillai,Cardiology,Hypertension,32,2024-05-19,2024-05-21,2,No,,
DC00318,PT00005,DR006,Dr. Kavya Iyer,Pediatrics,Migraine,62,2024-01-31,2024-02-18,18,Yes,2024-02-23,5
DC00319,PT00559,DR003,Dr. Aarti Deshmukh,Neurology,Dengue Fever,71,2024-07-24,2024-08-01,8,No,,
DC00320,PT00927,DR003,Dr. Aarti Deshmukh,Neurology,Chest Infection,40,2024-05-16,2024-05-24,8,No,,
DC00321,PT01736,DR005,Dr. Sunita Kulkarni,General Medicine,Knee Replacement,28,2024-05-09,2024-05-10,1,No,,
DC00322,PT00486,DR010,Dr. Rohit Verma,Orthopedics,Heart Attack,61,2024-07-23,2024-08-09,17,No,,
DC00323,PT00886,DR009,Dr. Meera Pillai,Cardiology,Hernia Repair,30,2024-03-31,2024-04-01,1,No,,
DC00324,PT01576,DR007,Dr. Deepak Sharma,Gynecology,Appendicitis,38,2024-03-03,2024-03-12,9,No,,
DC00325,PT00331,DR001,Dr. Priya Nair,Cardiology,Dengue Fever,19,2024-08-27,2024-09-15,19,No,,
DC00326,PT01702,DR006,Dr. Kavya Iyer,Pediatrics,Dengue Fever,78,2024-02-09,2024-02-12,3,No,,
DC00327,PT01374,DR006,Dr. Kavya Iyer,PEDIATRICS,Cataract Surgery,81,2024-04-14,2024-04-22,8,No,,
DC00328,PT01326,DR004,Dr. Rajan Mehta,Oncology,Fracture - Femur,76,2024-09-02,2024-09-14,12,No,,
DC00329,PT00073,DR002,Dr. Suresh Patil,Orthopedics,Chest Infection,47,2024-04-27,2024-05-05,8,Yes,2024-05-14,9
DC00330,PT01179,DR007,Dr. Deepak Sharma,Gynecology,Lung Cancer - Stage 2,26,2024-08-15,2024-08-24,9,No,,
DC00331,PT00188,DR010,Dr. Rohit Verma,Orthopedics,Appendicitis,55,2024-09-14,2024-09-22,8,No,,
DC00332,PT00845,DR007,Dr. Deepak Sharma,GYNECOLOGY,Stroke Recovery,56,2024-02-14,2024-02-26,12,No,,
DC00333,PT00423,DR005,Dr. Sunita Kulkarni,General Medicine,Heart Attack,49,2024-10-18,2024-10-22,4,Yes,2024-11-20,29
DC00334,PT01454,DR007,Dr. Deepak Sharma,Gynecology,Appendicitis,44,2024-09-11,2024-09-14,3,No,,
DC00335,PT00171,DR005,Dr. Sunita Kulkarni,General Medicine,Chest Infection,83,2024-03-27,2024-04-02,6,No,,
DC00336,PT00444,DR005,Dr. Sunita Kulkarni,General Medicine,Anemia,75,2024-06-13,2024-06-19,6,No,,
DC00337,PT00833,DR006,Dr. Kavya Iyer,Pediatrics,Fracture - Femur,48,2024-08-21,2024-09-01,11,No,,
DC00338,PT01017,DR001,Dr. Priya Nair,Cardiology,Asthma,18,2024-07-17,2024-07-27,10,No,,
DC00339,PT01936,DR002,Dr. Suresh Patil,Orthopedics,Chest Infection,37,2024-05-23,2024-05-25,-1,No,,
DC00340,PT01939,DR008,Dr. Anil Joshi,Emergency,Cataract Surgery,31,2024-06-20,2024-06-21,1,No,,
DC00341,PT01333,DR005,Dr. Sunita Kulkarni,General Medicine,Dengue Fever,31,2024-02-28,2024-03-08,9,No,,
DC00342,PT01288,DR007,Dr. Deepak Sharma,Gynecology,Stroke Recovery,39,2024-07-30,2024-08-09,10,No,,
DC00343,PT00832,DR005,Dr. Sunita Kulkarni,General Medicine,Asthma,43,2024-06-09,2024-06-19,10,No,,
DC00344,PT01252,DR007,Dr. Deepak Sharma,Gynecology,Fracture - Femur,79,2024-06-05,2024-06-18,13,No,,
DC00345,PT01453,DR004,Dr. Rajan Mehta,Oncology,Hypertension,44,2024-02-15,2024-02-23,8,No,,
DC00346,PT01934,DR009,Dr. Meera Pillai,Cardiology,Knee Replacement,18,2024-02-18,2024-03-04,15,Yes,2024-03-20,16
DC00347,PT00789,DR002,Dr. Suresh Patil,Orthopedics,Lung Cancer - Stage 2,30,2024-11-04,2024-11-14,10,No,,
DC00348,PT00866,DR002,Dr. Suresh Patil,Orthopedics,Appendicitis,54,2024-01-22,2024-01-29,7,No,,
DC00349,PT01678,DR007,Dr. Deepak Sharma,Gynecology,Anemia,82,2024-04-04,2024-04-10,6,No,,
DC00350,PT00174,DR001,Dr. Priya Nair,Cardiology,Dengue Fever,26,2024-07-13,2024-07-26,13,No,,
DC00351,PT00324,DR006,Dr. Kavya Iyer,Pediatrics,Fracture - Femur,23,2024-09-27,2024-10-17,20,No,,
DC00352,PT01165,DR001,Dr. Priya Nair,Cardiology,Stroke Recovery,54,2024-01-29,2024-02-06,8,No,,
DC00353,PT01967,DR002,Dr. Suresh Patil,ORTHOPEDICS,Diabetes Type 2,35,2024-04-04,2024-04-06,2,No,,
DC00354,PT00480,DR009,Dr. Meera Pillai,Cardiology,Asthma,60,2024-07-04,2024-07-25,21,No,,
DC00355,PT01283,DR003,Dr. Aarti Deshmukh,Neurology,Hypertension,36,2024-08-25,2024-08-30,5,No,,
DC00356,PT00308,DR004,Dr. Rajan Mehta,Oncology,Stroke Recovery,63,2024-10-22,2024-11-09,18,Yes,2024-12-04,25
DC00357,PT01270,DR010,Dr. Rohit Verma,Orthopedics,Fracture - Femur,76,2024-08-28,2024-09-05,8,No,,
DC00358,PT00897,DR009,Dr. Meera Pillai,Cardiology,Hernia Repair,68,2024-03-21,2024-03-29,8,Yes,2024-04-18,20
DC00359,PT00785,DR007,Dr. Deepak Sharma,Gynecology,Chest Infection,50,2024-02-23,2024-03-04,10,No,,
DC00360,PT00406,DR001,Dr. Priya Nair,Cardiology,Cataract Surgery,20,2024-07-25,2024-07-30,5,No,,
DC00361,PT01141,DR005,Dr. Sunita Kulkarni,General Medicine,Migraine,33,2024-10-16,2024-11-05,20,No,,
DC00362,PT01209,DR009,Dr. Meera Pillai,Cardiology,Diabetes Type 2,19,2024-02-02,2024-02-09,7,No,,
DC00363,PT01199,DR002,Dr. Suresh Patil,Orthopedics,Lung Cancer - Stage 2,32,2024-02-13,2024-03-03,19,No,,
DC00364,PT00841,DR004,Dr. Rajan Mehta,Oncology,Cataract Surgery,61,2024-04-09,2024-04-10,1,No,,
DC00365,PT01966,DR006,Dr. Kavya Iyer,Pediatrics,Hypertension,48,2024-05-24,2024-06-03,10,No,,
DC00366,PT00341,DR010,Dr. Rohit Verma,Orthopedics,Anemia,36,2024-11-28,2024-11-29,1,No,,
DC00367,PT01897,DR002,Dr. Suresh Patil,Orthopedics,Migraine,66,2024-07-28,2024-07-31,3,No,,
DC00368,PT00560,DR001,Dr. Priya Nair,Cardiology,Anemia,32,2024-09-26,2024-10-07,11,No,,
DC00369,PT01037,DR002,Dr. Suresh Patil,Orthopedics,Stroke Recovery,58,2024-09-07,2024-09-08,1,No,,
DC00370,PT00842,DR003,Dr. Aarti Deshmukh,Neurology,Knee Replacement,52,2024-07-31,2024-08-11,11,Yes,2024-08-24,13
DC00371,PT00431,DR009,Dr. Meera Pillai,Cardiology,Chest Infection,47,2024-02-12,2024-02-26,14,No,,
DC00372,PT00580,DR005,Dr. Sunita Kulkarni,General Medicine,Heart Attack,82,2024-08-10,2024-08-24,14,No,,
DC00373,PT01866,DR010,Dr. Rohit Verma,Orthopedics,Hypertension,40,2024-02-21,2024-02-23,2,No,,
DC00374,PT01760,DR006,Dr. Kavya Iyer,Pediatrics,Asthma,65,2024-03-02,2024-03-06,4,No,,
DC00375,PT00585,DR007,Dr. Deepak Sharma,Gynecology,Hypertension,65,2024-03-08,2024-03-15,7,No,,
DC00376,PT01044,DR003,Dr. Aarti Deshmukh,Neurology,Anemia,30,2024-10-30,2024-10-31,1,No,,
DC00377,PT01420,DR004,Dr. Rajan Mehta,Oncology,Chest Infection,28,2024-08-07,2024-08-15,8,No,,
DC00378,PT00195,DR007,Dr. Deepak Sharma,Gynecology,Anemia,77,2024-10-25,2024-10-31,6,No,,
DC00379,PT01050,DR008,Dr. Anil Joshi,Emergency,Diabetes Type 2,43,2024-10-06,2024-10-09,3,No,,
DC00380,PT00909,DR001,Dr. Priya Nair,Cardiology,Chest Infection,50,2024-02-15,2024-02-16,1,No,,
DC00381,PT00379,DR009,Dr. Meera Pillai,Cardiology,Knee Replacement,32,2024-02-18,2024-02-25,7,No,,
DC00382,PT01289,DR002,Dr. Suresh Patil,Orthopedics,Hernia Repair,20,2024-06-03,2024-06-11,8,No,,
DC00383,PT01284,DR010,Dr. Rohit Verma,Orthopedics,Lung Cancer - Stage 2,70,2024-03-16,2024-03-27,11,No,,
DC00384,PT00044,DR002,Dr. Suresh Patil,Orthopedics,Dengue Fever,85,2024-08-19,2024-09-02,14,No,,
DC00385,PT00126,DR005,Dr. Sunita Kulkarni,General Medicine,Diabetes Type 2,29,2024-11-12,2024-11-24,12,No,,
DC00386,PT01590,DR007,Dr. Deepak Sharma,Gynecology,Hernia Repair,79,2024-07-18,2024-07-21,3,Yes,2024-08-15,25
DC00387,PT01140,DR005,Dr. Sunita Kulkarni,General Medicine,Hernia Repair,35,2024-07-30,2024-08-09,10,No,,
DC00388,PT00260,DR009,Dr. Meera Pillai,Cardiology,Lung Cancer - Stage 2,83,2024-09-24,2024-09-27,3,Yes,2024-10-12,15
DC00389,PT00576,DR005,Dr. Sunita Kulkarni,General Medicine,Cataract Surgery,59,2024-05-11,2024-05-13,2,No,,
DC00390,PT00945,DR003,Dr. Aarti Deshmukh,Neurology,Diabetes Type 2,70,2024-04-23,2024-05-12,19,No,,
DC00391,PT01991,DR010,Dr. Rohit Verma,Orthopedics,Diabetes Type 2,52,2024-07-27,2024-07-28,1,No,,
DC00392,PT01436,DR003,Dr. Aarti Deshmukh,Neurology,Hernia Repair,21,2024-04-09,2024-04-12,3,Yes,2024-04-16,4
DC00393,PT01080,DR007,Dr. Deepak Sharma,Gynecology,Stroke Recovery,30,2024-08-12,2024-08-17,5,No,,
DC00394,PT01726,DR006,Dr. Kavya Iyer,Pediatrics,Anemia,24,2024-05-08,2024-05-29,21,No,,
DC00395,PT00750,DR008,Dr. Anil Joshi,Emergency,Diabetes Type 2,58,2024-03-22,2024-04-05,14,No,,
DC00396,PT00207,DR007,Dr. Deepak Sharma,Gynecology,Chest Infection,71,2024-07-21,2024-08-03,13,No,,
DC00397,PT01989,DR002,Dr. Suresh Patil,ORTHOPEDICS,Hernia Repair,22,2024-03-01,2024-03-06,5,No,,
DC00398,PT01419,DR006,Dr. Kavya Iyer,Pediatrics,Asthma,42,2024-09-26,2024-10-15,19,No,,
DC00399,PT00381,DR007,Dr. Deepak Sharma,Gynecology,Knee Replacement,35,2024-07-04,2024-07-15,11,No,,
DC00400,PT01876,DR004,Dr. Rajan Mehta,Oncology,Stroke Recovery,83,2024-06-26,2024-07-16,20,No,,
DC00401,PT01033,DR007,Dr. Deepak Sharma,Gynecology,Asthma,42,2024-11-21,2024-12-08,17,No,,
DC00402,PT00330,DR010,Dr. Rohit Verma,Orthopedics,Dengue Fever,65,2024-09-10,2024-09-28,18,No,,
DC00403,PT00133,DR004,Dr. Rajan Mehta,Oncology,Stroke Recovery,45,2024-10-25,2024-11-12,18,Yes,2024-11-15,3
DC00404,PT01666,DR007,Dr. Deepak Sharma,Gynecology,Chest Infection,20,2024-10-10,2024-10-20,10,No,,
DC00405,PT01507,DR001,Dr. Priya Nair,Cardiology,Knee Replacement,80,2024-06-29,2024-07-14,15,Yes,2024-08-09,26
DC00406,PT01251,DR001,Dr. Priya Nair,Cardiology,Knee Replacement,18,2024-08-24,2024-09-13,20,Yes,2024-09-22,9
DC00407,PT01563,DR010,Dr. Rohit Verma,Orthopedics,Cataract Surgery,42,2024-02-27,2024-03-15,17,No,,
DC00408,PT00385,DR007,Dr. Deepak Sharma,Gynecology,Knee Replacement,71,2024-07-28,2024-08-16,19,No,,
DC00409,PT01980,DR008,Dr. Anil Joshi,Emergency,Cataract Surgery,76,2024-02-04,2024-02-19,15,Yes,2024-03-12,22
DC00410,PT00613,DR003,Dr. Aarti Deshmukh,Neurology,Heart Attack,30,2024-07-15,2024-08-04,20,No,,
DC00411,PT01895,DR009,Dr. Meera Pillai,Cardiology,Anemia,51,2024-02-15,2024-03-07,21,Yes,2024-03-14,7
DC00412,PT01541,DR008,Dr. Anil Joshi,Emergency,Hypertension,78,2024-07-04,2024-07-06,2,No,,
DC00413,PT00605,DR009,Dr. Meera Pillai,Cardiology,Diabetes Type 2,67,2024-10-05,2024-10-23,18,No,,
DC00414,PT00208,DR004,Dr. Rajan Mehta,Oncology,Cataract Surgery,43,2024-10-20,2024-10-24,4,No,,
DC00415,PT00166,DR005,Dr. Sunita Kulkarni,General Medicine,Cataract Surgery,30,2024-03-27,2024-03-28,1,No,,
DC00416,PT01759,DR005,Dr. Sunita Kulkarni,General Medicine,Stroke Recovery,27,2024-10-09,2024-10-15,6,No,,
DC00417,PT00973,DR009,Dr. Meera Pillai,Cardiology,Appendicitis,74,2024-04-10,2024-04-22,12,No,,
DC00418,PT01876,DR004,Dr. Rajan Mehta,Oncology,Stroke Recovery,19,2024-01-25,2024-02-11,17,No,,
DC00419,PT01025,DR005,Dr. Sunita Kulkarni,General Medicine,Migraine,26,2024-05-07,2024-05-13,6,No,,
DC00420,PT00660,DR005,Dr. Sunita Kulkarni,General Medicine,Dengue Fever,71,2024-07-17,2024-08-04,18,No,,
DC00421,PT01602,DR008,Dr. Anil Joshi,Emergency,Dengue Fever,27,2024-01-02,2024-01-21,19,No,,
DC00422,PT01297,DR009,Dr. Meera Pillai,Cardiology,Hernia Repair,75,2024-05-22,2024-06-04,13,No,,
DC00423,PT00190,DR001,Dr. Priya Nair,Cardiology,Stroke Recovery,38,2024-06-28,2024-07-11,13,No,,
DC00424,PT01488,DR010,Dr. Rohit Verma,Orthopedics,Hypertension,21,2024-03-13,2024-03-30,17,No,,
DC00425,PT00704,DR006,Dr. Kavya Iyer,Pediatrics,Hypertension,50,2024-01-13,2024-01-15,2,No,,
DC00426,PT01574,DR007,Dr. Deepak Sharma,Gynecology,Asthma,65,2024-05-01,2024-05-03,2,No,,
DC00427,PT01643,DR003,Dr. Aarti Deshmukh,Neurology,Hypertension,75,2024-03-24,2024-03-28,4,No,,
DC00428,PT01156,DR001,Dr. Priya Nair,Cardiology,Chest Infection,21,2024-04-09,2024-04-24,15,Yes,2024-05-04,10
DC00429,PT00060,DR008,Dr. Anil Joshi,Emergency,Knee Replacement,37,2024-01-03,2024-01-10,7,No,,
DC00430,PT01590,DR003,Dr. Aarti Deshmukh,Neurology,Stroke Recovery,79,2024-11-27,2024-12-12,15,No,,
DC00431,PT01916,DR007,Dr. Deepak Sharma,Gynecology,Appendicitis,44,2024-10-06,2024-10-17,11,No,,
DC00432,PT00580,DR003,Dr. Aarti Deshmukh,Neurology,Appendicitis,83,2024-11-28,2024-12-16,18,No,,
DC00433,PT00976,DR005,Dr. Sunita Kulkarni,General Medicine,Appendicitis,61,2024-06-25,2024-07-12,17,No,,
DC00434,PT00751,DR002,Dr. Suresh Patil,Orthopedics,Migraine,53,2024-10-24,2024-10-30,6,No,,
DC00435,PT00261,DR010,Dr. Rohit Verma,Orthopedics,Asthma,29,2024-10-13,2024-10-25,12,No,,
DC00436,PT01813,DR004,Dr. Rajan Mehta,Oncology,Chest Infection,77,2024-02-25,2024-02-28,3,No,,
DC00437,PT00561,DR005,Dr. Sunita Kulkarni,General Medicine,Anemia,74,2024-09-01,2024-09-17,16,No,,
DC00438,PT01350,DR002,Dr. Suresh Patil,Orthopedics,Hypertension,85,2024-04-08,2024-04-11,3,No,,
DC00439,PT00367,DR008,Dr. Anil Joshi,Emergency,Fracture - Femur,25,2024-10-18,2024-11-01,14,No,,
DC00440,PT00783,DR008,Dr. Anil Joshi,Emergency,Asthma,19,2024-05-24,2024-05-30,6,No,,
DC00441,PT00964,DR009,Dr. Meera Pillai,Cardiology,Lung Cancer - Stage 2,36,2024-07-25,2024-07-31,6,No,,
DC00442,PT00190,DR009,Dr. Meera Pillai,Cardiology,Heart Attack,32,2024-07-26,2024-08-06,11,No,,
DC00443,PT01386,DR004,Dr. Rajan Mehta,Oncology,Heart Attack,82,2024-09-23,2024-09-28,5,No,,
DC00444,PT01499,DR007,Dr. Deepak Sharma,Gynecology,Asthma,58,2024-09-17,2024-10-01,14,No,,
DC00445,PT01655,DR001,Dr. Priya Nair,Cardiology,Migraine,19,2024-02-22,2024-03-09,16,No,,
DC00446,PT00949,DR001,Dr. Priya Nair,Cardiology,Diabetes Type 2,39,2024-06-20,2024-07-02,12,Yes,2024-07-14,12
DC00447,PT01960,DR006,Dr. Kavya Iyer,Pediatrics,Chest Infection,64,2024-03-19,2024-04-08,20,No,,
DC00448,PT00401,DR006,Dr. Kavya Iyer,Pediatrics,Diabetes Type 2,48,2024-07-13,2024-07-31,18,No,,
DC00449,PT00949,DR002,Dr. Suresh Patil,Orthopedics,Diabetes Type 2,28,2024-04-19,2024-05-10,21,No,,
DC00450,PT01063,DR001,Dr. Priya Nair,Cardiology,Hypertension,74,2024-09-30,2024-10-09,9,No,,
DC00451,PT01402,DR008,Dr. Anil Joshi,Emergency,Stroke Recovery,45,2024-05-28,2024-06-18,21,Yes,2024-06-26,8
DC00452,PT01357,DR002,Dr. Suresh Patil,Orthopedics,Anemia,71,2024-11-20,2024-11-28,8,No,,
DC00453,PT00510,DR006,Dr. Kavya Iyer,Pediatrics,Dengue Fever,19,2024-09-19,2024-10-10,21,No,,
DC00454,PT00423,DR003,Dr. Aarti Deshmukh,Neurology,Dengue Fever,83,2024-08-20,2024-08-31,11,No,,
DC00455,PT01327,DR004,Dr. Rajan Mehta,Oncology,Fracture - Femur,36,2024-01-28,2024-02-18,21,No,,
DC00456,PT00713,DR010,Dr. Rohit Verma,Orthopedics,Anemia,25,2024-11-10,2024-11-11,1,No,,
DC00457,PT01075,DR004,Dr. Rajan Mehta,Oncology,Hypertension,72,2024-08-01,2024-08-06,5,No,,
DC00458,PT01889,DR010,Dr. Rohit Verma,Orthopedics,Dengue Fever,40,2024-10-10,2024-10-26,16,No,,
DC00459,PT01987,DR004,Dr. Rajan Mehta,Oncology,Diabetes Type 2,53,2024-03-13,2024-03-30,17,No,,
DC00460,PT00940,DR005,Dr. Sunita Kulkarni,General Medicine,Dengue Fever,23,2024-05-05,2024-05-24,19,No,,
DC00461,PT00373,DR002,Dr. Suresh Patil,Orthopedics,Chest Infection,82,2024-02-19,2024-02-24,5,No,,
DC00462,PT00596,DR002,Dr. Suresh Patil,Orthopedics,Heart Attack,,2024-07-17,2024-07-28,11,No,,
DC00463,PT01856,DR008,Dr. Anil Joshi,Emergency,Fracture - Femur,27,2024-08-31,2024-09-12,12,No,,
DC00464,PT01486,DR007,Dr. Deepak Sharma,Gynecology,Hypertension,54,2024-08-31,2024-09-08,8,No,,
DC00465,PT00873,DR008,Dr. Anil Joshi,Emergency,Lung Cancer - Stage 2,72,2024-09-29,2024-10-09,10,Yes,2024-11-01,23
DC00466,PT00428,DR003,Dr. Aarti Deshmukh,Neurology,Stroke Recovery,63,2024-04-28,2024-05-16,18,No,,
DC00467,PT00986,DR004,Dr. Rajan Mehta,Oncology,Hypertension,61,2024-07-01,2024-07-19,18,No,,
DC00468,PT01561,DR006,Dr. Kavya Iyer,Pediatrics,Dengue Fever,37,2024-11-09,2024-11-23,14,No,,
DC00469,PT01801,DR002,Dr. Suresh Patil,Orthopedics,Knee Replacement,82,2024-07-01,2024-07-13,12,No,,
DC00470,PT00422,DR001,Dr. Priya Nair,Cardiology,Fracture - Femur,52,2024-10-05,2024-10-09,4,Yes,2024-11-05,27
DC00471,PT00923,DR001,Dr. Priya Nair,Cardiology,Fracture - Femur,41,2024-09-12,2024-10-02,20,No,,
DC00472,PT00616,DR008,Dr. Anil Joshi,Emergency,Chest Infection,74,2024-11-30,2024-12-20,20,Yes,2024-12-30,10
DC00473,PT00851,DR009,Dr. Meera Pillai,Cardiology,Hernia Repair,32,2024-09-06,2024-09-13,7,No,,
DC00474,PT00650,DR010,Dr. Rohit Verma,Orthopedics,Heart Attack,53,2024-08-07,2024-08-15,8,No,,
DC00475,PT00204,DR001,Dr. Priya Nair,Cardiology,Migraine,42,2024-10-20,2024-10-21,1,No,,
DC00476,PT00277,DR007,Dr. Deepak Sharma,Gynecology,Stroke Recovery,62,2024-04-05,2024-04-21,16,Yes,2024-04-29,8
DC00477,PT00627,DR003,Dr. Aarti Deshmukh,Neurology,Diabetes Type 2,48,2024-01-04,2024-01-10,6,No,,
DC00478,PT01955,DR009,Dr. Meera Pillai,Cardiology,Hypertension,73,2024-09-07,2024-09-15,8,No,,
DC00479,PT00630,DR010,Dr. Rohit Verma,Orthopedics,Fracture - Femur,58,2024-01-22,2024-02-04,13,No,,
DC00480,PT00240,DR010,Dr. Rohit Verma,Orthopedics,Hernia Repair,52,2024-07-26,2024-08-16,21,No,,
DC00481,PT00294,DR004,Dr. Rajan Mehta,Oncology,Dengue Fever,40,2024-06-19,2024-06-20,1,Yes,2024-06-25,5
DC00482,PT00966,DR001,Dr. Priya Nair,Cardiology,Asthma,23,2024-01-23,2024-01-24,1,No,,
DC00483,PT00483,DR003,Dr. Aarti Deshmukh,Neurology,Heart Attack,48,2024-03-26,2024-03-28,2,No,,
DC00484,PT01170,DR009,Dr. Meera Pillai,Cardiology,Hypertension,67,2024-05-29,2024-06-12,14,Yes,2024-06-29,17
DC00485,PT00586,DR008,Dr. Anil Joshi,Emergency,Hernia Repair,51,2024-10-01,2024-10-07,6,No,,
DC00486,PT00205,DR002,Dr. Suresh Patil,Orthopedics,Cataract Surgery,23,2024-09-06,2024-09-13,7,No,,
DC00487,PT01088,DR009,Dr. Meera Pillai,Cardiology,Chest Infection,,2024-08-24,2024-09-07,14,Yes,2024-09-16,9
DC00488,PT00714,DR001,Dr. Priya Nair,Cardiology,Knee Replacement,19,2024-06-05,2024-06-16,11,No,,
DC00489,PT01607,DR001,Dr. Priya Nair,Cardiology,Cataract Surgery,53,2024-06-27,2024-07-02,5,No,,
DC00490,PT00527,DR006,Dr. Kavya Iyer,Pediatrics,Appendicitis,71,2024-06-02,2024-06-15,13,No,,
DC00491,PT01458,DR005,Dr. Sunita Kulkarni,General Medicine,Appendicitis,,2024-11-10,2024-11-14,-1,No,,
DC00492,PT01852,DR001,Dr. Priya Nair,Cardiology,Hernia Repair,74,2024-02-26,2024-03-04,7,Yes,2024-03-21,17
DC00493,PT01553,DR008,Dr. Anil Joshi,Emergency,Stroke Recovery,42,2024-09-16,2024-09-22,6,No,,
DC00494,PT01404,DR009,Dr. Meera Pillai,Cardiology,Heart Attack,79,2024-04-24,2024-05-02,8,No,,
DC00495,PT01784,DR004,Dr. Rajan Mehta,Oncology,Heart Attack,60,2024-04-30,2024-05-09,9,Yes,2024-05-22,13
DC00496,PT00946,DR009,Dr. Meera Pillai,Cardiology,Appendicitis,,2024-08-11,2024-08-14,3,No,,
DC00497,PT00177,DR002,Dr. Suresh Patil,Orthopedics,Anemia,52,2024-07-14,2024-07-20,6,No,,
DC00498,PT00423,DR005,Dr. Sunita Kulkarni,General Medicine,Anemia,54,2024-10-22,2024-10-25,3,Yes,2024-11-09,15
DC00499,PT01882,DR004,Dr. Rajan Mehta,Oncology,Diabetes Type 2,,2024-06-12,2024-06-24,12,No,,
DC00500,PT01021,DR006,Dr. Kavya Iyer,Pediatrics,Fracture - Femur,45,2024-06-17,2024-06-21,4,No,,
DC00501,PT00279,DR004,Dr. Rajan Mehta,Oncology,Fracture - Femur,53,2024-01-28,2024-02-15,18,No,,
DC00502,PT00216,DR004,Dr. Rajan Mehta,Oncology,Asthma,49,2024-10-04,2024-10-07,3,No,,
DC00503,PT00224,DR009,Dr. Meera Pillai,Cardiology,Lung Cancer - Stage 2,46,2024-03-31,2024-04-20,20,Yes,2024-05-05,15
DC00504,PT00135,DR008,Dr. Anil Joshi,Emergency,Hernia Repair,47,2024-08-17,2024-08-25,8,No,,
DC00505,PT00741,DR004,Dr. Rajan Mehta,Oncology,Appendicitis,55,2024-01-23,2024-02-04,12,No,,
DC00506,PT01183,DR004,Dr. Rajan Mehta,Oncology,Diabetes Type 2,37,2024-11-17,2024-11-19,2,No,,
DC00507,PT00857,DR010,Dr. Rohit Verma,Orthopedics,Dengue Fever,73,2024-11-10,2024-11-11,1,No,,
DC00508,PT00796,DR001,Dr. Priya Nair,Cardiology,Dengue Fever,69,2024-07-03,2024-07-16,13,No,,
DC00509,PT00383,DR009,Dr. Meera Pillai,Cardiology,Dengue Fever,20,2024-03-07,2024-03-10,3,No,,
DC00510,PT01152,DR004,Dr. Rajan Mehta,Oncology,Hypertension,59,2024-10-26,2024-11-11,16,No,,
DC00511,PT00537,DR010,Dr. Rohit Verma,Orthopedics,Hernia Repair,70,2024-03-09,2024-03-26,17,No,,
DC00512,PT00973,DR006,Dr. Kavya Iyer,Pediatrics,Asthma,73,2024-07-21,2024-08-08,18,No,,
DC00513,PT01965,DR007,Dr. Deepak Sharma,Gynecology,Cataract Surgery,40,2024-05-23,2024-05-29,6,Yes,2024-06-26,28
DC00514,PT01361,DR003,Dr. Aarti Deshmukh,Neurology,Chest Infection,48,2024-06-24,2024-07-11,17,Yes,2024-07-20,9
DC00515,PT01440,DR009,Dr. Meera Pillai,Cardiology,Migraine,69,2024-08-23,2024-09-04,12,No,,
DC00516,PT00199,DR001,Dr. Priya Nair,Cardiology,Anemia,47,2024-09-22,2024-10-04,12,No,,
DC00517,PT01831,DR010,Dr. Rohit Verma,Orthopedics,Hernia Repair,38,2024-04-05,2024-04-20,15,No,,
DC00518,PT01605,DR004,Dr. Rajan Mehta,Oncology,Lung Cancer - Stage 2,42,2024-01-25,2024-02-10,16,No,,
DC00519,PT00791,DR008,Dr. Anil Joshi,Emergency,Diabetes Type 2,30,2024-09-08,2024-09-23,15,Yes,2024-10-03,10
DC00520,PT01007,DR004,Dr. Rajan Mehta,Oncology,Appendicitis,57,2024-02-03,2024-02-19,16,No,,
DC00521,PT01257,DR002,Dr. Suresh Patil,Orthopedics,Anemia,85,2024-05-19,2024-06-09,21,Yes,2024-07-07,28
DC00522,PT00185,DR004,Dr. Rajan Mehta,Oncology,Stroke Recovery,39,2024-01-31,2024-02-21,21,No,,
DC00523,PT01876,DR001,Dr. Priya Nair,Cardiology,Diabetes Type 2,38,2024-02-17,2024-02-25,8,Yes,2024-03-20,24
DC00524,PT01189,DR003,Dr. Aarti Deshmukh,Neurology,Fracture - Femur,52,2024-09-08,2024-09-13,5,No,,
DC00525,PT00661,DR007,Dr. Deepak Sharma,Gynecology,Diabetes Type 2,72,2024-09-22,2024-10-02,10,No,,
DC00526,PT01117,DR004,Dr. Rajan Mehta,Oncology,Stroke Recovery,74,2024-07-22,2024-08-02,11,No,,
DC00527,PT01210,DR002,Dr. Suresh Patil,Orthopedics,Lung Cancer - Stage 2,33,2024-09-20,2024-10-05,15,No,,
DC00528,PT01047,DR004,Dr. Rajan Mehta,Oncology,Stroke Recovery,66,2024-09-24,2024-09-29,5,No,,
DC00529,PT01595,DR010,Dr. Rohit Verma,Orthopedics,Appendicitis,35,2024-10-05,2024-10-08,3,No,,
DC00530,PT01495,DR010,Dr. Rohit Verma,Orthopedics,Hernia Repair,76,2024-10-17,2024-10-23,6,No,,
DC00531,PT01299,DR007,Dr. Deepak Sharma,Gynecology,Heart Attack,76,2024-07-11,2024-07-23,12,No,,
DC00532,PT00761,DR010,Dr. Rohit Verma,Orthopedics,Fracture - Femur,77,2024-08-14,2024-08-25,11,No,,
DC00533,PT01284,DR009,Dr. Meera Pillai,Cardiology,Hypertension,58,2024-01-21,2024-02-05,15,Yes,2024-03-05,29
DC00534,PT00509,DR008,Dr. Anil Joshi,Emergency,Stroke Recovery,48,2024-04-24,2024-05-13,19,Yes,2024-06-09,27
DC00535,PT00360,DR007,Dr. Deepak Sharma,Gynecology,Fracture - Femur,69,2024-10-14,2024-10-31,17,No,,
DC00536,PT01116,DR006,Dr. Kavya Iyer,Pediatrics,Lung Cancer - Stage 2,64,2024-07-25,2024-07-26,1,No,,
DC00537,PT00278,DR002,Dr. Suresh Patil,Orthopedics,Stroke Recovery,60,2024-04-21,2024-04-22,1,No,,
DC00538,PT01288,DR009,Dr. Meera Pillai,Cardiology,Anemia,38,2024-01-08,2024-01-14,6,No,,
DC00539,PT01674,DR008,Dr. Anil Joshi,Emergency,Appendicitis,25,2024-11-12,2024-11-19,7,No,,
DC00540,PT00899,DR010,Dr. Rohit Verma,Orthopedics,Heart Attack,19,2024-10-25,2024-10-28,3,No,,
DC00541,PT01518,DR005,Dr. Sunita Kulkarni,General Medicine,Stroke Recovery,28,2024-06-05,2024-06-15,10,No,,
DC00542,PT01307,DR009,Dr. Meera Pillai,Cardiology,Cataract Surgery,68,2024-05-26,2024-06-13,18,No,,
DC00543,PT00601,DR010,Dr. Rohit Verma,Orthopedics,Anemia,66,2024-11-19,2024-11-30,11,No,,
DC00544,PT01484,DR001,Dr. Priya Nair,Cardiology,Dengue Fever,71,2024-05-08,2024-05-12,4,No,,
DC00545,PT01975,DR008,Dr. Anil Joshi,Emergency,Knee Replacement,82,2024-05-16,2024-05-17,1,No,,
DC00546,PT01824,DR004,Dr. Rajan Mehta,Oncology,Knee Replacement,68,2024-02-21,2024-03-04,12,No,,
DC00547,PT01047,DR008,Dr. Anil Joshi,Emergency,Diabetes Type 2,18,2024-08-25,2024-08-29,4,Yes,2024-09-11,13
DC00548,PT01468,DR001,Dr. Priya Nair,Cardiology,Fracture - Femur,20,2024-02-10,2024-02-27,17,Yes,2024-03-03,5
DC00549,PT00815,DR001,Dr. Priya Nair,Cardiology,Chest Infection,57,2024-01-18,2024-01-25,7,No,,
DC00550,PT00605,DR002,Dr. Suresh Patil,Orthopedics,Fracture - Femur,53,2024-05-11,2024-05-14,3,No,,
DC00551,PT01652,DR003,Dr. Aarti Deshmukh,Neurology,Stroke Recovery,64,2024-04-15,2024-04-26,11,No,,
DC00552,PT01270,DR002,Dr. Suresh Patil,Orthopedics,Chest Infection,42,2024-07-29,2024-08-11,13,Yes,2024-08-20,9
DC00553,PT00631,DR009,Dr. Meera Pillai,Cardiology,Appendicitis,24,2024-06-19,2024-06-20,1,No,,
DC00554,PT01646,DR006,Dr. Kavya Iyer,Pediatrics,Hernia Repair,26,2024-11-29,2024-11-30,1,No,,
DC00555,PT00945,DR001,Dr. Priya Nair,Cardiology,Migraine,73,2024-07-20,2024-08-10,21,No,,
DC00556,PT00995,DR009,Dr. Meera Pillai,Cardiology,Asthma,51,2024-02-20,2024-02-27,7,Yes,2024-03-26,28
DC00557,PT01122,DR007,Dr. Deepak Sharma,Gynecology,Lung Cancer - Stage 2,58,2024-10-25,2024-10-28,3,No,,
DC00558,PT00403,DR006,Dr. Kavya Iyer,Pediatrics,Heart Attack,53,2024-02-08,2024-02-25,17,Yes,2024-03-11,15
DC00559,PT00528,DR007,Dr. Deepak Sharma,Gynecology,Chest Infection,36,2024-02-20,2024-02-27,7,No,,
DC00560,PT01194,DR002,Dr. Suresh Patil,Orthopedics,Hernia Repair,53,2024-03-29,2024-04-12,14,No,,
DC00561,PT01457,DR001,Dr. Priya Nair,Cardiology,Heart Attack,,2024-11-08,2024-11-26,18,No,,
DC00562,PT01241,DR002,Dr. Suresh Patil,Orthopedics,Appendicitis,37,2024-04-18,2024-04-26,8,No,,
DC00563,PT01194,DR004,Dr. Rajan Mehta,Oncology,Knee Replacement,64,2024-10-09,2024-10-23,14,No,,
DC00564,PT01867,DR010,Dr. Rohit Verma,Orthopedics,Knee Replacement,31,2024-05-30,2024-06-18,19,No,,
DC00565,PT01811,DR001,Dr. Priya Nair,Cardiology,Appendicitis,32,2024-03-29,2024-04-06,8,No,,
DC00566,PT00550,DR006,Dr. Kavya Iyer,Pediatrics,Diabetes Type 2,29,2024-07-31,2024-08-16,16,No,,
DC00567,PT00017,DR008,Dr. Anil Joshi,Emergency,Dengue Fever,78,2024-02-13,2024-02-17,4,Yes,2024-02-24,7
DC00568,PT01158,DR002,Dr. Suresh Patil,Orthopedics,Stroke Recovery,44,2024-04-17,2024-04-29,12,No,,
DC00569,PT01545,DR009,Dr. Meera Pillai,Cardiology,Hernia Repair,57,2024-08-23,2024-08-28,5,No,,
DC00570,PT01472,DR001,Dr. Priya Nair,Cardiology,Dengue Fever,52,2024-05-09,2024-05-13,4,No,,
DC00571,PT01128,DR003,Dr. Aarti Deshmukh,Neurology,Anemia,40,2024-11-08,2024-11-26,18,Yes,2024-12-19,23
DC00572,PT01665,DR002,Dr. Suresh Patil,ORTHOPEDICS,Appendicitis,34,2024-04-09,2024-04-22,13,No,,
DC00573,PT00584,DR008,Dr. Anil Joshi,Emergency,Cataract Surgery,38,2024-04-28,2024-05-03,5,Yes,2024-05-10,7
DC00574,PT00410,DR008,Dr. Anil Joshi,Emergency,Hernia Repair,68,2024-10-11,2024-10-18,7,No,,
DC00575,PT00702,DR003,Dr. Aarti Deshmukh,Neurology,Cataract Surgery,53,2024-09-23,2024-10-09,16,No,,
DC00576,PT01427,DR002,Dr. Suresh Patil,Orthopedics,Fracture - Femur,45,2024-08-05,2024-08-15,10,No,,
DC00577,PT01368,DR001,Dr. Priya Nair,Cardiology,Appendicitis,62,2024-06-13,2024-06-19,6,Yes,2024-07-10,21
DC00578,PT00551,DR009,Dr. Meera Pillai,Cardiology,Migraine,65,2024-04-28,2024-05-07,9,Yes,2024-05-28,21
DC00579,PT01336,DR010,Dr. Rohit Verma,Orthopedics,Fracture - Femur,51,2024-09-04,2024-09-15,11,No,,
DC00580,PT01370,DR008,Dr. Anil Joshi,Emergency,Hypertension,40,2024-08-07,2024-08-21,14,No,,
DC00581,PT00355,DR003,Dr. Aarti Deshmukh,Neurology,Hypertension,75,2024-06-02,2024-06-09,7,No,,
DC00582,PT01897,DR008,Dr. Anil Joshi,Emergency,Knee Replacement,50,2024-05-24,2024-06-10,17,No,,
DC00583,PT01063,DR004,Dr. Rajan Mehta,Oncology,Hypertension,35,2024-06-14,2024-06-28,14,No,,
DC00584,PT00360,DR001,Dr. Priya Nair,Cardiology,Heart Attack,82,2024-08-30,2024-09-20,21,No,,
DC00585,PT00074,DR010,Dr. Rohit Verma,ORTHOPEDICS,Hernia Repair,40,2024-03-07,2024-03-19,12,No,,
DC00586,PT01572,DR003,Dr. Aarti Deshmukh,Neurology,Stroke Recovery,51,2024-11-21,2024-12-03,12,No,,
DC00587,PT01773,DR010,Dr. Rohit Verma,Orthopedics,Knee Replacement,,2024-10-27,2024-11-15,19,No,,
DC00588,PT00344,DR003,Dr. Aarti Deshmukh,Neurology,Fracture - Femur,35,2024-11-02,2024-11-20,18,No,,
DC00589,PT01697,DR009,Dr. Meera Pillai,Cardiology,Cataract Surgery,60,2024-09-26,2024-10-04,8,No,,
DC00590,PT00434,DR003,Dr. Aarti Deshmukh,Neurology,Appendicitis,40,2024-01-18,2024-01-26,8,No,,
DC00591,PT00959,DR008,Dr. Anil Joshi,Emergency,Asthma,47,2024-01-17,2024-01-18,1,No,,
DC00592,PT00101,DR007,Dr. Deepak Sharma,Gynecology,Anemia,55,2024-06-16,2024-06-21,5,No,,
DC00593,PT01200,DR006,Dr. Kavya Iyer,Pediatrics,Hernia Repair,24,2024-10-21,2024-10-27,6,No,,
DC00594,PT00288,DR009,Dr. Meera Pillai,Cardiology,Appendicitis,20,2024-07-15,2024-07-17,2,No,,
DC00595,PT00594,DR010,Dr. Rohit Verma,Orthopedics,Lung Cancer - Stage 2,74,2024-02-26,2024-03-01,4,No,,
DC00596,PT00606,DR009,Dr. Meera Pillai,Cardiology,Heart Attack,78,2024-09-07,2024-09-15,8,Yes,2024-09-29,14
DC00597,PT01546,DR002,Dr. Suresh Patil,Orthopedics,Knee Replacement,72,2024-06-10,2024-06-30,20,No,,
DC00598,PT01431,DR003,Dr. Aarti Deshmukh,Neurology,Dengue Fever,72,2024-08-14,2024-09-01,18,No,,
DC00599,PT01346,DR003,Dr. Aarti Deshmukh,Neurology,Migraine,59,2024-10-17,2024-10-28,11,No,,
DC00600,PT01781,DR008,Dr. Anil Joshi,Emergency,Hypertension,29,2024-01-23,2024-02-07,15,No,,
DC00601,PT00097,DR004,Dr. Rajan Mehta,Oncology,Chest Infection,69,2024-04-06,2024-04-14,8,No,,
DC00602,PT01912,DR008,Dr. Anil Joshi,Emergency,Knee Replacement,19,2024-04-13,2024-04-22,9,No,,
DC00603,PT01971,DR009,Dr. Meera Pillai,Cardiology,Asthma,49,2024-08-10,2024-08-24,14,No,,
DC00604,PT00454,DR009,Dr. Meera Pillai,Cardiology,Fracture - Femur,32,2024-01-29,2024-02-11,13,Yes,2024-02-23,12
DC00605,PT01729,DR009,Dr. Meera Pillai,Cardiology,Migraine,61,2024-09-13,2024-10-03,20,No,,
DC00606,PT01486,DR007,Dr. Deepak Sharma,Gynecology,Chest Infection,33,2024-10-24,2024-11-04,11,No,,
DC00607,PT01124,DR002,Dr. Suresh Patil,Orthopedics,Lung Cancer - Stage 2,45,2024-04-24,2024-04-27,3,No,,
DC00608,PT00002,DR002,Dr. Suresh Patil,ORTHOPEDICS,Dengue Fever,32,2024-10-06,2024-10-08,2,No,,
DC00609,PT00372,DR005,Dr. Sunita Kulkarni,General Medicine,Hernia Repair,38,2024-05-18,2024-05-26,8,No,,
DC00610,PT01504,DR006,Dr. Kavya Iyer,Pediatrics,Diabetes Type 2,82,2024-09-20,2024-10-10,20,No,,
DC00611,PT01759,DR006,Dr. Kavya Iyer,Pediatrics,Diabetes Type 2,32,2024-08-18,2024-09-07,20,No,,
DC00612,PT01619,DR001,Dr. Priya Nair,Cardiology,Cataract Surgery,52,2024-11-24,2024-12-01,7,No,,
DC00613,PT00059,DR005,Dr. Sunita Kulkarni,General Medicine,Dengue Fever,,2024-05-19,2024-05-21,2,Yes,2024-05-26,5
DC00614,PT00821,DR010,Dr. Rohit Verma,Orthopedics,Anemia,45,2024-02-17,2024-03-08,20,No,,
DC00615,PT00964,DR010,Dr. Rohit Verma,Orthopedics,Migraine,67,2024-03-27,2024-04-09,13,No,,
DC00616,PT00099,DR008,Dr. Anil Joshi,Emergency,Chest Infection,21,2024-01-02,2024-01-13,11,No,,
DC00617,PT00770,DR008,Dr. Anil Joshi,Emergency,Diabetes Type 2,31,2024-01-30,2024-02-18,19,No,,
DC00618,PT00668,DR010,Dr. Rohit Verma,Orthopedics,Knee Replacement,66,2024-01-14,2024-02-01,18,No,,
DC00619,PT01415,DR006,Dr. Kavya Iyer,Pediatrics,Heart Attack,42,2024-09-29,2024-10-06,7,No,,
DC00620,PT01502,DR006,Dr. Kavya Iyer,Pediatrics,Lung Cancer - Stage 2,50,2024-10-16,2024-10-24,8,No,,
DC00621,PT00841,DR009,Dr. Meera Pillai,Cardiology,Anemia,18,2024-09-20,2024-09-24,4,No,,
DC00622,PT00770,DR004,Dr. Rajan Mehta,Oncology,Knee Replacement,77,2024-01-31,2024-02-03,3,Yes,2024-03-03,29
DC00623,PT00248,DR008,Dr. Anil Joshi,Emergency,Heart Attack,49,2024-08-04,2024-08-09,5,No,,
DC00624,PT00234,DR002,Dr. Suresh Patil,Orthopedics,Asthma,32,2024-11-14,2024-12-05,21,No,,
DC00625,PT01744,DR002,Dr. Suresh Patil,Orthopedics,Anemia,82,2024-01-16,2024-01-31,15,No,,
DC00626,PT01604,DR001,Dr. Priya Nair,Cardiology,Hypertension,62,2024-05-10,2024-05-15,5,No,,
DC00627,PT00694,DR005,Dr. Sunita Kulkarni,General Medicine,Lung Cancer - Stage 2,56,2024-06-28,2024-07-16,18,No,,
DC00628,PT00180,DR010,Dr. Rohit Verma,Orthopedics,Appendicitis,20,2024-02-02,2024-02-11,9,No,,
DC00629,PT00058,DR010,Dr. Rohit Verma,Orthopedics,Hypertension,56,2024-06-20,2024-06-30,10,No,,
DC00630,PT00767,DR003,Dr. Aarti Deshmukh,Neurology,Hernia Repair,62,2024-02-26,2024-03-11,14,No,,
DC00631,PT01948,DR004,Dr. Rajan Mehta,Oncology,Migraine,76,2024-10-25,2024-10-27,2,No,,
DC00632,PT00311,DR005,Dr. Sunita Kulkarni,General Medicine,Asthma,19,2024-06-01,2024-06-07,6,No,,
DC00633,PT00985,DR010,Dr. Rohit Verma,Orthopedics,Dengue Fever,69,2024-09-09,2024-09-10,1,No,,
DC00634,PT00269,DR005,Dr. Sunita Kulkarni,General Medicine,Chest Infection,74,2024-01-30,2024-02-15,16,No,,
DC00635,PT01278,DR007,Dr. Deepak Sharma,Gynecology,Heart Attack,31,2024-09-18,2024-09-20,2,No,,
DC00636,PT00857,DR007,Dr. Deepak Sharma,Gynecology,Knee Replacement,,2024-04-15,2024-05-05,20,No,,
DC00637,PT01289,DR008,Dr. Anil Joshi,Emergency,Knee Replacement,60,2024-08-01,2024-08-12,11,No,,
DC00638,PT00891,DR002,Dr. Suresh Patil,Orthopedics,Stroke Recovery,51,2024-06-20,2024-07-11,21,No,,
DC00639,PT00169,DR009,Dr. Meera Pillai,Cardiology,Knee Replacement,34,2024-04-19,2024-04-26,7,No,,
DC00640,PT01880,DR004,Dr. Rajan Mehta,ONCOLOGY,Hypertension,78,2024-05-21,2024-06-03,13,No,,
DC00641,PT01580,DR006,Dr. Kavya Iyer,Pediatrics,Stroke Recovery,27,2024-04-29,2024-05-03,4,No,,
DC00642,PT00850,DR003,Dr. Aarti Deshmukh,Neurology,Hernia Repair,61,2024-10-11,2024-10-26,15,No,,
DC00643,PT01912,DR004,Dr. Rajan Mehta,Oncology,Stroke Recovery,37,2024-07-12,2024-07-22,10,No,,
DC00644,PT00850,DR005,Dr. Sunita Kulkarni,General Medicine,Chest Infection,26,2024-09-23,2024-10-08,15,No,,
DC00645,PT00425,DR003,Dr. Aarti Deshmukh,Neurology,Knee Replacement,83,2024-02-19,2024-03-04,14,Yes,2024-03-07,3
DC00646,PT01704,DR006,Dr. Kavya Iyer,Pediatrics,Chest Infection,29,2024-09-07,2024-09-16,9,No,,
DC00647,PT00213,DR009,Dr. Meera Pillai,Cardiology,Anemia,55,2024-04-07,2024-04-14,7,Yes,2024-05-07,23
DC00648,PT01847,DR005,Dr. Sunita Kulkarni,General Medicine,Lung Cancer - Stage 2,64,2024-06-24,2024-07-15,21,No,,
DC00649,PT01547,DR007,Dr. Deepak Sharma,Gynecology,Knee Replacement,70,2024-06-25,2024-07-02,7,No,,
DC00650,PT00089,DR004,Dr. Rajan Mehta,Oncology,Lung Cancer - Stage 2,52,2024-07-06,2024-07-22,16,No,,
DC00651,PT01767,DR010,Dr. Rohit Verma,Orthopedics,Heart Attack,18,2024-03-29,2024-04-05,7,Yes,2024-04-12,7
DC00652,PT01983,DR008,Dr. Anil Joshi,Emergency,Diabetes Type 2,57,2024-07-25,2024-08-07,13,Yes,2024-08-16,9
DC00653,PT01959,DR006,Dr. Kavya Iyer,Pediatrics,Cataract Surgery,75,2024-02-13,2024-03-04,20,No,,
DC00654,PT00274,DR010,Dr. Rohit Verma,Orthopedics,Knee Replacement,45,2024-08-14,2024-08-15,1,No,,
DC00655,PT00258,DR001,Dr. Priya Nair,Cardiology,Asthma,81,2024-02-29,2024-03-03,3,No,,
DC00656,PT00083,DR002,Dr. Suresh Patil,Orthopedics,Hypertension,21,2024-11-09,2024-11-13,4,No,,
DC00657,PT00680,DR003,Dr. Aarti Deshmukh,Neurology,Asthma,61,2024-01-24,2024-02-03,10,No,,
DC00658,PT00710,DR002,Dr. Suresh Patil,Orthopedics,Hypertension,63,2024-04-12,2024-04-30,18,No,,
DC00659,PT01446,DR009,Dr. Meera Pillai,Cardiology,Stroke Recovery,19,2024-10-20,2024-10-26,6,Yes,2024-11-23,28
DC00660,PT01115,DR001,Dr. Priya Nair,Cardiology,Fracture - Femur,73,2024-07-28,2024-08-17,20,No,,
DC00661,PT01172,DR006,Dr. Kavya Iyer,Pediatrics,Dengue Fever,30,2024-03-25,2024-04-12,18,No,,
DC00662,PT01580,DR005,Dr. Sunita Kulkarni,General Medicine,Chest Infection,76,2024-05-01,2024-05-10,9,No,,
DC00663,PT01944,DR002,Dr. Suresh Patil,Orthopedics,Appendicitis,51,2024-01-18,2024-02-04,17,No,,
DC00664,PT00324,DR003,Dr. Aarti Deshmukh,Neurology,Knee Replacement,52,2024-04-19,2024-05-10,21,No,,
DC00665,PT01616,DR005,Dr. Sunita Kulkarni,General Medicine,Anemia,63,2024-06-04,2024-06-21,17,No,,
DC00666,PT00636,DR005,Dr. Sunita Kulkarni,General Medicine,Chest Infection,40,2024-02-11,2024-02-20,9,No,,
DC00667,PT00191,DR005,Dr. Sunita Kulkarni,General Medicine,Knee Replacement,79,2024-07-13,2024-07-15,2,Yes,2024-07-24,9
DC00668,PT01096,DR003,Dr. Aarti Deshmukh,Neurology,Fracture - Femur,68,2024-07-25,2024-08-04,10,Yes,2024-08-31,27
DC00669,PT00541,DR006,Dr. Kavya Iyer,Pediatrics,Heart Attack,60,2024-11-22,2024-11-27,5,No,,
DC00670,PT01718,DR001,Dr. Priya Nair,Cardiology,Hernia Repair,74,2024-07-30,2024-08-14,15,No,,
DC00671,PT01386,DR008,Dr. Anil Joshi,Emergency,Anemia,45,2024-01-14,2024-01-22,8,Yes,2024-02-11,20
DC00672,PT01984,DR004,Dr. Rajan Mehta,Oncology,Dengue Fever,29,2024-02-29,2024-03-20,20,No,,
DC00673,PT01911,DR003,Dr. Aarti Deshmukh,Neurology,Anemia,83,2024-10-15,2024-10-18,3,No,,
DC00674,PT00907,DR004,Dr. Rajan Mehta,Oncology,Dengue Fever,59,2024-09-13,2024-09-23,10,No,,
DC00675,PT00193,DR002,Dr. Suresh Patil,Orthopedics,Lung Cancer - Stage 2,76,2024-07-31,2024-08-05,5,No,,
DC00676,PT00330,DR002,Dr. Suresh Patil,Orthopedics,Fracture - Femur,77,2024-07-20,2024-07-26,6,No,,
DC00677,PT00253,DR005,Dr. Sunita Kulkarni,General Medicine,Lung Cancer - Stage 2,62,2024-07-04,2024-07-18,14,Yes,2024-07-29,11
DC00678,PT00072,DR002,Dr. Suresh Patil,Orthopedics,Lung Cancer - Stage 2,45,2024-05-12,2024-05-25,13,No,,
DC00679,PT00007,DR002,Dr. Suresh Patil,Orthopedics,Knee Replacement,27,2024-03-13,2024-03-18,5,No,,
DC00680,PT01030,DR005,Dr. Sunita Kulkarni,General Medicine,Anemia,28,2024-02-21,2024-02-28,7,No,,
DC00681,PT00115,DR009,Dr. Meera Pillai,Cardiology,Dengue Fever,47,2024-09-23,2024-10-13,20,Yes,2024-11-03,21
DC00682,PT01459,DR001,Dr. Priya Nair,Cardiology,Knee Replacement,81,2024-06-07,2024-06-10,3,No,,
DC00683,PT01636,DR007,Dr. Deepak Sharma,Gynecology,Hernia Repair,38,2024-09-28,2024-10-05,7,No,,
DC00684,PT01401,DR001,Dr. Priya Nair,Cardiology,Asthma,79,2024-01-04,2024-01-24,20,No,,
DC00685,PT00839,DR003,Dr. Aarti Deshmukh,Neurology,Chest Infection,20,2024-11-02,2024-11-14,12,No,,
DC00686,PT00387,DR001,Dr. Priya Nair,Cardiology,Diabetes Type 2,46,2024-03-23,2024-04-03,11,Yes,2024-04-12,9
DC00687,PT00456,DR008,Dr. Anil Joshi,Emergency,Hypertension,60,2024-08-06,2024-08-22,16,No,,
DC00688,PT00549,DR009,Dr. Meera Pillai,Cardiology,Knee Replacement,27,2024-04-03,2024-04-07,4,No,,
DC00689,PT01546,DR008,Dr. Anil Joshi,Emergency,Knee Replacement,65,2024-01-10,2024-01-22,12,Yes,2024-02-01,10
DC00690,PT01508,DR009,Dr. Meera Pillai,Cardiology,Hernia Repair,58,2024-06-15,2024-06-27,12,Yes,2024-07-12,15
DC00691,PT00029,DR006,Dr. Kavya Iyer,Pediatrics,Anemia,24,2024-04-16,2024-04-29,13,No,,
DC00692,PT01185,DR010,Dr. Rohit Verma,Orthopedics,Stroke Recovery,70,2024-10-23,2024-10-28,5,No,,
DC00693,PT00820,DR006,Dr. Kavya Iyer,Pediatrics,Migraine,62,2024-04-02,2024-04-19,17,No,,
DC00694,PT01353,DR004,Dr. Rajan Mehta,Oncology,Heart Attack,50,2024-08-05,2024-08-09,4,No,,
DC00695,PT01987,DR004,Dr. Rajan Mehta,Oncology,Asthma,76,2024-08-15,2024-08-16,1,No,,
DC00696,PT00060,DR001,Dr. Priya Nair,Cardiology,Hernia Repair,24,2024-11-22,2024-12-04,12,Yes,2024-12-26,22
DC00697,PT00907,DR010,Dr. Rohit Verma,Orthopedics,Dengue Fever,74,2024-04-26,2024-05-16,20,No,,
DC00698,PT00538,DR009,Dr. Meera Pillai,CARDIOLOGY,Chest Infection,62,2024-10-26,2024-10-30,4,No,,
DC00699,PT01807,DR005,Dr. Sunita Kulkarni,General Medicine,Anemia,54,2024-08-16,2024-09-02,17,No,,
DC00700,PT00214,DR005,Dr. Sunita Kulkarni,General Medicine,Hypertension,77,2024-09-19,2024-10-06,17,No,,
DC00701,PT00663,DR007,Dr. Deepak Sharma,Gynecology,Dengue Fever,35,2024-10-28,2024-11-03,6,No,,
DC00702,PT01193,DR001,Dr. Priya Nair,CARDIOLOGY,Asthma,85,2024-02-02,2024-02-15,13,No,,
DC00703,PT01413,DR004,Dr. Rajan Mehta,Oncology,Stroke Recovery,57,2024-01-06,2024-01-26,20,No,,
DC00704,PT00644,DR010,Dr. Rohit Verma,Orthopedics,Knee Replacement,35,2024-09-13,2024-09-23,10,No,,
DC00705,PT00936,DR005,Dr. Sunita Kulkarni,General Medicine,Diabetes Type 2,48,2024-08-09,2024-08-20,11,No,,
DC00706,PT01972,DR008,Dr. Anil Joshi,Emergency,Anemia,44,2024-06-24,2024-07-08,14,No,,
DC00707,PT01338,DR002,Dr. Suresh Patil,Orthopedics,Diabetes Type 2,65,2024-07-26,2024-08-12,17,No,,
DC00708,PT01855,DR008,Dr. Anil Joshi,Emergency,Diabetes Type 2,81,2024-08-08,2024-08-25,17,Yes,2024-09-14,20
DC00709,PT01500,DR004,Dr. Rajan Mehta,Oncology,Knee Replacement,19,2024-06-15,2024-06-18,3,No,,
DC00710,PT01915,DR009,Dr. Meera Pillai,Cardiology,Anemia,52,2024-04-13,2024-04-17,4,No,,
DC00711,PT00184,DR003,Dr. Aarti Deshmukh,Neurology,Hypertension,76,2024-02-11,2024-03-03,21,No,,
DC00712,PT00642,DR008,Dr. Anil Joshi,Emergency,Dengue Fever,53,2024-08-11,2024-08-15,4,No,,
DC00713,PT00139,DR003,Dr. Aarti Deshmukh,Neurology,Lung Cancer - Stage 2,37,2024-06-13,2024-07-01,18,No,,
DC00714,PT00052,DR008,Dr. Anil Joshi,Emergency,Hypertension,77,2024-10-26,2024-11-01,6,No,,
DC00715,PT00840,DR005,Dr. Sunita Kulkarni,General Medicine,Knee Replacement,40,2024-06-17,2024-06-26,9,No,,
DC00716,PT01280,DR002,Dr. Suresh Patil,Orthopedics,Asthma,69,2024-06-12,2024-06-22,10,No,,
DC00717,PT00991,DR003,Dr. Aarti Deshmukh,Neurology,Dengue Fever,34,2024-08-23,2024-08-28,5,No,,
DC00718,PT01072,DR008,Dr. Anil Joshi,Emergency,Hypertension,48,2024-09-17,2024-10-01,14,Yes,2024-10-13,12
DC00719,PT00901,DR006,Dr. Kavya Iyer,Pediatrics,Hernia Repair,40,2024-01-24,2024-02-11,18,No,,
DC00720,PT01474,DR006,Dr. Kavya Iyer,Pediatrics,Appendicitis,23,2024-10-31,2024-11-17,17,No,,
DC00721,PT00315,DR008,Dr. Anil Joshi,Emergency,Anemia,34,2024-04-12,2024-04-26,14,No,,
DC00722,PT01266,DR005,Dr. Sunita Kulkarni,General Medicine,Diabetes Type 2,25,2024-05-30,2024-06-14,15,No,,
DC00723,PT01005,DR010,Dr. Rohit Verma,Orthopedics,Knee Replacement,20,2024-07-24,2024-08-14,21,No,,
DC00724,PT01770,DR003,Dr. Aarti Deshmukh,NEUROLOGY,Stroke Recovery,19,2024-09-21,2024-09-26,5,No,,
DC00725,PT00968,DR009,Dr. Meera Pillai,Cardiology,Hypertension,79,2024-08-03,2024-08-24,21,No,,
DC00726,PT01294,DR006,Dr. Kavya Iyer,Pediatrics,Stroke Recovery,36,2024-01-03,2024-01-23,20,No,,
DC00727,PT00212,DR007,Dr. Deepak Sharma,Gynecology,Dengue Fever,58,2024-01-11,2024-01-18,7,No,,
DC00728,PT01469,DR003,Dr. Aarti Deshmukh,Neurology,Stroke Recovery,36,2024-03-26,2024-04-11,16,No,,
DC00729,PT01805,DR007,Dr. Deepak Sharma,Gynecology,Hernia Repair,45,2024-01-30,2024-02-16,17,No,,
DC00730,PT01113,DR010,Dr. Rohit Verma,Orthopedics,Asthma,39,2024-10-31,2024-11-09,9,No,,
DC00731,PT00362,DR009,Dr. Meera Pillai,Cardiology,Heart Attack,68,2024-06-03,2024-06-17,14,Yes,2024-07-08,21
DC00732,PT00193,DR009,Dr. Meera Pillai,Cardiology,Appendicitis,32,2024-04-10,2024-04-15,5,Yes,2024-04-25,10
DC00733,PT01936,DR003,Dr. Aarti Deshmukh,Neurology,Diabetes Type 2,63,2024-05-13,2024-05-25,12,No,,
DC00734,PT01464,DR001,Dr. Priya Nair,Cardiology,Hernia Repair,81,2024-05-15,2024-06-01,17,No,,
DC00735,PT00703,DR010,Dr. Rohit Verma,Orthopedics,Asthma,22,2024-08-19,2024-08-26,7,No,,
DC00736,PT00107,DR009,Dr. Meera Pillai,Cardiology,Stroke Recovery,46,2024-08-12,2024-08-21,9,Yes,2024-08-25,4
DC00737,PT00820,DR001,Dr. Priya Nair,Cardiology,Hernia Repair,49,2024-11-27,2024-12-15,18,Yes,2025-01-01,17
DC00738,PT00782,DR008,Dr. Anil Joshi,Emergency,Migraine,63,2024-07-05,2024-07-22,17,No,,
DC00739,PT01503,DR006,Dr. Kavya Iyer,Pediatrics,Fracture - Femur,47,2024-04-29,2024-05-07,8,No,,
DC00740,PT01208,DR001,Dr. Priya Nair,Cardiology,Knee Replacement,55,2024-05-06,2024-05-24,18,No,,
DC00741,PT01391,DR008,Dr. Anil Joshi,Emergency,Appendicitis,39,2024-02-23,2024-03-14,20,No,,
DC00742,PT01386,DR001,Dr. Priya Nair,Cardiology,Fracture - Femur,69,2024-11-06,2024-11-27,21,Yes,2024-12-17,20
DC00743,PT00325,DR003,Dr. Aarti Deshmukh,Neurology,Lung Cancer - Stage 2,59,2024-03-09,2024-03-24,15,No,,
DC00744,PT00915,DR003,Dr. Aarti Deshmukh,Neurology,Hypertension,20,2024-02-10,2024-02-26,16,Yes,2024-03-14,17
DC00745,PT00932,DR008,Dr. Anil Joshi,Emergency,Hernia Repair,49,2024-05-30,2024-06-15,16,No,,
DC00746,PT01775,DR005,Dr. Sunita Kulkarni,General Medicine,Lung Cancer - Stage 2,83,2024-11-05,2024-11-25,20,No,,
DC00747,PT01436,DR007,Dr. Deepak Sharma,Gynecology,Fracture - Femur,84,2024-11-17,2024-12-03,16,No,,
DC00748,PT01660,DR003,Dr. Aarti Deshmukh,Neurology,Lung Cancer - Stage 2,46,2024-10-21,2024-10-26,-1,No,,
DC00749,PT00440,DR004,Dr. Rajan Mehta,Oncology,Lung Cancer - Stage 2,79,2024-03-02,2024-03-20,18,No,,
DC00750,PT01403,DR001,Dr. Priya Nair,Cardiology,Migraine,42,2024-04-10,2024-04-30,20,Yes,2024-05-29,29
DC00751,PT00390,DR006,Dr. Kavya Iyer,Pediatrics,Lung Cancer - Stage 2,49,2024-04-15,2024-04-19,4,No,,
DC00752,PT00757,DR001,Dr. Priya Nair,Cardiology,Migraine,83,2024-05-18,2024-06-05,18,No,,
DC00753,PT01263,DR009,Dr. Meera Pillai,Cardiology,Fracture - Femur,77,2024-07-05,2024-07-24,19,Yes,2024-08-18,25
DC00754,PT00986,DR009,Dr. Meera Pillai,Cardiology,Hypertension,36,2024-11-14,2024-12-03,19,No,,
DC00755,PT01729,DR009,Dr. Meera Pillai,Cardiology,Appendicitis,30,2024-04-17,2024-05-06,19,No,,
DC00756,PT01701,DR008,Dr. Anil Joshi,Emergency,Anemia,23,2024-07-31,2024-08-07,7,No,,
DC00757,PT01871,DR010,Dr. Rohit Verma,Orthopedics,Migraine,68,2024-05-11,2024-05-29,18,No,,
DC00758,PT01102,DR007,Dr. Deepak Sharma,Gynecology,Hernia Repair,53,2024-05-11,2024-05-20,9,No,,
DC00759,PT00703,DR005,Dr. Sunita Kulkarni,General Medicine,Asthma,40,2024-03-26,2024-04-10,15,No,,
DC00760,PT01033,DR001,Dr. Priya Nair,Cardiology,Anemia,61,2024-09-10,2024-09-15,5,No,,
DC00761,PT01313,DR008,Dr. Anil Joshi,Emergency,Cataract Surgery,65,2024-04-02,2024-04-18,16,Yes,2024-05-12,24
DC00762,PT01966,DR003,Dr. Aarti Deshmukh,Neurology,Stroke Recovery,52,2024-02-05,2024-02-09,4,No,,
DC00763,PT00479,DR009,Dr. Meera Pillai,Cardiology,Knee Replacement,74,2024-08-01,2024-08-16,15,No,,
DC00764,PT00955,DR002,Dr. Suresh Patil,Orthopedics,Asthma,53,2024-10-19,2024-11-05,17,No,,
DC00765,PT00808,DR006,Dr. Kavya Iyer,Pediatrics,Asthma,25,2024-08-13,2024-08-23,10,No,,
DC00766,PT01094,DR007,Dr. Deepak Sharma,Gynecology,Migraine,82,2024-11-16,2024-12-06,20,No,,
DC00767,PT01616,DR003,Dr. Aarti Deshmukh,Neurology,Dengue Fever,29,2024-03-05,2024-03-24,19,No,,
DC00768,PT00667,DR004,Dr. Rajan Mehta,ONCOLOGY,Migraine,26,2024-11-01,2024-11-02,1,Yes,2024-11-05,3
DC00769,PT01107,DR004,Dr. Rajan Mehta,Oncology,Cataract Surgery,38,2024-02-29,2024-03-17,17,No,,
DC00770,PT01106,DR008,Dr. Anil Joshi,Emergency,Asthma,41,2024-01-25,2024-02-01,7,Yes,2024-02-05,4
DC00771,PT01280,DR003,Dr. Aarti Deshmukh,Neurology,Knee Replacement,55,2024-08-31,2024-09-09,9,No,,
DC00772,PT00581,DR005,Dr. Sunita Kulkarni,General Medicine,Cataract Surgery,74,2024-09-03,2024-09-09,6,No,,
DC00773,PT00579,DR008,Dr. Anil Joshi,Emergency,Hernia Repair,76,2024-08-23,2024-08-26,3,Yes,2024-09-11,16
DC00774,PT01579,DR010,Dr. Rohit Verma,Orthopedics,Heart Attack,18,2024-05-13,2024-05-18,5,No,,
DC00775,PT01995,DR009,Dr. Meera Pillai,Cardiology,Hernia Repair,75,2024-03-25,2024-04-01,7,No,,
DC00776,PT01240,DR004,Dr. Rajan Mehta,Oncology,Cataract Surgery,81,2024-01-16,2024-02-03,18,No,,
DC00777,PT00363,DR009,Dr. Meera Pillai,Cardiology,Diabetes Type 2,38,2024-03-31,2024-04-03,3,No,,
DC00778,PT01614,DR009,Dr. Meera Pillai,Cardiology,Diabetes Type 2,79,2024-07-06,2024-07-20,14,Yes,2024-07-28,8
DC00779,PT00665,DR002,Dr. Suresh Patil,Orthopedics,Dengue Fever,58,2024-04-12,2024-04-19,7,No,,
DC00780,PT00596,DR004,Dr. Rajan Mehta,Oncology,Fracture - Femur,41,2024-04-03,2024-04-21,18,No,,
DC00781,PT01776,DR003,Dr. Aarti Deshmukh,Neurology,Chest Infection,23,2024-03-08,2024-03-10,2,No,,
DC00782,PT00321,DR009,Dr. Meera Pillai,Cardiology,Migraine,37,2024-11-28,2024-12-02,4,No,,
DC00783,PT01868,DR008,Dr. Anil Joshi,Emergency,Anemia,42,2024-04-15,2024-04-16,1,No,,
DC00784,PT01260,DR010,Dr. Rohit Verma,Orthopedics,Stroke Recovery,28,2024-08-31,2024-09-12,12,No,,
DC00785,PT01644,DR005,Dr. Sunita Kulkarni,General Medicine,Anemia,31,2024-02-27,2024-03-08,10,No,,
DC00786,PT01988,DR002,Dr. Suresh Patil,ORTHOPEDICS,Anemia,26,2024-05-28,2024-06-08,11,No,,
DC00787,PT01273,DR007,Dr. Deepak Sharma,Gynecology,Chest Infection,61,2024-05-07,2024-05-24,17,No,,
DC00788,PT01106,DR005,Dr. Sunita Kulkarni,General Medicine,Migraine,45,2024-06-26,2024-07-17,21,No,,
DC00789,PT00946,DR006,Dr. Kavya Iyer,Pediatrics,Hernia Repair,75,2024-03-30,2024-04-17,18,No,,
DC00790,PT01769,DR006,Dr. Kavya Iyer,Pediatrics,Fracture - Femur,34,2024-06-13,2024-06-15,2,No,,
DC00791,PT00241,DR003,Dr. Aarti Deshmukh,Neurology,Cataract Surgery,39,2024-04-04,2024-04-20,16,No,,
DC00792,PT00750,DR006,Dr. Kavya Iyer,Pediatrics,Asthma,19,2024-01-07,2024-01-15,8,No,,
DC00793,PT00877,DR008,Dr. Anil Joshi,Emergency,Fracture - Femur,66,2024-03-17,2024-03-25,8,No,,
DC00794,PT00909,DR006,Dr. Kavya Iyer,Pediatrics,Cataract Surgery,43,2024-02-11,2024-02-25,14,No,,
DC00795,PT01273,DR005,Dr. Sunita Kulkarni,General Medicine,Hypertension,22,2024-11-07,2024-11-26,19,No,,
DC00796,PT01483,DR002,Dr. Suresh Patil,Orthopedics,Fracture - Femur,19,2024-07-18,2024-07-27,9,No,,
DC00797,PT00622,DR005,Dr. Sunita Kulkarni,General Medicine,Hypertension,28,2024-04-03,2024-04-23,20,No,,
DC00798,PT01698,DR006,Dr. Kavya Iyer,Pediatrics,Heart Attack,56,2024-09-24,2024-10-03,9,No,,
DC00799,PT01102,DR004,Dr. Rajan Mehta,Oncology,Hernia Repair,22,2024-06-16,2024-06-29,13,No,,
DC00800,PT01849,DR002,Dr. Suresh Patil,Orthopedics,Diabetes Type 2,83,2024-09-06,2024-09-16,10,No,,
DC00801,PT01506,DR001,Dr. Priya Nair,Cardiology,Chest Infection,68,2024-10-02,2024-10-11,9,No,,
DC00802,PT00539,DR004,Dr. Rajan Mehta,Oncology,Chest Infection,65,2024-02-23,2024-03-10,16,No,,
DC00803,PT00135,DR001,Dr. Priya Nair,Cardiology,Anemia,68,2024-05-14,2024-05-25,11,Yes,2024-06-17,23
DC00804,PT01212,DR007,Dr. Deepak Sharma,Gynecology,Diabetes Type 2,60,2024-04-01,2024-04-15,14,No,,
DC00805,PT00687,DR009,Dr. Meera Pillai,Cardiology,Hernia Repair,78,2024-06-12,2024-06-19,7,No,,
DC00806,PT01719,DR002,Dr. Suresh Patil,Orthopedics,Appendicitis,23,2024-08-02,2024-08-19,17,No,,
DC00807,PT01538,DR009,Dr. Meera Pillai,Cardiology,Anemia,56,2024-08-16,2024-08-26,10,No,,
DC00808,PT00927,DR009,Dr. Meera Pillai,Cardiology,Migraine,58,2024-06-14,2024-06-24,10,No,,
DC00809,PT00813,DR001,Dr. Priya Nair,Cardiology,Anemia,61,2024-11-22,2024-12-03,11,No,,
DC00810,PT00765,DR007,Dr. Deepak Sharma,Gynecology,Lung Cancer - Stage 2,77,2024-04-28,2024-05-04,6,No,,
DC00811,PT01689,DR006,Dr. Kavya Iyer,Pediatrics,Appendicitis,78,2024-07-05,2024-07-10,5,No,,
DC00812,PT01934,DR007,Dr. Deepak Sharma,Gynecology,Knee Replacement,28,2024-07-18,2024-07-31,13,No,,
DC00813,PT01204,DR003,Dr. Aarti Deshmukh,Neurology,Hypertension,59,2024-01-24,2024-02-11,18,No,,
DC00814,PT01578,DR005,Dr. Sunita Kulkarni,General Medicine,Cataract Surgery,69,2024-07-28,2024-07-30,2,No,,
DC00815,PT01766,DR003,Dr. Aarti Deshmukh,Neurology,Stroke Recovery,60,2024-09-05,2024-09-16,11,No,,
DC00816,PT01643,DR004,Dr. Rajan Mehta,Oncology,Stroke Recovery,51,2024-11-30,2024-12-03,3,No,,
DC00817,PT00665,DR010,Dr. Rohit Verma,Orthopedics,Asthma,40,2024-03-25,2024-04-11,17,No,,
DC00818,PT00660,DR004,Dr. Rajan Mehta,Oncology,Lung Cancer - Stage 2,75,2024-09-12,2024-10-02,20,No,,
DC00819,PT00311,DR009,Dr. Meera Pillai,Cardiology,Cataract Surgery,23,2024-02-12,2024-02-13,1,Yes,2024-02-21,8
DC00820,PT00956,DR009,Dr. Meera Pillai,Cardiology,Hypertension,69,2024-09-17,2024-10-04,17,No,,
DC00821,PT01829,DR002,Dr. Suresh Patil,Orthopedics,Appendicitis,80,2024-03-14,2024-03-30,16,No,,
DC00822,PT01563,DR005,Dr. Sunita Kulkarni,General Medicine,Cataract Surgery,25,2024-03-23,2024-04-04,12,No,,
DC00823,PT00741,DR004,Dr. Rajan Mehta,Oncology,Chest Infection,59,2024-04-13,2024-04-28,15,No,,
DC00824,PT01964,DR010,Dr. Rohit Verma,Orthopedics,Fracture - Femur,32,2024-07-21,2024-08-03,13,No,,
DC00825,PT00436,DR009,Dr. Meera Pillai,Cardiology,Hypertension,78,2024-02-26,2024-02-28,2,No,,
DC00826,PT01857,DR005,Dr. Sunita Kulkarni,General Medicine,Lung Cancer - Stage 2,46,2024-07-21,2024-07-22,1,No,,
DC00827,PT00999,DR006,Dr. Kavya Iyer,Pediatrics,Hypertension,43,2024-08-21,2024-09-08,18,No,,
DC00828,PT00654,DR004,Dr. Rajan Mehta,Oncology,Lung Cancer - Stage 2,66,2024-11-02,2024-11-18,16,No,,
DC00829,PT01720,DR004,Dr. Rajan Mehta,Oncology,Fracture - Femur,56,2024-06-27,2024-07-01,4,Yes,2024-07-12,11
DC00830,PT01082,DR010,Dr. Rohit Verma,Orthopedics,Anemia,76,2024-04-05,2024-04-12,7,No,,
DC00831,PT01084,DR007,Dr. Deepak Sharma,Gynecology,Hypertension,55,2024-03-22,2024-04-08,17,No,,
DC00832,PT01817,DR006,Dr. Kavya Iyer,Pediatrics,Chest Infection,20,2024-07-01,2024-07-22,21,No,,
DC00833,PT01657,DR002,Dr. Suresh Patil,Orthopedics,Lung Cancer - Stage 2,62,2024-10-30,2024-11-18,19,No,,
DC00834,PT00485,DR001,Dr. Priya Nair,Cardiology,Diabetes Type 2,64,2024-10-20,2024-11-02,13,Yes,2024-11-28,26
DC00835,PT01761,DR005,Dr. Sunita Kulkarni,General Medicine,Lung Cancer - Stage 2,30,2024-07-03,2024-07-22,-1,No,,
DC00836,PT00077,DR004,Dr. Rajan Mehta,Oncology,Anemia,18,2024-10-06,2024-10-22,16,No,,
DC00837,PT00046,DR005,Dr. Sunita Kulkarni,GENERAL MEDICINE,Knee Replacement,30,2024-02-04,2024-02-09,5,No,,
DC00838,PT01247,DR008,Dr. Anil Joshi,Emergency,Chest Infection,23,2024-03-14,2024-03-17,3,No,,
DC00839,PT00360,DR006,Dr. Kavya Iyer,Pediatrics,Asthma,84,2024-06-18,2024-07-02,14,No,,
DC00840,PT01529,DR006,Dr. Kavya Iyer,PEDIATRICS,Migraine,30,2024-05-16,2024-05-26,10,No,,
DC00841,PT00440,DR010,Dr. Rohit Verma,Orthopedics,Heart Attack,45,2024-03-14,2024-04-03,20,No,,
DC00842,PT00068,DR008,Dr. Anil Joshi,Emergency,Hypertension,84,2024-07-13,2024-07-22,9,No,,
DC00843,PT01973,DR004,Dr. Rajan Mehta,Oncology,Anemia,60,2024-11-19,2024-12-08,19,Yes,2024-12-22,14
DC00844,PT00048,DR001,Dr. Priya Nair,Cardiology,Lung Cancer - Stage 2,18,2024-09-23,2024-09-30,7,No,,
DC00845,PT01798,DR003,Dr. Aarti Deshmukh,Neurology,Chest Infection,38,2024-06-24,2024-07-01,7,No,,
DC00846,PT01427,DR007,Dr. Deepak Sharma,Gynecology,Migraine,61,2024-03-23,2024-03-28,5,No,,
DC00847,PT00933,DR004,Dr. Rajan Mehta,Oncology,Cataract Surgery,18,2024-03-11,2024-03-19,8,Yes,2024-04-04,16
DC00848,PT01944,DR001,Dr. Priya Nair,Cardiology,Stroke Recovery,59,2024-09-28,2024-09-30,2,No,,
DC00849,PT00339,DR001,Dr. Priya Nair,Cardiology,Stroke Recovery,31,2024-10-26,2024-11-11,16,No,,
DC00850,PT00566,DR005,Dr. Sunita Kulkarni,General Medicine,Stroke Recovery,64,2024-04-21,2024-04-23,2,No,,
DC00851,PT01833,DR004,Dr. Rajan Mehta,Oncology,Hernia Repair,70,2024-05-10,2024-05-12,2,No,,
DC00852,PT01960,DR007,Dr. Deepak Sharma,Gynecology,Anemia,68,2024-05-29,2024-06-15,17,No,,
DC00853,PT00380,DR008,Dr. Anil Joshi,Emergency,Fracture - Femur,63,2024-07-18,2024-08-04,17,No,,
DC00854,PT00601,DR005,Dr. Sunita Kulkarni,GENERAL MEDICINE,Knee Replacement,81,2024-10-24,2024-10-30,6,No,,
DC00855,PT00737,DR003,Dr. Aarti Deshmukh,Neurology,Heart Attack,57,2024-07-27,2024-08-11,15,No,,
DC00856,PT00185,DR007,Dr. Deepak Sharma,Gynecology,Appendicitis,63,2024-01-30,2024-02-19,20,No,,
DC00857,PT01122,DR008,Dr. Anil Joshi,Emergency,Diabetes Type 2,20,2024-05-27,2024-06-02,6,No,,
DC00858,PT01022,DR008,Dr. Anil Joshi,Emergency,Dengue Fever,40,2024-04-22,2024-04-26,4,Yes,2024-05-08,12
DC00859,PT00437,DR007,Dr. Deepak Sharma,Gynecology,Knee Replacement,80,2024-04-27,2024-04-30,3,No,,
DC00860,PT01294,DR005,Dr. Sunita Kulkarni,General Medicine,Cataract Surgery,73,2024-09-04,2024-09-19,15,No,,
DC00861,PT02000,DR009,Dr. Meera Pillai,Cardiology,Chest Infection,76,2024-09-17,2024-09-22,5,No,,
DC00862,PT01290,DR007,Dr. Deepak Sharma,Gynecology,Hernia Repair,26,2024-11-14,2024-12-03,19,No,,
DC00863,PT01302,DR001,Dr. Priya Nair,Cardiology,Asthma,83,2024-05-05,2024-05-21,16,No,,
DC00864,PT01371,DR005,Dr. Sunita Kulkarni,General Medicine,Asthma,85,2024-03-05,2024-03-24,19,No,,
DC00865,PT01279,DR001,Dr. Priya Nair,Cardiology,Fracture - Femur,58,2024-06-09,2024-06-10,1,No,,
DC00866,PT00724,DR006,Dr. Kavya Iyer,Pediatrics,Migraine,81,2024-02-19,2024-02-21,2,No,,
DC00867,PT01068,DR007,Dr. Deepak Sharma,Gynecology,Migraine,31,2024-11-06,2024-11-19,13,No,,
DC00868,PT00148,DR009,Dr. Meera Pillai,Cardiology,Fracture - Femur,76,2024-03-05,2024-03-24,19,No,,
DC00869,PT01039,DR004,Dr. Rajan Mehta,Oncology,Asthma,69,2024-02-29,2024-03-12,12,No,,
DC00870,PT00767,DR002,Dr. Suresh Patil,ORTHOPEDICS,Migraine,79,2024-02-19,2024-03-03,13,No,,
DC00871,PT00312,DR007,Dr. Deepak Sharma,Gynecology,Cataract Surgery,26,2024-10-09,2024-10-14,5,No,,
DC00872,PT01504,DR001,Dr. Priya Nair,Cardiology,Heart Attack,40,2024-03-08,2024-03-16,8,No,,
DC00873,PT01601,DR004,Dr. Rajan Mehta,Oncology,Knee Replacement,64,2024-06-23,2024-07-08,15,No,,
DC00874,PT00074,DR004,Dr. Rajan Mehta,Oncology,Hernia Repair,25,2024-06-02,2024-06-19,17,No,,
DC00875,PT01988,DR002,Dr. Suresh Patil,Orthopedics,Fracture - Femur,25,2024-03-11,2024-03-14,3,No,,
DC00876,PT01666,DR002,Dr. Suresh Patil,Orthopedics,Migraine,67,2024-02-06,2024-02-23,17,No,,
DC00877,PT01160,DR009,Dr. Meera Pillai,Cardiology,Fracture - Femur,62,2024-09-30,2024-10-07,7,Yes,2024-10-20,13
DC00878,PT00224,DR009,Dr. Meera Pillai,Cardiology,Diabetes Type 2,,2024-04-23,2024-04-27,4,No,,
DC00879,PT01189,DR008,Dr. Anil Joshi,Emergency,Stroke Recovery,48,2024-05-11,2024-05-15,4,No,,
DC00880,PT01419,DR001,Dr. Priya Nair,Cardiology,Fracture - Femur,79,2024-07-29,2024-08-07,9,Yes,2024-08-27,20
DC00881,PT01203,DR005,Dr. Sunita Kulkarni,General Medicine,Stroke Recovery,32,2024-07-28,2024-08-15,18,No,,
DC00882,PT00480,DR010,Dr. Rohit Verma,Orthopedics,Lung Cancer - Stage 2,19,2024-10-10,2024-10-31,21,No,,
DC00883,PT00903,DR009,Dr. Meera Pillai,Cardiology,Hernia Repair,84,2024-05-08,2024-05-20,12,Yes,2024-06-09,20
DC00884,PT01475,DR008,Dr. Anil Joshi,Emergency,Appendicitis,30,2024-01-03,2024-01-08,5,No,,
DC00885,PT00260,DR006,Dr. Kavya Iyer,Pediatrics,Knee Replacement,42,2024-08-17,2024-09-05,19,No,,
DC00886,PT00719,DR002,Dr. Suresh Patil,Orthopedics,Heart Attack,69,2024-10-28,2024-10-30,2,No,,
DC00887,PT00016,DR009,Dr. Meera Pillai,Cardiology,Stroke Recovery,44,2024-01-08,2024-01-22,14,No,,
DC00888,PT00040,DR009,Dr. Meera Pillai,Cardiology,Lung Cancer - Stage 2,74,2024-03-26,2024-04-06,11,No,,
DC00889,PT00470,DR008,Dr. Anil Joshi,Emergency,Stroke Recovery,51,2024-06-21,2024-06-28,7,No,,
DC00890,PT00859,DR009,Dr. Meera Pillai,Cardiology,Dengue Fever,42,2024-09-17,2024-10-08,21,Yes,2024-10-21,13
DC00891,PT00054,DR003,Dr. Aarti Deshmukh,Neurology,Knee Replacement,,2024-08-17,2024-09-01,15,No,,
DC00892,PT00522,DR008,Dr. Anil Joshi,Emergency,Hernia Repair,79,2024-02-26,2024-03-05,8,No,,
DC00893,PT01459,DR008,Dr. Anil Joshi,Emergency,Heart Attack,38,2024-06-20,2024-06-25,5,Yes,2024-06-30,5
DC00894,PT01482,DR001,Dr. Priya Nair,Cardiology,Hypertension,37,2024-06-05,2024-06-06,1,Yes,2024-06-17,11
DC00895,PT00464,DR009,Dr. Meera Pillai,Cardiology,Fracture - Femur,56,2024-11-23,2024-11-30,7,No,,
DC00896,PT01626,DR001,Dr. Priya Nair,Cardiology,Knee Replacement,70,2024-02-19,2024-03-01,11,Yes,2024-03-10,9
DC00897,PT01548,DR004,Dr. Rajan Mehta,Oncology,Appendicitis,66,2024-06-22,2024-07-09,17,No,,
DC00898,PT00983,DR009,Dr. Meera Pillai,Cardiology,Heart Attack,46,2024-06-13,2024-06-17,4,No,,
DC00899,PT00657,DR004,Dr. Rajan Mehta,Oncology,Heart Attack,67,2024-03-23,2024-04-12,20,No,,
DC00900,PT01786,DR003,Dr. Aarti Deshmukh,Neurology,Anemia,82,2024-04-17,2024-04-20,3,No,,
DC00901,PT00858,DR007,Dr. Deepak Sharma,Gynecology,Stroke Recovery,41,2024-05-04,2024-05-14,10,No,,
DC00902,PT00532,DR002,Dr. Suresh Patil,Orthopedics,Appendicitis,,2024-09-18,2024-09-24,6,No,,
DC00903,PT00531,DR010,Dr. Rohit Verma,Orthopedics,Diabetes Type 2,22,2024-02-06,2024-02-15,9,No,,
DC00904,PT00813,DR006,Dr. Kavya Iyer,Pediatrics,Diabetes Type 2,79,2024-04-02,2024-04-16,14,No,,
DC00905,PT01826,DR001,Dr. Priya Nair,Cardiology,Fracture - Femur,62,2024-07-01,2024-07-09,8,Yes,2024-07-28,19
DC00906,PT01683,DR010,Dr. Rohit Verma,Orthopedics,Stroke Recovery,59,2024-04-23,2024-05-03,10,No,,
DC00907,PT00318,DR004,Dr. Rajan Mehta,Oncology,Hernia Repair,56,2024-01-27,2024-02-16,20,No,,
DC00908,PT01515,DR006,Dr. Kavya Iyer,Pediatrics,Asthma,39,2024-08-09,2024-08-12,3,No,,
DC00909,PT01887,DR005,Dr. Sunita Kulkarni,General Medicine,Lung Cancer - Stage 2,66,2024-02-19,2024-02-29,10,No,,
DC00910,PT01589,DR004,Dr. Rajan Mehta,Oncology,Anemia,65,2024-10-27,2024-11-01,5,No,,
DC00911,PT01220,DR004,Dr. Rajan Mehta,Oncology,Cataract Surgery,61,2024-08-30,2024-09-06,7,No,,
DC00912,PT00461,DR002,Dr. Suresh Patil,Orthopedics,Migraine,83,2024-02-11,2024-02-24,13,No,,
DC00913,PT01679,DR008,Dr. Anil Joshi,Emergency,Anemia,75,2024-08-11,2024-08-28,17,Yes,2024-08-31,3
DC00914,PT00828,DR010,Dr. Rohit Verma,Orthopedics,Lung Cancer - Stage 2,36,2024-05-08,2024-05-12,4,No,,
DC00915,PT01033,DR008,Dr. Anil Joshi,Emergency,Asthma,61,2024-01-30,2024-02-03,4,Yes,2024-02-24,21
DC00916,PT00043,DR006,Dr. Kavya Iyer,Pediatrics,Migraine,26,2024-05-19,2024-05-22,3,No,,
DC00917,PT01818,DR010,Dr. Rohit Verma,Orthopedics,Anemia,33,2024-11-20,2024-12-01,11,No,,
DC00918,PT00638,DR003,Dr. Aarti Deshmukh,Neurology,Knee Replacement,21,2024-08-15,2024-08-25,10,No,,
DC00919,PT01393,DR006,Dr. Kavya Iyer,Pediatrics,Hernia Repair,45,2024-09-13,2024-10-02,19,No,,
DC00920,PT00708,DR008,Dr. Anil Joshi,Emergency,Asthma,29,2024-05-21,2024-05-29,8,No,,
DC00921,PT01779,DR010,Dr. Rohit Verma,Orthopedics,Cataract Surgery,69,2024-04-01,2024-04-10,9,Yes,2024-05-07,27
DC00922,PT01284,DR006,Dr. Kavya Iyer,Pediatrics,Lung Cancer - Stage 2,76,2024-10-18,2024-11-06,19,No,,
DC00923,PT00686,DR001,Dr. Priya Nair,Cardiology,Anemia,73,2024-02-06,2024-02-07,1,No,,
DC00924,PT00265,DR010,Dr. Rohit Verma,Orthopedics,Chest Infection,20,2024-08-17,2024-09-06,20,No,,
DC00925,PT00794,DR005,Dr. Sunita Kulkarni,General Medicine,Knee Replacement,38,2024-11-30,2024-12-17,17,No,,
DC00926,PT01092,DR009,Dr. Meera Pillai,Cardiology,Cataract Surgery,28,2024-09-05,2024-09-18,13,No,,
DC00927,PT01062,DR005,Dr. Sunita Kulkarni,General Medicine,Diabetes Type 2,37,2024-03-30,2024-04-02,3,No,,
DC00928,PT01318,DR004,Dr. Rajan Mehta,Oncology,Migraine,68,2024-09-12,2024-09-14,2,No,,
DC00929,PT01459,DR004,Dr. Rajan Mehta,Oncology,Appendicitis,49,2024-02-15,2024-02-19,4,No,,
DC00930,PT00119,DR006,Dr. Kavya Iyer,Pediatrics,Fracture - Femur,38,2024-02-22,2024-03-07,14,No,,
DC00931,PT00620,DR009,Dr. Meera Pillai,Cardiology,Fracture - Femur,73,2024-01-23,2024-01-25,2,Yes,2024-01-31,6
DC00932,PT00502,DR009,Dr. Meera Pillai,Cardiology,Hernia Repair,69,2024-11-18,2024-11-30,12,No,,
DC00933,PT01135,DR007,Dr. Deepak Sharma,Gynecology,Fracture - Femur,60,2024-08-13,2024-08-30,17,No,,
DC00934,PT01637,DR004,Dr. Rajan Mehta,Oncology,Dengue Fever,47,2024-04-17,2024-04-19,2,No,,
DC00935,PT00428,DR003,Dr. Aarti Deshmukh,Neurology,Appendicitis,68,2024-01-12,2024-01-20,8,No,,
DC00936,PT01626,DR005,Dr. Sunita Kulkarni,General Medicine,Knee Replacement,43,2024-04-06,2024-04-19,13,No,,
DC00937,PT00958,DR002,Dr. Suresh Patil,Orthopedics,Anemia,20,2024-08-09,2024-08-20,11,No,,
DC00938,PT00081,DR005,Dr. Sunita Kulkarni,General Medicine,Hernia Repair,56,2024-07-30,2024-08-10,11,No,,
DC00939,PT01535,DR004,Dr. Rajan Mehta,Oncology,Appendicitis,32,2024-04-09,2024-04-27,18,No,,
DC00940,PT01812,DR003,Dr. Aarti Deshmukh,Neurology,Stroke Recovery,41,2024-01-30,2024-02-09,10,Yes,2024-02-19,10
DC00941,PT01125,DR003,Dr. Aarti Deshmukh,Neurology,Cataract Surgery,75,2024-01-16,2024-01-26,10,No,,
DC00942,PT01875,DR002,Dr. Suresh Patil,Orthopedics,Knee Replacement,60,2024-04-28,2024-05-05,7,No,,
DC00943,PT00446,DR008,Dr. Anil Joshi,Emergency,Asthma,18,2024-08-29,2024-09-10,12,Yes,2024-10-02,22
DC00944,PT01268,DR003,Dr. Aarti Deshmukh,NEUROLOGY,Cataract Surgery,47,2024-01-13,2024-01-16,3,No,,
DC00945,PT01808,DR005,Dr. Sunita Kulkarni,General Medicine,Heart Attack,59,2024-01-04,2024-01-22,18,Yes,2024-02-17,26
DC00946,PT00161,DR002,Dr. Suresh Patil,Orthopedics,Stroke Recovery,35,2024-11-05,2024-11-10,5,No,,
DC00947,PT01277,DR004,Dr. Rajan Mehta,ONCOLOGY,Anemia,,2024-03-16,2024-03-30,14,Yes,2024-04-19,20
DC00948,PT01925,DR004,Dr. Rajan Mehta,Oncology,Anemia,73,2024-04-11,2024-04-19,8,No,,
DC00949,PT01440,DR007,Dr. Deepak Sharma,Gynecology,Diabetes Type 2,54,2024-06-02,2024-06-04,2,No,,
DC00950,PT01821,DR007,Dr. Deepak Sharma,Gynecology,Diabetes Type 2,,2024-06-12,2024-06-30,18,No,,
DC00951,PT01249,DR010,Dr. Rohit Verma,Orthopedics,Lung Cancer - Stage 2,41,2024-03-18,2024-04-06,19,No,,
DC00952,PT01034,DR010,Dr. Rohit Verma,Orthopedics,Heart Attack,44,2024-06-24,2024-07-11,17,No,,
DC00953,PT01393,DR009,Dr. Meera Pillai,Cardiology,Dengue Fever,18,2024-09-22,2024-09-25,3,No,,
DC00954,PT01833,DR008,Dr. Anil Joshi,Emergency,Lung Cancer - Stage 2,48,2024-08-13,2024-08-30,17,No,,
DC00955,PT00254,DR001,Dr. Priya Nair,Cardiology,Anemia,57,2024-10-01,2024-10-08,7,No,,
DC00956,PT00598,DR003,Dr. Aarti Deshmukh,Neurology,Lung Cancer - Stage 2,29,2024-11-02,2024-11-12,10,No,,
DC00957,PT01023,DR001,Dr. Priya Nair,Cardiology,Knee Replacement,34,2024-04-20,2024-05-09,19,No,,
DC00958,PT00767,DR008,Dr. Anil Joshi,Emergency,Cataract Surgery,29,2024-02-05,2024-02-25,20,Yes,2024-03-19,23
DC00959,PT01442,DR003,Dr. Aarti Deshmukh,Neurology,Cataract Surgery,29,2024-05-02,2024-05-12,10,Yes,2024-06-07,26
DC00960,PT00714,DR001,Dr. Priya Nair,Cardiology,Chest Infection,44,2024-11-06,2024-11-19,13,Yes,2024-12-04,15
DC00961,PT00577,DR002,Dr. Suresh Patil,Orthopedics,Anemia,73,2024-08-27,2024-09-11,15,No,,
DC00962,PT00961,DR007,Dr. Deepak Sharma,Gynecology,Asthma,41,2024-09-30,2024-10-15,15,No,,
DC00963,PT00349,DR010,Dr. Rohit Verma,Orthopedics,Fracture - Femur,29,2024-07-06,2024-07-24,18,Yes,2024-07-29,5
DC00964,PT01480,DR001,Dr. Priya Nair,Cardiology,Anemia,40,2024-03-17,2024-03-29,12,Yes,2024-04-13,15
DC00965,PT00330,DR006,Dr. Kavya Iyer,Pediatrics,Cataract Surgery,37,2024-03-01,2024-03-12,11,No,,
DC00966,PT00635,DR010,Dr. Rohit Verma,Orthopedics,Cataract Surgery,64,2024-08-01,2024-08-02,1,No,,
DC00967,PT00616,DR010,Dr. Rohit Verma,ORTHOPEDICS,Heart Attack,78,2024-06-20,2024-06-23,3,No,,
DC00968,PT01556,DR005,Dr. Sunita Kulkarni,General Medicine,Fracture - Femur,85,2024-04-17,2024-04-18,1,No,,
DC00969,PT00260,DR007,Dr. Deepak Sharma,Gynecology,Stroke Recovery,84,2024-03-23,2024-03-29,6,No,,
DC00970,PT00659,DR009,Dr. Meera Pillai,Cardiology,Asthma,,2024-01-28,2024-02-03,6,Yes,2024-02-21,18
DC00971,PT01691,DR004,Dr. Rajan Mehta,Oncology,Chest Infection,43,2024-10-04,2024-10-09,5,No,,
DC00972,PT00636,DR002,Dr. Suresh Patil,Orthopedics,Heart Attack,24,2024-07-08,2024-07-24,16,No,,
DC00973,PT00343,DR009,Dr. Meera Pillai,Cardiology,Appendicitis,30,2024-01-19,2024-01-28,9,No,,
DC00974,PT01657,DR005,Dr. Sunita Kulkarni,General Medicine,Dengue Fever,82,2024-02-27,2024-03-19,21,No,,
DC00975,PT00927,DR005,Dr. Sunita Kulkarni,General Medicine,Asthma,55,2024-08-03,2024-08-24,21,No,,
DC00976,PT00033,DR004,Dr. Rajan Mehta,Oncology,Cataract Surgery,28,2024-01-23,2024-02-03,11,No,,
DC00977,PT00703,DR001,Dr. Priya Nair,Cardiology,Hernia Repair,37,2024-08-08,2024-08-13,5,No,,
DC00978,PT01222,DR010,Dr. Rohit Verma,Orthopedics,Lung Cancer - Stage 2,50,2024-11-09,2024-11-12,3,No,,
DC00979,PT00361,DR010,Dr. Rohit Verma,Orthopedics,Hernia Repair,66,2024-04-14,2024-05-01,17,No,,
DC00980,PT00699,DR001,Dr. Priya Nair,CARDIOLOGY,Hernia Repair,19,2024-03-21,2024-03-26,5,No,,
DC00981,PT01548,DR008,Dr. Anil Joshi,Emergency,Hernia Repair,75,2024-10-22,2024-10-27,5,No,,
DC00982,PT01522,DR005,Dr. Sunita Kulkarni,General Medicine,Appendicitis,42,2024-06-15,2024-06-18,3,No,,
DC00983,PT00233,DR003,Dr. Aarti Deshmukh,Neurology,Hypertension,23,2024-02-28,2024-03-08,9,No,,
DC00984,PT00038,DR001,Dr. Priya Nair,Cardiology,Fracture - Femur,71,2024-08-15,2024-08-18,3,No,,
DC00985,PT01501,DR004,Dr. Rajan Mehta,Oncology,Migraine,48,2024-02-26,2024-03-12,15,No,,
DC00986,PT00196,DR006,Dr. Kavya Iyer,Pediatrics,Chest Infection,48,2024-04-23,2024-05-14,21,No,,
DC00987,PT00209,DR008,Dr. Anil Joshi,Emergency,Chest Infection,66,2024-03-08,2024-03-26,18,Yes,2024-04-03,8
DC00988,PT01839,DR001,Dr. Priya Nair,Cardiology,Hypertension,43,2024-03-09,2024-03-20,11,No,,
DC00989,PT00467,DR006,Dr. Kavya Iyer,Pediatrics,Hypertension,41,2024-11-23,2024-11-25,2,No,,
DC00990,PT01375,DR009,Dr. Meera Pillai,Cardiology,Dengue Fever,80,2024-09-08,2024-09-20,12,No,,
DC00991,PT00469,DR006,Dr. Kavya Iyer,Pediatrics,Diabetes Type 2,22,2024-11-17,2024-12-05,18,No,,
DC00992,PT01303,DR005,Dr. Sunita Kulkarni,General Medicine,Dengue Fever,83,2024-03-12,2024-03-30,18,No,,
DC00993,PT00571,DR005,Dr. Sunita Kulkarni,General Medicine,Fracture - Femur,41,2024-08-27,2024-09-17,21,No,,
DC00994,PT01524,DR004,Dr. Rajan Mehta,Oncology,Dengue Fever,62,2024-03-18,2024-03-19,1,No,,
DC00995,PT01332,DR008,Dr. Anil Joshi,Emergency,Hypertension,42,2024-05-08,2024-05-20,12,No,,
DC00996,PT00558,DR009,Dr. Meera Pillai,Cardiology,Diabetes Type 2,83,2024-07-04,2024-07-23,19,No,,
DC00997,PT00452,DR004,Dr. Rajan Mehta,Oncology,Asthma,,2024-09-09,2024-09-16,7,No,,
DC00998,PT00466,DR001,Dr. Priya Nair,Cardiology,Hypertension,18,2024-10-06,2024-10-10,4,Yes,2024-10-15,5
DC00999,PT00706,DR006,Dr. Kavya Iyer,Pediatrics,Dengue Fever,73,2024-08-27,2024-09-14,18,No,,
DC01000,PT00626,DR005,Dr. Sunita Kulkarni,General Medicine,Stroke Recovery,45,2024-01-31,2024-02-11,11,No,,
DC01001,PT01992,DR006,Dr. Kavya Iyer,Pediatrics,Cataract Surgery,83,2024-06-30,2024-07-01,1,No,,
DC01002,PT01144,DR002,Dr. Suresh Patil,Orthopedics,Cataract Surgery,47,2024-07-20,2024-07-23,3,No,,
DC01003,PT01056,DR009,Dr. Meera Pillai,Cardiology,Hernia Repair,46,2024-01-15,2024-01-31,16,No,,
DC01004,PT00780,DR004,Dr. Rajan Mehta,Oncology,Chest Infection,36,2024-06-24,2024-07-04,10,No,,
DC01005,PT01559,DR009,Dr. Meera Pillai,Cardiology,Fracture - Femur,44,2024-03-31,2024-04-02,2,No,,
DC01006,PT01541,DR003,Dr. Aarti Deshmukh,Neurology,Fracture - Femur,51,2024-02-01,2024-02-11,10,No,,
DC01007,PT00059,DR003,Dr. Aarti Deshmukh,Neurology,Appendicitis,59,2024-06-29,2024-07-10,11,No,,
DC01008,PT00483,DR004,Dr. Rajan Mehta,Oncology,Diabetes Type 2,30,2024-01-15,2024-02-01,17,No,,
DC01009,PT01675,DR006,Dr. Kavya Iyer,Pediatrics,Heart Attack,48,2024-02-17,2024-02-26,9,No,,
DC01010,PT01303,DR005,Dr. Sunita Kulkarni,General Medicine,Cataract Surgery,51,2024-10-23,2024-10-25,2,No,,
DC01011,PT01864,DR002,Dr. Suresh Patil,Orthopedics,Heart Attack,55,2024-04-13,2024-04-18,5,No,,
DC01012,PT01986,DR007,Dr. Deepak Sharma,Gynecology,Diabetes Type 2,62,2024-04-28,2024-05-05,7,No,,
DC01013,PT00346,DR006,Dr. Kavya Iyer,Pediatrics,Chest Infection,42,2024-06-26,2024-07-09,13,No,,
DC01014,PT01800,DR006,Dr. Kavya Iyer,Pediatrics,Fracture - Femur,25,2024-08-20,2024-08-24,4,No,,
DC01015,PT01356,DR004,Dr. Rajan Mehta,Oncology,Dengue Fever,64,2024-08-07,2024-08-21,14,No,,
DC01016,PT00218,DR010,Dr. Rohit Verma,Orthopedics,Hypertension,75,2024-09-19,2024-09-25,6,No,,
DC01017,PT01755,DR010,Dr. Rohit Verma,Orthopedics,Asthma,65,2024-11-05,2024-11-10,5,Yes,2024-11-26,16
DC01018,PT01413,DR004,Dr. Rajan Mehta,Oncology,Appendicitis,65,2024-05-27,2024-06-03,7,No,,
DC01019,PT00808,DR004,Dr. Rajan Mehta,Oncology,Hypertension,25,2024-09-12,2024-09-14,2,No,,
DC01020,PT00352,DR009,Dr. Meera Pillai,Cardiology,Cataract Surgery,37,2024-07-19,2024-07-26,7,Yes,2024-07-30,4
DC01021,PT01019,DR005,Dr. Sunita Kulkarni,General Medicine,Fracture - Femur,43,2024-05-15,2024-05-25,10,No,,
DC01022,PT00820,DR001,Dr. Priya Nair,Cardiology,Anemia,23,2024-05-06,2024-05-16,10,Yes,2024-06-14,29
DC01023,PT00008,DR010,Dr. Rohit Verma,Orthopedics,Stroke Recovery,52,2024-10-26,2024-11-02,7,No,,
DC01024,PT00974,DR010,Dr. Rohit Verma,Orthopedics,Cataract Surgery,46,2024-04-10,2024-04-22,12,No,,
DC01025,PT01640,DR002,Dr. Suresh Patil,Orthopedics,Heart Attack,37,2024-06-15,2024-06-25,10,No,,
DC01026,PT00167,DR009,Dr. Meera Pillai,Cardiology,Anemia,38,2024-11-04,2024-11-25,21,No,,
DC01027,PT00134,DR010,Dr. Rohit Verma,Orthopedics,Diabetes Type 2,74,2024-07-30,2024-08-12,13,No,,
DC01028,PT00938,DR008,Dr. Anil Joshi,Emergency,Chest Infection,26,2024-10-28,2024-11-06,9,Yes,2024-11-24,18
DC01029,PT00700,DR004,Dr. Rajan Mehta,Oncology,Cataract Surgery,67,2024-04-24,2024-05-09,15,No,,
DC01030,PT00282,DR008,Dr. Anil Joshi,Emergency,Appendicitis,49,2024-03-17,2024-03-26,9,No,,
DC01031,PT00080,DR001,Dr. Priya Nair,Cardiology,Fracture - Femur,40,2024-10-28,2024-11-14,17,Yes,2024-11-23,9
DC01032,PT01793,DR002,Dr. Suresh Patil,Orthopedics,Fracture - Femur,44,2024-09-13,2024-09-29,16,No,,
DC01033,PT00153,DR002,Dr. Suresh Patil,Orthopedics,Anemia,31,2024-08-20,2024-09-07,18,No,,
DC01034,PT01078,DR008,Dr. Anil Joshi,Emergency,Fracture - Femur,32,2024-04-22,2024-05-03,11,No,,
DC01035,PT01280,DR008,Dr. Anil Joshi,Emergency,Stroke Recovery,,2024-06-02,2024-06-12,10,No,,
DC01036,PT00919,DR010,Dr. Rohit Verma,Orthopedics,Asthma,38,2024-05-13,2024-05-28,15,No,,
DC01037,PT01738,DR002,Dr. Suresh Patil,Orthopedics,Appendicitis,23,2024-07-29,2024-08-03,5,No,,
DC01038,PT01106,DR007,Dr. Deepak Sharma,Gynecology,Stroke Recovery,80,2024-11-27,2024-12-11,14,No,,
DC01039,PT01769,DR006,Dr. Kavya Iyer,Pediatrics,Knee Replacement,69,2024-08-31,2024-09-08,8,Yes,2024-10-06,28
DC01040,PT00019,DR009,Dr. Meera Pillai,Cardiology,Lung Cancer - Stage 2,83,2024-02-28,2024-03-06,7,Yes,2024-03-25,19
DC01041,PT01877,DR003,Dr. Aarti Deshmukh,Neurology,Migraine,,2024-10-05,2024-10-26,21,Yes,2024-11-18,23
DC01042,PT01746,DR010,Dr. Rohit Verma,Orthopedics,Asthma,69,2024-09-14,2024-10-02,18,No,,
DC01043,PT00849,DR007,Dr. Deepak Sharma,Gynecology,Lung Cancer - Stage 2,18,2024-01-21,2024-01-27,6,No,,
DC01044,PT01975,DR003,Dr. Aarti Deshmukh,Neurology,Asthma,67,2024-06-03,2024-06-13,10,No,,
DC01045,PT01432,DR006,Dr. Kavya Iyer,Pediatrics,Anemia,70,2024-08-09,2024-08-22,13,No,,
DC01046,PT00108,DR005,Dr. Sunita Kulkarni,General Medicine,Cataract Surgery,85,2024-04-21,2024-05-09,18,No,,
DC01047,PT01380,DR009,Dr. Meera Pillai,Cardiology,Lung Cancer - Stage 2,33,2024-01-13,2024-02-02,20,Yes,2024-02-17,15
DC01048,PT00522,DR010,Dr. Rohit Verma,Orthopedics,Anemia,74,2024-07-06,2024-07-21,15,No,,
DC01049,PT01164,DR009,Dr. Meera Pillai,Cardiology,Lung Cancer - Stage 2,21,2024-01-29,2024-02-13,15,No,,
DC01050,PT01542,DR010,Dr. Rohit Verma,Orthopedics,Knee Replacement,67,2024-08-09,2024-08-18,9,No,,
DC01051,PT01469,DR010,Dr. Rohit Verma,Orthopedics,Hernia Repair,32,2024-05-08,2024-05-24,16,No,,
DC01052,PT01108,DR001,Dr. Priya Nair,Cardiology,Fracture - Femur,23,2024-04-28,2024-05-02,4,Yes,2024-05-07,5
DC01053,PT00785,DR001,Dr. Priya Nair,Cardiology,Hypertension,19,2024-04-01,2024-04-07,6,Yes,2024-04-17,10
DC01054,PT00445,DR009,Dr. Meera Pillai,Cardiology,Knee Replacement,61,2024-03-10,2024-03-18,8,No,,
DC01055,PT00533,DR006,Dr. Kavya Iyer,Pediatrics,Asthma,31,2024-07-24,2024-07-30,6,No,,
DC01056,PT01666,DR001,Dr. Priya Nair,Cardiology,Dengue Fever,28,2024-05-09,2024-05-13,4,No,,
DC01057,PT00327,DR006,Dr. Kavya Iyer,Pediatrics,Heart Attack,74,2024-06-09,2024-06-13,4,No,,
DC01058,PT00864,DR005,Dr. Sunita Kulkarni,General Medicine,Hernia Repair,21,2024-11-04,2024-11-15,11,No,,
DC01059,PT01900,DR010,Dr. Rohit Verma,Orthopedics,Migraine,80,2024-09-03,2024-09-15,12,No,,
DC01060,PT01842,DR002,Dr. Suresh Patil,Orthopedics,Lung Cancer - Stage 2,69,2024-04-10,2024-04-11,1,No,,
DC01061,PT00750,DR009,Dr. Meera Pillai,Cardiology,Dengue Fever,75,2024-11-14,2024-11-24,10,Yes,2024-12-18,24
DC01062,PT01179,DR009,Dr. Meera Pillai,Cardiology,Diabetes Type 2,34,2024-10-09,2024-10-28,19,Yes,2024-11-26,29
DC01063,PT00121,DR008,Dr. Anil Joshi,Emergency,Diabetes Type 2,72,2024-02-23,2024-03-02,8,Yes,2024-03-22,20
DC01064,PT01455,DR009,Dr. Meera Pillai,Cardiology,Cataract Surgery,83,2024-09-27,2024-10-12,15,No,,
DC01065,PT01320,DR008,Dr. Anil Joshi,Emergency,Migraine,22,2024-09-04,2024-09-24,20,No,,
DC01066,PT00156,DR009,Dr. Meera Pillai,Cardiology,Heart Attack,45,2024-11-15,2024-11-26,11,No,,
DC01067,PT00925,DR001,Dr. Priya Nair,CARDIOLOGY,Stroke Recovery,81,2024-10-18,2024-11-02,15,Yes,2024-11-21,19
DC01068,PT00525,DR004,Dr. Rajan Mehta,Oncology,Knee Replacement,,2024-11-30,2024-12-14,14,No,,
DC01069,PT00274,DR004,Dr. Rajan Mehta,Oncology,Hernia Repair,22,2024-03-13,2024-03-14,1,No,,
DC01070,PT00747,DR009,Dr. Meera Pillai,Cardiology,Appendicitis,46,2024-03-30,2024-04-06,7,Yes,2024-04-24,18
DC01071,PT00343,DR002,Dr. Suresh Patil,Orthopedics,Diabetes Type 2,54,2024-05-25,2024-06-09,15,No,,
DC01072,PT01438,DR006,Dr. Kavya Iyer,Pediatrics,Diabetes Type 2,31,2024-11-17,2024-11-26,9,No,,
DC01073,PT00177,DR003,Dr. Aarti Deshmukh,Neurology,Lung Cancer - Stage 2,32,2024-04-25,2024-04-30,5,No,,
DC01074,PT00971,DR007,Dr. Deepak Sharma,Gynecology,Diabetes Type 2,24,2024-08-24,2024-09-02,9,No,,
DC01075,PT01575,DR006,Dr. Kavya Iyer,Pediatrics,Cataract Surgery,52,2024-07-15,2024-08-01,17,No,,
DC01076,PT00801,DR010,Dr. Rohit Verma,Orthopedics,Hernia Repair,51,2024-09-08,2024-09-19,11,No,,
DC01077,PT01454,DR001,Dr. Priya Nair,Cardiology,Cataract Surgery,25,2024-02-22,2024-03-04,11,No,,
DC01078,PT00270,DR010,Dr. Rohit Verma,Orthopedics,Anemia,37,2024-04-13,2024-04-15,2,No,,
DC01079,PT00519,DR006,Dr. Kavya Iyer,PEDIATRICS,Migraine,83,2024-01-22,2024-01-29,7,No,,
DC01080,PT00072,DR007,Dr. Deepak Sharma,Gynecology,Knee Replacement,42,2024-09-14,2024-09-29,15,No,,
DC01081,PT00240,DR010,Dr. Rohit Verma,Orthopedics,Fracture - Femur,60,2024-03-15,2024-04-02,18,No,,
DC01082,PT00778,DR001,Dr. Priya Nair,Cardiology,Asthma,83,2024-03-20,2024-04-05,16,No,,
DC01083,PT00904,DR007,Dr. Deepak Sharma,Gynecology,Migraine,30,2024-07-04,2024-07-17,13,No,,
DC01084,PT01242,DR006,Dr. Kavya Iyer,Pediatrics,Cataract Surgery,33,2024-06-11,2024-06-17,6,No,,
DC01085,PT00162,DR007,Dr. Deepak Sharma,Gynecology,Hernia Repair,66,2024-02-26,2024-03-08,11,No,,
DC01086,PT00909,DR002,Dr. Suresh Patil,Orthopedics,Stroke Recovery,32,2024-05-17,2024-05-20,3,No,,
DC01087,PT01403,DR009,Dr. Meera Pillai,Cardiology,Diabetes Type 2,39,2024-01-05,2024-01-14,9,No,,
DC01088,PT00520,DR008,Dr. Anil Joshi,Emergency,Dengue Fever,63,2024-07-23,2024-08-03,11,Yes,2024-08-17,14
DC01089,PT01108,DR009,Dr. Meera Pillai,Cardiology,Cataract Surgery,83,2024-06-20,2024-07-10,20,No,,
DC01090,PT01760,DR001,Dr. Priya Nair,Cardiology,Appendicitis,57,2024-10-20,2024-10-22,2,Yes,2024-11-19,28
DC01091,PT01242,DR010,Dr. Rohit Verma,Orthopedics,Dengue Fever,56,2024-05-27,2024-06-16,20,No,,
DC01092,PT00795,DR010,Dr. Rohit Verma,Orthopedics,Migraine,64,2024-01-18,2024-02-06,19,No,,
DC01093,PT01999,DR010,Dr. Rohit Verma,ORTHOPEDICS,Anemia,20,2024-10-20,2024-11-09,20,No,,
DC01094,PT00398,DR001,Dr. Priya Nair,Cardiology,Anemia,60,2024-09-14,2024-09-17,3,Yes,2024-09-25,8
DC01095,PT00794,DR008,Dr. Anil Joshi,Emergency,Fracture - Femur,36,2024-02-01,2024-02-13,12,No,,
DC01096,PT00208,DR003,Dr. Aarti Deshmukh,Neurology,Cataract Surgery,31,2024-08-17,2024-09-05,19,No,,
DC01097,PT01440,DR006,Dr. Kavya Iyer,Pediatrics,Anemia,51,2024-10-14,2024-10-31,17,No,,
DC01098,PT00162,DR007,Dr. Deepak Sharma,Gynecology,Knee Replacement,40,2024-09-05,2024-09-14,9,No,,
DC01099,PT01721,DR006,Dr. Kavya Iyer,Pediatrics,Lung Cancer - Stage 2,57,2024-11-29,2024-12-08,9,No,,
DC01100,PT00612,DR007,Dr. Deepak Sharma,Gynecology,Heart Attack,27,2024-02-07,2024-02-08,1,No,,
DC01101,PT00506,DR008,Dr. Anil Joshi,Emergency,Fracture - Femur,47,2024-10-24,2024-11-09,16,Yes,2024-12-01,22
DC01102,PT00622,DR007,Dr. Deepak Sharma,Gynecology,Hypertension,81,2024-08-16,2024-08-23,7,No,,
DC01103,PT01383,DR005,Dr. Sunita Kulkarni,General Medicine,Hypertension,20,2024-05-25,2024-06-04,10,No,,
DC01104,PT01972,DR004,Dr. Rajan Mehta,Oncology,Cataract Surgery,69,2024-06-07,2024-06-14,7,Yes,2024-06-27,13
DC01105,PT00033,DR005,Dr. Sunita Kulkarni,General Medicine,Stroke Recovery,85,2024-02-12,2024-02-18,6,No,,
DC01106,PT00708,DR007,Dr. Deepak Sharma,Gynecology,Lung Cancer - Stage 2,82,2024-07-23,2024-08-12,20,No,,
DC01107,PT00309,DR001,Dr. Priya Nair,Cardiology,Dengue Fever,30,2024-05-24,2024-06-10,17,No,,
DC01108,PT01841,DR010,Dr. Rohit Verma,Orthopedics,Asthma,85,2024-11-01,2024-11-02,1,No,,
DC01109,PT00780,DR002,Dr. Suresh Patil,Orthopedics,Cataract Surgery,25,2024-09-20,2024-10-06,16,No,,
DC01110,PT01823,DR010,Dr. Rohit Verma,Orthopedics,Knee Replacement,77,2024-05-16,2024-05-29,13,No,,
DC01111,PT00795,DR005,Dr. Sunita Kulkarni,General Medicine,Knee Replacement,83,2024-06-19,2024-06-20,1,No,,
DC01112,PT01296,DR004,Dr. Rajan Mehta,Oncology,Dengue Fever,73,2024-07-29,2024-08-17,19,No,,
DC01113,PT01389,DR008,Dr. Anil Joshi,Emergency,Stroke Recovery,80,2024-03-17,2024-03-25,8,Yes,2024-04-15,21
DC01114,PT00178,DR004,Dr. Rajan Mehta,Oncology,Stroke Recovery,18,2024-03-11,2024-03-21,10,No,,
DC01115,PT00592,DR007,Dr. Deepak Sharma,Gynecology,Hypertension,37,2024-07-02,2024-07-15,13,No,,
DC01116,PT01478,DR007,Dr. Deepak Sharma,Gynecology,Dengue Fever,39,2024-07-02,2024-07-19,17,No,,
DC01117,PT00195,DR004,Dr. Rajan Mehta,Oncology,Lung Cancer - Stage 2,84,2024-04-23,2024-05-14,21,No,,
DC01118,PT00097,DR003,Dr. Aarti Deshmukh,Neurology,Chest Infection,28,2024-07-19,2024-07-25,6,No,,
DC01119,PT00609,DR001,Dr. Priya Nair,Cardiology,Lung Cancer - Stage 2,31,2024-03-16,2024-03-25,9,No,,
DC01120,PT00866,DR002,Dr. Suresh Patil,Orthopedics,Hernia Repair,50,2024-07-21,2024-07-23,2,No,,
DC01121,PT00329,DR005,Dr. Sunita Kulkarni,General Medicine,Fracture - Femur,19,2024-07-20,2024-08-02,13,No,,
DC01122,PT00447,DR010,Dr. Rohit Verma,Orthopedics,Heart Attack,44,2024-09-03,2024-09-20,17,No,,
DC01123,PT01602,DR004,Dr. Rajan Mehta,Oncology,Fracture - Femur,41,2024-08-29,2024-09-14,16,No,,
DC01124,PT01045,DR005,Dr. Sunita Kulkarni,General Medicine,Migraine,80,2024-02-06,2024-02-12,6,No,,
DC01125,PT01545,DR009,Dr. Meera Pillai,Cardiology,Knee Replacement,38,2024-08-06,2024-08-10,4,Yes,2024-09-04,25
DC01126,PT00919,DR010,Dr. Rohit Verma,Orthopedics,Dengue Fever,82,2024-11-03,2024-11-13,10,No,,
DC01127,PT01130,DR002,Dr. Suresh Patil,Orthopedics,Knee Replacement,69,2024-08-22,2024-09-03,12,No,,
DC01128,PT00872,DR008,Dr. Anil Joshi,Emergency,Hernia Repair,59,2024-04-06,2024-04-11,5,No,,
DC01129,PT00147,DR001,Dr. Priya Nair,Cardiology,Appendicitis,76,2024-03-22,2024-03-31,9,Yes,2024-04-15,15
DC01130,PT01752,DR009,Dr. Meera Pillai,Cardiology,Heart Attack,26,2024-08-02,2024-08-13,11,No,,
DC01131,PT00264,DR009,Dr. Meera Pillai,Cardiology,Hypertension,71,2024-09-04,2024-09-21,-1,No,,
DC01132,PT00861,DR010,Dr. Rohit Verma,Orthopedics,Appendicitis,37,2024-03-11,2024-03-12,1,No,,
DC01133,PT00820,DR006,Dr. Kavya Iyer,Pediatrics,Migraine,27,2024-05-04,2024-05-22,18,No,,
DC01134,PT01413,DR003,Dr. Aarti Deshmukh,Neurology,Cataract Surgery,55,2024-04-13,2024-04-24,11,No,,
DC01135,PT00040,DR005,Dr. Sunita Kulkarni,General Medicine,Chest Infection,71,2024-10-06,2024-10-25,19,No,,
DC01136,PT00283,DR005,Dr. Sunita Kulkarni,General Medicine,Hernia Repair,23,2024-01-25,2024-02-05,11,Yes,2024-03-05,29
DC01137,PT00045,DR007,Dr. Deepak Sharma,Gynecology,Asthma,19,2024-07-14,2024-07-28,14,No,,
DC01138,PT01314,DR005,Dr. Sunita Kulkarni,General Medicine,Stroke Recovery,82,2024-10-23,2024-11-13,21,Yes,2024-12-02,19
DC01139,PT00768,DR008,Dr. Anil Joshi,Emergency,Hypertension,31,2024-03-27,2024-03-31,4,No,,
DC01140,PT00089,DR003,Dr. Aarti Deshmukh,Neurology,Hernia Repair,41,2024-10-02,2024-10-22,20,No,,
DC01141,PT00807,DR006,Dr. Kavya Iyer,Pediatrics,Cataract Surgery,30,2024-08-10,2024-08-29,19,No,,
DC01142,PT01853,DR006,Dr. Kavya Iyer,Pediatrics,Lung Cancer - Stage 2,67,2024-10-09,2024-10-16,7,No,,
DC01143,PT00452,DR004,Dr. Rajan Mehta,Oncology,Appendicitis,57,2024-07-17,2024-08-07,21,No,,
DC01144,PT00108,DR004,Dr. Rajan Mehta,Oncology,Lung Cancer - Stage 2,73,2024-11-25,2024-11-30,5,No,,
DC01145,PT00699,DR007,Dr. Deepak Sharma,Gynecology,Appendicitis,60,2024-02-03,2024-02-07,4,No,,
DC01146,PT01885,DR001,Dr. Priya Nair,Cardiology,Dengue Fever,25,2024-07-15,2024-07-25,10,No,,
DC01147,PT01562,DR002,Dr. Suresh Patil,Orthopedics,Fracture - Femur,66,2024-10-05,2024-10-11,6,No,,
DC01148,PT00466,DR001,Dr. Priya Nair,Cardiology,Fracture - Femur,21,2024-05-29,2024-06-16,18,Yes,2024-07-08,22
DC01149,PT01970,DR008,Dr. Anil Joshi,Emergency,Stroke Recovery,72,2024-01-07,2024-01-11,4,No,,
DC01150,PT01629,DR003,Dr. Aarti Deshmukh,Neurology,Diabetes Type 2,65,2024-08-31,2024-09-10,10,No,,
DC01151,PT01097,DR005,Dr. Sunita Kulkarni,General Medicine,Stroke Recovery,55,2024-10-10,2024-10-24,14,No,,
DC01152,PT00803,DR009,Dr. Meera Pillai,Cardiology,Lung Cancer - Stage 2,65,2024-02-24,2024-03-05,10,No,,
DC01153,PT01664,DR008,Dr. Anil Joshi,Emergency,Stroke Recovery,61,2024-10-10,2024-10-13,3,No,,
DC01154,PT00961,DR003,Dr. Aarti Deshmukh,NEUROLOGY,Anemia,72,2024-02-11,2024-02-23,12,Yes,2024-03-17,23
DC01155,PT01755,DR003,Dr. Aarti Deshmukh,Neurology,Migraine,45,2024-09-03,2024-09-16,13,No,,
DC01156,PT00582,DR010,Dr. Rohit Verma,Orthopedics,Fracture - Femur,75,2024-04-15,2024-05-04,19,No,,
DC01157,PT01859,DR007,Dr. Deepak Sharma,Gynecology,Lung Cancer - Stage 2,28,2024-09-12,2024-09-16,4,No,,
DC01158,PT01190,DR007,Dr. Deepak Sharma,Gynecology,Diabetes Type 2,74,2024-11-20,2024-12-09,19,No,,
DC01159,PT00648,DR007,Dr. Deepak Sharma,Gynecology,Stroke Recovery,25,2024-05-24,2024-06-02,9,No,,
DC01160,PT00785,DR003,Dr. Aarti Deshmukh,Neurology,Appendicitis,71,2024-11-10,2024-11-24,14,No,,
DC01161,PT01033,DR004,Dr. Rajan Mehta,Oncology,Stroke Recovery,66,2024-03-30,2024-04-05,6,No,,
DC01162,PT01632,DR009,Dr. Meera Pillai,Cardiology,Knee Replacement,71,2024-06-04,2024-06-11,7,No,,
DC01163,PT00092,DR007,Dr. Deepak Sharma,Gynecology,Fracture - Femur,75,2024-10-11,2024-10-31,20,No,,
DC01164,PT01198,DR002,Dr. Suresh Patil,Orthopedics,Asthma,19,2024-06-03,2024-06-18,15,No,,
DC01165,PT01384,DR010,Dr. Rohit Verma,Orthopedics,Heart Attack,55,2024-05-10,2024-05-22,12,No,,
DC01166,PT01405,DR002,Dr. Suresh Patil,Orthopedics,Chest Infection,73,2024-01-22,2024-01-23,1,No,,
DC01167,PT00680,DR004,Dr. Rajan Mehta,Oncology,Hypertension,59,2024-01-17,2024-01-26,9,No,,
DC01168,PT01767,DR006,Dr. Kavya Iyer,Pediatrics,Dengue Fever,37,2024-04-03,2024-04-08,5,No,,
DC01169,PT00789,DR006,Dr. Kavya Iyer,Pediatrics,Heart Attack,75,2024-11-15,2024-12-01,16,No,,
DC01170,PT00170,DR009,Dr. Meera Pillai,CARDIOLOGY,Asthma,54,2024-01-02,2024-01-09,7,No,,
DC01171,PT01126,DR008,Dr. Anil Joshi,Emergency,Hernia Repair,81,2024-03-29,2024-04-01,3,Yes,2024-04-30,29
DC01172,PT01315,DR001,Dr. Priya Nair,Cardiology,Asthma,80,2024-10-12,2024-10-16,4,No,,
DC01173,PT00223,DR003,Dr. Aarti Deshmukh,Neurology,Stroke Recovery,67,2024-01-21,2024-01-30,9,No,,
DC01174,PT00748,DR010,Dr. Rohit Verma,Orthopedics,Dengue Fever,30,2024-10-03,2024-10-04,1,No,,
DC01175,PT01704,DR004,Dr. Rajan Mehta,Oncology,Appendicitis,39,2024-07-27,2024-08-02,6,No,,
DC01176,PT01113,DR007,Dr. Deepak Sharma,Gynecology,Hernia Repair,35,2024-02-02,2024-02-03,1,No,,
DC01177,PT01789,DR010,Dr. Rohit Verma,Orthopedics,Cataract Surgery,51,2024-07-14,2024-07-22,8,No,,
DC01178,PT01424,DR005,Dr. Sunita Kulkarni,General Medicine,Appendicitis,,2024-01-04,2024-01-22,18,No,,
DC01179,PT01161,DR005,Dr. Sunita Kulkarni,General Medicine,Cataract Surgery,57,2024-04-16,2024-04-26,10,No,,
DC01180,PT00772,DR007,Dr. Deepak Sharma,Gynecology,Hernia Repair,68,2024-07-16,2024-07-19,3,No,,
DC01181,PT01917,DR003,Dr. Aarti Deshmukh,Neurology,Dengue Fever,32,2024-07-10,2024-07-11,1,No,,
DC01182,PT00169,DR001,Dr. Priya Nair,Cardiology,Migraine,31,2024-04-09,2024-04-14,-1,No,,
DC01183,PT01140,DR008,Dr. Anil Joshi,Emergency,Knee Replacement,22,2024-07-12,2024-07-28,16,No,,
DC01184,PT00460,DR009,Dr. Meera Pillai,Cardiology,Anemia,20,2024-04-19,2024-04-21,2,Yes,2024-05-14,23
DC01185,PT01716,DR003,Dr. Aarti Deshmukh,Neurology,Dengue Fever,49,2024-02-12,2024-03-03,20,Yes,2024-03-10,7
DC01186,PT00749,DR010,Dr. Rohit Verma,Orthopedics,Hypertension,79,2024-06-28,2024-07-04,6,No,,
DC01187,PT00720,DR007,Dr. Deepak Sharma,Gynecology,Fracture - Femur,53,2024-04-05,2024-04-11,6,No,,
DC01188,PT01433,DR004,Dr. Rajan Mehta,Oncology,Hernia Repair,33,2024-09-21,2024-10-01,10,Yes,2024-10-25,24
DC01189,PT01238,DR003,Dr. Aarti Deshmukh,Neurology,Knee Replacement,40,2024-04-02,2024-04-11,9,No,,
DC01190,PT01469,DR007,Dr. Deepak Sharma,Gynecology,Appendicitis,40,2024-02-13,2024-02-25,12,No,,
DC01191,PT00789,DR005,Dr. Sunita Kulkarni,General Medicine,Hernia Repair,26,2024-10-03,2024-10-16,13,No,,
DC01192,PT01803,DR006,Dr. Kavya Iyer,Pediatrics,Heart Attack,55,2024-10-28,2024-11-01,4,No,,
DC01193,PT00350,DR005,Dr. Sunita Kulkarni,General Medicine,Chest Infection,62,2024-07-12,2024-07-14,2,Yes,2024-07-22,8
DC01194,PT00234,DR008,Dr. Anil Joshi,Emergency,Anemia,81,2024-01-02,2024-01-19,17,No,,
DC01195,PT00629,DR008,Dr. Anil Joshi,Emergency,Hernia Repair,51,2024-04-10,2024-04-15,5,Yes,2024-04-19,4
DC01196,PT00122,DR004,Dr. Rajan Mehta,Oncology,Appendicitis,65,2024-07-05,2024-07-24,19,No,,
DC01197,PT01617,DR008,Dr. Anil Joshi,Emergency,Hernia Repair,38,2024-11-30,2024-12-19,19,No,,
DC01198,PT01952,DR010,Dr. Rohit Verma,Orthopedics,Anemia,74,2024-02-06,2024-02-09,3,No,,
DC01199,PT00371,DR007,Dr. Deepak Sharma,Gynecology,Heart Attack,80,2024-02-06,2024-02-19,13,No,,
DC01200,PT00110,DR003,Dr. Aarti Deshmukh,Neurology,Knee Replacement,22,2024-05-29,2024-06-01,3,No,,
DC01201,PT00028,DR009,Dr. Meera Pillai,Cardiology,Stroke Recovery,29,2024-04-05,2024-04-06,1,No,,
DC01202,PT01098,DR005,Dr. Sunita Kulkarni,General Medicine,Hernia Repair,49,2024-02-04,2024-02-15,11,No,,
DC01203,PT00344,DR004,Dr. Rajan Mehta,Oncology,Hypertension,28,2024-09-03,2024-09-11,8,No,,
DC01204,PT01673,DR003,Dr. Aarti Deshmukh,Neurology,Anemia,27,2024-08-18,2024-09-02,15,No,,
DC01205,PT01748,DR004,Dr. Rajan Mehta,Oncology,Anemia,,2024-08-28,2024-09-10,13,No,,
DC01206,PT00992,DR008,Dr. Anil Joshi,Emergency,Dengue Fever,38,2024-08-06,2024-08-16,10,No,,
DC01207,PT00948,DR009,Dr. Meera Pillai,Cardiology,Migraine,65,2024-07-07,2024-07-12,5,Yes,2024-08-08,27
DC01208,PT01073,DR006,Dr. Kavya Iyer,Pediatrics,Hernia Repair,46,2024-06-06,2024-06-09,3,No,,
DC01209,PT01101,DR006,Dr. Kavya Iyer,Pediatrics,Migraine,63,2024-03-03,2024-03-22,19,No,,
DC01210,PT00524,DR001,Dr. Priya Nair,Cardiology,Knee Replacement,82,2024-07-09,2024-07-27,-1,No,,
DC01211,PT01076,DR010,Dr. Rohit Verma,ORTHOPEDICS,Knee Replacement,74,2024-11-20,2024-11-24,4,No,,
DC01212,PT01097,DR006,Dr. Kavya Iyer,Pediatrics,Stroke Recovery,73,2024-02-11,2024-02-22,11,No,,
DC01213,PT00919,DR003,Dr. Aarti Deshmukh,Neurology,Hernia Repair,81,2024-06-22,2024-07-01,9,No,,
DC01214,PT01554,DR009,Dr. Meera Pillai,Cardiology,Diabetes Type 2,46,2024-08-18,2024-09-01,14,No,,
DC01215,PT01728,DR002,Dr. Suresh Patil,Orthopedics,Hypertension,37,2024-03-01,2024-03-15,14,No,,
DC01216,PT00524,DR005,Dr. Sunita Kulkarni,General Medicine,Appendicitis,29,2024-10-24,2024-10-31,7,No,,
DC01217,PT01712,DR006,Dr. Kavya Iyer,Pediatrics,Asthma,,2024-02-07,2024-02-20,13,No,,
DC01218,PT00555,DR005,Dr. Sunita Kulkarni,General Medicine,Chest Infection,66,2024-02-29,2024-03-20,20,No,,
DC01219,PT00780,DR007,Dr. Deepak Sharma,Gynecology,Diabetes Type 2,32,2024-11-11,2024-11-12,1,No,,
DC01220,PT00601,DR003,Dr. Aarti Deshmukh,Neurology,Chest Infection,70,2024-03-23,2024-04-01,9,No,,
DC01221,PT00784,DR005,Dr. Sunita Kulkarni,General Medicine,Hernia Repair,21,2024-09-06,2024-09-13,7,No,,
DC01222,PT01156,DR009,Dr. Meera Pillai,Cardiology,Stroke Recovery,44,2024-03-23,2024-04-01,9,No,,
DC01223,PT00740,DR002,Dr. Suresh Patil,Orthopedics,Stroke Recovery,26,2024-04-07,2024-04-15,8,No,,
DC01224,PT00550,DR004,Dr. Rajan Mehta,Oncology,Knee Replacement,53,2024-05-05,2024-05-11,6,No,,
DC01225,PT01017,DR009,Dr. Meera Pillai,Cardiology,Anemia,78,2024-04-09,2024-04-25,16,No,,
DC01226,PT01153,DR008,Dr. Anil Joshi,Emergency,Hernia Repair,83,2024-03-02,2024-03-19,17,No,,
DC01227,PT00770,DR010,Dr. Rohit Verma,Orthopedics,Appendicitis,54,2024-06-10,2024-06-24,14,No,,
DC01228,PT00333,DR009,Dr. Meera Pillai,Cardiology,Lung Cancer - Stage 2,52,2024-01-10,2024-01-17,7,No,,
DC01229,PT01421,DR005,Dr. Sunita Kulkarni,General Medicine,Cataract Surgery,71,2024-06-05,2024-06-06,1,No,,
DC01230,PT00697,DR004,Dr. Rajan Mehta,ONCOLOGY,Knee Replacement,68,2024-09-20,2024-09-27,7,No,,
DC01231,PT00151,DR002,Dr. Suresh Patil,Orthopedics,Asthma,40,2024-10-03,2024-10-19,16,No,,
DC01232,PT00035,DR003,Dr. Aarti Deshmukh,Neurology,Hypertension,72,2024-01-15,2024-01-27,12,No,,
DC01233,PT00416,DR009,Dr. Meera Pillai,Cardiology,Appendicitis,24,2024-03-04,2024-03-18,14,Yes,2024-04-16,29
DC01234,PT00500,DR007,Dr. Deepak Sharma,Gynecology,Asthma,70,2024-05-18,2024-05-20,2,No,,
DC01235,PT01526,DR002,Dr. Suresh Patil,Orthopedics,Anemia,55,2024-06-07,2024-06-09,2,No,,
DC01236,PT01654,DR002,Dr. Suresh Patil,Orthopedics,Anemia,76,2024-09-27,2024-10-07,10,No,,
DC01237,PT01079,DR006,Dr. Kavya Iyer,Pediatrics,Chest Infection,47,2024-07-27,2024-08-04,-1,No,,
DC01238,PT01666,DR003,Dr. Aarti Deshmukh,Neurology,Stroke Recovery,29,2024-06-20,2024-06-25,5,No,,
DC01239,PT00242,DR009,Dr. Meera Pillai,Cardiology,Knee Replacement,26,2024-09-30,2024-10-19,19,Yes,2024-11-17,29
DC01240,PT00176,DR010,Dr. Rohit Verma,Orthopedics,Hypertension,84,2024-06-29,2024-07-20,21,No,,
DC01241,PT01368,DR001,Dr. Priya Nair,Cardiology,Heart Attack,35,2024-06-19,2024-07-02,13,Yes,2024-07-11,9
DC01242,PT01870,DR008,Dr. Anil Joshi,Emergency,Appendicitis,61,2024-09-20,2024-10-07,17,No,,
DC01243,PT01761,DR005,Dr. Sunita Kulkarni,General Medicine,Chest Infection,59,2024-09-16,2024-09-21,5,No,,
DC01244,PT00426,DR004,Dr. Rajan Mehta,Oncology,Stroke Recovery,46,2024-01-06,2024-01-08,2,No,,
DC01245,PT01664,DR003,Dr. Aarti Deshmukh,Neurology,Stroke Recovery,40,2024-05-25,2024-06-15,21,No,,
DC01246,PT01862,DR003,Dr. Aarti Deshmukh,NEUROLOGY,Asthma,,2024-09-26,2024-10-17,21,No,,
DC01247,PT01204,DR006,Dr. Kavya Iyer,Pediatrics,Knee Replacement,82,2024-01-27,2024-02-12,16,No,,
DC01248,PT00792,DR006,Dr. Kavya Iyer,Pediatrics,Appendicitis,48,2024-08-01,2024-08-22,21,No,,
DC01249,PT00483,DR008,Dr. Anil Joshi,Emergency,Stroke Recovery,28,2024-08-21,2024-09-02,12,Yes,2024-09-16,14
DC01250,PT00539,DR007,Dr. Deepak Sharma,Gynecology,Heart Attack,37,2024-03-25,2024-03-30,5,No,,
DC01251,PT00829,DR007,Dr. Deepak Sharma,Gynecology,Hypertension,80,2024-01-29,2024-02-18,-1,No,,
DC01252,PT01946,DR002,Dr. Suresh Patil,Orthopedics,Asthma,31,2024-03-19,2024-04-01,13,No,,
DC01253,PT00198,DR009,Dr. Meera Pillai,Cardiology,Migraine,56,2024-07-08,2024-07-28,20,Yes,2024-08-09,12
DC01254,PT00687,DR007,Dr. Deepak Sharma,Gynecology,Hypertension,67,2024-10-09,2024-10-18,9,No,,
DC01255,PT01856,DR007,Dr. Deepak Sharma,Gynecology,Heart Attack,77,2024-10-16,2024-10-31,15,No,,
DC01256,PT00504,DR005,Dr. Sunita Kulkarni,General Medicine,Hypertension,59,2024-01-24,2024-01-27,3,No,,
DC01257,PT00184,DR006,Dr. Kavya Iyer,Pediatrics,Hypertension,39,2024-09-04,2024-09-18,14,No,,
DC01258,PT01527,DR002,Dr. Suresh Patil,Orthopedics,Fracture - Femur,23,2024-03-10,2024-03-16,6,No,,
DC01259,PT01893,DR003,Dr. Aarti Deshmukh,Neurology,Lung Cancer - Stage 2,64,2024-02-13,2024-03-04,20,No,,
DC01260,PT01371,DR004,Dr. Rajan Mehta,Oncology,Fracture - Femur,23,2024-03-17,2024-03-24,7,No,,
DC01261,PT00435,DR007,Dr. Deepak Sharma,Gynecology,Heart Attack,74,2024-02-05,2024-02-22,17,No,,
DC01262,PT00737,DR004,Dr. Rajan Mehta,Oncology,Heart Attack,59,2024-07-05,2024-07-11,6,No,,
DC01263,PT01510,DR010,Dr. Rohit Verma,Orthopedics,Dengue Fever,58,2024-06-23,2024-06-27,4,No,,
DC01264,PT00592,DR004,Dr. Rajan Mehta,Oncology,Anemia,54,2024-09-09,2024-09-14,5,No,,
DC01265,PT00829,DR001,Dr. Priya Nair,Cardiology,Appendicitis,33,2024-05-14,2024-06-04,21,No,,
DC01266,PT01656,DR001,Dr. Priya Nair,Cardiology,Dengue Fever,42,2024-07-14,2024-08-02,19,Yes,2024-08-20,18
DC01267,PT00207,DR006,Dr. Kavya Iyer,Pediatrics,Chest Infection,18,2024-01-09,2024-01-26,17,No,,
DC01268,PT00557,DR006,Dr. Kavya Iyer,Pediatrics,Hypertension,41,2024-11-17,2024-11-28,11,No,,
DC01269,PT01734,DR005,Dr. Sunita Kulkarni,General Medicine,Fracture - Femur,25,2024-07-29,2024-08-15,17,No,,
DC01270,PT01864,DR006,Dr. Kavya Iyer,Pediatrics,Hypertension,85,2024-06-30,2024-07-04,4,No,,
DC01271,PT00743,DR005,Dr. Sunita Kulkarni,General Medicine,Asthma,33,2024-09-08,2024-09-10,2,No,,
DC01272,PT00493,DR004,Dr. Rajan Mehta,Oncology,Appendicitis,66,2024-10-21,2024-10-29,8,No,,
DC01273,PT00060,DR005,Dr. Sunita Kulkarni,General Medicine,Chest Infection,84,2024-06-01,2024-06-20,19,Yes,2024-07-13,23
DC01274,PT00054,DR007,Dr. Deepak Sharma,Gynecology,Chest Infection,45,2024-04-06,2024-04-16,10,Yes,2024-05-02,16
DC01275,PT00635,DR010,Dr. Rohit Verma,Orthopedics,Diabetes Type 2,24,2024-07-31,2024-08-13,13,No,,
DC01276,PT01478,DR010,Dr. Rohit Verma,Orthopedics,Hypertension,61,2024-05-13,2024-05-25,12,No,,
DC01277,PT00396,DR002,Dr. Suresh Patil,Orthopedics,Dengue Fever,27,2024-11-16,2024-11-23,7,No,,
DC01278,PT00241,DR001,Dr. Priya Nair,Cardiology,Stroke Recovery,78,2024-10-04,2024-10-20,16,Yes,2024-11-15,26
DC01279,PT00069,DR008,Dr. Anil Joshi,Emergency,Heart Attack,84,2024-09-12,2024-09-30,18,Yes,2024-10-21,21
DC01280,PT01879,DR001,Dr. Priya Nair,Cardiology,Heart Attack,73,2024-08-01,2024-08-14,13,No,,
DC01281,PT01922,DR002,Dr. Suresh Patil,Orthopedics,Appendicitis,45,2024-06-13,2024-06-15,2,No,,
DC01282,PT01615,DR005,Dr. Sunita Kulkarni,General Medicine,Dengue Fever,52,2024-01-23,2024-01-27,4,Yes,2024-02-08,12
DC01283,PT01973,DR010,Dr. Rohit Verma,Orthopedics,Anemia,51,2024-11-03,2024-11-20,17,No,,
DC01284,PT00649,DR004,Dr. Rajan Mehta,ONCOLOGY,Hernia Repair,65,2024-09-06,2024-09-12,6,No,,
DC01285,PT00476,DR006,Dr. Kavya Iyer,PEDIATRICS,Anemia,70,2024-05-24,2024-06-12,19,No,,
DC01286,PT00073,DR003,Dr. Aarti Deshmukh,Neurology,Hypertension,35,2024-02-27,2024-03-18,20,No,,
DC01287,PT01731,DR002,Dr. Suresh Patil,Orthopedics,Fracture - Femur,63,2024-04-27,2024-05-14,17,No,,
DC01288,PT01282,DR009,Dr. Meera Pillai,Cardiology,Diabetes Type 2,29,2024-08-26,2024-09-08,13,No,,
DC01289,PT00465,DR007,Dr. Deepak Sharma,Gynecology,Fracture - Femur,50,2024-09-01,2024-09-02,1,No,,
DC01290,PT00110,DR003,Dr. Aarti Deshmukh,Neurology,Asthma,31,2024-07-20,2024-07-29,9,No,,
DC01291,PT01953,DR009,Dr. Meera Pillai,Cardiology,Dengue Fever,52,2024-07-02,2024-07-15,13,Yes,2024-07-22,7
DC01292,PT01001,DR010,Dr. Rohit Verma,Orthopedics,Cataract Surgery,64,2024-02-05,2024-02-06,1,No,,
DC01293,PT00789,DR004,Dr. Rajan Mehta,Oncology,Cataract Surgery,43,2024-04-16,2024-05-02,16,No,,
DC01294,PT00152,DR010,Dr. Rohit Verma,Orthopedics,Hypertension,21,2024-01-13,2024-01-14,1,No,,
DC01295,PT00272,DR008,Dr. Anil Joshi,Emergency,Fracture - Femur,67,2024-07-11,2024-07-12,1,No,,
DC01296,PT00759,DR008,Dr. Anil Joshi,Emergency,Anemia,56,2024-08-29,2024-09-08,10,Yes,2024-09-15,7
DC01297,PT00192,DR008,Dr. Anil Joshi,Emergency,Heart Attack,50,2024-03-30,2024-04-15,16,No,,
DC01298,PT01274,DR005,Dr. Sunita Kulkarni,General Medicine,Hypertension,29,2024-05-27,2024-06-12,16,No,,
DC01299,PT01076,DR005,Dr. Sunita Kulkarni,General Medicine,Migraine,27,2024-10-28,2024-11-14,17,No,,
DC01300,PT01663,DR003,Dr. Aarti Deshmukh,Neurology,Fracture - Femur,29,2024-10-31,2024-11-10,-1,No,,
DC01301,PT00954,DR004,Dr. Rajan Mehta,Oncology,Hernia Repair,23,2024-04-18,2024-04-25,7,No,,
DC01302,PT01053,DR003,Dr. Aarti Deshmukh,Neurology,Heart Attack,64,2024-05-20,2024-05-26,6,No,,
DC01303,PT01363,DR004,Dr. Rajan Mehta,Oncology,Lung Cancer - Stage 2,67,2024-06-05,2024-06-15,10,No,,
DC01304,PT00528,DR010,Dr. Rohit Verma,Orthopedics,Appendicitis,33,2024-06-22,2024-07-11,19,No,,
DC01305,PT00261,DR003,Dr. Aarti Deshmukh,Neurology,Heart Attack,85,2024-02-07,2024-02-28,21,Yes,2024-03-26,27
DC01306,PT00336,DR004,Dr. Rajan Mehta,Oncology,Appendicitis,70,2024-10-14,2024-10-31,17,No,,
DC01307,PT00304,DR004,Dr. Rajan Mehta,Oncology,Chest Infection,49,2024-02-21,2024-02-24,3,No,,
DC01308,PT00542,DR010,Dr. Rohit Verma,Orthopedics,Asthma,75,2024-05-26,2024-06-07,12,Yes,2024-06-12,5
DC01309,PT01677,DR002,Dr. Suresh Patil,Orthopedics,Migraine,38,2024-11-30,2024-12-07,7,No,,
DC01310,PT00203,DR005,Dr. Sunita Kulkarni,General Medicine,Diabetes Type 2,46,2024-05-22,2024-05-28,6,No,,
DC01311,PT00561,DR006,Dr. Kavya Iyer,Pediatrics,Hernia Repair,74,2024-11-28,2024-12-02,-1,No,,
DC01312,PT00833,DR006,Dr. Kavya Iyer,Pediatrics,Heart Attack,76,2024-05-14,2024-05-31,17,No,,
DC01313,PT01509,DR010,Dr. Rohit Verma,Orthopedics,Diabetes Type 2,63,2024-08-03,2024-08-16,13,No,,
DC01314,PT01604,DR009,Dr. Meera Pillai,Cardiology,Appendicitis,27,2024-05-08,2024-05-13,5,No,,
DC01315,PT00191,DR005,Dr. Sunita Kulkarni,General Medicine,Fracture - Femur,34,2024-03-22,2024-03-28,6,No,,
DC01316,PT00411,DR002,Dr. Suresh Patil,Orthopedics,Dengue Fever,28,2024-07-26,2024-08-06,11,No,,
DC01317,PT01356,DR001,Dr. Priya Nair,Cardiology,Migraine,19,2024-06-19,2024-06-28,9,Yes,2024-07-11,13
DC01318,PT00028,DR010,Dr. Rohit Verma,Orthopedics,Lung Cancer - Stage 2,77,2024-03-22,2024-03-23,1,No,,
DC01319,PT00077,DR010,Dr. Rohit Verma,Orthopedics,Fracture - Femur,72,2024-10-29,2024-11-16,18,No,,
DC01320,PT01139,DR008,Dr. Anil Joshi,Emergency,Hypertension,84,2024-09-24,2024-10-09,15,No,,
DC01321,PT01906,DR002,Dr. Suresh Patil,Orthopedics,Appendicitis,72,2024-09-05,2024-09-08,3,No,,
DC01322,PT01842,DR007,Dr. Deepak Sharma,Gynecology,Appendicitis,60,2024-09-09,2024-09-27,18,No,,
DC01323,PT01141,DR006,Dr. Kavya Iyer,Pediatrics,Knee Replacement,77,2024-09-21,2024-10-03,12,No,,
DC01324,PT01942,DR005,Dr. Sunita Kulkarni,General Medicine,Cataract Surgery,20,2024-02-12,2024-02-24,12,No,,
DC01325,PT01113,DR009,Dr. Meera Pillai,Cardiology,Asthma,66,2024-02-16,2024-02-19,3,No,,
DC01326,PT01004,DR004,Dr. Rajan Mehta,Oncology,Lung Cancer - Stage 2,59,2024-09-18,2024-09-20,2,No,,
DC01327,PT00928,DR006,Dr. Kavya Iyer,Pediatrics,Fracture - Femur,58,2024-02-21,2024-03-05,13,No,,
DC01328,PT00412,DR005,Dr. Sunita Kulkarni,General Medicine,Knee Replacement,43,2024-07-16,2024-08-03,18,No,,
DC01329,PT00946,DR002,Dr. Suresh Patil,Orthopedics,Stroke Recovery,63,2024-11-21,2024-12-12,21,No,,
DC01330,PT00712,DR002,Dr. Suresh Patil,Orthopedics,Asthma,52,2024-03-15,2024-03-21,6,No,,
DC01331,PT00912,DR009,Dr. Meera Pillai,Cardiology,Dengue Fever,43,2024-04-06,2024-04-08,2,No,,
DC01332,PT01689,DR001,Dr. Priya Nair,Cardiology,Lung Cancer - Stage 2,68,2024-01-02,2024-01-21,19,No,,
DC01333,PT01853,DR010,Dr. Rohit Verma,Orthopedics,Knee Replacement,63,2024-03-18,2024-03-30,-1,No,,
DC01334,PT01158,DR009,Dr. Meera Pillai,Cardiology,Hernia Repair,41,2024-07-03,2024-07-10,7,No,,
DC01335,PT00083,DR007,Dr. Deepak Sharma,Gynecology,Appendicitis,53,2024-08-25,2024-09-06,12,No,,
DC01336,PT00439,DR001,Dr. Priya Nair,Cardiology,Stroke Recovery,48,2024-08-21,2024-09-01,11,No,,
DC01337,PT01840,DR001,Dr. Priya Nair,Cardiology,Anemia,18,2024-09-21,2024-09-28,7,No,,
DC01338,PT00252,DR008,Dr. Anil Joshi,Emergency,Cataract Surgery,71,2024-01-27,2024-02-05,9,No,,
DC01339,PT01567,DR002,Dr. Suresh Patil,Orthopedics,Cataract Surgery,72,2024-10-26,2024-10-29,3,No,,
DC01340,PT01072,DR001,Dr. Priya Nair,Cardiology,Hypertension,36,2024-05-17,2024-06-01,15,Yes,2024-06-26,25
DC01341,PT00346,DR004,Dr. Rajan Mehta,Oncology,Dengue Fever,80,2024-08-14,2024-09-02,19,Yes,2024-09-22,20
DC01342,PT00142,DR006,Dr. Kavya Iyer,Pediatrics,Asthma,40,2024-03-27,2024-04-06,10,No,,
DC01343,PT00259,DR010,Dr. Rohit Verma,Orthopedics,Dengue Fever,30,2024-04-21,2024-04-26,5,Yes,2024-05-05,9
DC01344,PT01673,DR001,Dr. Priya Nair,Cardiology,Hypertension,61,2024-10-28,2024-11-03,6,No,,
DC01345,PT01625,DR010,Dr. Rohit Verma,Orthopedics,Anemia,83,2024-04-20,2024-04-24,4,No,,
DC01346,PT00386,DR001,Dr. Priya Nair,Cardiology,Cataract Surgery,56,2024-08-21,2024-08-25,4,No,,
DC01347,PT01910,DR006,Dr. Kavya Iyer,Pediatrics,Heart Attack,21,2024-06-06,2024-06-18,12,No,,
DC01348,PT00734,DR010,Dr. Rohit Verma,Orthopedics,Anemia,65,2024-07-22,2024-08-08,17,No,,
DC01349,PT01130,DR005,Dr. Sunita Kulkarni,General Medicine,Appendicitis,37,2024-08-12,2024-08-21,9,No,,
DC01350,PT00521,DR003,Dr. Aarti Deshmukh,Neurology,Hernia Repair,56,2024-06-20,2024-06-21,1,No,,
DC01351,PT01728,DR008,Dr. Anil Joshi,Emergency,Lung Cancer - Stage 2,64,2024-03-12,2024-03-25,13,No,,
DC01352,PT00110,DR007,Dr. Deepak Sharma,Gynecology,Appendicitis,52,2024-02-13,2024-02-18,5,No,,
DC01353,PT00206,DR003,Dr. Aarti Deshmukh,Neurology,Migraine,32,2024-11-22,2024-12-01,9,No,,
DC01354,PT00814,DR003,Dr. Aarti Deshmukh,Neurology,Heart Attack,69,2024-02-21,2024-02-22,1,No,,
DC01355,PT00190,DR007,Dr. Deepak Sharma,Gynecology,Anemia,41,2024-05-18,2024-06-03,16,No,,
DC01356,PT00639,DR002,Dr. Suresh Patil,Orthopedics,Migraine,34,2024-01-18,2024-02-06,19,No,,
DC01357,PT00609,DR001,Dr. Priya Nair,Cardiology,Asthma,85,2024-06-25,2024-07-09,14,No,,
DC01358,PT01526,DR002,Dr. Suresh Patil,Orthopedics,Heart Attack,53,2024-09-08,2024-09-14,6,No,,
DC01359,PT01008,DR004,Dr. Rajan Mehta,Oncology,Diabetes Type 2,80,2024-09-25,2024-10-13,18,Yes,2024-10-17,4
DC01360,PT00908,DR005,Dr. Sunita Kulkarni,General Medicine,Cataract Surgery,78,2024-05-27,2024-06-08,12,Yes,2024-06-30,22
DC01361,PT00577,DR003,Dr. Aarti Deshmukh,Neurology,Hernia Repair,50,2024-11-16,2024-11-19,3,No,,
DC01362,PT01144,DR002,Dr. Suresh Patil,Orthopedics,Hernia Repair,66,2024-04-28,2024-05-12,-1,No,,
DC01363,PT00118,DR004,Dr. Rajan Mehta,Oncology,Anemia,55,2024-04-23,2024-05-12,19,No,,
DC01364,PT00293,DR005,Dr. Sunita Kulkarni,General Medicine,Fracture - Femur,56,2024-01-30,2024-02-13,14,No,,
DC01365,PT01424,DR008,Dr. Anil Joshi,Emergency,Migraine,55,2024-02-19,2024-03-04,14,Yes,2024-03-07,3
DC01366,PT01171,DR006,Dr. Kavya Iyer,Pediatrics,Hernia Repair,33,2024-03-24,2024-04-02,9,No,,
DC01367,PT01463,DR006,Dr. Kavya Iyer,Pediatrics,Appendicitis,68,2024-06-06,2024-06-20,14,No,,
DC01368,PT00185,DR003,Dr. Aarti Deshmukh,Neurology,Heart Attack,44,2024-01-23,2024-02-05,13,No,,
DC01369,PT01255,DR008,Dr. Anil Joshi,Emergency,Dengue Fever,77,2024-05-19,2024-06-08,20,Yes,2024-06-23,15
DC01370,PT00865,DR008,Dr. Anil Joshi,Emergency,Appendicitis,50,2024-07-22,2024-08-06,15,No,,
DC01371,PT00212,DR007,Dr. Deepak Sharma,Gynecology,Cataract Surgery,19,2024-10-26,2024-11-04,9,No,,
DC01372,PT01437,DR005,Dr. Sunita Kulkarni,General Medicine,Heart Attack,35,2024-06-29,2024-07-06,7,No,,
DC01373,PT00273,DR002,Dr. Suresh Patil,Orthopedics,Lung Cancer - Stage 2,19,2024-07-23,2024-07-27,4,Yes,2024-08-17,21
DC01374,PT01714,DR001,Dr. Priya Nair,Cardiology,Chest Infection,42,2024-09-14,2024-09-18,4,No,,
DC01375,PT00661,DR010,Dr. Rohit Verma,Orthopedics,Asthma,47,2024-02-13,2024-03-02,18,No,,
DC01376,PT00068,DR001,Dr. Priya Nair,Cardiology,Chest Infection,45,2024-08-22,2024-09-09,18,No,,
DC01377,PT00074,DR010,Dr. Rohit Verma,Orthopedics,Chest Infection,59,2024-01-31,2024-02-07,7,No,,
DC01378,PT00564,DR001,Dr. Priya Nair,Cardiology,Knee Replacement,40,2024-11-07,2024-11-17,10,No,,
DC01379,PT01149,DR006,Dr. Kavya Iyer,Pediatrics,Dengue Fever,42,2024-06-13,2024-06-14,1,No,,
DC01380,PT00199,DR006,Dr. Kavya Iyer,Pediatrics,Chest Infection,65,2024-10-20,2024-11-01,12,No,,
DC01381,PT00900,DR002,Dr. Suresh Patil,Orthopedics,Appendicitis,59,2024-07-19,2024-07-30,11,No,,
DC01382,PT00177,DR002,Dr. Suresh Patil,Orthopedics,Asthma,44,2024-08-28,2024-08-29,1,No,,
DC01383,PT00412,DR009,Dr. Meera Pillai,Cardiology,Stroke Recovery,54,2024-07-22,2024-07-25,3,Yes,2024-08-23,29
DC01384,PT00320,DR002,Dr. Suresh Patil,Orthopedics,Asthma,27,2024-08-02,2024-08-13,11,No,,
DC01385,PT00204,DR005,Dr. Sunita Kulkarni,General Medicine,Cataract Surgery,81,2024-07-28,2024-08-15,18,No,,
DC01386,PT00030,DR003,Dr. Aarti Deshmukh,Neurology,Diabetes Type 2,50,2024-07-10,2024-07-17,7,No,,
DC01387,PT01227,DR007,Dr. Deepak Sharma,Gynecology,Cataract Surgery,29,2024-08-24,2024-09-01,8,No,,
DC01388,PT01656,DR002,Dr. Suresh Patil,Orthopedics,Heart Attack,43,2024-04-04,2024-04-14,10,No,,
DC01389,PT01697,DR010,Dr. Rohit Verma,Orthopedics,Diabetes Type 2,40,2024-04-13,2024-04-26,13,No,,
DC01390,PT00030,DR007,Dr. Deepak Sharma,Gynecology,Hypertension,,2024-02-09,2024-02-19,10,No,,
DC01391,PT01133,DR005,Dr. Sunita Kulkarni,General Medicine,Dengue Fever,50,2024-10-12,2024-10-22,10,No,,
DC01392,PT00127,DR001,Dr. Priya Nair,Cardiology,Fracture - Femur,31,2024-05-31,2024-06-17,17,No,,
DC01393,PT01968,DR004,Dr. Rajan Mehta,Oncology,Appendicitis,26,2024-11-14,2024-11-23,9,No,,
DC01394,PT00919,DR006,Dr. Kavya Iyer,Pediatrics,Appendicitis,36,2024-07-07,2024-07-25,18,No,,
DC01395,PT00873,DR009,Dr. Meera Pillai,Cardiology,Heart Attack,36,2024-07-11,2024-07-14,3,Yes,2024-08-07,24
DC01396,PT01890,DR006,Dr. Kavya Iyer,Pediatrics,Hypertension,23,2024-09-02,2024-09-09,7,No,,
DC01397,PT00513,DR009,Dr. Meera Pillai,Cardiology,Chest Infection,67,2024-07-16,2024-07-24,8,No,,
DC01398,PT01550,DR010,Dr. Rohit Verma,Orthopedics,Heart Attack,84,2024-07-26,2024-08-01,6,No,,
DC01399,PT01003,DR001,Dr. Priya Nair,Cardiology,Diabetes Type 2,28,2024-02-10,2024-02-16,6,No,,
DC01400,PT01521,DR004,Dr. Rajan Mehta,Oncology,Cataract Surgery,51,2024-11-12,2024-11-20,8,No,,
DC01401,PT01582,DR003,Dr. Aarti Deshmukh,Neurology,Cataract Surgery,33,2024-09-29,2024-10-16,17,No,,
DC01402,PT01655,DR007,Dr. Deepak Sharma,Gynecology,Hypertension,40,2024-05-30,2024-06-01,2,No,,
DC01403,PT00039,DR007,Dr. Deepak Sharma,Gynecology,Lung Cancer - Stage 2,44,2024-10-04,2024-10-07,3,No,,
DC01404,PT01734,DR010,Dr. Rohit Verma,Orthopedics,Migraine,54,2024-03-20,2024-03-29,9,No,,
DC01405,PT01119,DR009,Dr. Meera Pillai,Cardiology,Lung Cancer - Stage 2,49,2024-04-20,2024-05-09,19,No,,
DC01406,PT01274,DR007,Dr. Deepak Sharma,Gynecology,Hypertension,72,2024-07-19,2024-07-24,5,No,,
DC01407,PT00282,DR010,Dr. Rohit Verma,Orthopedics,Lung Cancer - Stage 2,78,2024-08-28,2024-09-14,17,No,,
DC01408,PT01393,DR001,Dr. Priya Nair,Cardiology,Hernia Repair,70,2024-04-08,2024-04-12,4,No,,
DC01409,PT01224,DR010,Dr. Rohit Verma,Orthopedics,Cataract Surgery,32,2024-06-08,2024-06-25,17,No,,
DC01410,PT01989,DR005,Dr. Sunita Kulkarni,General Medicine,Anemia,81,2024-03-07,2024-03-22,15,No,,
DC01411,PT01299,DR002,Dr. Suresh Patil,Orthopedics,Dengue Fever,32,2024-10-27,2024-11-05,9,No,,
DC01412,PT00965,DR003,Dr. Aarti Deshmukh,Neurology,Dengue Fever,82,2024-02-19,2024-02-23,4,No,,
DC01413,PT01633,DR005,Dr. Sunita Kulkarni,General Medicine,Fracture - Femur,40,2024-01-01,2024-01-19,18,No,,
DC01414,PT00967,DR003,Dr. Aarti Deshmukh,Neurology,Chest Infection,35,2024-09-19,2024-10-07,18,No,,
DC01415,PT00350,DR008,Dr. Anil Joshi,Emergency,Diabetes Type 2,21,2024-11-23,2024-12-10,17,Yes,2024-12-23,13
DC01416,PT01112,DR010,Dr. Rohit Verma,Orthopedics,Dengue Fever,38,2024-07-09,2024-07-13,4,No,,
DC01417,PT01540,DR005,Dr. Sunita Kulkarni,General Medicine,Migraine,72,2024-08-15,2024-08-27,12,No,,
DC01418,PT01032,DR004,Dr. Rajan Mehta,Oncology,Migraine,56,2024-08-28,2024-08-29,1,No,,
DC01419,PT00253,DR003,Dr. Aarti Deshmukh,Neurology,Chest Infection,83,2024-01-12,2024-01-25,13,No,,
DC01420,PT00449,DR006,Dr. Kavya Iyer,Pediatrics,Anemia,74,2024-03-02,2024-03-10,8,No,,
DC01421,PT01757,DR007,Dr. Deepak Sharma,Gynecology,Asthma,65,2024-04-03,2024-04-12,9,No,,
DC01422,PT00356,DR004,Dr. Rajan Mehta,Oncology,Hernia Repair,26,2024-07-04,2024-07-24,20,No,,
DC01423,PT01060,DR006,Dr. Kavya Iyer,Pediatrics,Migraine,39,2024-07-02,2024-07-08,6,No,,
DC01424,PT00748,DR010,Dr. Rohit Verma,Orthopedics,Migraine,63,2024-10-09,2024-10-19,10,No,,
DC01425,PT00324,DR001,Dr. Priya Nair,Cardiology,Chest Infection,75,2024-05-30,2024-06-16,17,No,,
DC01426,PT00381,DR010,Dr. Rohit Verma,Orthopedics,Anemia,75,2024-10-15,2024-10-28,13,No,,
DC01427,PT00934,DR001,Dr. Priya Nair,CARDIOLOGY,Hernia Repair,45,2024-11-19,2024-12-03,14,Yes,2024-12-07,4
DC01428,PT01997,DR006,Dr. Kavya Iyer,Pediatrics,Chest Infection,42,2024-09-01,2024-09-15,14,No,,
DC01429,PT01749,DR007,Dr. Deepak Sharma,Gynecology,Knee Replacement,72,2024-02-06,2024-02-18,12,No,,
DC01430,PT00771,DR004,Dr. Rajan Mehta,ONCOLOGY,Fracture - Femur,24,2024-05-24,2024-06-09,16,No,,
DC01431,PT01759,DR009,Dr. Meera Pillai,Cardiology,Appendicitis,67,2024-01-28,2024-02-02,5,No,,
DC01432,PT01915,DR009,Dr. Meera Pillai,Cardiology,Lung Cancer - Stage 2,46,2024-01-11,2024-01-22,11,No,,
DC01433,PT01119,DR006,Dr. Kavya Iyer,Pediatrics,Knee Replacement,83,2024-04-05,2024-04-22,17,No,,
DC01434,PT00559,DR007,Dr. Deepak Sharma,Gynecology,Hypertension,55,2024-01-06,2024-01-14,8,No,,
DC01435,PT01141,DR003,Dr. Aarti Deshmukh,Neurology,Migraine,21,2024-09-27,2024-10-12,15,No,,
DC01436,PT00552,DR010,Dr. Rohit Verma,Orthopedics,Fracture - Femur,19,2024-05-12,2024-05-23,11,No,,
DC01437,PT00548,DR005,Dr. Sunita Kulkarni,General Medicine,Hypertension,40,2024-08-30,2024-09-02,3,No,,
DC01438,PT00199,DR006,Dr. Kavya Iyer,Pediatrics,Hernia Repair,60,2024-06-17,2024-07-08,21,No,,
DC01439,PT01941,DR008,Dr. Anil Joshi,Emergency,Anemia,32,2024-04-04,2024-04-06,2,No,,
DC01440,PT01053,DR004,Dr. Rajan Mehta,Oncology,Dengue Fever,32,2024-06-28,2024-07-05,7,Yes,2024-07-21,16
DC01441,PT01658,DR002,Dr. Suresh Patil,Orthopedics,Chest Infection,44,2024-03-06,2024-03-11,5,No,,
DC01442,PT01157,DR007,Dr. Deepak Sharma,Gynecology,Hypertension,45,2024-09-02,2024-09-05,3,No,,
DC01443,PT00025,DR009,Dr. Meera Pillai,Cardiology,Cataract Surgery,19,2024-02-01,2024-02-14,13,No,,
DC01444,PT00860,DR005,Dr. Sunita Kulkarni,General Medicine,Hypertension,29,2024-06-30,2024-07-04,4,No,,
DC01445,PT01429,DR002,Dr. Suresh Patil,ORTHOPEDICS,Asthma,23,2024-05-30,2024-06-08,9,No,,
DC01446,PT01158,DR004,Dr. Rajan Mehta,Oncology,Chest Infection,76,2024-04-25,2024-04-29,4,No,,
DC01447,PT01848,DR006,Dr. Kavya Iyer,Pediatrics,Knee Replacement,28,2024-03-20,2024-03-30,10,No,,
DC01448,PT01687,DR002,Dr. Suresh Patil,Orthopedics,Knee Replacement,35,2024-07-31,2024-08-18,18,No,,
DC01449,PT01938,DR003,Dr. Aarti Deshmukh,Neurology,Fracture - Femur,44,2024-05-02,2024-05-20,18,No,,
DC01450,PT01026,DR009,Dr. Meera Pillai,Cardiology,Chest Infection,70,2024-07-27,2024-07-28,1,No,,
DC01451,PT01046,DR005,Dr. Sunita Kulkarni,General Medicine,Fracture - Femur,45,2024-01-27,2024-02-16,20,No,,
DC01452,PT00879,DR006,Dr. Kavya Iyer,Pediatrics,Dengue Fever,49,2024-02-23,2024-02-29,6,No,,
DC01453,PT01328,DR010,Dr. Rohit Verma,Orthopedics,Lung Cancer - Stage 2,18,2024-11-11,2024-11-18,7,No,,
DC01454,PT01702,DR009,Dr. Meera Pillai,Cardiology,Lung Cancer - Stage 2,25,2024-05-08,2024-05-28,20,No,,
DC01455,PT01673,DR008,Dr. Anil Joshi,Emergency,Diabetes Type 2,67,2024-06-07,2024-06-28,21,No,,
DC01456,PT01906,DR003,Dr. Aarti Deshmukh,Neurology,Anemia,27,2024-08-04,2024-08-05,1,No,,
DC01457,PT00138,DR001,Dr. Priya Nair,Cardiology,Anemia,30,2024-02-07,2024-02-25,18,No,,
DC01458,PT00227,DR001,Dr. Priya Nair,Cardiology,Lung Cancer - Stage 2,83,2024-08-23,2024-08-24,1,No,,
DC01459,PT00648,DR004,Dr. Rajan Mehta,Oncology,Migraine,69,2024-03-09,2024-03-21,12,No,,
DC01460,PT01153,DR006,Dr. Kavya Iyer,Pediatrics,Diabetes Type 2,52,2024-02-14,2024-02-15,1,No,,
DC01461,PT01840,DR009,Dr. Meera Pillai,Cardiology,Asthma,70,2024-03-08,2024-03-11,3,No,,
DC01462,PT01799,DR001,Dr. Priya Nair,Cardiology,Hernia Repair,83,2024-01-01,2024-01-02,1,No,,
DC01463,PT00863,DR005,Dr. Sunita Kulkarni,General Medicine,Heart Attack,48,2024-02-24,2024-03-05,10,No,,
DC01464,PT00668,DR007,Dr. Deepak Sharma,Gynecology,Migraine,28,2024-10-23,2024-10-30,7,No,,
DC01465,PT01144,DR002,Dr. Suresh Patil,Orthopedics,Heart Attack,43,2024-01-23,2024-02-08,16,No,,
DC01466,PT00148,DR010,Dr. Rohit Verma,Orthopedics,Asthma,48,2024-11-07,2024-11-09,2,No,,
DC01467,PT01625,DR003,Dr. Aarti Deshmukh,Neurology,Hernia Repair,76,2024-06-12,2024-06-19,7,No,,
DC01468,PT00677,DR009,Dr. Meera Pillai,Cardiology,Chest Infection,26,2024-02-28,2024-03-11,12,No,,
DC01469,PT00543,DR007,Dr. Deepak Sharma,Gynecology,Hernia Repair,47,2024-08-30,2024-09-04,5,No,,
DC01470,PT01069,DR009,Dr. Meera Pillai,Cardiology,Diabetes Type 2,82,2024-02-23,2024-03-11,17,Yes,2024-04-07,27
DC01471,PT01752,DR001,Dr. Priya Nair,Cardiology,Chest Infection,58,2024-10-22,2024-11-03,12,No,,
DC01472,PT00093,DR005,Dr. Sunita Kulkarni,General Medicine,Knee Replacement,74,2024-07-07,2024-07-15,8,No,,
DC01473,PT01465,DR004,Dr. Rajan Mehta,Oncology,Knee Replacement,68,2024-07-10,2024-07-19,9,No,,
DC01474,PT00361,DR009,Dr. Meera Pillai,Cardiology,Asthma,81,2024-08-28,2024-09-04,7,No,,
DC01475,PT01999,DR003,Dr. Aarti Deshmukh,Neurology,Diabetes Type 2,41,2024-07-25,2024-08-08,14,No,,
DC01476,PT01410,DR003,Dr. Aarti Deshmukh,Neurology,Fracture - Femur,39,2024-04-27,2024-05-06,9,No,,
DC01477,PT00814,DR009,Dr. Meera Pillai,Cardiology,Chest Infection,68,2024-05-29,2024-06-08,10,No,,
DC01478,PT00826,DR009,Dr. Meera Pillai,Cardiology,Anemia,82,2024-10-21,2024-11-01,11,No,,
DC01479,PT00145,DR010,Dr. Rohit Verma,Orthopedics,Diabetes Type 2,22,2024-04-27,2024-05-04,7,No,,
DC01480,PT00431,DR005,Dr. Sunita Kulkarni,General Medicine,Heart Attack,,2024-09-29,2024-10-11,12,No,,
DC01481,PT00345,DR005,Dr. Sunita Kulkarni,General Medicine,Hypertension,55,2024-06-07,2024-06-28,21,No,,
DC01482,PT01485,DR007,Dr. Deepak Sharma,Gynecology,Migraine,80,2024-05-27,2024-05-31,4,No,,
DC01483,PT00527,DR008,Dr. Anil Joshi,Emergency,Lung Cancer - Stage 2,34,2024-03-05,2024-03-09,4,No,,
DC01484,PT00044,DR006,Dr. Kavya Iyer,Pediatrics,Hernia Repair,59,2024-09-13,2024-09-14,1,No,,
DC01485,PT01366,DR010,Dr. Rohit Verma,Orthopedics,Diabetes Type 2,,2024-11-17,2024-12-03,16,No,,
DC01486,PT00565,DR003,Dr. Aarti Deshmukh,Neurology,Hypertension,48,2024-09-01,2024-09-12,11,Yes,2024-10-09,27
DC01487,PT00299,DR003,Dr. Aarti Deshmukh,Neurology,Appendicitis,68,2024-11-02,2024-11-16,14,No,,
DC01488,PT01070,DR007,Dr. Deepak Sharma,Gynecology,Hypertension,22,2024-02-15,2024-02-26,11,Yes,2024-03-11,14
DC01489,PT00139,DR005,Dr. Sunita Kulkarni,General Medicine,Heart Attack,26,2024-07-18,2024-07-30,12,No,,
DC01490,PT00227,DR003,Dr. Aarti Deshmukh,Neurology,Fracture - Femur,58,2024-02-03,2024-02-23,20,No,,
DC01491,PT00124,DR010,Dr. Rohit Verma,Orthopedics,Appendicitis,78,2024-09-15,2024-09-23,8,No,,
DC01492,PT01109,DR006,Dr. Kavya Iyer,Pediatrics,Lung Cancer - Stage 2,49,2024-08-24,2024-08-27,3,No,,
DC01493,PT01444,DR007,Dr. Deepak Sharma,Gynecology,Stroke Recovery,29,2024-05-09,2024-05-27,18,No,,
DC01494,PT00496,DR007,Dr. Deepak Sharma,Gynecology,Cataract Surgery,68,2024-03-14,2024-03-26,12,No,,
DC01495,PT01490,DR010,Dr. Rohit Verma,Orthopedics,Hernia Repair,61,2024-05-02,2024-05-03,1,No,,
DC01496,PT00779,DR003,Dr. Aarti Deshmukh,Neurology,Cataract Surgery,53,2024-05-24,2024-05-25,1,No,,
DC01497,PT00891,DR002,Dr. Suresh Patil,Orthopedics,Dengue Fever,26,2024-06-26,2024-07-13,17,No,,
DC01498,PT01176,DR009,Dr. Meera Pillai,Cardiology,Appendicitis,72,2024-06-15,2024-06-22,7,No,,
DC01499,PT00158,DR009,Dr. Meera Pillai,Cardiology,Diabetes Type 2,64,2024-10-14,2024-10-30,16,No,,
DC01500,PT01461,DR004,Dr. Rajan Mehta,Oncology,Appendicitis,40,2024-11-26,2024-11-29,3,No,,
DC01501,PT01468,DR007,Dr. Deepak Sharma,Gynecology,Cataract Surgery,28,2024-02-19,2024-03-07,17,No,,
DC01502,PT00319,DR002,Dr. Suresh Patil,Orthopedics,Migraine,48,2024-11-30,2024-12-21,21,No,,
DC01503,PT01399,DR007,Dr. Deepak Sharma,Gynecology,Hypertension,38,2024-04-30,2024-05-21,21,No,,
DC01504,PT01975,DR006,Dr. Kavya Iyer,Pediatrics,Fracture - Femur,77,2024-04-26,2024-05-11,15,No,,
DC01505,PT01878,DR005,Dr. Sunita Kulkarni,General Medicine,Asthma,57,2024-02-22,2024-02-23,1,No,,
DC01506,PT01248,DR005,Dr. Sunita Kulkarni,General Medicine,Heart Attack,81,2024-01-04,2024-01-11,7,No,,
DC01507,PT00485,DR001,Dr. Priya Nair,Cardiology,Cataract Surgery,50,2024-10-30,2024-11-16,17,No,,
DC01508,PT00767,DR006,Dr. Kavya Iyer,Pediatrics,Lung Cancer - Stage 2,34,2024-11-14,2024-11-23,9,No,,
DC01509,PT00187,DR004,Dr. Rajan Mehta,Oncology,Migraine,36,2024-07-19,2024-07-26,7,No,,
DC01510,PT00482,DR004,Dr. Rajan Mehta,Oncology,Heart Attack,45,2024-04-07,2024-04-28,21,Yes,2024-05-14,16
DC01511,PT00221,DR002,Dr. Suresh Patil,Orthopedics,Diabetes Type 2,35,2024-05-04,2024-05-20,16,No,,
DC01512,PT01469,DR010,Dr. Rohit Verma,Orthopedics,Hypertension,33,2024-09-18,2024-09-24,6,No,,
DC01513,PT01516,DR003,Dr. Aarti Deshmukh,Neurology,Diabetes Type 2,31,2024-03-01,2024-03-04,3,No,,
DC01514,PT01497,DR001,Dr. Priya Nair,Cardiology,Anemia,45,2024-09-03,2024-09-22,19,No,,
DC01515,PT00386,DR009,Dr. Meera Pillai,Cardiology,Migraine,28,2024-11-28,2024-12-18,20,No,,
DC01516,PT01684,DR001,Dr. Priya Nair,Cardiology,Knee Replacement,37,2024-01-10,2024-01-27,17,No,,
DC01517,PT01303,DR002,Dr. Suresh Patil,Orthopedics,Anemia,48,2024-03-02,2024-03-11,9,No,,
DC01518,PT01857,DR009,Dr. Meera Pillai,Cardiology,Appendicitis,49,2024-04-01,2024-04-19,-1,No,,
DC01519,PT01112,DR009,Dr. Meera Pillai,Cardiology,Migraine,73,2024-08-19,2024-09-04,16,No,,
DC01520,PT00366,DR005,Dr. Sunita Kulkarni,General Medicine,Lung Cancer - Stage 2,52,2024-08-02,2024-08-11,9,No,,
DC01521,PT01480,DR007,Dr. Deepak Sharma,Gynecology,Lung Cancer - Stage 2,21,2024-09-20,2024-09-29,9,No,,
DC01522,PT00967,DR001,Dr. Priya Nair,Cardiology,Cataract Surgery,23,2024-03-15,2024-04-03,19,No,,
DC01523,PT01697,DR003,Dr. Aarti Deshmukh,Neurology,Cataract Surgery,22,2024-11-23,2024-12-02,9,Yes,2024-12-19,17
DC01524,PT01669,DR004,Dr. Rajan Mehta,Oncology,Hernia Repair,31,2024-07-24,2024-07-31,7,No,,
DC01525,PT00854,DR009,Dr. Meera Pillai,Cardiology,Heart Attack,24,2024-02-24,2024-03-04,9,No,,
DC01526,PT00698,DR005,Dr. Sunita Kulkarni,General Medicine,Chest Infection,76,2024-05-03,2024-05-17,14,No,,
DC01527,PT01858,DR007,Dr. Deepak Sharma,Gynecology,Stroke Recovery,62,2024-04-21,2024-04-30,9,No,,
DC01528,PT00971,DR006,Dr. Kavya Iyer,Pediatrics,Hernia Repair,70,2024-10-30,2024-11-12,13,No,,
DC01529,PT00797,DR006,Dr. Kavya Iyer,Pediatrics,Anemia,25,2024-05-17,2024-06-05,19,No,,
DC01530,PT00252,DR001,Dr. Priya Nair,Cardiology,Fracture - Femur,32,2024-01-23,2024-02-05,13,Yes,2024-02-08,3
DC01531,PT01312,DR006,Dr. Kavya Iyer,Pediatrics,Cataract Surgery,19,2024-10-28,2024-11-11,14,No,,
DC01532,PT00365,DR010,Dr. Rohit Verma,Orthopedics,Migraine,56,2024-07-04,2024-07-05,1,No,,
DC01533,PT01053,DR005,Dr. Sunita Kulkarni,General Medicine,Anemia,31,2024-07-21,2024-07-24,3,No,,
DC01534,PT01072,DR003,Dr. Aarti Deshmukh,Neurology,Appendicitis,73,2024-11-29,2024-12-06,7,No,,
DC01535,PT01190,DR008,Dr. Anil Joshi,Emergency,Stroke Recovery,46,2024-11-27,2024-11-29,2,No,,
DC01536,PT00953,DR008,Dr. Anil Joshi,Emergency,Lung Cancer - Stage 2,50,2024-08-04,2024-08-19,15,Yes,2024-08-31,12
DC01537,PT00110,DR006,Dr. Kavya Iyer,Pediatrics,Chest Infection,32,2024-06-21,2024-06-22,1,No,,
DC01538,PT01995,DR005,Dr. Sunita Kulkarni,General Medicine,Hernia Repair,78,2024-04-26,2024-04-29,3,No,,
DC01539,PT01929,DR007,Dr. Deepak Sharma,Gynecology,Heart Attack,82,2024-04-24,2024-04-28,4,No,,
DC01540,PT00298,DR007,Dr. Deepak Sharma,Gynecology,Cataract Surgery,33,2024-03-04,2024-03-06,2,No,,
DC01541,PT00781,DR004,Dr. Rajan Mehta,Oncology,Cataract Surgery,28,2024-03-27,2024-04-03,7,Yes,2024-04-28,25
DC01542,PT01878,DR006,Dr. Kavya Iyer,Pediatrics,Fracture - Femur,54,2024-08-30,2024-09-16,17,No,,
DC01543,PT00038,DR002,Dr. Suresh Patil,Orthopedics,Diabetes Type 2,68,2024-09-22,2024-10-06,14,No,,
DC01544,PT00622,DR001,Dr. Priya Nair,Cardiology,Diabetes Type 2,29,2024-09-17,2024-10-05,18,No,,
DC01545,PT00222,DR009,Dr. Meera Pillai,Cardiology,Cataract Surgery,34,2024-02-08,2024-02-25,17,No,,
DC01546,PT01812,DR002,Dr. Suresh Patil,Orthopedics,Migraine,52,2024-04-09,2024-04-13,4,No,,
DC01547,PT00850,DR004,Dr. Rajan Mehta,Oncology,Lung Cancer - Stage 2,51,2024-04-17,2024-05-07,20,No,,
DC01548,PT01419,DR009,Dr. Meera Pillai,Cardiology,Appendicitis,43,2024-11-22,2024-12-10,18,No,,
DC01549,PT00585,DR006,Dr. Kavya Iyer,Pediatrics,Fracture - Femur,75,2024-02-26,2024-03-07,10,No,,
DC01550,PT01892,DR004,Dr. Rajan Mehta,Oncology,Diabetes Type 2,21,2024-11-29,2024-12-19,20,No,,
DC01551,PT00212,DR003,Dr. Aarti Deshmukh,Neurology,Heart Attack,63,2024-02-25,2024-03-07,11,No,,
DC01552,PT00503,DR010,Dr. Rohit Verma,Orthopedics,Asthma,75,2024-10-29,2024-11-13,15,No,,
DC01553,PT01705,DR006,Dr. Kavya Iyer,Pediatrics,Cataract Surgery,70,2024-10-03,2024-10-21,18,No,,
DC01554,PT01155,DR001,Dr. Priya Nair,Cardiology,Appendicitis,82,2024-05-04,2024-05-09,5,No,,
DC01555,PT01027,DR005,Dr. Sunita Kulkarni,General Medicine,Hypertension,37,2024-01-08,2024-01-18,10,Yes,2024-01-21,3
DC01556,PT00996,DR010,Dr. Rohit Verma,Orthopedics,Heart Attack,60,2024-09-23,2024-10-10,17,No,,
DC01557,PT01468,DR007,Dr. Deepak Sharma,Gynecology,Cataract Surgery,44,2024-07-18,2024-08-02,15,No,,
DC01558,PT01379,DR004,Dr. Rajan Mehta,Oncology,Appendicitis,81,2024-11-22,2024-11-24,2,No,,
DC01559,PT01508,DR009,Dr. Meera Pillai,Cardiology,Dengue Fever,20,2024-11-18,2024-11-24,6,No,,
DC01560,PT01939,DR004,Dr. Rajan Mehta,Oncology,Anemia,31,2024-02-06,2024-02-07,1,No,,
DC01561,PT01039,DR004,Dr. Rajan Mehta,Oncology,Diabetes Type 2,37,2024-11-08,2024-11-19,11,No,,
DC01562,PT00586,DR005,Dr. Sunita Kulkarni,General Medicine,Cataract Surgery,42,2024-06-13,2024-06-27,14,No,,
DC01563,PT01506,DR006,Dr. Kavya Iyer,Pediatrics,Hypertension,66,2024-07-06,2024-07-16,10,No,,
DC01564,PT01026,DR009,Dr. Meera Pillai,Cardiology,Hernia Repair,60,2024-01-06,2024-01-18,12,Yes,2024-01-30,12
DC01565,PT01168,DR003,Dr. Aarti Deshmukh,Neurology,Stroke Recovery,75,2024-06-04,2024-06-12,8,No,,
DC01566,PT01450,DR005,Dr. Sunita Kulkarni,General Medicine,Stroke Recovery,25,2024-09-14,2024-10-01,17,No,,
DC01567,PT00365,DR005,Dr. Sunita Kulkarni,General Medicine,Dengue Fever,55,2024-03-21,2024-04-08,18,No,,
DC01568,PT01577,DR007,Dr. Deepak Sharma,Gynecology,Chest Infection,85,2024-09-08,2024-09-16,8,No,,
DC01569,PT01925,DR002,Dr. Suresh Patil,Orthopedics,Knee Replacement,80,2024-03-18,2024-03-19,1,No,,
DC01570,PT01114,DR001,Dr. Priya Nair,Cardiology,Chest Infection,40,2024-07-15,2024-07-16,1,No,,
DC01571,PT00346,DR002,Dr. Suresh Patil,Orthopedics,Stroke Recovery,20,2024-04-07,2024-04-22,15,Yes,2024-05-12,20
DC01572,PT00304,DR010,Dr. Rohit Verma,Orthopedics,Hernia Repair,64,2024-04-28,2024-05-16,18,No,,
DC01573,PT01598,DR001,Dr. Priya Nair,Cardiology,Hypertension,34,2024-09-28,2024-10-03,5,No,,
DC01574,PT00249,DR004,Dr. Rajan Mehta,Oncology,Hypertension,30,2024-11-17,2024-11-30,13,Yes,2024-12-14,14
DC01575,PT00249,DR010,Dr. Rohit Verma,Orthopedics,Stroke Recovery,18,2024-07-27,2024-08-05,9,No,,
DC01576,PT01721,DR002,Dr. Suresh Patil,Orthopedics,Cataract Surgery,35,2024-03-04,2024-03-21,17,No,,
DC01577,PT00339,DR010,Dr. Rohit Verma,Orthopedics,Chest Infection,21,2024-02-01,2024-02-04,3,No,,
DC01578,PT01990,DR002,Dr. Suresh Patil,Orthopedics,Stroke Recovery,35,2024-10-18,2024-11-06,19,No,,
DC01579,PT01831,DR002,Dr. Suresh Patil,Orthopedics,Lung Cancer - Stage 2,47,2024-04-05,2024-04-21,16,No,,
DC01580,PT01918,DR010,Dr. Rohit Verma,Orthopedics,Diabetes Type 2,24,2024-07-19,2024-07-22,3,No,,
DC01581,PT00459,DR003,Dr. Aarti Deshmukh,Neurology,Diabetes Type 2,79,2024-01-01,2024-01-12,11,No,,
DC01582,PT01767,DR009,Dr. Meera Pillai,Cardiology,Diabetes Type 2,49,2024-05-30,2024-06-20,21,No,,
DC01583,PT00624,DR002,Dr. Suresh Patil,Orthopedics,Dengue Fever,29,2024-10-19,2024-11-03,15,No,,
DC01584,PT01343,DR002,Dr. Suresh Patil,Orthopedics,Diabetes Type 2,44,2024-06-27,2024-07-06,9,No,,
DC01585,PT00161,DR005,Dr. Sunita Kulkarni,General Medicine,Diabetes Type 2,84,2024-01-01,2024-01-11,10,No,,
DC01586,PT01951,DR003,Dr. Aarti Deshmukh,Neurology,Asthma,21,2024-11-16,2024-11-17,1,No,,
DC01587,PT00888,DR006,Dr. Kavya Iyer,Pediatrics,Knee Replacement,44,2024-11-27,2024-12-16,19,No,,
DC01588,PT00259,DR001,Dr. Priya Nair,Cardiology,Heart Attack,66,2024-11-22,2024-12-03,11,No,,
DC01589,PT01803,DR007,Dr. Deepak Sharma,Gynecology,Fracture - Femur,77,2024-02-06,2024-02-11,5,No,,
DC01590,PT01445,DR001,Dr. Priya Nair,Cardiology,Diabetes Type 2,62,2024-04-26,2024-04-27,1,No,,
DC01591,PT01329,DR003,Dr. Aarti Deshmukh,Neurology,Lung Cancer - Stage 2,76,2024-11-18,2024-12-07,19,No,,
DC01592,PT00872,DR009,Dr. Meera Pillai,Cardiology,Anemia,73,2024-08-29,2024-09-16,18,No,,
DC01593,PT01458,DR003,Dr. Aarti Deshmukh,Neurology,Hernia Repair,62,2024-03-13,2024-03-31,18,No,,
DC01594,PT00878,DR007,Dr. Deepak Sharma,Gynecology,Migraine,58,2024-09-23,2024-10-02,9,No,,
DC01595,PT00267,DR003,Dr. Aarti Deshmukh,NEUROLOGY,Chest Infection,,2024-10-03,2024-10-12,9,Yes,2024-11-08,27
DC01596,PT01321,DR010,Dr. Rohit Verma,Orthopedics,Anemia,26,2024-04-05,2024-04-20,15,No,,
DC01597,PT00890,DR005,Dr. Sunita Kulkarni,General Medicine,Dengue Fever,79,2024-08-24,2024-08-28,4,No,,
DC01598,PT00643,DR004,Dr. Rajan Mehta,Oncology,Stroke Recovery,46,2024-05-18,2024-05-30,12,No,,
DC01599,PT00284,DR007,Dr. Deepak Sharma,Gynecology,Dengue Fever,83,2024-08-20,2024-09-06,17,No,,
DC01600,PT01863,DR001,Dr. Priya Nair,Cardiology,Anemia,23,2024-06-23,2024-06-28,5,No,,
DC01601,PT00388,DR005,Dr. Sunita Kulkarni,General Medicine,Lung Cancer - Stage 2,63,2024-01-27,2024-02-07,11,No,,
DC01602,PT01670,DR008,Dr. Anil Joshi,Emergency,Heart Attack,62,2024-05-11,2024-05-19,8,No,,
DC01603,PT01370,DR005,Dr. Sunita Kulkarni,General Medicine,Hernia Repair,20,2024-10-15,2024-10-20,5,No,,
DC01604,PT00178,DR003,Dr. Aarti Deshmukh,Neurology,Migraine,27,2024-09-26,2024-10-03,7,No,,
DC01605,PT00584,DR010,Dr. Rohit Verma,Orthopedics,Lung Cancer - Stage 2,41,2024-05-18,2024-05-23,5,No,,
DC01606,PT01367,DR009,Dr. Meera Pillai,Cardiology,Cataract Surgery,37,2024-08-23,2024-09-02,10,No,,
DC01607,PT01872,DR007,Dr. Deepak Sharma,Gynecology,Heart Attack,53,2024-04-22,2024-04-23,1,No,,
DC01608,PT01978,DR005,Dr. Sunita Kulkarni,General Medicine,Fracture - Femur,66,2024-09-29,2024-10-20,21,No,,
DC01609,PT01704,DR003,Dr. Aarti Deshmukh,Neurology,Anemia,61,2024-02-02,2024-02-03,1,No,,
DC01610,PT00215,DR002,Dr. Suresh Patil,Orthopedics,Hernia Repair,54,2024-09-15,2024-10-04,19,No,,
DC01611,PT01829,DR007,Dr. Deepak Sharma,Gynecology,Chest Infection,46,2024-07-07,2024-07-20,13,No,,
DC01612,PT01393,DR005,Dr. Sunita Kulkarni,General Medicine,Hernia Repair,58,2024-04-08,2024-04-15,7,No,,
DC01613,PT00605,DR001,Dr. Priya Nair,Cardiology,Fracture - Femur,60,2024-11-18,2024-11-30,12,No,,
DC01614,PT00799,DR008,Dr. Anil Joshi,Emergency,Stroke Recovery,36,2024-06-23,2024-07-13,20,No,,
DC01615,PT01663,DR003,Dr. Aarti Deshmukh,Neurology,Chest Infection,51,2024-08-30,2024-09-14,15,No,,
DC01616,PT00868,DR006,Dr. Kavya Iyer,PEDIATRICS,Appendicitis,77,2024-07-20,2024-07-31,11,No,,
DC01617,PT00697,DR009,Dr. Meera Pillai,Cardiology,Appendicitis,32,2024-02-28,2024-03-14,15,Yes,2024-03-30,16
DC01618,PT01228,DR004,Dr. Rajan Mehta,Oncology,Dengue Fever,70,2024-04-04,2024-04-13,9,No,,
DC01619,PT01879,DR003,Dr. Aarti Deshmukh,Neurology,Anemia,62,2024-06-10,2024-06-13,3,No,,
DC01620,PT01577,DR005,Dr. Sunita Kulkarni,General Medicine,Fracture - Femur,55,2024-08-17,2024-09-07,21,Yes,2024-10-03,26
DC01621,PT01927,DR001,Dr. Priya Nair,Cardiology,Diabetes Type 2,72,2024-01-28,2024-02-13,16,No,,
DC01622,PT01529,DR006,Dr. Kavya Iyer,Pediatrics,Hypertension,30,2024-04-14,2024-04-25,11,No,,
DC01623,PT00634,DR010,Dr. Rohit Verma,Orthopedics,Heart Attack,25,2024-10-03,2024-10-24,21,No,,
DC01624,PT00618,DR009,Dr. Meera Pillai,Cardiology,Migraine,18,2024-09-09,2024-09-22,13,No,,
DC01625,PT00802,DR005,Dr. Sunita Kulkarni,General Medicine,Appendicitis,66,2024-01-14,2024-01-21,7,No,,
DC01626,PT01101,DR007,Dr. Deepak Sharma,Gynecology,Appendicitis,81,2024-04-01,2024-04-06,5,No,,
DC01627,PT00459,DR007,Dr. Deepak Sharma,Gynecology,Appendicitis,71,2024-06-21,2024-07-05,14,No,,
DC01628,PT01590,DR001,Dr. Priya Nair,Cardiology,Cataract Surgery,81,2024-09-07,2024-09-13,6,No,,
DC01629,PT00847,DR006,Dr. Kavya Iyer,Pediatrics,Heart Attack,27,2024-08-16,2024-08-30,14,No,,
DC01630,PT01642,DR008,Dr. Anil Joshi,Emergency,Asthma,50,2024-03-01,2024-03-15,14,Yes,2024-03-23,8
DC01631,PT01518,DR003,Dr. Aarti Deshmukh,Neurology,Hernia Repair,50,2024-04-10,2024-04-19,9,No,,
DC01632,PT00538,DR010,Dr. Rohit Verma,Orthopedics,Diabetes Type 2,52,2024-08-21,2024-09-04,14,No,,
DC01633,PT01076,DR002,Dr. Suresh Patil,Orthopedics,Hypertension,61,2024-10-23,2024-11-12,20,No,,
DC01634,PT00501,DR004,Dr. Rajan Mehta,Oncology,Anemia,80,2024-11-22,2024-11-23,1,No,,
DC01635,PT00807,DR007,Dr. Deepak Sharma,Gynecology,Fracture - Femur,42,2024-01-05,2024-01-16,11,No,,
DC01636,PT01600,DR006,Dr. Kavya Iyer,Pediatrics,Diabetes Type 2,43,2024-11-02,2024-11-20,18,No,,
DC01637,PT00375,DR005,Dr. Sunita Kulkarni,General Medicine,Dengue Fever,64,2024-10-07,2024-10-27,20,No,,
DC01638,PT00028,DR009,Dr. Meera Pillai,Cardiology,Hernia Repair,63,2024-10-28,2024-11-12,15,No,,
DC01639,PT01912,DR005,Dr. Sunita Kulkarni,General Medicine,Hypertension,30,2024-05-31,2024-06-09,9,No,,
DC01640,PT01383,DR002,Dr. Suresh Patil,Orthopedics,Stroke Recovery,43,2024-01-02,2024-01-15,13,No,,
DC01641,PT00181,DR001,Dr. Priya Nair,CARDIOLOGY,Lung Cancer - Stage 2,83,2024-09-20,2024-09-21,1,No,,
DC01642,PT00537,DR010,Dr. Rohit Verma,Orthopedics,Anemia,85,2024-09-05,2024-09-17,12,No,,
DC01643,PT00615,DR010,Dr. Rohit Verma,Orthopedics,Stroke Recovery,26,2024-09-13,2024-09-28,15,No,,
DC01644,PT01164,DR004,Dr. Rajan Mehta,Oncology,Chest Infection,52,2024-05-24,2024-06-02,9,No,,
DC01645,PT01265,DR001,Dr. Priya Nair,Cardiology,Chest Infection,25,2024-08-12,2024-08-19,7,No,,
DC01646,PT00154,DR005,Dr. Sunita Kulkarni,General Medicine,Heart Attack,84,2024-06-29,2024-07-14,15,No,,
DC01647,PT00468,DR007,Dr. Deepak Sharma,Gynecology,Stroke Recovery,32,2024-01-25,2024-02-06,12,No,,
DC01648,PT01265,DR010,Dr. Rohit Verma,Orthopedics,Appendicitis,76,2024-04-27,2024-04-30,3,No,,
DC01649,PT01710,DR006,Dr. Kavya Iyer,Pediatrics,Appendicitis,49,2024-10-09,2024-10-30,21,No,,
DC01650,PT01493,DR001,Dr. Priya Nair,Cardiology,Migraine,22,2024-02-28,2024-03-10,11,No,,
DC01651,PT00878,DR003,Dr. Aarti Deshmukh,Neurology,Dengue Fever,59,2024-03-31,2024-04-07,7,No,,
DC01652,PT00491,DR006,Dr. Kavya Iyer,Pediatrics,Fracture - Femur,20,2024-02-15,2024-02-21,6,No,,
DC01653,PT00142,DR004,Dr. Rajan Mehta,Oncology,Asthma,18,2024-09-30,2024-10-14,14,No,,
DC01654,PT01614,DR009,Dr. Meera Pillai,Cardiology,Fracture - Femur,50,2024-01-18,2024-01-23,5,No,,
DC01655,PT00478,DR002,Dr. Suresh Patil,Orthopedics,Asthma,68,2024-01-26,2024-02-11,16,No,,
DC01656,PT01967,DR010,Dr. Rohit Verma,Orthopedics,Appendicitis,73,2024-01-21,2024-02-08,18,No,,
DC01657,PT01657,DR010,Dr. Rohit Verma,Orthopedics,Migraine,64,2024-04-25,2024-05-04,9,No,,
DC01658,PT01379,DR002,Dr. Suresh Patil,Orthopedics,Hernia Repair,72,2024-07-04,2024-07-25,21,No,,
DC01659,PT00036,DR002,Dr. Suresh Patil,ORTHOPEDICS,Hernia Repair,45,2024-05-04,2024-05-10,6,Yes,2024-05-19,9
DC01660,PT00876,DR009,Dr. Meera Pillai,Cardiology,Lung Cancer - Stage 2,23,2024-08-13,2024-08-21,8,No,,
DC01661,PT00059,DR004,Dr. Rajan Mehta,Oncology,Heart Attack,23,2024-05-19,2024-05-24,5,No,,
DC01662,PT01528,DR001,Dr. Priya Nair,Cardiology,Lung Cancer - Stage 2,60,2024-03-10,2024-03-20,10,No,,
DC01663,PT01077,DR009,Dr. Meera Pillai,Cardiology,Heart Attack,38,2024-04-24,2024-05-13,19,Yes,2024-05-18,5
DC01664,PT01015,DR009,Dr. Meera Pillai,Cardiology,Chest Infection,47,2024-09-27,2024-10-12,15,Yes,2024-11-09,28
DC01665,PT01919,DR008,Dr. Anil Joshi,Emergency,Appendicitis,34,2024-07-23,2024-08-09,17,No,,
DC01666,PT00967,DR001,Dr. Priya Nair,Cardiology,Stroke Recovery,81,2024-09-15,2024-09-30,15,No,,
DC01667,PT01360,DR006,Dr. Kavya Iyer,Pediatrics,Hypertension,39,2024-09-25,2024-10-12,17,No,,
DC01668,PT01550,DR006,Dr. Kavya Iyer,Pediatrics,Migraine,38,2024-06-27,2024-07-06,9,No,,
DC01669,PT01288,DR005,Dr. Sunita Kulkarni,General Medicine,Knee Replacement,52,2024-02-19,2024-02-21,2,No,,
DC01670,PT01610,DR008,Dr. Anil Joshi,Emergency,Hernia Repair,51,2024-10-29,2024-11-19,21,No,,
DC01671,PT01068,DR007,Dr. Deepak Sharma,Gynecology,Hernia Repair,21,2024-01-26,2024-02-13,18,No,,
DC01672,PT01175,DR004,Dr. Rajan Mehta,Oncology,Asthma,64,2024-10-29,2024-11-16,18,No,,
DC01673,PT00019,DR001,Dr. Priya Nair,Cardiology,Hernia Repair,79,2024-05-09,2024-05-15,6,Yes,2024-06-03,19
DC01674,PT00688,DR005,Dr. Sunita Kulkarni,General Medicine,Heart Attack,56,2024-09-26,2024-10-17,21,No,,
DC01675,PT01322,DR001,Dr. Priya Nair,Cardiology,Cataract Surgery,70,2024-07-06,2024-07-13,7,Yes,2024-07-30,17
DC01676,PT01411,DR007,Dr. Deepak Sharma,Gynecology,Fracture - Femur,50,2024-09-14,2024-09-16,2,No,,
DC01677,PT01646,DR009,Dr. Meera Pillai,Cardiology,Hypertension,57,2024-06-25,2024-07-16,21,Yes,2024-08-13,28
DC01678,PT01935,DR005,Dr. Sunita Kulkarni,General Medicine,Dengue Fever,18,2024-02-25,2024-03-06,10,No,,
DC01679,PT01038,DR010,Dr. Rohit Verma,Orthopedics,Stroke Recovery,62,2024-02-20,2024-02-22,2,No,,
DC01680,PT01232,DR005,Dr. Sunita Kulkarni,General Medicine,Migraine,53,2024-07-13,2024-07-16,3,No,,
DC01681,PT00213,DR008,Dr. Anil Joshi,Emergency,Cataract Surgery,57,2024-10-09,2024-10-24,15,No,,
DC01682,PT00822,DR007,Dr. Deepak Sharma,Gynecology,Stroke Recovery,40,2024-03-07,2024-03-21,14,No,,
DC01683,PT01923,DR006,Dr. Kavya Iyer,Pediatrics,Cataract Surgery,71,2024-11-22,2024-12-08,16,No,,
DC01684,PT00801,DR008,Dr. Anil Joshi,Emergency,Cataract Surgery,21,2024-04-19,2024-05-03,14,Yes,2024-05-10,7
DC01685,PT00341,DR005,Dr. Sunita Kulkarni,General Medicine,Chest Infection,28,2024-10-14,2024-10-28,14,No,,
DC01686,PT01757,DR005,Dr. Sunita Kulkarni,General Medicine,Cataract Surgery,62,2024-05-15,2024-05-19,4,Yes,2024-06-10,22
DC01687,PT01520,DR007,Dr. Deepak Sharma,Gynecology,Knee Replacement,25,2024-09-29,2024-10-18,19,No,,
DC01688,PT01213,DR007,Dr. Deepak Sharma,Gynecology,Hypertension,46,2024-03-25,2024-04-01,7,No,,
DC01689,PT00503,DR003,Dr. Aarti Deshmukh,Neurology,Cataract Surgery,34,2024-09-08,2024-09-14,6,No,,
DC01690,PT01967,DR009,Dr. Meera Pillai,Cardiology,Heart Attack,72,2024-02-20,2024-02-24,4,Yes,2024-03-16,21
DC01691,PT01734,DR008,Dr. Anil Joshi,Emergency,Diabetes Type 2,27,2024-09-14,2024-09-26,12,Yes,2024-10-20,24
DC01692,PT00245,DR007,Dr. Deepak Sharma,Gynecology,Stroke Recovery,43,2024-02-29,2024-03-11,11,No,,
DC01693,PT01849,DR008,Dr. Anil Joshi,Emergency,Anemia,29,2024-07-20,2024-07-24,4,No,,
DC01694,PT01406,DR005,Dr. Sunita Kulkarni,General Medicine,Migraine,34,2024-05-17,2024-05-19,2,No,,
DC01695,PT01850,DR004,Dr. Rajan Mehta,Oncology,Chest Infection,77,2024-10-11,2024-10-29,18,No,,
DC01696,PT01744,DR009,Dr. Meera Pillai,Cardiology,Migraine,55,2024-06-10,2024-06-28,18,Yes,2024-07-01,3
DC01697,PT01892,DR010,Dr. Rohit Verma,Orthopedics,Knee Replacement,67,2024-09-14,2024-09-30,16,No,,
DC01698,PT01537,DR009,Dr. Meera Pillai,Cardiology,Appendicitis,84,2024-07-28,2024-08-15,18,Yes,2024-08-28,13
DC01699,PT00267,DR005,Dr. Sunita Kulkarni,General Medicine,Hernia Repair,43,2024-02-14,2024-02-21,7,No,,
DC01700,PT00621,DR001,Dr. Priya Nair,Cardiology,Anemia,56,2024-02-19,2024-03-10,20,No,,
DC01701,PT00299,DR001,Dr. Priya Nair,Cardiology,Anemia,77,2024-05-31,2024-06-05,5,Yes,2024-06-27,22
DC01702,PT00647,DR008,Dr. Anil Joshi,Emergency,Asthma,50,2024-09-16,2024-09-30,14,No,,
DC01703,PT01936,DR007,Dr. Deepak Sharma,Gynecology,Diabetes Type 2,58,2024-03-26,2024-03-27,1,No,,
DC01704,PT01178,DR001,Dr. Priya Nair,Cardiology,Appendicitis,72,2024-03-21,2024-03-31,10,No,,
DC01705,PT01361,DR003,Dr. Aarti Deshmukh,Neurology,Hernia Repair,69,2024-03-18,2024-03-30,12,No,,
DC01706,PT01717,DR010,Dr. Rohit Verma,Orthopedics,Knee Replacement,71,2024-01-20,2024-02-03,14,No,,
DC01707,PT01905,DR007,Dr. Deepak Sharma,Gynecology,Migraine,42,2024-09-10,2024-09-12,2,No,,
DC01708,PT01160,DR006,Dr. Kavya Iyer,Pediatrics,Heart Attack,63,2024-07-05,2024-07-21,16,No,,
DC01709,PT00702,DR008,Dr. Anil Joshi,Emergency,Anemia,76,2024-05-10,2024-05-17,7,Yes,2024-05-23,6
DC01710,PT01411,DR009,Dr. Meera Pillai,Cardiology,Chest Infection,31,2024-11-24,2024-12-07,13,No,,
DC01711,PT00166,DR009,Dr. Meera Pillai,Cardiology,Anemia,82,2024-09-06,2024-09-17,11,No,,
DC01712,PT01292,DR007,Dr. Deepak Sharma,Gynecology,Knee Replacement,44,2024-04-30,2024-05-20,20,No,,
DC01713,PT01178,DR006,Dr. Kavya Iyer,Pediatrics,Fracture - Femur,69,2024-02-10,2024-02-22,-1,No,,
DC01714,PT00101,DR001,Dr. Priya Nair,Cardiology,Lung Cancer - Stage 2,55,2024-09-06,2024-09-09,3,Yes,2024-10-02,23
DC01715,PT01212,DR001,Dr. Priya Nair,Cardiology,Migraine,74,2024-01-29,2024-02-05,7,No,,
DC01716,PT01794,DR002,Dr. Suresh Patil,Orthopedics,Cataract Surgery,44,2024-06-03,2024-06-17,14,No,,
DC01717,PT00601,DR003,Dr. Aarti Deshmukh,Neurology,Stroke Recovery,42,2024-08-29,2024-09-15,17,No,,
DC01718,PT01483,DR005,Dr. Sunita Kulkarni,GENERAL MEDICINE,Fracture - Femur,36,2024-01-03,2024-01-06,3,No,,
DC01719,PT01445,DR003,Dr. Aarti Deshmukh,Neurology,Dengue Fever,67,2024-03-06,2024-03-19,13,No,,
DC01720,PT00193,DR004,Dr. Rajan Mehta,Oncology,Lung Cancer - Stage 2,50,2024-03-13,2024-03-17,4,No,,
DC01721,PT01444,DR010,Dr. Rohit Verma,Orthopedics,Anemia,82,2024-07-20,2024-07-25,5,No,,
DC01722,PT01409,DR009,Dr. Meera Pillai,Cardiology,Anemia,64,2024-06-17,2024-06-24,7,No,,
DC01723,PT01380,DR007,Dr. Deepak Sharma,Gynecology,Stroke Recovery,75,2024-09-11,2024-09-21,10,No,,
DC01724,PT00609,DR006,Dr. Kavya Iyer,Pediatrics,Asthma,84,2024-11-13,2024-11-17,4,No,,
DC01725,PT01615,DR008,Dr. Anil Joshi,Emergency,Knee Replacement,84,2024-04-11,2024-04-16,5,Yes,2024-05-13,27
DC01726,PT00937,DR006,Dr. Kavya Iyer,Pediatrics,Lung Cancer - Stage 2,85,2024-02-17,2024-02-24,7,No,,
DC01727,PT00056,DR006,Dr. Kavya Iyer,Pediatrics,Heart Attack,59,2024-06-01,2024-06-17,16,No,,
DC01728,PT00863,DR010,Dr. Rohit Verma,Orthopedics,Hypertension,38,2024-09-01,2024-09-03,2,No,,
DC01729,PT01382,DR002,Dr. Suresh Patil,Orthopedics,Hypertension,78,2024-08-28,2024-09-01,4,No,,
DC01730,PT00730,DR004,Dr. Rajan Mehta,Oncology,Heart Attack,18,2024-07-14,2024-07-15,1,No,,
DC01731,PT00701,DR008,Dr. Anil Joshi,Emergency,Dengue Fever,81,2024-05-24,2024-05-29,5,No,,
DC01732,PT01849,DR007,Dr. Deepak Sharma,Gynecology,Hernia Repair,43,2024-10-21,2024-11-02,12,No,,
DC01733,PT01482,DR002,Dr. Suresh Patil,Orthopedics,Knee Replacement,58,2024-03-22,2024-04-04,13,No,,
DC01734,PT00853,DR010,Dr. Rohit Verma,Orthopedics,Knee Replacement,30,2024-01-24,2024-01-26,2,No,,
DC01735,PT00483,DR005,Dr. Sunita Kulkarni,General Medicine,Heart Attack,80,2024-01-27,2024-02-01,5,No,,
DC01736,PT01607,DR010,Dr. Rohit Verma,Orthopedics,Fracture - Femur,51,2024-01-12,2024-01-26,14,Yes,2024-02-04,9
DC01737,PT00803,DR008,Dr. Anil Joshi,Emergency,Anemia,46,2024-03-07,2024-03-21,14,No,,
DC01738,PT00013,DR006,Dr. Kavya Iyer,Pediatrics,Heart Attack,49,2024-10-19,2024-11-09,21,No,,
DC01739,PT00993,DR010,Dr. Rohit Verma,Orthopedics,Lung Cancer - Stage 2,22,2024-01-14,2024-01-25,11,No,,
DC01740,PT01199,DR005,Dr. Sunita Kulkarni,General Medicine,Dengue Fever,25,2024-01-07,2024-01-21,14,No,,
DC01741,PT00945,DR001,Dr. Priya Nair,Cardiology,Cataract Surgery,20,2024-07-16,2024-07-19,3,No,,
DC01742,PT00995,DR002,Dr. Suresh Patil,Orthopedics,Cataract Surgery,64,2024-11-13,2024-12-04,21,No,,
DC01743,PT01529,DR005,Dr. Sunita Kulkarni,General Medicine,Hypertension,85,2024-10-12,2024-11-01,20,No,,
DC01744,PT01605,DR002,Dr. Suresh Patil,Orthopedics,Chest Infection,26,2024-05-28,2024-06-08,11,No,,
DC01745,PT01083,DR003,Dr. Aarti Deshmukh,Neurology,Anemia,67,2024-09-30,2024-10-08,8,No,,
DC01746,PT00933,DR005,Dr. Sunita Kulkarni,General Medicine,Hernia Repair,71,2024-02-23,2024-03-12,18,No,,
DC01747,PT01898,DR008,Dr. Anil Joshi,Emergency,Heart Attack,30,2024-06-29,2024-07-15,16,No,,
DC01748,PT01299,DR004,Dr. Rajan Mehta,Oncology,Hypertension,62,2024-08-12,2024-08-23,11,No,,
DC01749,PT00778,DR006,Dr. Kavya Iyer,Pediatrics,Hernia Repair,,2024-10-10,2024-10-19,9,No,,
DC01750,PT01270,DR004,Dr. Rajan Mehta,Oncology,Cataract Surgery,20,2024-03-23,2024-03-29,6,No,,
DC01751,PT01000,DR003,Dr. Aarti Deshmukh,Neurology,Dengue Fever,71,2024-09-13,2024-09-21,8,No,,
DC01752,PT01763,DR001,Dr. Priya Nair,Cardiology,Knee Replacement,,2024-09-14,2024-09-20,6,Yes,2024-10-17,27
DC01753,PT01552,DR010,Dr. Rohit Verma,Orthopedics,Hernia Repair,24,2024-03-19,2024-04-06,18,No,,
DC01754,PT01523,DR007,Dr. Deepak Sharma,Gynecology,Chest Infection,28,2024-11-24,2024-12-11,17,No,,
DC01755,PT01323,DR003,Dr. Aarti Deshmukh,Neurology,Chest Infection,43,2024-08-27,2024-09-13,17,No,,
DC01756,PT00036,DR006,Dr. Kavya Iyer,Pediatrics,Heart Attack,59,2024-04-22,2024-04-27,5,No,,
DC01757,PT01309,DR002,Dr. Suresh Patil,Orthopedics,Cataract Surgery,20,2024-04-04,2024-04-12,8,No,,
DC01758,PT01347,DR001,Dr. Priya Nair,Cardiology,Cataract Surgery,36,2024-02-09,2024-03-01,21,Yes,2024-03-08,7
DC01759,PT01398,DR007,Dr. Deepak Sharma,Gynecology,Chest Infection,25,2024-03-06,2024-03-10,4,No,,
DC01760,PT01860,DR001,Dr. Priya Nair,Cardiology,Heart Attack,22,2024-06-27,2024-06-29,2,No,,
DC01761,PT00946,DR002,Dr. Suresh Patil,Orthopedics,Chest Infection,83,2024-09-15,2024-09-16,1,No,,
DC01762,PT01715,DR006,Dr. Kavya Iyer,Pediatrics,Hypertension,39,2024-06-04,2024-06-08,4,No,,
DC01763,PT00233,DR003,Dr. Aarti Deshmukh,Neurology,Cataract Surgery,60,2024-09-14,2024-09-29,15,Yes,2024-10-18,19
DC01764,PT01160,DR001,Dr. Priya Nair,Cardiology,Dengue Fever,19,2024-09-05,2024-09-13,8,No,,
DC01765,PT01010,DR002,Dr. Suresh Patil,Orthopedics,Dengue Fever,53,2024-02-17,2024-02-19,2,No,,
DC01766,PT01028,DR002,Dr. Suresh Patil,Orthopedics,Migraine,70,2024-09-10,2024-09-21,11,Yes,2024-10-12,21
DC01767,PT01105,DR004,Dr. Rajan Mehta,Oncology,Chest Infection,38,2024-11-01,2024-11-04,3,No,,
DC01768,PT00617,DR008,Dr. Anil Joshi,Emergency,Dengue Fever,63,2024-11-12,2024-11-14,2,Yes,2024-11-24,10
DC01769,PT00631,DR008,Dr. Anil Joshi,Emergency,Chest Infection,26,2024-01-07,2024-01-26,19,No,,
DC01770,PT01882,DR007,Dr. Deepak Sharma,Gynecology,Cataract Surgery,65,2024-05-18,2024-05-20,2,No,,
DC01771,PT00761,DR006,Dr. Kavya Iyer,Pediatrics,Fracture - Femur,78,2024-08-31,2024-09-03,3,No,,
DC01772,PT01838,DR007,Dr. Deepak Sharma,Gynecology,Cataract Surgery,27,2024-03-08,2024-03-23,15,No,,
DC01773,PT00584,DR003,Dr. Aarti Deshmukh,Neurology,Migraine,20,2024-01-17,2024-01-25,8,No,,
DC01774,PT00800,DR009,Dr. Meera Pillai,Cardiology,Knee Replacement,59,2024-09-13,2024-09-16,-1,No,,
DC01775,PT00957,DR009,Dr. Meera Pillai,Cardiology,Appendicitis,18,2024-02-29,2024-03-14,14,Yes,2024-04-02,19
DC01776,PT00645,DR001,Dr. Priya Nair,Cardiology,Heart Attack,85,2024-08-12,2024-08-22,10,Yes,2024-09-03,12
DC01777,PT00575,DR007,Dr. Deepak Sharma,Gynecology,Heart Attack,69,2024-11-04,2024-11-10,6,No,,
DC01778,PT00197,DR010,Dr. Rohit Verma,Orthopedics,Heart Attack,47,2024-09-24,2024-09-28,4,No,,
DC01779,PT01789,DR010,Dr. Rohit Verma,Orthopedics,Asthma,58,2024-06-04,2024-06-07,3,No,,
DC01780,PT01265,DR003,Dr. Aarti Deshmukh,Neurology,Fracture - Femur,76,2024-08-24,2024-09-09,16,Yes,2024-09-23,14
DC01781,PT00843,DR002,Dr. Suresh Patil,Orthopedics,Cataract Surgery,25,2024-07-19,2024-07-20,1,No,,
DC01782,PT01868,DR008,Dr. Anil Joshi,Emergency,Anemia,78,2024-08-15,2024-08-18,3,No,,
DC01783,PT01736,DR010,Dr. Rohit Verma,Orthopedics,Knee Replacement,25,2024-10-19,2024-10-27,8,No,,
DC01784,PT01678,DR006,Dr. Kavya Iyer,PEDIATRICS,Anemia,24,2024-06-01,2024-06-03,2,No,,
DC01785,PT00679,DR001,Dr. Priya Nair,CARDIOLOGY,Dengue Fever,67,2024-05-19,2024-06-02,14,No,,
DC01786,PT00853,DR009,Dr. Meera Pillai,Cardiology,Dengue Fever,64,2024-01-14,2024-01-20,6,No,,
DC01787,PT01538,DR010,Dr. Rohit Verma,ORTHOPEDICS,Fracture - Femur,51,2024-04-11,2024-04-26,15,Yes,2024-05-20,24
DC01788,PT00356,DR005,Dr. Sunita Kulkarni,General Medicine,Hernia Repair,31,2024-03-02,2024-03-16,14,No,,
DC01789,PT01297,DR008,Dr. Anil Joshi,Emergency,Migraine,19,2024-04-27,2024-04-29,2,Yes,2024-05-09,10
DC01790,PT01383,DR010,Dr. Rohit Verma,Orthopedics,Knee Replacement,,2024-06-17,2024-06-21,4,No,,
DC01791,PT01518,DR006,Dr. Kavya Iyer,Pediatrics,Hypertension,28,2024-03-28,2024-04-04,7,No,,
DC01792,PT00602,DR005,Dr. Sunita Kulkarni,General Medicine,Hernia Repair,62,2024-09-07,2024-09-11,4,No,,
DC01793,PT00663,DR001,Dr. Priya Nair,Cardiology,Hypertension,83,2024-09-04,2024-09-13,9,Yes,2024-10-02,19
DC01794,PT00168,DR003,Dr. Aarti Deshmukh,Neurology,Hypertension,58,2024-03-14,2024-03-18,4,No,,
DC01795,PT01351,DR007,Dr. Deepak Sharma,Gynecology,Asthma,64,2024-08-29,2024-09-17,19,No,,
DC01796,PT01550,DR009,Dr. Meera Pillai,Cardiology,Appendicitis,36,2024-11-03,2024-11-18,15,No,,
DC01797,PT00502,DR007,Dr. Deepak Sharma,Gynecology,Chest Infection,51,2024-09-20,2024-10-05,15,No,,
DC01798,PT01296,DR006,Dr. Kavya Iyer,Pediatrics,Diabetes Type 2,28,2024-02-26,2024-02-27,1,No,,
DC01799,PT01733,DR008,Dr. Anil Joshi,Emergency,Diabetes Type 2,43,2024-11-12,2024-11-14,2,No,,
DC01800,PT00839,DR006,Dr. Kavya Iyer,Pediatrics,Anemia,85,2024-09-16,2024-09-19,3,No,,
DC01801,PT01709,DR007,Dr. Deepak Sharma,Gynecology,Hypertension,75,2024-08-03,2024-08-06,3,No,,
DC01802,PT00924,DR006,Dr. Kavya Iyer,Pediatrics,Anemia,43,2024-05-15,2024-06-03,19,No,,
DC01803,PT01713,DR007,Dr. Deepak Sharma,Gynecology,Lung Cancer - Stage 2,43,2024-01-30,2024-02-17,18,No,,
DC01804,PT00375,DR009,Dr. Meera Pillai,Cardiology,Anemia,28,2024-06-20,2024-07-01,11,Yes,2024-07-18,17
DC01805,PT00774,DR004,Dr. Rajan Mehta,Oncology,Chest Infection,18,2024-09-07,2024-09-26,19,No,,
DC01806,PT01558,DR009,Dr. Meera Pillai,Cardiology,Stroke Recovery,19,2024-03-23,2024-03-25,2,No,,
DC01807,PT00674,DR005,Dr. Sunita Kulkarni,General Medicine,Stroke Recovery,31,2024-08-15,2024-08-16,1,No,,
DC01808,PT01076,DR010,Dr. Rohit Verma,Orthopedics,Fracture - Femur,35,2024-11-27,2024-12-02,5,No,,
DC01809,PT01597,DR004,Dr. Rajan Mehta,Oncology,Lung Cancer - Stage 2,78,2024-09-30,2024-10-16,16,No,,
DC01810,PT01462,DR010,Dr. Rohit Verma,Orthopedics,Anemia,51,2024-08-07,2024-08-12,5,No,,
DC01811,PT01009,DR002,Dr. Suresh Patil,Orthopedics,Anemia,60,2024-03-12,2024-03-25,-1,No,,
DC01812,PT01086,DR005,Dr. Sunita Kulkarni,General Medicine,Appendicitis,63,2024-08-04,2024-08-18,14,No,,
DC01813,PT01304,DR010,Dr. Rohit Verma,Orthopedics,Diabetes Type 2,45,2024-11-26,2024-11-28,2,No,,
DC01814,PT00614,DR006,Dr. Kavya Iyer,Pediatrics,Appendicitis,38,2024-09-10,2024-09-13,3,No,,
DC01815,PT01742,DR008,Dr. Anil Joshi,Emergency,Appendicitis,27,2024-11-23,2024-12-03,10,Yes,2024-12-21,18
DC01816,PT00279,DR002,Dr. Suresh Patil,Orthopedics,Asthma,28,2024-05-06,2024-05-09,3,No,,
DC01817,PT01211,DR001,Dr. Priya Nair,Cardiology,Knee Replacement,75,2024-09-13,2024-09-19,6,No,,
DC01818,PT01659,DR002,Dr. Suresh Patil,Orthopedics,Migraine,45,2024-11-25,2024-11-28,3,No,,
DC01819,PT00834,DR007,Dr. Deepak Sharma,Gynecology,Anemia,54,2024-10-29,2024-11-08,10,No,,
DC01820,PT00572,DR005,Dr. Sunita Kulkarni,General Medicine,Fracture - Femur,55,2024-04-06,2024-04-12,6,No,,
DC01821,PT01951,DR006,Dr. Kavya Iyer,Pediatrics,Lung Cancer - Stage 2,50,2024-10-16,2024-10-30,14,No,,
DC01822,PT00142,DR003,Dr. Aarti Deshmukh,Neurology,Cataract Surgery,79,2024-10-05,2024-10-08,3,No,,
DC01823,PT01993,DR005,Dr. Sunita Kulkarni,General Medicine,Lung Cancer - Stage 2,42,2024-06-07,2024-06-13,6,No,,
DC01824,PT00083,DR001,Dr. Priya Nair,Cardiology,Lung Cancer - Stage 2,65,2024-03-26,2024-04-14,19,No,,
DC01825,PT00962,DR002,Dr. Suresh Patil,Orthopedics,Knee Replacement,74,2024-01-26,2024-01-28,2,No,,
DC01826,PT00090,DR007,Dr. Deepak Sharma,Gynecology,Migraine,52,2024-10-14,2024-10-20,6,No,,
DC01827,PT00803,DR008,Dr. Anil Joshi,Emergency,Chest Infection,46,2024-04-11,2024-04-16,5,No,,
DC01828,PT01175,DR001,Dr. Priya Nair,Cardiology,Chest Infection,56,2024-09-14,2024-10-01,17,No,,
DC01829,PT01051,DR003,Dr. Aarti Deshmukh,Neurology,Lung Cancer - Stage 2,32,2024-08-01,2024-08-11,10,Yes,2024-08-30,19
DC01830,PT00822,DR008,Dr. Anil Joshi,Emergency,Hypertension,31,2024-01-10,2024-01-24,14,No,,
DC01831,PT00489,DR009,Dr. Meera Pillai,CARDIOLOGY,Diabetes Type 2,49,2024-01-16,2024-01-29,13,No,,
DC01832,PT01152,DR006,Dr. Kavya Iyer,Pediatrics,Hypertension,35,2024-10-14,2024-10-19,5,No,,
DC01833,PT00799,DR005,Dr. Sunita Kulkarni,General Medicine,Dengue Fever,20,2024-09-16,2024-09-27,11,No,,
DC01834,PT00126,DR001,Dr. Priya Nair,Cardiology,Diabetes Type 2,64,2024-08-20,2024-09-01,12,Yes,2024-09-22,21
DC01835,PT00591,DR002,Dr. Suresh Patil,Orthopedics,Knee Replacement,21,2024-08-29,2024-09-14,16,No,,
DC01836,PT01799,DR009,Dr. Meera Pillai,Cardiology,Fracture - Femur,48,2024-11-01,2024-11-06,5,No,,
DC01837,PT00494,DR009,Dr. Meera Pillai,Cardiology,Asthma,80,2024-03-04,2024-03-07,3,Yes,2024-03-30,23
DC01838,PT00458,DR003,Dr. Aarti Deshmukh,Neurology,Appendicitis,50,2024-03-25,2024-04-12,18,No,,
DC01839,PT01961,DR004,Dr. Rajan Mehta,Oncology,Chest Infection,35,2024-07-12,2024-07-28,16,No,,
DC01840,PT00353,DR003,Dr. Aarti Deshmukh,Neurology,Knee Replacement,79,2024-08-04,2024-08-14,10,No,,
DC01841,PT01530,DR004,Dr. Rajan Mehta,Oncology,Knee Replacement,23,2024-11-19,2024-12-02,13,No,,
DC01842,PT00308,DR008,Dr. Anil Joshi,Emergency,Chest Infection,81,2024-07-11,2024-07-15,4,No,,
DC01843,PT00626,DR005,Dr. Sunita Kulkarni,General Medicine,Asthma,46,2024-02-06,2024-02-21,15,Yes,2024-03-21,29
DC01844,PT01497,DR009,Dr. Meera Pillai,Cardiology,Migraine,36,2024-02-12,2024-03-02,19,No,,
DC01845,PT01664,DR003,Dr. Aarti Deshmukh,Neurology,Dengue Fever,63,2024-08-11,2024-08-19,8,No,,
DC01846,PT01041,DR004,Dr. Rajan Mehta,Oncology,Knee Replacement,46,2024-01-16,2024-02-05,20,No,,
DC01847,PT00055,DR010,Dr. Rohit Verma,Orthopedics,Knee Replacement,70,2024-11-08,2024-11-16,8,No,,
DC01848,PT00716,DR006,Dr. Kavya Iyer,Pediatrics,Lung Cancer - Stage 2,54,2024-10-31,2024-11-10,10,No,,
DC01849,PT01323,DR008,Dr. Anil Joshi,Emergency,Cataract Surgery,36,2024-04-23,2024-05-09,16,No,,
DC01850,PT01641,DR005,Dr. Sunita Kulkarni,General Medicine,Anemia,80,2024-04-19,2024-04-26,7,No,,
DC01851,PT01740,DR004,Dr. Rajan Mehta,Oncology,Fracture - Femur,29,2024-10-04,2024-10-15,11,No,,
DC01852,PT01772,DR007,Dr. Deepak Sharma,Gynecology,Chest Infection,36,2024-04-20,2024-04-24,4,No,,
DC01853,PT01521,DR010,Dr. Rohit Verma,Orthopedics,Appendicitis,74,2024-08-15,2024-08-27,12,Yes,2024-09-14,18
DC01854,PT01275,DR002,Dr. Suresh Patil,Orthopedics,Asthma,47,2024-10-03,2024-10-11,8,No,,
DC01855,PT01295,DR006,Dr. Kavya Iyer,Pediatrics,Chest Infection,44,2024-01-09,2024-01-13,4,No,,
DC01856,PT01448,DR004,Dr. Rajan Mehta,Oncology,Heart Attack,27,2024-05-13,2024-05-16,3,No,,
DC01857,PT01915,DR003,Dr. Aarti Deshmukh,Neurology,Knee Replacement,76,2024-01-17,2024-01-20,3,No,,
DC01858,PT01292,DR007,Dr. Deepak Sharma,Gynecology,Migraine,68,2024-01-21,2024-02-03,13,No,,
DC01859,PT00848,DR007,Dr. Deepak Sharma,Gynecology,Stroke Recovery,20,2024-01-01,2024-01-17,16,No,,
DC01860,PT01106,DR007,Dr. Deepak Sharma,Gynecology,Migraine,83,2024-04-26,2024-05-16,20,No,,
DC01861,PT01180,DR003,Dr. Aarti Deshmukh,Neurology,Dengue Fever,28,2024-10-18,2024-10-29,11,Yes,2024-11-01,3
DC01862,PT01331,DR004,Dr. Rajan Mehta,Oncology,Anemia,19,2024-04-07,2024-04-18,11,No,,
DC01863,PT00264,DR010,Dr. Rohit Verma,Orthopedics,Heart Attack,55,2024-07-17,2024-08-06,20,No,,
DC01864,PT00258,DR001,Dr. Priya Nair,Cardiology,Heart Attack,19,2024-02-11,2024-02-19,8,No,,
DC01865,PT00486,DR010,Dr. Rohit Verma,Orthopedics,Heart Attack,27,2024-07-19,2024-08-08,20,No,,
DC01866,PT01398,DR002,Dr. Suresh Patil,Orthopedics,Diabetes Type 2,67,2024-06-22,2024-06-25,3,No,,
DC01867,PT00846,DR006,Dr. Kavya Iyer,Pediatrics,Dengue Fever,71,2024-03-16,2024-03-23,7,No,,
DC01868,PT00886,DR010,Dr. Rohit Verma,ORTHOPEDICS,Hypertension,19,2024-01-27,2024-02-13,17,Yes,2024-03-01,17
DC01869,PT01522,DR001,Dr. Priya Nair,Cardiology,Hernia Repair,57,2024-09-27,2024-10-14,17,No,,
DC01870,PT01422,DR005,Dr. Sunita Kulkarni,General Medicine,Dengue Fever,33,2024-08-23,2024-08-31,8,No,,
DC01871,PT01061,DR009,Dr. Meera Pillai,Cardiology,Asthma,,2024-11-03,2024-11-11,8,No,,
DC01872,PT01508,DR005,Dr. Sunita Kulkarni,General Medicine,Knee Replacement,48,2024-09-14,2024-09-19,5,No,,
DC01873,PT01360,DR010,Dr. Rohit Verma,Orthopedics,Cataract Surgery,44,2024-09-08,2024-09-13,5,No,,
DC01874,PT01311,DR002,Dr. Suresh Patil,Orthopedics,Hypertension,30,2024-02-19,2024-03-02,12,Yes,2024-03-18,16
DC01875,PT01655,DR009,Dr. Meera Pillai,Cardiology,Lung Cancer - Stage 2,21,2024-10-15,2024-10-31,16,No,,
DC01876,PT00897,DR008,Dr. Anil Joshi,Emergency,Hernia Repair,48,2024-07-26,2024-08-09,14,Yes,2024-08-13,4
DC01877,PT00158,DR010,Dr. Rohit Verma,Orthopedics,Heart Attack,35,2024-11-19,2024-11-28,9,No,,
DC01878,PT00337,DR008,Dr. Anil Joshi,Emergency,Diabetes Type 2,40,2024-05-12,2024-05-28,16,No,,
DC01879,PT00313,DR004,Dr. Rajan Mehta,Oncology,Stroke Recovery,65,2024-03-06,2024-03-21,15,Yes,2024-04-14,24
DC01880,PT00532,DR009,Dr. Meera Pillai,Cardiology,Stroke Recovery,54,2024-02-12,2024-02-28,16,No,,
DC01881,PT01636,DR002,Dr. Suresh Patil,Orthopedics,Appendicitis,83,2024-02-11,2024-02-25,14,No,,
DC01882,PT01508,DR001,Dr. Priya Nair,Cardiology,Cataract Surgery,77,2024-09-05,2024-09-12,7,Yes,2024-10-11,29
DC01883,PT00536,DR009,Dr. Meera Pillai,Cardiology,Stroke Recovery,33,2024-07-25,2024-08-01,7,No,,
DC01884,PT01259,DR009,Dr. Meera Pillai,Cardiology,Anemia,36,2024-02-22,2024-02-23,1,No,,
DC01885,PT01378,DR004,Dr. Rajan Mehta,Oncology,Cataract Surgery,85,2024-04-28,2024-05-09,11,No,,
DC01886,PT00269,DR004,Dr. Rajan Mehta,Oncology,Hernia Repair,36,2024-05-29,2024-06-03,5,No,,
DC01887,PT01952,DR003,Dr. Aarti Deshmukh,Neurology,Stroke Recovery,66,2024-01-03,2024-01-15,12,No,,
DC01888,PT00026,DR007,Dr. Deepak Sharma,Gynecology,Diabetes Type 2,37,2024-11-19,2024-12-10,21,No,,
DC01889,PT00256,DR001,Dr. Priya Nair,Cardiology,Anemia,83,2024-06-08,2024-06-16,8,No,,
DC01890,PT00510,DR002,Dr. Suresh Patil,Orthopedics,Appendicitis,,2024-11-05,2024-11-19,14,No,,
DC01891,PT01692,DR007,Dr. Deepak Sharma,Gynecology,Asthma,55,2024-10-11,2024-10-27,16,No,,
DC01892,PT01694,DR007,Dr. Deepak Sharma,Gynecology,Asthma,36,2024-08-06,2024-08-10,4,No,,
DC01893,PT01316,DR009,Dr. Meera Pillai,Cardiology,Chest Infection,66,2024-10-26,2024-11-10,15,No,,
DC01894,PT00753,DR010,Dr. Rohit Verma,Orthopedics,Asthma,41,2024-11-22,2024-11-24,2,No,,
DC01895,PT00610,DR007,Dr. Deepak Sharma,Gynecology,Dengue Fever,41,2024-05-22,2024-06-09,18,No,,
DC01896,PT00604,DR005,Dr. Sunita Kulkarni,General Medicine,Migraine,39,2024-08-19,2024-09-06,18,Yes,2024-09-12,6
DC01897,PT00742,DR003,Dr. Aarti Deshmukh,Neurology,Heart Attack,48,2024-09-24,2024-09-27,3,No,,
DC01898,PT01943,DR005,Dr. Sunita Kulkarni,General Medicine,Appendicitis,58,2024-07-06,2024-07-14,8,No,,
DC01899,PT01659,DR008,Dr. Anil Joshi,Emergency,Knee Replacement,76,2024-07-12,2024-07-28,16,No,,
DC01900,PT00298,DR001,Dr. Priya Nair,Cardiology,Stroke Recovery,42,2024-01-20,2024-01-29,9,Yes,2024-02-26,28
DC01901,PT00058,DR002,Dr. Suresh Patil,Orthopedics,Knee Replacement,42,2024-02-15,2024-02-27,12,No,,
DC01902,PT01254,DR006,Dr. Kavya Iyer,Pediatrics,Chest Infection,72,2024-06-22,2024-06-23,1,No,,
DC01903,PT00410,DR002,Dr. Suresh Patil,Orthopedics,Dengue Fever,54,2024-09-30,2024-10-12,12,No,,
DC01904,PT01496,DR007,Dr. Deepak Sharma,Gynecology,Lung Cancer - Stage 2,22,2024-08-09,2024-08-14,5,No,,
DC01905,PT00818,DR006,Dr. Kavya Iyer,Pediatrics,Diabetes Type 2,58,2024-03-08,2024-03-21,13,No,,
DC01906,PT00077,DR005,Dr. Sunita Kulkarni,General Medicine,Knee Replacement,56,2024-11-28,2024-12-01,3,No,,
DC01907,PT01642,DR009,Dr. Meera Pillai,Cardiology,Fracture - Femur,18,2024-01-31,2024-02-01,1,No,,
DC01908,PT01305,DR010,Dr. Rohit Verma,Orthopedics,Stroke Recovery,78,2024-06-23,2024-07-14,21,No,,
DC01909,PT00382,DR004,Dr. Rajan Mehta,Oncology,Cataract Surgery,42,2024-06-14,2024-06-24,10,No,,
DC01910,PT00317,DR001,Dr. Priya Nair,Cardiology,Stroke Recovery,25,2024-09-09,2024-09-23,14,Yes,2024-10-21,28
DC01911,PT00963,DR004,Dr. Rajan Mehta,Oncology,Cataract Surgery,23,2024-07-21,2024-08-04,14,No,,
DC01912,PT00034,DR008,Dr. Anil Joshi,Emergency,Heart Attack,52,2024-11-06,2024-11-07,1,No,,
DC01913,PT01212,DR004,Dr. Rajan Mehta,Oncology,Heart Attack,53,2024-02-03,2024-02-22,19,No,,
DC01914,PT01245,DR002,Dr. Suresh Patil,Orthopedics,Asthma,28,2024-11-29,2024-12-12,13,No,,
DC01915,PT01432,DR009,Dr. Meera Pillai,Cardiology,Cataract Surgery,40,2024-03-18,2024-04-01,14,Yes,2024-04-14,13
DC01916,PT01805,DR002,Dr. Suresh Patil,Orthopedics,Dengue Fever,23,2024-05-13,2024-05-25,12,No,,
DC01917,PT00476,DR007,Dr. Deepak Sharma,Gynecology,Stroke Recovery,29,2024-05-16,2024-05-17,1,No,,
DC01918,PT01159,DR004,Dr. Rajan Mehta,Oncology,Diabetes Type 2,49,2024-05-05,2024-05-12,7,No,,
DC01919,PT00064,DR005,Dr. Sunita Kulkarni,General Medicine,Asthma,40,2024-04-22,2024-04-29,7,No,,
DC01920,PT01605,DR009,Dr. Meera Pillai,Cardiology,Diabetes Type 2,52,2024-07-26,2024-08-05,10,No,,
DC01921,PT01033,DR007,Dr. Deepak Sharma,Gynecology,Anemia,31,2024-02-28,2024-03-10,11,No,,
DC01922,PT00997,DR010,Dr. Rohit Verma,Orthopedics,Lung Cancer - Stage 2,74,2024-10-19,2024-10-23,4,No,,
DC01923,PT00034,DR009,Dr. Meera Pillai,Cardiology,Diabetes Type 2,74,2024-03-12,2024-03-24,12,No,,
DC01924,PT01479,DR003,Dr. Aarti Deshmukh,Neurology,Knee Replacement,74,2024-05-15,2024-06-02,18,Yes,2024-06-20,18
DC01925,PT00804,DR006,Dr. Kavya Iyer,Pediatrics,Hypertension,41,2024-01-10,2024-01-11,1,No,,
DC01926,PT01881,DR007,Dr. Deepak Sharma,Gynecology,Lung Cancer - Stage 2,18,2024-11-26,2024-12-11,15,No,,
DC01927,PT00827,DR006,Dr. Kavya Iyer,Pediatrics,Appendicitis,57,2024-02-05,2024-02-10,5,No,,
DC01928,PT00132,DR003,Dr. Aarti Deshmukh,Neurology,Hernia Repair,72,2024-07-09,2024-07-12,3,No,,
DC01929,PT00359,DR007,Dr. Deepak Sharma,Gynecology,Cataract Surgery,40,2024-02-25,2024-03-05,9,No,,
DC01930,PT01023,DR005,Dr. Sunita Kulkarni,General Medicine,Appendicitis,84,2024-10-27,2024-11-12,16,No,,
DC01931,PT01244,DR005,Dr. Sunita Kulkarni,General Medicine,Cataract Surgery,53,2024-10-03,2024-10-04,1,No,,
DC01932,PT01969,DR001,Dr. Priya Nair,Cardiology,Hernia Repair,35,2024-01-22,2024-02-12,21,No,,
DC01933,PT00915,DR002,Dr. Suresh Patil,Orthopedics,Lung Cancer - Stage 2,35,2024-03-04,2024-03-08,4,No,,
DC01934,PT01070,DR009,Dr. Meera Pillai,Cardiology,Cataract Surgery,26,2024-09-14,2024-09-24,10,No,,
DC01935,PT01898,DR003,Dr. Aarti Deshmukh,Neurology,Appendicitis,29,2024-11-18,2024-11-25,7,No,,
DC01936,PT00057,DR008,Dr. Anil Joshi,Emergency,Anemia,38,2024-02-05,2024-02-22,17,No,,
DC01937,PT01208,DR004,Dr. Rajan Mehta,Oncology,Anemia,35,2024-06-24,2024-06-30,6,No,,
DC01938,PT01915,DR003,Dr. Aarti Deshmukh,Neurology,Hernia Repair,28,2024-04-25,2024-04-28,3,No,,
DC01939,PT01417,DR008,Dr. Anil Joshi,Emergency,Asthma,83,2024-01-05,2024-01-14,9,No,,
DC01940,PT01911,DR003,Dr. Aarti Deshmukh,Neurology,Hypertension,58,2024-07-12,2024-07-14,2,No,,
DC01941,PT01552,DR003,Dr. Aarti Deshmukh,Neurology,Cataract Surgery,62,2024-09-20,2024-09-29,9,No,,
DC01942,PT01554,DR010,Dr. Rohit Verma,Orthopedics,Stroke Recovery,84,2024-10-01,2024-10-16,15,No,,
DC01943,PT01172,DR002,Dr. Suresh Patil,Orthopedics,Lung Cancer - Stage 2,71,2024-09-27,2024-10-12,15,No,,
DC01944,PT01198,DR003,Dr. Aarti Deshmukh,Neurology,Hypertension,80,2024-02-21,2024-03-10,18,Yes,2024-04-06,27
DC01945,PT01115,DR004,Dr. Rajan Mehta,Oncology,Knee Replacement,52,2024-10-19,2024-10-24,5,Yes,2024-10-30,6
DC01946,PT00180,DR007,Dr. Deepak Sharma,Gynecology,Anemia,48,2024-01-18,2024-02-02,15,No,,
DC01947,PT01809,DR006,Dr. Kavya Iyer,Pediatrics,Asthma,22,2024-11-26,2024-12-17,21,No,,
DC01948,PT01272,DR001,Dr. Priya Nair,Cardiology,Appendicitis,25,2024-08-02,2024-08-14,12,No,,
DC01949,PT01998,DR001,Dr. Priya Nair,Cardiology,Hypertension,81,2024-03-17,2024-03-31,14,Yes,2024-04-05,5
DC01950,PT00480,DR010,Dr. Rohit Verma,Orthopedics,Hernia Repair,51,2024-10-16,2024-10-27,11,No,,
DC01951,PT00877,DR002,Dr. Suresh Patil,Orthopedics,Hernia Repair,70,2024-02-07,2024-02-25,18,No,,
DC01952,PT00353,DR002,Dr. Suresh Patil,Orthopedics,Anemia,41,2024-07-08,2024-07-27,19,No,,
DC01953,PT01385,DR005,Dr. Sunita Kulkarni,General Medicine,Dengue Fever,52,2024-03-15,2024-03-21,6,No,,
DC01954,PT00209,DR007,Dr. Deepak Sharma,Gynecology,Hernia Repair,32,2024-07-29,2024-08-02,4,No,,
DC01955,PT00042,DR010,Dr. Rohit Verma,Orthopedics,Knee Replacement,47,2024-01-31,2024-02-16,16,No,,
DC01956,PT01369,DR008,Dr. Anil Joshi,Emergency,Cataract Surgery,61,2024-02-29,2024-03-20,20,No,,
DC01957,PT00544,DR002,Dr. Suresh Patil,Orthopedics,Asthma,71,2024-04-27,2024-05-15,18,No,,
DC01958,PT01390,DR004,Dr. Rajan Mehta,Oncology,Asthma,80,2024-09-01,2024-09-06,5,No,,
DC01959,PT01931,DR004,Dr. Rajan Mehta,Oncology,Chest Infection,33,2024-11-09,2024-11-17,8,No,,
DC01960,PT00096,DR001,Dr. Priya Nair,Cardiology,Dengue Fever,31,2024-11-02,2024-11-22,20,Yes,2024-12-13,21
DC01961,PT01071,DR007,Dr. Deepak Sharma,Gynecology,Diabetes Type 2,30,2024-04-21,2024-04-24,3,Yes,2024-05-07,13
DC01962,PT01409,DR002,Dr. Suresh Patil,Orthopedics,Hypertension,39,2024-10-29,2024-11-01,3,Yes,2024-11-25,24
DC01963,PT00471,DR009,Dr. Meera Pillai,Cardiology,Fracture - Femur,66,2024-11-07,2024-11-19,12,Yes,2024-12-13,24
DC01964,PT01765,DR007,Dr. Deepak Sharma,Gynecology,Anemia,71,2024-02-28,2024-03-19,20,No,,
DC01965,PT00097,DR001,Dr. Priya Nair,Cardiology,Stroke Recovery,68,2024-08-15,2024-08-23,8,Yes,2024-09-19,27
DC01966,PT01910,DR001,Dr. Priya Nair,Cardiology,Anemia,26,2024-02-05,2024-02-16,11,No,,
DC01967,PT01616,DR008,Dr. Anil Joshi,Emergency,Fracture - Femur,45,2024-10-03,2024-10-11,8,No,,
DC01968,PT01716,DR005,Dr. Sunita Kulkarni,General Medicine,Appendicitis,64,2024-05-15,2024-05-27,12,No,,
DC01969,PT01913,DR003,Dr. Aarti Deshmukh,Neurology,Appendicitis,74,2024-08-07,2024-08-25,18,No,,
DC01970,PT00146,DR005,Dr. Sunita Kulkarni,General Medicine,Anemia,40,2024-10-31,2024-11-03,3,No,,
DC01971,PT00707,DR004,Dr. Rajan Mehta,Oncology,Migraine,50,2024-11-07,2024-11-23,16,No,,
DC01972,PT01807,DR006,Dr. Kavya Iyer,Pediatrics,Anemia,71,2024-11-27,2024-12-11,14,No,,
DC01973,PT00911,DR003,Dr. Aarti Deshmukh,Neurology,Chest Infection,39,2024-05-11,2024-05-22,11,No,,
DC01974,PT00306,DR005,Dr. Sunita Kulkarni,General Medicine,Hypertension,22,2024-03-11,2024-03-18,7,No,,
DC01975,PT00280,DR003,Dr. Aarti Deshmukh,Neurology,Cataract Surgery,42,2024-10-24,2024-11-03,10,No,,
DC01976,PT00075,DR002,Dr. Suresh Patil,Orthopedics,Hypertension,56,2024-03-17,2024-03-25,8,No,,
DC01977,PT00127,DR010,Dr. Rohit Verma,Orthopedics,Lung Cancer - Stage 2,74,2024-01-21,2024-01-25,4,No,,
DC01978,PT00200,DR010,Dr. Rohit Verma,Orthopedics,Knee Replacement,35,2024-09-17,2024-09-24,-1,No,,
DC01979,PT01466,DR007,Dr. Deepak Sharma,Gynecology,Cataract Surgery,40,2024-08-19,2024-08-20,1,No,,
DC01980,PT01768,DR010,Dr. Rohit Verma,Orthopedics,Stroke Recovery,75,2024-06-01,2024-06-16,15,No,,
DC01981,PT01874,DR007,Dr. Deepak Sharma,Gynecology,Fracture - Femur,18,2024-11-06,2024-11-13,7,No,,
DC01982,PT01836,DR008,Dr. Anil Joshi,Emergency,Hernia Repair,27,2024-10-10,2024-10-16,6,No,,
DC01983,PT01609,DR001,Dr. Priya Nair,Cardiology,Heart Attack,83,2024-01-29,2024-02-11,13,No,,
DC01984,PT01024,DR004,Dr. Rajan Mehta,Oncology,Lung Cancer - Stage 2,67,2024-07-06,2024-07-21,15,No,,
DC01985,PT00396,DR002,Dr. Suresh Patil,Orthopedics,Diabetes Type 2,64,2024-02-13,2024-02-20,7,No,,
DC01986,PT00562,DR006,Dr. Kavya Iyer,Pediatrics,Appendicitis,46,2024-05-28,2024-06-07,10,No,,
DC01987,PT00766,DR007,Dr. Deepak Sharma,Gynecology,Diabetes Type 2,82,2024-04-13,2024-04-27,14,No,,
DC01988,PT01276,DR001,Dr. Priya Nair,Cardiology,Heart Attack,18,2024-05-29,2024-06-12,14,No,,
DC01989,PT00906,DR005,Dr. Sunita Kulkarni,General Medicine,Hypertension,54,2024-08-28,2024-09-02,5,No,,
DC01990,PT01466,DR002,Dr. Suresh Patil,Orthopedics,Anemia,79,2024-09-01,2024-09-21,20,No,,
DC01991,PT01108,DR005,Dr. Sunita Kulkarni,General Medicine,Anemia,38,2024-02-11,2024-02-22,11,No,,
DC01992,PT00333,DR008,Dr. Anil Joshi,Emergency,Chest Infection,44,2024-01-08,2024-01-23,15,No,,
DC01993,PT00384,DR001,Dr. Priya Nair,Cardiology,Lung Cancer - Stage 2,49,2024-01-30,2024-02-12,13,No,,
DC01994,PT01038,DR002,Dr. Suresh Patil,Orthopedics,Asthma,28,2024-10-24,2024-11-08,15,No,,
DC01995,PT00862,DR007,Dr. Deepak Sharma,Gynecology,Diabetes Type 2,76,2024-11-02,2024-11-15,13,No,,
DC01996,PT01612,DR010,Dr. Rohit Verma,Orthopedics,Fracture - Femur,66,2024-09-25,2024-09-28,3,No,,
DC01997,PT00888,DR009,Dr. Meera Pillai,Cardiology,Knee Replacement,81,2024-07-27,2024-08-08,12,Yes,2024-08-25,17
DC01998,PT00228,DR003,Dr. Aarti Deshmukh,Neurology,Fracture - Femur,28,2024-02-07,2024-02-12,5,No,,
DC01999,PT01333,DR001,Dr. Priya Nair,Cardiology,Dengue Fever,76,2024-07-25,2024-07-30,5,Yes,2024-08-27,28
DC02000,PT01163,DR010,Dr. Rohit Verma,Orthopedics,Knee Replacement,36,2024-10-10,2024-10-19,9,No,,
DC02001,PT01025,DR005,Dr. Sunita Kulkarni,General Medicine,Hypertension,62,2024-06-14,2024-06-24,10,No,,
DC02002,PT00260,DR007,Dr. Deepak Sharma,Gynecology,Anemia,78,2024-08-31,2024-09-08,8,Yes,2024-09-19,11
DC02003,PT01029,DR008,Dr. Anil Joshi,Emergency,Fracture - Femur,85,2024-02-21,2024-03-04,12,No,,
DC02004,PT01938,DR008,Dr. Anil Joshi,Emergency,Anemia,63,2024-02-20,2024-02-25,5,No,,
DC02005,PT01153,DR002,Dr. Suresh Patil,Orthopedics,Dengue Fever,45,2024-09-08,2024-09-27,19,No,,
DC02006,PT00648,DR002,Dr. Suresh Patil,Orthopedics,Diabetes Type 2,26,2024-03-09,2024-03-22,13,No,,
DC02007,PT01458,DR003,Dr. Aarti Deshmukh,Neurology,Fracture - Femur,66,2024-09-06,2024-09-17,11,No,,
DC02008,PT01440,DR004,Dr. Rajan Mehta,Oncology,Fracture - Femur,77,2024-08-07,2024-08-28,21,No,,
DC02009,PT00629,DR003,Dr. Aarti Deshmukh,Neurology,Appendicitis,74,2024-07-31,2024-08-15,15,No,,
DC02010,PT00697,DR003,Dr. Aarti Deshmukh,Neurology,Fracture - Femur,48,2024-11-10,2024-11-19,9,No,,
DC02011,PT01843,DR007,Dr. Deepak Sharma,Gynecology,Knee Replacement,73,2024-09-05,2024-09-18,13,No,,
DC02012,PT00890,DR001,Dr. Priya Nair,Cardiology,Asthma,50,2024-06-10,2024-06-23,13,No,,
DC02013,PT00823,DR007,Dr. Deepak Sharma,Gynecology,Cataract Surgery,81,2024-01-23,2024-01-28,5,No,,
DC02014,PT00727,DR007,Dr. Deepak Sharma,Gynecology,Hypertension,24,2024-11-03,2024-11-22,19,No,,
DC02015,PT00147,DR001,Dr. Priya Nair,Cardiology,Cataract Surgery,61,2024-08-07,2024-08-28,-1,No,,
DC02016,PT00418,DR007,Dr. Deepak Sharma,Gynecology,Hernia Repair,73,2024-04-21,2024-04-26,5,No,,
DC02017,PT01512,DR005,Dr. Sunita Kulkarni,General Medicine,Stroke Recovery,71,2024-03-19,2024-03-25,6,Yes,2024-04-02,8
DC02018,PT01437,DR003,Dr. Aarti Deshmukh,Neurology,Lung Cancer - Stage 2,84,2024-01-29,2024-02-11,13,No,,
DC02019,PT00531,DR006,Dr. Kavya Iyer,PEDIATRICS,Anemia,36,2024-09-04,2024-09-06,2,No,,
DC02020,PT01536,DR006,Dr. Kavya Iyer,Pediatrics,Appendicitis,20,2024-06-05,2024-06-07,2,No,,
DC02021,PT01015,DR010,Dr. Rohit Verma,Orthopedics,Chest Infection,20,2024-03-08,2024-03-18,10,No,,
DC02022,PT01548,DR006,Dr. Kavya Iyer,Pediatrics,Cataract Surgery,60,2024-01-09,2024-01-24,15,No,,
DC02023,PT00508,DR010,Dr. Rohit Verma,Orthopedics,Knee Replacement,33,2024-02-19,2024-02-29,10,No,,
DC02024,PT00127,DR005,Dr. Sunita Kulkarni,General Medicine,Migraine,64,2024-04-10,2024-04-23,13,No,,
DC02025,PT01928,DR007,Dr. Deepak Sharma,Gynecology,Hypertension,40,2024-01-26,2024-02-16,21,No,,
DC02026,PT01862,DR007,Dr. Deepak Sharma,Gynecology,Fracture - Femur,38,2024-11-01,2024-11-21,20,No,,
DC02027,PT01470,DR002,Dr. Suresh Patil,Orthopedics,Cataract Surgery,26,2024-08-25,2024-09-12,18,No,,
DC02028,PT01444,DR007,Dr. Deepak Sharma,Gynecology,Chest Infection,66,2024-11-28,2024-12-16,18,No,,
DC02029,PT01689,DR002,Dr. Suresh Patil,Orthopedics,Heart Attack,46,2024-02-09,2024-02-28,19,No,,
DC02030,PT00564,DR002,Dr. Suresh Patil,ORTHOPEDICS,Knee Replacement,78,2024-03-29,2024-04-15,17,No,,
DC02031,PT00972,DR002,Dr. Suresh Patil,Orthopedics,Anemia,55,2024-07-17,2024-08-05,19,No,,
DC02032,PT01106,DR001,Dr. Priya Nair,Cardiology,Anemia,84,2024-07-27,2024-08-01,5,No,,
DC02033,PT01300,DR008,Dr. Anil Joshi,Emergency,Diabetes Type 2,77,2024-05-24,2024-05-30,6,Yes,2024-06-08,9
DC02034,PT01904,DR002,Dr. Suresh Patil,Orthopedics,Knee Replacement,60,2024-06-20,2024-07-11,21,No,,
DC02035,PT00591,DR002,Dr. Suresh Patil,Orthopedics,Knee Replacement,69,2024-08-05,2024-08-19,14,No,,
DC02036,PT00669,DR007,Dr. Deepak Sharma,Gynecology,Appendicitis,18,2024-01-23,2024-02-12,20,No,,
DC02037,PT00144,DR002,Dr. Suresh Patil,Orthopedics,Heart Attack,34,2024-03-01,2024-03-22,21,Yes,2024-04-05,14
DC02038,PT01765,DR006,Dr. Kavya Iyer,Pediatrics,Chest Infection,77,2024-05-10,2024-05-15,5,No,,
DC02039,PT00560,DR002,Dr. Suresh Patil,Orthopedics,Cataract Surgery,63,2024-01-27,2024-02-06,10,No,,
DC02040,PT00885,DR009,Dr. Meera Pillai,Cardiology,Anemia,21,2024-01-11,2024-01-31,20,No,,
DC02041,PT00780,DR001,Dr. Priya Nair,Cardiology,Chest Infection,65,2024-02-25,2024-03-13,17,No,,
DC02042,PT01776,DR004,Dr. Rajan Mehta,Oncology,Fracture - Femur,31,2024-03-15,2024-04-02,18,Yes,2024-04-10,8
DC02043,PT00832,DR004,Dr. Rajan Mehta,Oncology,Appendicitis,22,2024-08-04,2024-08-21,17,No,,
DC02044,PT01547,DR010,Dr. Rohit Verma,Orthopedics,Heart Attack,75,2024-11-20,2024-12-10,20,No,,
DC02045,PT01792,DR008,Dr. Anil Joshi,Emergency,Hypertension,70,2024-01-30,2024-02-11,12,Yes,2024-03-07,25
DC02046,PT01601,DR003,Dr. Aarti Deshmukh,Neurology,Dengue Fever,29,2024-11-24,2024-11-26,2,No,,
DC02047,PT00842,DR003,Dr. Aarti Deshmukh,Neurology,Dengue Fever,59,2024-05-06,2024-05-25,19,No,,
DC02048,PT00783,DR002,Dr. Suresh Patil,Orthopedics,Chest Infection,18,2024-02-22,2024-02-23,1,No,,
DC02049,PT00304,DR002,Dr. Suresh Patil,Orthopedics,Migraine,71,2024-03-17,2024-03-18,1,No,,
DC02050,PT01421,DR008,Dr. Anil Joshi,Emergency,Fracture - Femur,29,2024-06-16,2024-07-01,15,No,,
DC02051,PT01414,DR004,Dr. Rajan Mehta,Oncology,Dengue Fever,71,2024-05-25,2024-06-10,16,No,,
DC02052,PT01509,DR005,Dr. Sunita Kulkarni,General Medicine,Hernia Repair,83,2024-06-21,2024-07-06,15,No,,
DC02053,PT01499,DR001,Dr. Priya Nair,Cardiology,Dengue Fever,21,2024-06-21,2024-06-25,4,No,,
DC02054,PT00771,DR001,Dr. Priya Nair,Cardiology,Hernia Repair,67,2024-04-20,2024-04-25,5,No,,
DC02055,PT01423,DR006,Dr. Kavya Iyer,Pediatrics,Heart Attack,47,2024-02-19,2024-02-21,2,No,,
DC02056,PT00069,DR004,Dr. Rajan Mehta,Oncology,Stroke Recovery,53,2024-01-01,2024-01-07,6,No,,
DC02057,PT00861,DR009,Dr. Meera Pillai,Cardiology,Asthma,18,2024-10-11,2024-10-26,15,No,,
DC02058,PT01276,DR002,Dr. Suresh Patil,Orthopedics,Hypertension,37,2024-08-28,2024-09-18,21,No,,
DC02059,PT00582,DR009,Dr. Meera Pillai,Cardiology,Chest Infection,61,2024-06-28,2024-07-02,4,No,,
DC02060,PT00580,DR010,Dr. Rohit Verma,Orthopedics,Diabetes Type 2,24,2024-08-12,2024-08-15,3,Yes,2024-09-07,23
DC02061,PT01282,DR001,Dr. Priya Nair,Cardiology,Chest Infection,46,2024-09-30,2024-10-08,8,No,,
DC02062,PT00576,DR004,Dr. Rajan Mehta,Oncology,Asthma,80,2024-09-06,2024-09-16,10,No,,
DC02063,PT00691,DR004,Dr. Rajan Mehta,Oncology,Dengue Fever,82,2024-11-15,2024-11-21,6,No,,
DC02064,PT01876,DR004,Dr. Rajan Mehta,Oncology,Lung Cancer - Stage 2,64,2024-02-10,2024-02-13,3,No,,
DC02065,PT00725,DR001,Dr. Priya Nair,Cardiology,Appendicitis,47,2024-05-31,2024-06-07,7,No,,
DC02066,PT00828,DR010,Dr. Rohit Verma,Orthopedics,Appendicitis,53,2024-07-08,2024-07-12,4,No,,
DC02067,PT00290,DR006,Dr. Kavya Iyer,Pediatrics,Appendicitis,49,2024-05-06,2024-05-26,20,Yes,2024-06-16,21
DC02068,PT00571,DR002,Dr. Suresh Patil,Orthopedics,Diabetes Type 2,33,2024-08-30,2024-09-15,16,No,,
DC02069,PT00231,DR008,Dr. Anil Joshi,Emergency,Migraine,26,2024-05-28,2024-06-03,6,Yes,2024-06-10,7
DC02070,PT01889,DR003,Dr. Aarti Deshmukh,Neurology,Hernia Repair,48,2024-08-09,2024-08-29,20,No,,
DC02071,PT01773,DR010,Dr. Rohit Verma,ORTHOPEDICS,Dengue Fever,30,2024-07-08,2024-07-20,12,No,,
DC02072,PT01103,DR007,Dr. Deepak Sharma,Gynecology,Migraine,72,2024-10-04,2024-10-21,17,No,,
DC02073,PT01376,DR008,Dr. Anil Joshi,Emergency,Hernia Repair,75,2024-07-01,2024-07-14,13,Yes,2024-07-24,10
DC02074,PT00810,DR005,Dr. Sunita Kulkarni,General Medicine,Knee Replacement,70,2024-03-10,2024-03-22,12,No,,
DC02075,PT00407,DR002,Dr. Suresh Patil,Orthopedics,Knee Replacement,28,2024-02-02,2024-02-22,20,No,,
DC02076,PT00639,DR006,Dr. Kavya Iyer,Pediatrics,Hernia Repair,49,2024-05-21,2024-05-23,2,No,,
DC02077,PT00515,DR003,Dr. Aarti Deshmukh,Neurology,Knee Replacement,35,2024-07-05,2024-07-17,12,No,,
DC02078,PT01291,DR001,Dr. Priya Nair,Cardiology,Fracture - Femur,28,2024-06-03,2024-06-12,9,No,,
DC02079,PT01690,DR008,Dr. Anil Joshi,Emergency,Anemia,82,2024-04-06,2024-04-11,5,No,,
DC02080,PT01565,DR010,Dr. Rohit Verma,Orthopedics,Heart Attack,73,2024-03-04,2024-03-25,21,No,,
DC02081,PT01410,DR001,Dr. Priya Nair,Cardiology,Heart Attack,46,2024-10-23,2024-11-10,18,No,,
DC02082,PT00297,DR002,Dr. Suresh Patil,Orthopedics,Chest Infection,51,2024-02-14,2024-03-03,18,No,,
DC02083,PT00580,DR005,Dr. Sunita Kulkarni,General Medicine,Migraine,25,2024-01-22,2024-01-24,2,No,,
DC02084,PT01958,DR003,Dr. Aarti Deshmukh,Neurology,Knee Replacement,56,2024-03-24,2024-04-07,14,No,,
DC02085,PT01300,DR005,Dr. Sunita Kulkarni,General Medicine,Migraine,22,2024-11-20,2024-12-02,12,No,,
DC02086,PT00986,DR007,Dr. Deepak Sharma,Gynecology,Asthma,59,2024-05-23,2024-06-12,20,No,,
DC02087,PT01492,DR008,Dr. Anil Joshi,Emergency,Fracture - Femur,41,2024-11-26,2024-12-06,10,Yes,2024-12-22,16
DC02088,PT00524,DR004,Dr. Rajan Mehta,Oncology,Migraine,54,2024-06-25,2024-06-29,4,No,,
DC02089,PT00082,DR006,Dr. Kavya Iyer,Pediatrics,Chest Infection,64,2024-04-27,2024-05-14,17,No,,
DC02090,PT01208,DR002,Dr. Suresh Patil,Orthopedics,Heart Attack,25,2024-11-21,2024-12-08,17,No,,
DC02091,PT00561,DR010,Dr. Rohit Verma,Orthopedics,Dengue Fever,60,2024-06-27,2024-07-15,18,No,,
DC02092,PT01543,DR002,Dr. Suresh Patil,Orthopedics,Stroke Recovery,44,2024-01-28,2024-02-15,18,No,,
DC02093,PT01752,DR007,Dr. Deepak Sharma,Gynecology,Diabetes Type 2,71,2024-11-27,2024-12-12,15,No,,
DC02094,PT00424,DR002,Dr. Suresh Patil,Orthopedics,Asthma,84,2024-01-16,2024-01-21,5,No,,
DC02095,PT00668,DR003,Dr. Aarti Deshmukh,Neurology,Asthma,18,2024-09-13,2024-09-17,4,No,,
DC02096,PT01792,DR010,Dr. Rohit Verma,ORTHOPEDICS,Anemia,79,2024-10-07,2024-10-28,21,No,,
DC02097,PT00562,DR004,Dr. Rajan Mehta,Oncology,Hernia Repair,25,2024-10-11,2024-10-13,2,No,,
DC02098,PT01343,DR002,Dr. Suresh Patil,Orthopedics,Chest Infection,49,2024-04-16,2024-05-06,20,No,,
DC02099,PT01579,DR004,Dr. Rajan Mehta,Oncology,Cataract Surgery,67,2024-11-10,2024-11-17,7,No,,
DC02100,PT00637,DR007,Dr. Deepak Sharma,Gynecology,Cataract Surgery,36,2024-07-03,2024-07-22,19,Yes,2024-08-03,12
DC02101,PT01847,DR004,Dr. Rajan Mehta,Oncology,Knee Replacement,29,2024-07-07,2024-07-22,15,No,,
DC02102,PT00985,DR008,Dr. Anil Joshi,Emergency,Knee Replacement,34,2024-07-31,2024-08-20,20,No,,
DC02103,PT01333,DR007,Dr. Deepak Sharma,Gynecology,Appendicitis,,2024-03-15,2024-03-30,15,No,,
DC02104,PT00077,DR001,Dr. Priya Nair,Cardiology,Hernia Repair,23,2024-10-08,2024-10-18,10,No,,
DC02105,PT00299,DR008,Dr. Anil Joshi,Emergency,Knee Replacement,59,2024-06-08,2024-06-25,17,No,,
DC02106,PT00685,DR009,Dr. Meera Pillai,Cardiology,Fracture - Femur,44,2024-09-15,2024-10-01,16,Yes,2024-10-15,14
DC02107,PT01421,DR007,Dr. Deepak Sharma,Gynecology,Fracture - Femur,42,2024-08-21,2024-08-22,1,No,,
DC02108,PT01674,DR007,Dr. Deepak Sharma,Gynecology,Cataract Surgery,23,2024-08-31,2024-09-05,5,No,,
DC02109,PT01895,DR010,Dr. Rohit Verma,Orthopedics,Dengue Fever,65,2024-05-08,2024-05-21,13,No,,
DC02110,PT01078,DR003,Dr. Aarti Deshmukh,Neurology,Knee Replacement,52,2024-04-10,2024-05-01,21,No,,
DC02111,PT01111,DR004,Dr. Rajan Mehta,Oncology,Lung Cancer - Stage 2,37,2024-01-25,2024-02-08,14,No,,
DC02112,PT00633,DR002,Dr. Suresh Patil,Orthopedics,Lung Cancer - Stage 2,80,2024-10-02,2024-10-18,16,No,,
DC02113,PT00565,DR002,Dr. Suresh Patil,Orthopedics,Anemia,66,2024-10-01,2024-10-09,8,No,,
DC02114,PT01888,DR009,Dr. Meera Pillai,Cardiology,Cataract Surgery,42,2024-02-01,2024-02-20,19,Yes,2024-03-08,17
DC02115,PT01568,DR002,Dr. Suresh Patil,Orthopedics,Fracture - Femur,34,2024-06-30,2024-07-12,12,No,,
DC02116,PT01283,DR003,Dr. Aarti Deshmukh,Neurology,Migraine,35,2024-06-28,2024-07-09,11,No,,
DC02117,PT00105,DR009,Dr. Meera Pillai,Cardiology,Dengue Fever,78,2024-08-26,2024-09-02,7,No,,
DC02118,PT00971,DR001,Dr. Priya Nair,Cardiology,Stroke Recovery,32,2024-05-07,2024-05-12,5,No,,
DC02119,PT01289,DR007,Dr. Deepak Sharma,Gynecology,Stroke Recovery,34,2024-01-21,2024-01-28,7,No,,
DC02120,PT00556,DR004,Dr. Rajan Mehta,Oncology,Asthma,55,2024-07-15,2024-07-16,1,No,,
DC02121,PT00282,DR009,Dr. Meera Pillai,Cardiology,Asthma,74,2024-11-28,2024-12-02,4,No,,
DC02122,PT01409,DR010,Dr. Rohit Verma,Orthopedics,Lung Cancer - Stage 2,83,2024-08-25,2024-08-28,3,No,,
DC02123,PT01412,DR006,Dr. Kavya Iyer,Pediatrics,Diabetes Type 2,33,2024-04-29,2024-05-02,3,No,,
DC02124,PT00411,DR001,Dr. Priya Nair,Cardiology,Fracture - Femur,67,2024-05-09,2024-05-22,13,No,,
DC02125,PT00157,DR001,Dr. Priya Nair,Cardiology,Cataract Surgery,30,2024-08-21,2024-09-08,18,Yes,2024-09-25,17
DC02126,PT00870,DR006,Dr. Kavya Iyer,Pediatrics,Hernia Repair,83,2024-06-12,2024-06-29,17,No,,
DC02127,PT00989,DR001,Dr. Priya Nair,Cardiology,Lung Cancer - Stage 2,54,2024-11-15,2024-11-19,4,No,,
DC02128,PT00853,DR003,Dr. Aarti Deshmukh,Neurology,Stroke Recovery,48,2024-05-01,2024-05-08,7,Yes,2024-05-26,18
DC02129,PT00288,DR005,Dr. Sunita Kulkarni,General Medicine,Asthma,50,2024-09-08,2024-09-10,2,No,,
DC02130,PT00108,DR008,Dr. Anil Joshi,Emergency,Lung Cancer - Stage 2,,2024-06-16,2024-06-28,12,No,,
DC02131,PT01778,DR003,Dr. Aarti Deshmukh,Neurology,Asthma,79,2024-01-11,2024-01-23,12,No,,
DC02132,PT01397,DR003,Dr. Aarti Deshmukh,NEUROLOGY,Hernia Repair,48,2024-03-20,2024-04-03,14,No,,
DC02133,PT01034,DR004,Dr. Rajan Mehta,Oncology,Asthma,70,2024-09-11,2024-09-14,3,No,,
DC02134,PT00825,DR002,Dr. Suresh Patil,Orthopedics,Knee Replacement,80,2024-11-18,2024-11-30,12,No,,
DC02135,PT00340,DR004,Dr. Rajan Mehta,Oncology,Stroke Recovery,21,2024-03-01,2024-03-15,14,No,,
DC02136,PT01391,DR006,Dr. Kavya Iyer,PEDIATRICS,Appendicitis,29,2024-05-03,2024-05-06,3,No,,
DC02137,PT00430,DR001,Dr. Priya Nair,Cardiology,Anemia,25,2024-01-08,2024-01-18,10,Yes,2024-02-16,29
DC02138,PT01931,DR002,Dr. Suresh Patil,Orthopedics,Knee Replacement,49,2024-09-19,2024-10-08,19,No,,
DC02139,PT01355,DR003,Dr. Aarti Deshmukh,Neurology,Migraine,79,2024-04-15,2024-04-18,3,No,,
DC02140,PT00229,DR005,Dr. Sunita Kulkarni,General Medicine,Knee Replacement,64,2024-08-31,2024-09-14,14,No,,
DC02141,PT00309,DR002,Dr. Suresh Patil,Orthopedics,Heart Attack,70,2024-05-10,2024-05-14,4,No,,
DC02142,PT00384,DR002,Dr. Suresh Patil,Orthopedics,Cataract Surgery,33,2024-01-12,2024-01-25,13,No,,
DC02143,PT00799,DR005,Dr. Sunita Kulkarni,General Medicine,Chest Infection,41,2024-06-21,2024-07-08,17,Yes,2024-08-01,24
DC02144,PT01612,DR005,Dr. Sunita Kulkarni,General Medicine,Lung Cancer - Stage 2,66,2024-07-02,2024-07-06,4,No,,
DC02145,PT01604,DR008,Dr. Anil Joshi,Emergency,Hypertension,45,2024-11-15,2024-11-20,5,No,,
DC02146,PT00481,DR003,Dr. Aarti Deshmukh,Neurology,Asthma,49,2024-04-24,2024-04-30,6,No,,
DC02147,PT01129,DR010,Dr. Rohit Verma,Orthopedics,Hernia Repair,56,2024-07-08,2024-07-15,7,No,,
DC02148,PT00250,DR004,Dr. Rajan Mehta,Oncology,Migraine,29,2024-06-11,2024-06-28,17,No,,
DC02149,PT00718,DR003,Dr. Aarti Deshmukh,Neurology,Lung Cancer - Stage 2,49,2024-10-13,2024-11-01,19,No,,
DC02150,PT00027,DR002,Dr. Suresh Patil,Orthopedics,Appendicitis,84,2024-02-16,2024-03-05,18,No,,
DC02151,PT00213,DR003,Dr. Aarti Deshmukh,Neurology,Cataract Surgery,67,2024-02-03,2024-02-08,5,Yes,2024-02-29,21
DC02152,PT00243,DR001,Dr. Priya Nair,Cardiology,Heart Attack,67,2024-03-11,2024-03-30,19,No,,
DC02153,PT00899,DR009,Dr. Meera Pillai,Cardiology,Hypertension,42,2024-04-09,2024-04-19,10,Yes,2024-05-17,28
DC02154,PT01719,DR005,Dr. Sunita Kulkarni,General Medicine,Anemia,64,2024-04-30,2024-05-12,12,No,,
DC02155,PT01819,DR008,Dr. Anil Joshi,Emergency,Diabetes Type 2,31,2024-09-08,2024-09-23,15,Yes,2024-10-09,16
DC02156,PT00483,DR003,Dr. Aarti Deshmukh,Neurology,Knee Replacement,67,2024-05-14,2024-05-27,13,No,,
DC02157,PT01885,DR009,Dr. Meera Pillai,Cardiology,Dengue Fever,18,2024-11-09,2024-11-23,14,No,,
DC02158,PT00795,DR004,Dr. Rajan Mehta,ONCOLOGY,Lung Cancer - Stage 2,37,2024-04-10,2024-04-12,2,No,,
DC02159,PT00041,DR002,Dr. Suresh Patil,Orthopedics,Migraine,26,2024-06-26,2024-07-01,5,No,,
DC02160,PT01069,DR010,Dr. Rohit Verma,Orthopedics,Fracture - Femur,41,2024-05-02,2024-05-09,7,No,,
DC02161,PT01141,DR010,Dr. Rohit Verma,Orthopedics,Dengue Fever,78,2024-11-06,2024-11-19,13,No,,
DC02162,PT00795,DR010,Dr. Rohit Verma,Orthopedics,Fracture - Femur,31,2024-03-31,2024-04-17,17,No,,
DC02163,PT01094,DR005,Dr. Sunita Kulkarni,General Medicine,Hypertension,55,2024-08-22,2024-08-30,8,No,,
DC02164,PT01125,DR006,Dr. Kavya Iyer,Pediatrics,Asthma,53,2024-08-17,2024-08-24,7,No,,
DC02165,PT01800,DR007,Dr. Deepak Sharma,Gynecology,Heart Attack,78,2024-08-24,2024-09-04,11,No,,
DC02166,PT01893,DR003,Dr. Aarti Deshmukh,Neurology,Cataract Surgery,81,2024-03-09,2024-03-30,21,Yes,2024-04-25,26
DC02167,PT01335,DR003,Dr. Aarti Deshmukh,Neurology,Hypertension,47,2024-01-25,2024-02-05,11,No,,
DC02168,PT00107,DR009,Dr. Meera Pillai,Cardiology,Dengue Fever,46,2024-08-09,2024-08-18,9,No,,
DC02169,PT00361,DR001,Dr. Priya Nair,Cardiology,Diabetes Type 2,80,2024-10-03,2024-10-19,16,No,,
DC02170,PT00551,DR005,Dr. Sunita Kulkarni,GENERAL MEDICINE,Heart Attack,65,2024-02-09,2024-02-12,3,No,,
DC02171,PT01012,DR001,Dr. Priya Nair,Cardiology,Migraine,67,2024-08-15,2024-08-22,7,No,,
DC02172,PT01574,DR003,Dr. Aarti Deshmukh,NEUROLOGY,Fracture - Femur,53,2024-03-05,2024-03-14,9,No,,
DC02173,PT01949,DR007,Dr. Deepak Sharma,Gynecology,Fracture - Femur,19,2024-05-13,2024-05-25,12,No,,
DC02174,PT01826,DR006,Dr. Kavya Iyer,Pediatrics,Knee Replacement,64,2024-08-10,2024-08-22,12,No,,
DC02175,PT00836,DR009,Dr. Meera Pillai,Cardiology,Diabetes Type 2,18,2024-02-26,2024-03-03,6,Yes,2024-03-17,14
DC02176,PT01918,DR004,Dr. Rajan Mehta,Oncology,Hypertension,79,2024-05-09,2024-05-10,1,No,,
DC02177,PT01088,DR008,Dr. Anil Joshi,Emergency,Knee Replacement,78,2024-08-18,2024-08-19,1,No,,
DC02178,PT01269,DR003,Dr. Aarti Deshmukh,Neurology,Lung Cancer - Stage 2,56,2024-03-26,2024-04-02,7,No,,
DC02179,PT01116,DR010,Dr. Rohit Verma,Orthopedics,Hypertension,26,2024-02-19,2024-03-06,16,Yes,2024-03-15,9
DC02180,PT01953,DR002,Dr. Suresh Patil,Orthopedics,Anemia,49,2024-08-08,2024-08-25,17,No,,
DC02181,PT00704,DR005,Dr. Sunita Kulkarni,General Medicine,Stroke Recovery,60,2024-05-21,2024-06-11,21,No,,
DC02182,PT01145,DR005,Dr. Sunita Kulkarni,General Medicine,Hypertension,51,2024-04-21,2024-05-08,17,No,,
DC02183,PT01604,DR001,Dr. Priya Nair,Cardiology,Lung Cancer - Stage 2,43,2024-11-10,2024-11-13,3,No,,
DC02184,PT01516,DR004,Dr. Rajan Mehta,Oncology,Chest Infection,60,2024-02-22,2024-03-12,19,Yes,2024-03-28,16
DC02185,PT00560,DR001,Dr. Priya Nair,Cardiology,Asthma,49,2024-07-05,2024-07-24,19,No,,
DC02186,PT01981,DR004,Dr. Rajan Mehta,Oncology,Stroke Recovery,80,2024-08-16,2024-09-02,17,No,,
DC02187,PT00669,DR009,Dr. Meera Pillai,Cardiology,Knee Replacement,85,2024-11-09,2024-11-30,21,No,,
DC02188,PT01955,DR009,Dr. Meera Pillai,Cardiology,Anemia,60,2024-01-07,2024-01-18,11,Yes,2024-01-31,13
DC02189,PT01732,DR003,Dr. Aarti Deshmukh,Neurology,Fracture - Femur,22,2024-04-11,2024-04-13,2,No,,
DC02190,PT01074,DR008,Dr. Anil Joshi,Emergency,Hypertension,85,2024-05-30,2024-06-04,5,No,,
DC02191,PT01839,DR010,Dr. Rohit Verma,Orthopedics,Diabetes Type 2,55,2024-11-05,2024-11-10,5,No,,
DC02192,PT01349,DR008,Dr. Anil Joshi,Emergency,Fracture - Femur,48,2024-11-04,2024-11-23,19,No,,
DC02193,PT00233,DR004,Dr. Rajan Mehta,ONCOLOGY,Hernia Repair,76,2024-01-05,2024-01-12,7,No,,
DC02194,PT01836,DR002,Dr. Suresh Patil,Orthopedics,Heart Attack,77,2024-09-09,2024-09-29,20,Yes,2024-10-12,13
DC02195,PT00444,DR002,Dr. Suresh Patil,Orthopedics,Hypertension,40,2024-09-15,2024-09-17,2,No,,
DC02196,PT01681,DR003,Dr. Aarti Deshmukh,Neurology,Cataract Surgery,80,2024-06-11,2024-06-23,12,No,,
DC02197,PT00263,DR003,Dr. Aarti Deshmukh,Neurology,Diabetes Type 2,82,2024-02-29,2024-03-08,8,No,,
DC02198,PT00830,DR007,Dr. Deepak Sharma,Gynecology,Hernia Repair,19,2024-01-16,2024-02-01,16,No,,
DC02199,PT01016,DR003,Dr. Aarti Deshmukh,Neurology,Migraine,70,2024-05-09,2024-05-12,3,No,,
DC02200,PT00718,DR004,Dr. Rajan Mehta,Oncology,Heart Attack,83,2024-07-18,2024-08-06,19,No,,
DC02201,PT00409,DR005,Dr. Sunita Kulkarni,General Medicine,Hypertension,55,2024-07-05,2024-07-13,8,No,,
DC02202,PT01691,DR004,Dr. Rajan Mehta,Oncology,Hypertension,24,2024-10-03,2024-10-06,3,No,,
DC02203,PT00554,DR006,Dr. Kavya Iyer,Pediatrics,Appendicitis,46,2024-07-02,2024-07-05,3,No,,
DC02204,PT00796,DR008,Dr. Anil Joshi,Emergency,Hernia Repair,49,2024-06-02,2024-06-13,11,No,,
DC02205,PT01216,DR010,Dr. Rohit Verma,Orthopedics,Diabetes Type 2,21,2024-08-13,2024-08-31,18,No,,
DC02206,PT01787,DR003,Dr. Aarti Deshmukh,Neurology,Fracture - Femur,38,2024-04-30,2024-05-16,16,No,,
DC02207,PT01082,DR007,Dr. Deepak Sharma,Gynecology,Diabetes Type 2,66,2024-08-27,2024-08-31,4,No,,
DC02208,PT00695,DR009,Dr. Meera Pillai,Cardiology,Diabetes Type 2,30,2024-09-09,2024-09-26,17,Yes,2024-10-10,14
DC02209,PT00385,DR006,Dr. Kavya Iyer,Pediatrics,Fracture - Femur,45,2024-11-25,2024-12-13,18,No,,
DC02210,PT01792,DR004,Dr. Rajan Mehta,Oncology,Cataract Surgery,61,2024-11-29,2024-12-20,21,No,,
DC02211,PT00608,DR001,Dr. Priya Nair,Cardiology,Hypertension,80,2024-06-17,2024-07-02,15,No,,
DC02212,PT00334,DR008,Dr. Anil Joshi,Emergency,Heart Attack,32,2024-11-14,2024-11-17,3,Yes,2024-12-04,17
DC02213,PT00832,DR006,Dr. Kavya Iyer,Pediatrics,Migraine,40,2024-05-01,2024-05-02,1,No,,
DC02214,PT00830,DR006,Dr. Kavya Iyer,Pediatrics,Asthma,38,2024-03-24,2024-03-31,7,Yes,2024-04-07,7
DC02215,PT01814,DR005,Dr. Sunita Kulkarni,General Medicine,Fracture - Femur,38,2024-01-05,2024-01-14,9,No,,
DC02216,PT00100,DR002,Dr. Suresh Patil,ORTHOPEDICS,Stroke Recovery,35,2024-07-25,2024-08-10,16,No,,
DC02217,PT00110,DR001,Dr. Priya Nair,Cardiology,Anemia,74,2024-06-11,2024-06-29,18,No,,
DC02218,PT01242,DR005,Dr. Sunita Kulkarni,General Medicine,Lung Cancer - Stage 2,46,2024-07-11,2024-07-21,10,No,,
DC02219,PT00276,DR001,Dr. Priya Nair,Cardiology,Dengue Fever,61,2024-09-07,2024-09-21,14,No,,
DC02220,PT01438,DR008,Dr. Anil Joshi,Emergency,Cataract Surgery,35,2024-09-23,2024-10-07,14,Yes,2024-11-02,26
DC02221,PT01262,DR004,Dr. Rajan Mehta,Oncology,Lung Cancer - Stage 2,40,2024-10-11,2024-10-18,7,No,,
DC02222,PT01030,DR010,Dr. Rohit Verma,Orthopedics,Hypertension,63,2024-03-02,2024-03-17,15,Yes,2024-04-03,17
DC02223,PT00067,DR004,Dr. Rajan Mehta,Oncology,Asthma,83,2024-02-08,2024-02-22,14,No,,
DC02224,PT00029,DR010,Dr. Rohit Verma,Orthopedics,Heart Attack,18,2024-08-01,2024-08-19,18,No,,
DC02225,PT01769,DR009,Dr. Meera Pillai,Cardiology,Asthma,76,2024-03-03,2024-03-23,20,No,,
DC02226,PT01275,DR006,Dr. Kavya Iyer,PEDIATRICS,Lung Cancer - Stage 2,82,2024-05-27,2024-05-29,2,No,,
DC02227,PT01878,DR010,Dr. Rohit Verma,ORTHOPEDICS,Stroke Recovery,29,2024-01-14,2024-01-24,10,No,,
DC02228,PT01201,DR007,Dr. Deepak Sharma,Gynecology,Hypertension,38,2024-05-25,2024-06-08,14,No,,
DC02229,PT00625,DR004,Dr. Rajan Mehta,Oncology,Knee Replacement,64,2024-03-26,2024-03-30,4,No,,
DC02230,PT01239,DR008,Dr. Anil Joshi,Emergency,Appendicitis,62,2024-09-14,2024-09-19,5,Yes,2024-09-29,10
DC02231,PT00629,DR004,Dr. Rajan Mehta,Oncology,Heart Attack,63,2024-03-28,2024-04-18,21,No,,
DC02232,PT01725,DR009,Dr. Meera Pillai,Cardiology,Stroke Recovery,73,2024-07-04,2024-07-05,1,No,,
DC02233,PT01178,DR001,Dr. Priya Nair,Cardiology,Cataract Surgery,53,2024-08-29,2024-09-19,21,No,,
DC02234,PT01414,DR001,Dr. Priya Nair,Cardiology,Knee Replacement,33,2024-03-11,2024-03-17,6,No,,
DC02235,PT00017,DR004,Dr. Rajan Mehta,Oncology,Knee Replacement,35,2024-11-20,2024-12-11,21,No,,
DC02236,PT00122,DR003,Dr. Aarti Deshmukh,Neurology,Asthma,25,2024-08-10,2024-08-11,1,No,,
DC02237,PT00063,DR009,Dr. Meera Pillai,Cardiology,Lung Cancer - Stage 2,67,2024-02-25,2024-02-26,1,No,,
DC02238,PT01317,DR008,Dr. Anil Joshi,Emergency,Chest Infection,49,2024-04-06,2024-04-11,5,No,,
DC02239,PT01893,DR007,Dr. Deepak Sharma,Gynecology,Heart Attack,32,2024-05-31,2024-06-05,5,No,,
DC02240,PT00966,DR003,Dr. Aarti Deshmukh,Neurology,Hernia Repair,20,2024-03-27,2024-04-13,17,No,,
DC02241,PT00184,DR008,Dr. Anil Joshi,Emergency,Heart Attack,45,2024-05-30,2024-06-05,6,No,,
DC02242,PT01235,DR002,Dr. Suresh Patil,Orthopedics,Dengue Fever,24,2024-02-12,2024-02-29,17,No,,
DC02243,PT00675,DR003,Dr. Aarti Deshmukh,NEUROLOGY,Heart Attack,43,2024-08-18,2024-08-29,11,No,,
DC02244,PT01878,DR001,Dr. Priya Nair,Cardiology,Knee Replacement,67,2024-04-12,2024-04-20,8,No,,
DC02245,PT00804,DR010,Dr. Rohit Verma,Orthopedics,Knee Replacement,24,2024-09-08,2024-09-24,16,No,,
DC02246,PT01373,DR004,Dr. Rajan Mehta,Oncology,Heart Attack,51,2024-08-06,2024-08-27,21,No,,
DC02247,PT00155,DR007,Dr. Deepak Sharma,Gynecology,Anemia,80,2024-09-22,2024-10-12,20,No,,
DC02248,PT00080,DR002,Dr. Suresh Patil,Orthopedics,Anemia,52,2024-06-27,2024-07-09,12,Yes,2024-08-05,27
DC02249,PT01783,DR001,Dr. Priya Nair,Cardiology,Cataract Surgery,28,2024-04-22,2024-05-10,18,No,,
DC02250,PT00596,DR010,Dr. Rohit Verma,Orthopedics,Cataract Surgery,41,2024-01-12,2024-01-28,16,No,,
DC02251,PT00509,DR007,Dr. Deepak Sharma,Gynecology,Knee Replacement,60,2024-04-11,2024-04-12,1,No,,
DC02252,PT00103,DR008,Dr. Anil Joshi,Emergency,Knee Replacement,49,2024-07-16,2024-07-30,14,Yes,2024-08-19,20
DC02253,PT00355,DR002,Dr. Suresh Patil,Orthopedics,Anemia,65,2024-08-10,2024-08-15,5,No,,
DC02254,PT01929,DR009,Dr. Meera Pillai,Cardiology,Fracture - Femur,35,2024-05-24,2024-05-30,6,Yes,2024-06-25,26
DC02255,PT01766,DR004,Dr. Rajan Mehta,Oncology,Migraine,67,2024-05-10,2024-05-15,5,No,,
DC02256,PT01875,DR005,Dr. Sunita Kulkarni,General Medicine,Lung Cancer - Stage 2,44,2024-06-02,2024-06-20,18,Yes,2024-06-26,6
DC02257,PT00691,DR009,Dr. Meera Pillai,Cardiology,Dengue Fever,26,2024-07-18,2024-07-19,1,No,,
DC02258,PT01129,DR007,Dr. Deepak Sharma,Gynecology,Fracture - Femur,73,2024-06-11,2024-07-02,21,No,,
DC02259,PT00635,DR006,Dr. Kavya Iyer,Pediatrics,Heart Attack,20,2024-08-23,2024-08-27,4,No,,
DC02260,PT00663,DR001,Dr. Priya Nair,Cardiology,Knee Replacement,78,2024-08-06,2024-08-16,10,Yes,2024-08-25,9
DC02261,PT01618,DR003,Dr. Aarti Deshmukh,Neurology,Hypertension,75,2024-03-18,2024-03-19,1,No,,
DC02262,PT01549,DR008,Dr. Anil Joshi,Emergency,Chest Infection,44,2024-09-24,2024-09-27,3,Yes,2024-10-24,27
DC02263,PT00905,DR007,Dr. Deepak Sharma,Gynecology,Heart Attack,68,2024-03-27,2024-04-04,8,No,,
DC02264,PT01126,DR007,Dr. Deepak Sharma,Gynecology,Diabetes Type 2,51,2024-04-03,2024-04-04,1,No,,
DC02265,PT00987,DR005,Dr. Sunita Kulkarni,General Medicine,Hypertension,62,2024-05-09,2024-05-29,20,No,,
DC02266,PT01226,DR003,Dr. Aarti Deshmukh,Neurology,Chest Infection,33,2024-02-13,2024-03-04,20,Yes,2024-03-28,24
DC02267,PT01969,DR003,Dr. Aarti Deshmukh,Neurology,Dengue Fever,33,2024-03-13,2024-03-28,15,No,,
DC02268,PT01582,DR005,Dr. Sunita Kulkarni,General Medicine,Appendicitis,46,2024-09-03,2024-09-19,16,No,,
DC02269,PT00111,DR003,Dr. Aarti Deshmukh,Neurology,Asthma,67,2024-08-25,2024-09-12,18,No,,
DC02270,PT01733,DR002,Dr. Suresh Patil,Orthopedics,Lung Cancer - Stage 2,58,2024-02-15,2024-02-23,8,No,,
DC02271,PT01073,DR006,Dr. Kavya Iyer,Pediatrics,Diabetes Type 2,40,2024-06-02,2024-06-05,3,Yes,2024-06-10,5
DC02272,PT01944,DR008,Dr. Anil Joshi,Emergency,Stroke Recovery,58,2024-08-01,2024-08-19,18,Yes,2024-08-29,10
DC02273,PT01900,DR008,Dr. Anil Joshi,Emergency,Appendicitis,60,2024-03-03,2024-03-07,4,No,,
DC02274,PT00979,DR004,Dr. Rajan Mehta,Oncology,Anemia,18,2024-06-04,2024-06-05,1,No,,
DC02275,PT00187,DR003,Dr. Aarti Deshmukh,Neurology,Lung Cancer - Stage 2,72,2024-01-11,2024-01-27,16,No,,
DC02276,PT01258,DR009,Dr. Meera Pillai,Cardiology,Appendicitis,63,2024-07-14,2024-07-24,10,Yes,2024-08-12,19
DC02277,PT01649,DR008,Dr. Anil Joshi,Emergency,Hernia Repair,74,2024-11-18,2024-11-28,10,No,,
DC02278,PT00938,DR004,Dr. Rajan Mehta,Oncology,Asthma,48,2024-07-07,2024-07-15,8,No,,
DC02279,PT00338,DR008,Dr. Anil Joshi,Emergency,Migraine,19,2024-07-08,2024-07-24,16,Yes,2024-08-20,27
DC02280,PT00404,DR006,Dr. Kavya Iyer,Pediatrics,Knee Replacement,37,2024-07-05,2024-07-08,3,Yes,2024-07-30,22
DC02281,PT00640,DR007,Dr. Deepak Sharma,Gynecology,Fracture - Femur,54,2024-01-29,2024-01-30,1,No,,
DC02282,PT00204,DR003,Dr. Aarti Deshmukh,Neurology,Migraine,76,2024-09-22,2024-09-23,1,Yes,2024-10-04,11
DC02283,PT00402,DR009,Dr. Meera Pillai,Cardiology,Appendicitis,29,2024-02-07,2024-02-09,2,Yes,2024-02-18,9
DC02284,PT01909,DR003,Dr. Aarti Deshmukh,Neurology,Hernia Repair,20,2024-08-17,2024-09-04,18,Yes,2024-09-30,26
DC02285,PT00836,DR004,Dr. Rajan Mehta,Oncology,Migraine,28,2024-10-12,2024-10-22,10,No,,
DC02286,PT00217,DR010,Dr. Rohit Verma,Orthopedics,Lung Cancer - Stage 2,54,2024-05-14,2024-05-29,15,No,,
DC02287,PT00510,DR003,Dr. Aarti Deshmukh,Neurology,Asthma,43,2024-02-02,2024-02-20,18,No,,
DC02288,PT00706,DR004,Dr. Rajan Mehta,Oncology,Anemia,42,2024-11-06,2024-11-14,8,No,,
DC02289,PT00170,DR008,Dr. Anil Joshi,Emergency,Cataract Surgery,48,2024-10-11,2024-10-24,13,Yes,2024-11-16,23
DC02290,PT01268,DR009,Dr. Meera Pillai,Cardiology,Asthma,83,2024-07-06,2024-07-20,14,No,,
DC02291,PT01438,DR004,Dr. Rajan Mehta,Oncology,Fracture - Femur,64,2024-11-01,2024-11-21,20,No,,
DC02292,PT00661,DR010,Dr. Rohit Verma,Orthopedics,Asthma,62,2024-07-27,2024-08-10,14,No,,
DC02293,PT01410,DR005,Dr. Sunita Kulkarni,General Medicine,Anemia,66,2024-08-31,2024-09-18,18,No,,
DC02294,PT00256,DR001,Dr. Priya Nair,Cardiology,Chest Infection,29,2024-02-29,2024-03-21,21,No,,
DC02295,PT00769,DR005,Dr. Sunita Kulkarni,General Medicine,Diabetes Type 2,36,2024-01-03,2024-01-09,6,No,,
DC02296,PT01718,DR006,Dr. Kavya Iyer,Pediatrics,Asthma,84,2024-08-31,2024-09-18,18,Yes,2024-10-08,20
DC02297,PT01488,DR008,Dr. Anil Joshi,Emergency,Stroke Recovery,74,2024-10-02,2024-10-08,6,No,,
DC02298,PT00074,DR007,Dr. Deepak Sharma,Gynecology,Knee Replacement,28,2024-07-06,2024-07-07,1,No,,
DC02299,PT00827,DR002,Dr. Suresh Patil,Orthopedics,Diabetes Type 2,25,2024-11-12,2024-11-30,18,No,,
DC02300,PT00771,DR010,Dr. Rohit Verma,Orthopedics,Dengue Fever,49,2024-05-01,2024-05-07,6,No,,
DC02301,PT00819,DR006,Dr. Kavya Iyer,Pediatrics,Asthma,28,2024-05-10,2024-05-12,2,No,,
DC02302,PT00184,DR003,Dr. Aarti Deshmukh,Neurology,Hypertension,39,2024-03-13,2024-03-28,15,No,,
DC02303,PT01370,DR002,Dr. Suresh Patil,Orthopedics,Dengue Fever,34,2024-10-31,2024-11-08,8,No,,
DC02304,PT00033,DR010,Dr. Rohit Verma,Orthopedics,Heart Attack,68,2024-06-20,2024-07-08,18,No,,
DC02305,PT00286,DR007,Dr. Deepak Sharma,Gynecology,Migraine,50,2024-08-07,2024-08-12,5,No,,
DC02306,PT01825,DR007,Dr. Deepak Sharma,Gynecology,Hernia Repair,20,2024-04-24,2024-05-13,19,No,,
DC02307,PT00418,DR004,Dr. Rajan Mehta,Oncology,Anemia,28,2024-11-17,2024-12-07,-1,No,,
DC02308,PT01688,DR004,Dr. Rajan Mehta,Oncology,Asthma,70,2024-08-29,2024-08-31,2,Yes,2024-09-28,28
DC02309,PT00147,DR005,Dr. Sunita Kulkarni,General Medicine,Diabetes Type 2,49,2024-08-22,2024-08-30,8,No,,
DC02310,PT00187,DR009,Dr. Meera Pillai,Cardiology,Dengue Fever,53,2024-05-11,2024-05-22,11,No,,
DC02311,PT00167,DR006,Dr. Kavya Iyer,Pediatrics,Knee Replacement,61,2024-05-03,2024-05-20,17,No,,
DC02312,PT01584,DR007,Dr. Deepak Sharma,Gynecology,Fracture - Femur,36,2024-02-08,2024-02-16,8,No,,
DC02313,PT01442,DR001,Dr. Priya Nair,Cardiology,Dengue Fever,31,2024-01-09,2024-01-17,8,Yes,2024-02-01,15
DC02314,PT01439,DR002,Dr. Suresh Patil,Orthopedics,Chest Infection,60,2024-04-26,2024-05-04,8,No,,
DC02315,PT01666,DR007,Dr. Deepak Sharma,Gynecology,Chest Infection,19,2024-01-21,2024-02-10,20,No,,
DC02316,PT01611,DR009,Dr. Meera Pillai,Cardiology,Dengue Fever,67,2024-04-23,2024-05-14,21,No,,
DC02317,PT01745,DR001,Dr. Priya Nair,Cardiology,Migraine,77,2024-01-30,2024-02-12,13,No,,
DC02318,PT01797,DR004,Dr. Rajan Mehta,Oncology,Lung Cancer - Stage 2,23,2024-07-28,2024-08-15,18,No,,
DC02319,PT00297,DR002,Dr. Suresh Patil,Orthopedics,Asthma,78,2024-09-09,2024-09-19,10,No,,
DC02320,PT00080,DR007,Dr. Deepak Sharma,Gynecology,Anemia,81,2024-10-06,2024-10-21,15,No,,
DC02321,PT00407,DR009,Dr. Meera Pillai,Cardiology,Appendicitis,80,2024-07-18,2024-08-05,18,No,,
DC02322,PT01325,DR003,Dr. Aarti Deshmukh,Neurology,Diabetes Type 2,83,2024-10-02,2024-10-03,1,No,,
DC02323,PT01240,DR009,Dr. Meera Pillai,Cardiology,Knee Replacement,65,2024-04-12,2024-04-28,16,Yes,2024-05-23,25
DC02324,PT00675,DR007,Dr. Deepak Sharma,Gynecology,Appendicitis,76,2024-09-14,2024-09-15,1,No,,
DC02325,PT00650,DR007,Dr. Deepak Sharma,Gynecology,Chest Infection,18,2024-03-31,2024-04-20,20,No,,
DC02326,PT00814,DR002,Dr. Suresh Patil,Orthopedics,Hypertension,73,2024-01-09,2024-01-18,9,No,,
DC02327,PT00005,DR001,Dr. Priya Nair,Cardiology,Diabetes Type 2,61,2024-10-15,2024-11-04,20,Yes,2024-11-26,22
DC02328,PT00810,DR005,Dr. Sunita Kulkarni,General Medicine,Hernia Repair,75,2024-08-02,2024-08-07,5,No,,
DC02329,PT00020,DR006,Dr. Kavya Iyer,Pediatrics,Dengue Fever,51,2024-05-05,2024-05-16,11,No,,
DC02330,PT01016,DR005,Dr. Sunita Kulkarni,General Medicine,Knee Replacement,54,2024-05-08,2024-05-23,15,No,,
DC02331,PT01191,DR006,Dr. Kavya Iyer,Pediatrics,Dengue Fever,72,2024-09-08,2024-09-18,10,No,,
DC02332,PT01688,DR006,Dr. Kavya Iyer,Pediatrics,Appendicitis,68,2024-04-18,2024-04-22,4,Yes,2024-05-01,9
DC02333,PT01207,DR005,Dr. Sunita Kulkarni,General Medicine,Asthma,79,2024-09-30,2024-10-19,19,No,,
DC02334,PT01871,DR008,Dr. Anil Joshi,Emergency,Knee Replacement,63,2024-08-08,2024-08-16,8,Yes,2024-09-05,20
DC02335,PT01404,DR009,Dr. Meera Pillai,Cardiology,Knee Replacement,57,2024-04-19,2024-04-23,4,Yes,2024-05-17,24
DC02336,PT00716,DR003,Dr. Aarti Deshmukh,Neurology,Hypertension,34,2024-01-06,2024-01-27,21,No,,
DC02337,PT00063,DR005,Dr. Sunita Kulkarni,General Medicine,Knee Replacement,23,2024-07-31,2024-08-19,19,No,,
DC02338,PT00773,DR008,Dr. Anil Joshi,Emergency,Asthma,74,2024-01-01,2024-01-20,19,No,,
DC02339,PT00892,DR002,Dr. Suresh Patil,Orthopedics,Appendicitis,33,2024-02-04,2024-02-12,8,No,,
DC02340,PT01357,DR009,Dr. Meera Pillai,Cardiology,Heart Attack,29,2024-09-23,2024-10-14,21,No,,
DC02341,PT01041,DR008,Dr. Anil Joshi,Emergency,Lung Cancer - Stage 2,48,2024-03-12,2024-03-18,6,No,,
DC02342,PT01659,DR005,Dr. Sunita Kulkarni,General Medicine,Lung Cancer - Stage 2,26,2024-06-08,2024-06-21,13,No,,
DC02343,PT01217,DR006,Dr. Kavya Iyer,PEDIATRICS,Cataract Surgery,28,2024-08-22,2024-08-25,3,No,,
DC02344,PT01436,DR005,Dr. Sunita Kulkarni,General Medicine,Asthma,64,2024-11-20,2024-11-23,3,No,,
DC02345,PT00148,DR009,Dr. Meera Pillai,Cardiology,Cataract Surgery,47,2024-04-21,2024-04-24,3,Yes,2024-05-23,29
DC02346,PT00970,DR001,Dr. Priya Nair,Cardiology,Lung Cancer - Stage 2,64,2024-10-25,2024-10-29,4,No,,
DC02347,PT00262,DR007,Dr. Deepak Sharma,Gynecology,Hypertension,83,2024-08-26,2024-09-08,13,No,,
DC02348,PT01524,DR001,Dr. Priya Nair,Cardiology,Asthma,22,2024-08-05,2024-08-15,10,No,,
DC02349,PT01989,DR005,Dr. Sunita Kulkarni,General Medicine,Lung Cancer - Stage 2,35,2024-06-26,2024-06-30,4,No,,
DC02350,PT01274,DR005,Dr. Sunita Kulkarni,General Medicine,Migraine,27,2024-03-22,2024-04-09,18,No,,
DC02351,PT00582,DR010,Dr. Rohit Verma,Orthopedics,Fracture - Femur,85,2024-03-24,2024-04-02,9,No,,
DC02352,PT01015,DR005,Dr. Sunita Kulkarni,General Medicine,Heart Attack,31,2024-10-09,2024-10-21,12,No,,
DC02353,PT01190,DR010,Dr. Rohit Verma,Orthopedics,Migraine,50,2024-04-11,2024-04-19,8,No,,
DC02354,PT01092,DR002,Dr. Suresh Patil,Orthopedics,Anemia,68,2024-09-07,2024-09-11,4,No,,
DC02355,PT01151,DR010,Dr. Rohit Verma,Orthopedics,Asthma,41,2024-03-10,2024-03-30,20,No,,
DC02356,PT00279,DR006,Dr. Kavya Iyer,Pediatrics,Fracture - Femur,63,2024-10-19,2024-11-03,15,No,,
DC02357,PT00857,DR004,Dr. Rajan Mehta,Oncology,Appendicitis,72,2024-09-12,2024-10-03,21,No,,
DC02358,PT00888,DR003,Dr. Aarti Deshmukh,Neurology,Dengue Fever,53,2024-05-25,2024-06-13,19,No,,
DC02359,PT00277,DR005,Dr. Sunita Kulkarni,General Medicine,Chest Infection,67,2024-06-14,2024-06-30,16,No,,
DC02360,PT00138,DR002,Dr. Suresh Patil,Orthopedics,Dengue Fever,49,2024-05-26,2024-06-12,17,No,,
DC02361,PT00430,DR010,Dr. Rohit Verma,Orthopedics,Dengue Fever,26,2024-08-08,2024-08-09,1,No,,
DC02362,PT01516,DR010,Dr. Rohit Verma,Orthopedics,Dengue Fever,27,2024-08-22,2024-09-07,16,No,,
DC02363,PT01427,DR010,Dr. Rohit Verma,Orthopedics,Appendicitis,22,2024-02-10,2024-02-19,9,No,,
DC02364,PT00173,DR009,Dr. Meera Pillai,Cardiology,Lung Cancer - Stage 2,66,2024-02-22,2024-02-27,5,Yes,2024-03-01,3
DC02365,PT00277,DR010,Dr. Rohit Verma,Orthopedics,Stroke Recovery,77,2024-03-30,2024-04-04,5,No,,
DC02366,PT00667,DR008,Dr. Anil Joshi,Emergency,Knee Replacement,73,2024-03-02,2024-03-19,17,Yes,2024-04-17,29
DC02367,PT00892,DR002,Dr. Suresh Patil,Orthopedics,Hernia Repair,27,2024-07-24,2024-08-13,20,No,,
DC02368,PT01452,DR010,Dr. Rohit Verma,Orthopedics,Lung Cancer - Stage 2,38,2024-06-25,2024-07-16,21,No,,
DC02369,PT01641,DR001,Dr. Priya Nair,Cardiology,Chest Infection,80,2024-06-09,2024-06-18,9,Yes,2024-07-13,25
DC02370,PT01145,DR009,Dr. Meera Pillai,Cardiology,Fracture - Femur,35,2024-05-01,2024-05-02,1,No,,
DC02371,PT01509,DR007,Dr. Deepak Sharma,Gynecology,Asthma,68,2024-05-06,2024-05-14,8,No,,
DC02372,PT01541,DR009,Dr. Meera Pillai,Cardiology,Hernia Repair,28,2024-03-23,2024-04-07,15,No,,
DC02373,PT01896,DR007,Dr. Deepak Sharma,Gynecology,Stroke Recovery,69,2024-03-03,2024-03-04,1,No,,
DC02374,PT00614,DR001,Dr. Priya Nair,Cardiology,Fracture - Femur,85,2024-09-09,2024-09-18,9,No,,
DC02375,PT00851,DR009,Dr. Meera Pillai,Cardiology,Knee Replacement,45,2024-01-06,2024-01-15,9,Yes,2024-02-03,19
DC02376,PT00232,DR008,Dr. Anil Joshi,Emergency,Migraine,39,2024-08-25,2024-09-04,10,No,,
DC02377,PT00388,DR008,Dr. Anil Joshi,Emergency,Anemia,38,2024-10-12,2024-10-28,16,Yes,2024-11-14,17
DC02378,PT01421,DR007,Dr. Deepak Sharma,Gynecology,Chest Infection,19,2024-01-30,2024-02-10,11,No,,
DC02379,PT00876,DR005,Dr. Sunita Kulkarni,General Medicine,Fracture - Femur,51,2024-01-25,2024-02-06,12,No,,
DC02380,PT01438,DR005,Dr. Sunita Kulkarni,General Medicine,Hypertension,45,2024-09-04,2024-09-25,21,No,,
DC02381,PT01048,DR010,Dr. Rohit Verma,Orthopedics,Stroke Recovery,85,2024-03-14,2024-03-19,5,Yes,2024-04-06,18
DC02382,PT00383,DR003,Dr. Aarti Deshmukh,Neurology,Cataract Surgery,52,2024-10-06,2024-10-10,4,Yes,2024-10-19,9
DC02383,PT01307,DR010,Dr. Rohit Verma,Orthopedics,Migraine,67,2024-05-06,2024-05-13,7,No,,
DC02384,PT00578,DR006,Dr. Kavya Iyer,Pediatrics,Lung Cancer - Stage 2,70,2024-10-24,2024-10-26,2,No,,
DC02385,PT01644,DR003,Dr. Aarti Deshmukh,Neurology,Migraine,30,2024-04-28,2024-05-02,4,No,,
DC02386,PT01376,DR005,Dr. Sunita Kulkarni,General Medicine,Fracture - Femur,49,2024-06-10,2024-06-27,17,No,,
DC02387,PT01375,DR003,Dr. Aarti Deshmukh,Neurology,Cataract Surgery,41,2024-09-18,2024-09-24,6,No,,
DC02388,PT01189,DR008,Dr. Anil Joshi,Emergency,Fracture - Femur,48,2024-08-21,2024-09-06,16,Yes,2024-10-05,29
DC02389,PT00642,DR001,Dr. Priya Nair,Cardiology,Fracture - Femur,35,2024-08-12,2024-08-14,2,Yes,2024-09-03,20
DC02390,PT01782,DR007,Dr. Deepak Sharma,GYNECOLOGY,Migraine,49,2024-04-28,2024-05-11,13,No,,
DC02391,PT00613,DR007,Dr. Deepak Sharma,Gynecology,Diabetes Type 2,50,2024-03-07,2024-03-10,3,No,,
DC02392,PT01311,DR003,Dr. Aarti Deshmukh,Neurology,Anemia,71,2024-11-30,2024-12-21,21,No,,
DC02393,PT00248,DR010,Dr. Rohit Verma,Orthopedics,Hernia Repair,37,2024-05-11,2024-05-30,19,No,,
DC02394,PT00242,DR009,Dr. Meera Pillai,Cardiology,Chest Infection,40,2024-09-15,2024-09-17,2,Yes,2024-10-10,23
DC02395,PT00341,DR002,Dr. Suresh Patil,Orthopedics,Asthma,19,2024-11-25,2024-12-13,18,No,,
DC02396,PT00317,DR001,Dr. Priya Nair,Cardiology,Diabetes Type 2,47,2024-10-08,2024-10-18,10,No,,
DC02397,PT01582,DR010,Dr. Rohit Verma,Orthopedics,Anemia,58,2024-01-28,2024-02-11,14,No,,
DC02398,PT00853,DR006,Dr. Kavya Iyer,Pediatrics,Anemia,71,2024-06-06,2024-06-18,12,No,,
DC02399,PT00015,DR006,Dr. Kavya Iyer,Pediatrics,Stroke Recovery,69,2024-08-09,2024-08-10,1,No,,
DC02400,PT00018,DR010,Dr. Rohit Verma,Orthopedics,Anemia,30,2024-07-05,2024-07-11,6,No,,
DC02401,PT00267,DR003,Dr. Aarti Deshmukh,Neurology,Dengue Fever,54,2024-04-05,2024-04-13,8,No,,
DC02402,PT00854,DR002,Dr. Suresh Patil,Orthopedics,Asthma,35,2024-08-13,2024-08-20,7,No,,
DC02403,PT01375,DR007,Dr. Deepak Sharma,Gynecology,Fracture - Femur,18,2024-11-30,2024-12-09,9,No,,
DC02404,PT00615,DR008,Dr. Anil Joshi,Emergency,Migraine,67,2024-11-27,2024-12-11,14,No,,
DC02405,PT00770,DR001,Dr. Priya Nair,Cardiology,Fracture - Femur,53,2024-02-14,2024-02-19,5,No,,
DC02406,PT01375,DR008,Dr. Anil Joshi,Emergency,Appendicitis,21,2024-07-02,2024-07-07,5,No,,
DC02407,PT01560,DR008,Dr. Anil Joshi,Emergency,Diabetes Type 2,42,2024-09-29,2024-10-01,2,No,,
DC02408,PT01651,DR005,Dr. Sunita Kulkarni,General Medicine,Asthma,31,2024-05-02,2024-05-17,15,Yes,2024-05-29,12
DC02409,PT00778,DR001,Dr. Priya Nair,Cardiology,Dengue Fever,21,2024-07-24,2024-07-26,2,No,,
DC02410,PT00930,DR006,Dr. Kavya Iyer,PEDIATRICS,Migraine,27,2024-03-15,2024-03-21,6,No,,
DC02411,PT00624,DR009,Dr. Meera Pillai,Cardiology,Diabetes Type 2,43,2024-09-18,2024-10-07,19,Yes,2024-10-30,23
DC02412,PT01609,DR007,Dr. Deepak Sharma,Gynecology,Anemia,72,2024-05-19,2024-05-24,5,No,,
DC02413,PT01121,DR010,Dr. Rohit Verma,Orthopedics,Diabetes Type 2,61,2024-05-01,2024-05-12,11,No,,
DC02414,PT00333,DR008,Dr. Anil Joshi,Emergency,Knee Replacement,32,2024-10-08,2024-10-24,16,No,,
DC02415,PT01483,DR005,Dr. Sunita Kulkarni,General Medicine,Hernia Repair,41,2024-08-25,2024-09-07,13,No,,
DC02416,PT01667,DR008,Dr. Anil Joshi,Emergency,Hypertension,70,2024-10-31,2024-11-10,10,Yes,2024-11-26,16
DC02417,PT00834,DR005,Dr. Sunita Kulkarni,General Medicine,Diabetes Type 2,51,2024-09-22,2024-09-26,4,No,,
DC02418,PT01186,DR002,Dr. Suresh Patil,Orthopedics,Knee Replacement,72,2024-10-27,2024-11-04,8,No,,
DC02419,PT01510,DR003,Dr. Aarti Deshmukh,Neurology,Dengue Fever,83,2024-08-17,2024-09-06,20,Yes,2024-10-05,29
DC02420,PT01531,DR001,Dr. Priya Nair,Cardiology,Dengue Fever,49,2024-08-10,2024-08-26,16,No,,
DC02421,PT01278,DR007,Dr. Deepak Sharma,Gynecology,Chest Infection,67,2024-04-17,2024-05-02,15,No,,
DC02422,PT01478,DR003,Dr. Aarti Deshmukh,Neurology,Fracture - Femur,28,2024-06-03,2024-06-23,20,No,,
DC02423,PT01381,DR006,Dr. Kavya Iyer,Pediatrics,Hernia Repair,46,2024-01-01,2024-01-12,11,Yes,2024-02-04,23
DC02424,PT01790,DR001,Dr. Priya Nair,Cardiology,Cataract Surgery,72,2024-02-22,2024-03-03,10,No,,
DC02425,PT00170,DR009,Dr. Meera Pillai,Cardiology,Asthma,41,2024-10-14,2024-10-31,17,No,,
DC02426,PT00608,DR009,Dr. Meera Pillai,Cardiology,Dengue Fever,66,2024-02-02,2024-02-10,8,Yes,2024-02-19,9
DC02427,PT00810,DR007,Dr. Deepak Sharma,Gynecology,Migraine,56,2024-05-06,2024-05-25,19,Yes,2024-05-30,5
DC02428,PT01039,DR005,Dr. Sunita Kulkarni,General Medicine,Heart Attack,80,2024-09-23,2024-09-29,6,No,,
DC02429,PT00381,DR003,Dr. Aarti Deshmukh,Neurology,Fracture - Femur,37,2024-01-27,2024-01-30,3,No,,
DC02430,PT01710,DR010,Dr. Rohit Verma,Orthopedics,Asthma,49,2024-07-15,2024-07-22,7,No,,
DC02431,PT00412,DR006,Dr. Kavya Iyer,Pediatrics,Diabetes Type 2,76,2024-08-25,2024-08-26,1,No,,
DC02432,PT00225,DR008,Dr. Anil Joshi,Emergency,Hypertension,68,2024-04-14,2024-04-29,15,Yes,2024-05-12,13
DC02433,PT00877,DR010,Dr. Rohit Verma,Orthopedics,Cataract Surgery,48,2024-05-20,2024-05-31,11,No,,
DC02434,PT00333,DR008,Dr. Anil Joshi,Emergency,Knee Replacement,74,2024-05-22,2024-05-31,9,No,,
DC02435,PT00917,DR010,Dr. Rohit Verma,Orthopedics,Heart Attack,29,2024-03-09,2024-03-11,2,No,,
DC02436,PT00344,DR004,Dr. Rajan Mehta,Oncology,Fracture - Femur,64,2024-11-08,2024-11-14,6,No,,
DC02437,PT00841,DR006,Dr. Kavya Iyer,Pediatrics,Hypertension,21,2024-07-13,2024-07-27,14,No,,
DC02438,PT01915,DR007,Dr. Deepak Sharma,Gynecology,Chest Infection,62,2024-02-18,2024-02-21,3,No,,
DC02439,PT00211,DR009,Dr. Meera Pillai,Cardiology,Asthma,71,2024-01-29,2024-01-31,2,No,,
DC02440,PT01560,DR008,Dr. Anil Joshi,EMERGENCY,Fracture - Femur,31,2024-04-05,2024-04-26,21,Yes,2024-05-12,16
DC02441,PT01476,DR004,Dr. Rajan Mehta,Oncology,Anemia,72,2024-01-18,2024-01-19,1,No,,
DC02442,PT01085,DR003,Dr. Aarti Deshmukh,Neurology,Migraine,32,2024-05-04,2024-05-18,14,Yes,2024-06-11,24
DC02443,PT00928,DR003,Dr. Aarti Deshmukh,Neurology,Hernia Repair,,2024-02-03,2024-02-22,19,No,,
DC02444,PT01257,DR002,Dr. Suresh Patil,Orthopedics,Appendicitis,71,2024-06-18,2024-06-21,3,No,,
DC02445,PT00669,DR004,Dr. Rajan Mehta,Oncology,Chest Infection,20,2024-08-29,2024-08-31,2,No,,
DC02446,PT01856,DR001,Dr. Priya Nair,Cardiology,Cataract Surgery,24,2024-04-05,2024-04-06,1,No,,
DC02447,PT00030,DR002,Dr. Suresh Patil,Orthopedics,Heart Attack,85,2024-10-05,2024-10-20,15,No,,
DC02448,PT00384,DR010,Dr. Rohit Verma,Orthopedics,Dengue Fever,46,2024-05-14,2024-05-19,5,No,,
DC02449,PT01324,DR004,Dr. Rajan Mehta,Oncology,Lung Cancer - Stage 2,44,2024-11-07,2024-11-13,6,No,,
DC02450,PT00408,DR001,Dr. Priya Nair,Cardiology,Knee Replacement,43,2024-06-18,2024-07-05,17,Yes,2024-07-08,3
DC02451,PT00287,DR008,Dr. Anil Joshi,Emergency,Cataract Surgery,19,2024-08-04,2024-08-23,19,No,,
DC02452,PT01342,DR005,Dr. Sunita Kulkarni,General Medicine,Lung Cancer - Stage 2,47,2024-09-11,2024-10-02,21,Yes,2024-10-25,23
DC02453,PT01720,DR008,Dr. Anil Joshi,Emergency,Cataract Surgery,19,2024-11-23,2024-12-11,18,No,,
DC02454,PT00985,DR009,Dr. Meera Pillai,Cardiology,Lung Cancer - Stage 2,43,2024-06-22,2024-06-29,7,No,,
DC02455,PT01590,DR008,Dr. Anil Joshi,Emergency,Anemia,76,2024-06-01,2024-06-09,8,Yes,2024-06-14,5
DC02456,PT00094,DR004,Dr. Rajan Mehta,Oncology,Stroke Recovery,44,2024-07-23,2024-07-26,3,No,,
DC02457,PT00045,DR006,Dr. Kavya Iyer,Pediatrics,Hypertension,65,2024-04-22,2024-04-30,8,No,,
DC02458,PT01638,DR008,Dr. Anil Joshi,Emergency,Anemia,75,2024-05-27,2024-06-08,12,No,,
DC02459,PT01819,DR004,Dr. Rajan Mehta,Oncology,Hypertension,,2024-05-05,2024-05-14,9,No,,
DC02460,PT00484,DR003,Dr. Aarti Deshmukh,Neurology,Cataract Surgery,34,2024-03-06,2024-03-19,13,No,,
DC02461,PT00267,DR003,Dr. Aarti Deshmukh,Neurology,Dengue Fever,20,2024-06-03,2024-06-04,1,No,,
DC02462,PT00008,DR003,Dr. Aarti Deshmukh,Neurology,Dengue Fever,51,2024-05-01,2024-05-21,20,No,,
DC02463,PT00857,DR008,Dr. Anil Joshi,Emergency,Hernia Repair,63,2024-10-12,2024-10-31,19,No,,
DC02464,PT01382,DR009,Dr. Meera Pillai,Cardiology,Asthma,26,2024-02-16,2024-03-02,15,Yes,2024-03-06,4
DC02465,PT01149,DR005,Dr. Sunita Kulkarni,General Medicine,Lung Cancer - Stage 2,31,2024-03-29,2024-04-04,6,No,,
DC02466,PT01579,DR004,Dr. Rajan Mehta,Oncology,Cataract Surgery,25,2024-04-27,2024-04-29,2,No,,
DC02467,PT00769,DR001,Dr. Priya Nair,Cardiology,Stroke Recovery,43,2024-01-15,2024-01-20,5,No,,
DC02468,PT00375,DR001,Dr. Priya Nair,Cardiology,Knee Replacement,63,2024-01-13,2024-01-28,15,Yes,2024-01-31,3
DC02469,PT01217,DR004,Dr. Rajan Mehta,Oncology,Diabetes Type 2,18,2024-09-18,2024-10-02,14,No,,
DC02470,PT00545,DR004,Dr. Rajan Mehta,Oncology,Anemia,,2024-09-02,2024-09-12,10,No,,
DC02471,PT00722,DR010,Dr. Rohit Verma,Orthopedics,Appendicitis,70,2024-03-08,2024-03-24,16,No,,
DC02472,PT00783,DR004,Dr. Rajan Mehta,Oncology,Cataract Surgery,59,2024-11-20,2024-11-26,6,No,,
DC02473,PT00995,DR005,Dr. Sunita Kulkarni,General Medicine,Anemia,47,2024-10-07,2024-10-10,-1,No,,
DC02474,PT01991,DR008,Dr. Anil Joshi,Emergency,Chest Infection,57,2024-07-20,2024-08-09,20,Yes,2024-08-21,12
DC02475,PT00481,DR010,Dr. Rohit Verma,Orthopedics,Anemia,57,2024-10-14,2024-10-30,16,No,,
DC02476,PT01476,DR008,Dr. Anil Joshi,Emergency,Diabetes Type 2,50,2024-09-20,2024-10-09,19,No,,
DC02477,PT01623,DR009,Dr. Meera Pillai,Cardiology,Heart Attack,82,2024-11-17,2024-12-05,18,No,,
DC02478,PT01117,DR006,Dr. Kavya Iyer,Pediatrics,Knee Replacement,24,2024-02-05,2024-02-10,5,Yes,2024-02-22,12
DC02479,PT01822,DR006,Dr. Kavya Iyer,Pediatrics,Heart Attack,63,2024-02-17,2024-02-29,12,No,,
DC02480,PT00065,DR004,Dr. Rajan Mehta,Oncology,Hernia Repair,84,2024-03-10,2024-03-14,4,No,,
DC02481,PT01366,DR009,Dr. Meera Pillai,Cardiology,Migraine,84,2024-10-08,2024-10-26,18,Yes,2024-11-23,28
DC02482,PT00018,DR003,Dr. Aarti Deshmukh,Neurology,Heart Attack,23,2024-02-05,2024-02-19,14,No,,
DC02483,PT00418,DR007,Dr. Deepak Sharma,Gynecology,Hernia Repair,52,2024-03-15,2024-03-20,5,No,,
DC02484,PT00746,DR007,Dr. Deepak Sharma,Gynecology,Diabetes Type 2,75,2024-07-05,2024-07-21,16,No,,
DC02485,PT01743,DR002,Dr. Suresh Patil,Orthopedics,Fracture - Femur,53,2024-03-08,2024-03-23,15,No,,
DC02486,PT00381,DR008,Dr. Anil Joshi,Emergency,Hypertension,51,2024-06-29,2024-07-18,19,No,,
DC02487,PT00646,DR004,Dr. Rajan Mehta,Oncology,Appendicitis,82,2024-01-29,2024-02-12,-1,No,,
DC02488,PT01482,DR008,Dr. Anil Joshi,Emergency,Lung Cancer - Stage 2,26,2024-01-03,2024-01-23,20,No,,
DC02489,PT01878,DR001,Dr. Priya Nair,Cardiology,Hypertension,31,2024-08-17,2024-08-20,3,Yes,2024-09-01,12
DC02490,PT00399,DR003,Dr. Aarti Deshmukh,Neurology,Chest Infection,83,2024-09-17,2024-09-30,13,No,,
DC02491,PT01985,DR002,Dr. Suresh Patil,Orthopedics,Lung Cancer - Stage 2,57,2024-09-25,2024-10-05,10,No,,
DC02492,PT00140,DR003,Dr. Aarti Deshmukh,Neurology,Lung Cancer - Stage 2,70,2024-03-30,2024-04-04,5,No,,
DC02493,PT01611,DR009,Dr. Meera Pillai,Cardiology,Knee Replacement,38,2024-03-02,2024-03-18,16,No,,
DC02494,PT01144,DR007,Dr. Deepak Sharma,Gynecology,Appendicitis,36,2024-08-15,2024-09-01,17,No,,
DC02495,PT00881,DR008,Dr. Anil Joshi,Emergency,Appendicitis,55,2024-07-08,2024-07-27,19,No,,
DC02496,PT01687,DR009,Dr. Meera Pillai,Cardiology,Chest Infection,74,2024-06-20,2024-07-09,19,No,,
DC02497,PT01271,DR008,Dr. Anil Joshi,Emergency,Heart Attack,84,2024-03-08,2024-03-18,10,No,,
DC02498,PT00408,DR004,Dr. Rajan Mehta,Oncology,Fracture - Femur,76,2024-11-18,2024-12-06,18,No,,
DC02499,PT00907,DR004,Dr. Rajan Mehta,Oncology,Knee Replacement,32,2024-07-16,2024-08-02,17,No,,
DC02500,PT00456,DR007,Dr. Deepak Sharma,Gynecology,Lung Cancer - Stage 2,68,2024-01-25,2024-02-10,16,No,,
DC02501,PT01378,DR009,Dr. Meera Pillai,Cardiology,Knee Replacement,57,2024-01-15,2024-01-31,16,No,,
DC02502,PT00837,DR003,Dr. Aarti Deshmukh,Neurology,Heart Attack,49,2024-05-22,2024-05-25,3,No,,
DC02503,PT00223,DR003,Dr. Aarti Deshmukh,Neurology,Stroke Recovery,28,2024-02-07,2024-02-17,10,No,,
DC02504,PT01742,DR005,Dr. Sunita Kulkarni,General Medicine,Migraine,50,2024-06-24,2024-06-28,4,No,,
DC02505,PT00116,DR009,Dr. Meera Pillai,Cardiology,Cataract Surgery,34,2024-07-14,2024-08-03,20,No,,
DC02506,PT01590,DR002,Dr. Suresh Patil,Orthopedics,Chest Infection,35,2024-10-30,2024-11-09,10,No,,
DC02507,PT01060,DR004,Dr. Rajan Mehta,Oncology,Chest Infection,25,2024-03-10,2024-03-25,15,No,,
DC02508,PT00564,DR010,Dr. Rohit Verma,Orthopedics,Hernia Repair,55,2024-09-02,2024-09-15,13,No,,
DC02509,PT01713,DR001,Dr. Priya Nair,Cardiology,Stroke Recovery,40,2024-03-08,2024-03-18,10,Yes,2024-03-30,12
DC02510,PT01203,DR003,Dr. Aarti Deshmukh,Neurology,Migraine,76,2024-02-10,2024-02-14,4,Yes,2024-02-28,14
DC02511,PT00028,DR010,Dr. Rohit Verma,Orthopedics,Hypertension,78,2024-02-18,2024-02-24,6,No,,
DC02512,PT01102,DR005,Dr. Sunita Kulkarni,General Medicine,Cataract Surgery,74,2024-01-09,2024-01-15,6,No,,
DC02513,PT00187,DR006,Dr. Kavya Iyer,Pediatrics,Knee Replacement,80,2024-02-29,2024-03-03,3,No,,
DC02514,PT00707,DR007,Dr. Deepak Sharma,Gynecology,Heart Attack,70,2024-02-16,2024-02-28,12,No,,
DC02515,PT01371,DR007,Dr. Deepak Sharma,Gynecology,Asthma,20,2024-06-22,2024-07-13,-1,No,,
DC02516,PT01531,DR007,Dr. Deepak Sharma,Gynecology,Cataract Surgery,62,2024-03-22,2024-04-08,17,No,,
DC02517,PT01000,DR005,Dr. Sunita Kulkarni,General Medicine,Dengue Fever,26,2024-03-28,2024-04-15,18,No,,
DC02518,PT01567,DR002,Dr. Suresh Patil,Orthopedics,Hernia Repair,47,2024-04-13,2024-04-27,14,No,,
DC02519,PT01945,DR002,Dr. Suresh Patil,Orthopedics,Diabetes Type 2,24,2024-03-13,2024-03-29,16,No,,
DC02520,PT01802,DR009,Dr. Meera Pillai,Cardiology,Migraine,20,2024-04-14,2024-05-03,19,Yes,2024-05-24,21
DC02521,PT00082,DR004,Dr. Rajan Mehta,Oncology,Stroke Recovery,32,2024-08-31,2024-09-19,-1,No,,
DC02522,PT01262,DR008,Dr. Anil Joshi,Emergency,Appendicitis,72,2024-08-12,2024-08-14,2,Yes,2024-08-17,3
DC02523,PT00656,DR008,Dr. Anil Joshi,Emergency,Fracture - Femur,29,2024-08-05,2024-08-26,21,Yes,2024-08-29,3
DC02524,PT00090,DR006,Dr. Kavya Iyer,Pediatrics,Lung Cancer - Stage 2,71,2024-03-20,2024-04-07,18,No,,
DC02525,PT01032,DR006,Dr. Kavya Iyer,Pediatrics,Diabetes Type 2,51,2024-08-14,2024-08-24,10,No,,
DC02526,PT01906,DR009,Dr. Meera Pillai,Cardiology,Hernia Repair,41,2024-03-07,2024-03-18,11,No,,
DC02527,PT00468,DR008,Dr. Anil Joshi,Emergency,Stroke Recovery,25,2024-05-05,2024-05-23,18,No,,
DC02528,PT01231,DR009,Dr. Meera Pillai,Cardiology,Dengue Fever,44,2024-01-23,2024-02-02,10,No,,
DC02529,PT00221,DR001,Dr. Priya Nair,Cardiology,Chest Infection,63,2024-11-01,2024-11-22,21,Yes,2024-12-20,28
DC02530,PT01054,DR007,Dr. Deepak Sharma,Gynecology,Anemia,73,2024-08-27,2024-08-31,4,No,,
DC02531,PT00462,DR009,Dr. Meera Pillai,Cardiology,Knee Replacement,41,2024-02-24,2024-02-26,2,Yes,2024-03-19,22
DC02532,PT01233,DR003,Dr. Aarti Deshmukh,Neurology,Diabetes Type 2,62,2024-07-14,2024-08-01,18,No,,
DC02533,PT01721,DR010,Dr. Rohit Verma,Orthopedics,Lung Cancer - Stage 2,42,2024-08-24,2024-09-13,20,No,,
DC02534,PT01991,DR005,Dr. Sunita Kulkarni,General Medicine,Cataract Surgery,19,2024-07-19,2024-08-08,20,No,,
DC02535,PT00073,DR004,Dr. Rajan Mehta,Oncology,Cataract Surgery,37,2024-04-29,2024-05-16,17,No,,
DC02536,PT01293,DR003,Dr. Aarti Deshmukh,Neurology,Knee Replacement,45,2024-05-02,2024-05-14,12,No,,
DC02537,PT01418,DR001,Dr. Priya Nair,Cardiology,Chest Infection,58,2024-11-09,2024-11-14,5,Yes,2024-11-19,5
DC02538,PT01097,DR008,Dr. Anil Joshi,Emergency,Knee Replacement,69,2024-01-24,2024-02-07,14,No,,
DC02539,PT00998,DR008,Dr. Anil Joshi,Emergency,Anemia,33,2024-09-15,2024-10-01,16,Yes,2024-10-04,3
DC02540,PT00432,DR010,Dr. Rohit Verma,Orthopedics,Fracture - Femur,23,2024-03-08,2024-03-09,1,No,,
DC02541,PT01041,DR010,Dr. Rohit Verma,Orthopedics,Anemia,74,2024-07-11,2024-07-23,12,No,,
DC02542,PT00497,DR007,Dr. Deepak Sharma,Gynecology,Fracture - Femur,73,2024-11-23,2024-11-24,1,No,,
DC02543,PT00734,DR001,Dr. Priya Nair,Cardiology,Hypertension,27,2024-04-21,2024-05-08,17,No,,
DC02544,PT01793,DR009,Dr. Meera Pillai,Cardiology,Anemia,63,2024-01-02,2024-01-05,-1,No,,
DC02545,PT01541,DR006,Dr. Kavya Iyer,Pediatrics,Heart Attack,65,2024-09-29,2024-10-06,7,No,,
DC02546,PT01137,DR005,Dr. Sunita Kulkarni,General Medicine,Migraine,60,2024-04-04,2024-04-15,11,No,,
DC02547,PT01505,DR008,Dr. Anil Joshi,Emergency,Anemia,75,2024-06-03,2024-06-10,7,No,,
DC02548,PT00383,DR006,Dr. Kavya Iyer,Pediatrics,Fracture - Femur,33,2024-10-19,2024-11-05,17,No,,
DC02549,PT00474,DR006,Dr. Kavya Iyer,Pediatrics,Knee Replacement,42,2024-05-13,2024-05-27,14,No,,
DC02550,PT00672,DR010,Dr. Rohit Verma,Orthopedics,Cataract Surgery,51,2024-10-24,2024-10-25,1,No,,
DC02551,PT01906,DR004,Dr. Rajan Mehta,Oncology,Cataract Surgery,83,2024-10-20,2024-10-31,11,Yes,2024-11-26,26
DC02552,PT00573,DR005,Dr. Sunita Kulkarni,General Medicine,Cataract Surgery,57,2024-07-04,2024-07-20,16,No,,
DC02553,PT01291,DR002,Dr. Suresh Patil,Orthopedics,Knee Replacement,69,2024-03-20,2024-04-07,18,No,,
DC02554,PT01792,DR009,Dr. Meera Pillai,Cardiology,Knee Replacement,73,2024-02-22,2024-02-24,2,Yes,2024-03-10,15
DC02555,PT00088,DR001,Dr. Priya Nair,Cardiology,Heart Attack,61,2024-08-22,2024-08-30,8,No,,
DC02556,PT00722,DR008,Dr. Anil Joshi,Emergency,Hypertension,54,2024-11-26,2024-12-06,10,No,,
DC02557,PT00572,DR004,Dr. Rajan Mehta,Oncology,Migraine,61,2024-01-10,2024-01-16,6,No,,
DC02558,PT01694,DR006,Dr. Kavya Iyer,Pediatrics,Cataract Surgery,46,2024-08-15,2024-08-22,7,No,,
DC02559,PT01114,DR006,Dr. Kavya Iyer,Pediatrics,Chest Infection,68,2024-01-23,2024-01-28,5,No,,
DC02560,PT00225,DR005,Dr. Sunita Kulkarni,General Medicine,Migraine,45,2024-05-01,2024-05-12,11,No,,
DC02561,PT00835,DR010,Dr. Rohit Verma,Orthopedics,Hernia Repair,38,2024-03-03,2024-03-18,15,No,,
DC02562,PT01267,DR009,Dr. Meera Pillai,Cardiology,Hernia Repair,44,2024-09-14,2024-10-04,20,No,,
DC02563,PT00707,DR003,Dr. Aarti Deshmukh,Neurology,Fracture - Femur,77,2024-09-04,2024-09-11,7,No,,
DC02564,PT00617,DR005,Dr. Sunita Kulkarni,General Medicine,Anemia,20,2024-09-10,2024-09-28,18,No,,
DC02565,PT00103,DR010,Dr. Rohit Verma,Orthopedics,Hypertension,61,2024-02-01,2024-02-07,6,No,,
DC02566,PT01776,DR008,Dr. Anil Joshi,Emergency,Stroke Recovery,20,2024-02-26,2024-03-04,7,Yes,2024-04-01,28
DC02567,PT00504,DR006,Dr. Kavya Iyer,Pediatrics,Lung Cancer - Stage 2,47,2024-01-22,2024-02-03,-1,No,,
DC02568,PT01992,DR002,Dr. Suresh Patil,Orthopedics,Appendicitis,64,2024-05-22,2024-06-06,15,No,,
DC02569,PT01831,DR004,Dr. Rajan Mehta,Oncology,Stroke Recovery,66,2024-09-12,2024-09-15,3,No,,
DC02570,PT01810,DR002,Dr. Suresh Patil,Orthopedics,Hernia Repair,59,2024-05-27,2024-06-09,13,No,,
DC02571,PT00422,DR003,Dr. Aarti Deshmukh,Neurology,Migraine,68,2024-03-26,2024-03-27,1,No,,
DC02572,PT00061,DR002,Dr. Suresh Patil,Orthopedics,Dengue Fever,79,2024-02-10,2024-02-25,15,No,,
DC02573,PT01735,DR005,Dr. Sunita Kulkarni,General Medicine,Fracture - Femur,19,2024-11-23,2024-11-25,2,No,,
DC02574,PT01879,DR001,Dr. Priya Nair,Cardiology,Diabetes Type 2,60,2024-08-19,2024-09-04,16,No,,
DC02575,PT01216,DR001,Dr. Priya Nair,CARDIOLOGY,Dengue Fever,46,2024-04-01,2024-04-08,7,No,,
DC02576,PT00037,DR008,Dr. Anil Joshi,Emergency,Heart Attack,71,2024-11-18,2024-11-19,1,No,,
DC02577,PT00658,DR003,Dr. Aarti Deshmukh,Neurology,Fracture - Femur,49,2024-04-15,2024-05-04,19,No,,
DC02578,PT01214,DR009,Dr. Meera Pillai,Cardiology,Hernia Repair,28,2024-03-22,2024-03-27,-1,No,,
DC02579,PT00885,DR003,Dr. Aarti Deshmukh,Neurology,Asthma,52,2024-05-29,2024-06-07,9,No,,
DC02580,PT01001,DR001,Dr. Priya Nair,Cardiology,Stroke Recovery,54,2024-05-13,2024-05-14,1,No,,
DC02581,PT00091,DR003,Dr. Aarti Deshmukh,Neurology,Asthma,55,2024-08-21,2024-09-11,21,No,,
DC02582,PT01756,DR010,Dr. Rohit Verma,Orthopedics,Diabetes Type 2,53,2024-07-13,2024-07-25,12,No,,
DC02583,PT00113,DR010,Dr. Rohit Verma,Orthopedics,Asthma,81,2024-06-10,2024-06-15,5,No,,
DC02584,PT00920,DR003,Dr. Aarti Deshmukh,Neurology,Chest Infection,42,2024-02-01,2024-02-21,20,No,,
DC02585,PT00045,DR003,Dr. Aarti Deshmukh,NEUROLOGY,Hypertension,41,2024-08-01,2024-08-19,18,No,,
DC02586,PT01045,DR005,Dr. Sunita Kulkarni,General Medicine,Chest Infection,32,2024-03-23,2024-04-10,18,No,,
DC02587,PT00916,DR006,Dr. Kavya Iyer,Pediatrics,Hernia Repair,36,2024-03-17,2024-03-25,8,No,,
DC02588,PT00232,DR002,Dr. Suresh Patil,Orthopedics,Anemia,18,2024-07-30,2024-08-05,6,No,,
DC02589,PT01625,DR006,Dr. Kavya Iyer,Pediatrics,Diabetes Type 2,68,2024-05-04,2024-05-06,2,No,,
DC02590,PT00835,DR005,Dr. Sunita Kulkarni,General Medicine,Asthma,80,2024-11-09,2024-11-25,16,Yes,2024-11-28,3
DC02591,PT00730,DR006,Dr. Kavya Iyer,Pediatrics,Chest Infection,50,2024-03-10,2024-03-26,16,No,,
DC02592,PT01197,DR006,Dr. Kavya Iyer,Pediatrics,Migraine,,2024-09-05,2024-09-17,12,No,,
DC02593,PT01730,DR010,Dr. Rohit Verma,Orthopedics,Hypertension,56,2024-08-10,2024-08-21,11,No,,
DC02594,PT00301,DR005,Dr. Sunita Kulkarni,General Medicine,Hypertension,84,2024-11-10,2024-11-27,17,No,,
DC02595,PT00222,DR009,Dr. Meera Pillai,Cardiology,Hernia Repair,19,2024-08-15,2024-08-17,2,No,,
DC02596,PT00026,DR001,Dr. Priya Nair,Cardiology,Appendicitis,23,2024-02-16,2024-03-05,18,Yes,2024-03-09,4
DC02597,PT01844,DR008,Dr. Anil Joshi,Emergency,Fracture - Femur,32,2024-06-11,2024-06-17,6,No,,
DC02598,PT00323,DR005,Dr. Sunita Kulkarni,General Medicine,Heart Attack,63,2024-05-23,2024-06-02,10,No,,
DC02599,PT00935,DR009,Dr. Meera Pillai,Cardiology,Cataract Surgery,30,2024-09-19,2024-10-08,19,No,,
DC02600,PT01198,DR008,Dr. Anil Joshi,Emergency,Fracture - Femur,57,2024-07-04,2024-07-08,4,Yes,2024-08-02,25
DC02601,PT00325,DR002,Dr. Suresh Patil,Orthopedics,Knee Replacement,,2024-01-01,2024-01-08,7,No,,
DC02602,PT00660,DR003,Dr. Aarti Deshmukh,Neurology,Cataract Surgery,49,2024-05-03,2024-05-09,6,Yes,2024-05-31,22
DC02603,PT00070,DR005,Dr. Sunita Kulkarni,General Medicine,Migraine,45,2024-02-21,2024-03-08,16,No,,
DC02604,PT01797,DR008,Dr. Anil Joshi,Emergency,Diabetes Type 2,70,2024-09-18,2024-09-28,10,No,,
DC02605,PT01330,DR005,Dr. Sunita Kulkarni,General Medicine,Dengue Fever,44,2024-01-27,2024-02-17,21,No,,
DC02606,PT01815,DR007,Dr. Deepak Sharma,Gynecology,Heart Attack,78,2024-01-19,2024-01-31,12,No,,
DC02607,PT00146,DR006,Dr. Kavya Iyer,Pediatrics,Hernia Repair,70,2024-07-30,2024-08-15,16,No,,
DC02608,PT01090,DR003,Dr. Aarti Deshmukh,Neurology,Appendicitis,30,2024-04-29,2024-04-30,1,No,,
DC02609,PT01619,DR004,Dr. Rajan Mehta,Oncology,Anemia,53,2024-08-12,2024-08-31,-1,No,,
DC02610,PT00726,DR005,Dr. Sunita Kulkarni,General Medicine,Migraine,65,2024-09-09,2024-09-21,12,Yes,2024-10-20,29
DC02611,PT01920,DR003,Dr. Aarti Deshmukh,Neurology,Knee Replacement,27,2024-11-07,2024-11-26,19,No,,
DC02612,PT01287,DR001,Dr. Priya Nair,Cardiology,Dengue Fever,28,2024-02-04,2024-02-23,19,No,,
DC02613,PT01078,DR003,Dr. Aarti Deshmukh,Neurology,Hernia Repair,32,2024-09-06,2024-09-21,15,No,,
DC02614,PT01298,DR009,Dr. Meera Pillai,Cardiology,Fracture - Femur,33,2024-07-22,2024-08-05,14,Yes,2024-08-30,25
DC02615,PT01490,DR005,Dr. Sunita Kulkarni,General Medicine,Lung Cancer - Stage 2,66,2024-02-25,2024-03-08,12,No,,
DC02616,PT01805,DR008,Dr. Anil Joshi,Emergency,Cataract Surgery,85,2024-06-20,2024-07-10,20,Yes,2024-07-30,20
DC02617,PT01942,DR002,Dr. Suresh Patil,Orthopedics,Anemia,41,2024-01-08,2024-01-12,4,No,,
DC02618,PT00649,DR008,Dr. Anil Joshi,Emergency,Cataract Surgery,39,2024-04-06,2024-04-17,11,No,,
DC02619,PT01960,DR005,Dr. Sunita Kulkarni,General Medicine,Hernia Repair,28,2024-11-17,2024-12-06,19,No,,
DC02620,PT00294,DR008,Dr. Anil Joshi,Emergency,Lung Cancer - Stage 2,63,2024-01-29,2024-02-07,9,No,,
DC02621,PT00365,DR010,Dr. Rohit Verma,Orthopedics,Hypertension,40,2024-05-01,2024-05-18,17,No,,
DC02622,PT00380,DR010,Dr. Rohit Verma,Orthopedics,Dengue Fever,46,2024-03-08,2024-03-21,13,No,,
DC02623,PT01227,DR006,Dr. Kavya Iyer,Pediatrics,Diabetes Type 2,28,2024-02-05,2024-02-12,7,No,,
DC02624,PT01947,DR007,Dr. Deepak Sharma,Gynecology,Diabetes Type 2,50,2024-06-28,2024-07-16,18,No,,
DC02625,PT01109,DR008,Dr. Anil Joshi,Emergency,Heart Attack,38,2024-05-31,2024-06-06,6,Yes,2024-06-26,20
DC02626,PT01431,DR004,Dr. Rajan Mehta,Oncology,Knee Replacement,62,2024-11-15,2024-12-01,16,No,,
DC02627,PT00907,DR002,Dr. Suresh Patil,Orthopedics,Heart Attack,52,2024-10-01,2024-10-04,3,No,,
DC02628,PT01308,DR008,Dr. Anil Joshi,Emergency,Asthma,31,2024-05-16,2024-06-02,17,No,,
DC02629,PT01571,DR006,Dr. Kavya Iyer,Pediatrics,Knee Replacement,73,2024-10-30,2024-11-15,16,No,,
DC02630,PT01539,DR007,Dr. Deepak Sharma,Gynecology,Anemia,37,2024-06-11,2024-06-15,4,No,,
DC02631,PT01406,DR009,Dr. Meera Pillai,Cardiology,Hernia Repair,37,2024-07-23,2024-08-12,20,No,,
DC02632,PT01699,DR001,Dr. Priya Nair,Cardiology,Stroke Recovery,68,2024-11-13,2024-11-17,4,Yes,2024-11-24,7
DC02633,PT00208,DR008,Dr. Anil Joshi,Emergency,Hypertension,55,2024-06-02,2024-06-03,1,No,,
DC02634,PT00962,DR004,Dr. Rajan Mehta,Oncology,Fracture - Femur,24,2024-06-02,2024-06-19,17,No,,
DC02635,PT00263,DR001,Dr. Priya Nair,Cardiology,Fracture - Femur,79,2024-05-03,2024-05-22,19,No,,
DC02636,PT01979,DR002,Dr. Suresh Patil,Orthopedics,Appendicitis,58,2024-03-07,2024-03-26,19,No,,
DC02637,PT00981,DR002,Dr. Suresh Patil,Orthopedics,Dengue Fever,73,2024-07-21,2024-08-06,16,No,,
DC02638,PT00788,DR001,Dr. Priya Nair,Cardiology,Appendicitis,61,2024-05-16,2024-06-03,18,No,,
DC02639,PT01108,DR005,Dr. Sunita Kulkarni,General Medicine,Migraine,52,2024-11-19,2024-11-29,10,No,,
DC02640,PT01263,DR009,Dr. Meera Pillai,Cardiology,Anemia,63,2024-07-25,2024-08-04,10,Yes,2024-08-20,16
DC02641,PT00219,DR003,Dr. Aarti Deshmukh,Neurology,Appendicitis,81,2024-06-17,2024-06-23,6,No,,
DC02642,PT00487,DR002,Dr. Suresh Patil,Orthopedics,Chest Infection,58,2024-07-07,2024-07-13,6,No,,
DC02643,PT00436,DR003,Dr. Aarti Deshmukh,Neurology,Diabetes Type 2,66,2024-02-10,2024-02-15,5,No,,
DC02644,PT00049,DR007,Dr. Deepak Sharma,Gynecology,Stroke Recovery,85,2024-06-01,2024-06-12,11,No,,
DC02645,PT00993,DR002,Dr. Suresh Patil,Orthopedics,Hypertension,66,2024-05-27,2024-06-08,12,No,,
DC02646,PT01879,DR004,Dr. Rajan Mehta,Oncology,Lung Cancer - Stage 2,41,2024-03-31,2024-04-10,10,No,,
DC02647,PT00972,DR001,Dr. Priya Nair,Cardiology,Cataract Surgery,35,2024-01-09,2024-01-20,11,No,,
DC02648,PT01972,DR003,Dr. Aarti Deshmukh,Neurology,Chest Infection,33,2024-09-30,2024-10-13,13,No,,
DC02649,PT01124,DR005,Dr. Sunita Kulkarni,General Medicine,Heart Attack,51,2024-09-13,2024-09-28,15,No,,
DC02650,PT00240,DR003,Dr. Aarti Deshmukh,Neurology,Diabetes Type 2,78,2024-07-11,2024-07-16,5,No,,
DC02651,PT00068,DR001,Dr. Priya Nair,Cardiology,Appendicitis,46,2024-02-18,2024-02-22,4,No,,
DC02652,PT01368,DR008,Dr. Anil Joshi,Emergency,Migraine,19,2024-05-25,2024-06-12,18,Yes,2024-07-07,25
DC02653,PT00492,DR006,Dr. Kavya Iyer,Pediatrics,Hernia Repair,50,2024-09-21,2024-10-12,21,No,,
DC02654,PT01988,DR009,Dr. Meera Pillai,Cardiology,Lung Cancer - Stage 2,75,2024-07-19,2024-07-21,2,No,,
DC02655,PT01070,DR002,Dr. Suresh Patil,Orthopedics,Chest Infection,73,2024-06-16,2024-06-27,11,No,,
DC02656,PT01627,DR005,Dr. Sunita Kulkarni,GENERAL MEDICINE,Fracture - Femur,32,2024-11-26,2024-12-07,11,No,,
DC02657,PT00657,DR009,Dr. Meera Pillai,Cardiology,Lung Cancer - Stage 2,84,2024-07-20,2024-08-01,12,No,,
DC02658,PT00694,DR008,Dr. Anil Joshi,Emergency,Diabetes Type 2,64,2024-08-17,2024-08-31,14,Yes,2024-09-29,29
DC02659,PT00554,DR001,Dr. Priya Nair,Cardiology,Anemia,77,2024-05-18,2024-06-02,15,No,,
DC02660,PT00050,DR010,Dr. Rohit Verma,Orthopedics,Hernia Repair,,2024-03-12,2024-03-28,16,No,,
DC02661,PT01760,DR005,Dr. Sunita Kulkarni,General Medicine,Migraine,24,2024-07-11,2024-07-20,9,No,,
DC02662,PT00885,DR002,Dr. Suresh Patil,Orthopedics,Anemia,75,2024-09-25,2024-10-06,11,No,,
DC02663,PT00235,DR007,Dr. Deepak Sharma,Gynecology,Lung Cancer - Stage 2,22,2024-03-25,2024-04-15,21,No,,
DC02664,PT01076,DR003,Dr. Aarti Deshmukh,Neurology,Migraine,50,2024-11-05,2024-11-16,11,No,,
DC02665,PT01929,DR002,Dr. Suresh Patil,Orthopedics,Asthma,64,2024-03-11,2024-03-15,4,No,,
DC02666,PT01152,DR002,Dr. Suresh Patil,Orthopedics,Migraine,50,2024-08-30,2024-09-18,19,No,,
DC02667,PT00208,DR008,Dr. Anil Joshi,Emergency,Fracture - Femur,24,2024-01-14,2024-01-27,13,No,,
DC02668,PT00126,DR002,Dr. Suresh Patil,Orthopedics,Dengue Fever,66,2024-11-20,2024-11-28,8,No,,
DC02669,PT01416,DR007,Dr. Deepak Sharma,Gynecology,Heart Attack,51,2024-06-22,2024-06-25,3,No,,
DC02670,PT00377,DR010,Dr. Rohit Verma,Orthopedics,Appendicitis,62,2024-10-19,2024-10-21,2,No,,
DC02671,PT01194,DR003,Dr. Aarti Deshmukh,Neurology,Appendicitis,41,2024-08-30,2024-09-03,4,No,,
DC02672,PT00605,DR008,Dr. Anil Joshi,Emergency,Appendicitis,49,2024-01-30,2024-02-16,17,No,,
DC02673,PT00861,DR001,Dr. Priya Nair,Cardiology,Hypertension,76,2024-09-06,2024-09-25,19,No,,
DC02674,PT01673,DR007,Dr. Deepak Sharma,Gynecology,Anemia,52,2024-06-28,2024-07-11,13,No,,
DC02675,PT00696,DR010,Dr. Rohit Verma,Orthopedics,Stroke Recovery,82,2024-05-06,2024-05-15,9,No,,
DC02676,PT00257,DR003,Dr. Aarti Deshmukh,Neurology,Hypertension,72,2024-11-09,2024-11-24,15,No,,
DC02677,PT01841,DR006,Dr. Kavya Iyer,Pediatrics,Heart Attack,71,2024-11-11,2024-11-22,11,No,,
DC02678,PT00443,DR004,Dr. Rajan Mehta,Oncology,Lung Cancer - Stage 2,48,2024-03-03,2024-03-08,5,No,,
DC02679,PT00494,DR008,Dr. Anil Joshi,Emergency,Chest Infection,71,2024-04-05,2024-04-18,13,No,,
DC02680,PT00784,DR010,Dr. Rohit Verma,Orthopedics,Diabetes Type 2,51,2024-04-06,2024-04-26,20,No,,
DC02681,PT00802,DR007,Dr. Deepak Sharma,Gynecology,Cataract Surgery,45,2024-02-15,2024-02-28,13,No,,
DC02682,PT00311,DR003,Dr. Aarti Deshmukh,Neurology,Chest Infection,59,2024-03-01,2024-03-07,6,No,,
DC02683,PT00368,DR005,Dr. Sunita Kulkarni,General Medicine,Appendicitis,66,2024-11-20,2024-11-22,2,No,,
DC02684,PT01079,DR006,Dr. Kavya Iyer,PEDIATRICS,Chest Infection,22,2024-05-19,2024-05-25,6,No,,
DC02685,PT01250,DR007,Dr. Deepak Sharma,Gynecology,Hypertension,51,2024-01-29,2024-02-14,16,No,,
DC02686,PT00822,DR002,Dr. Suresh Patil,Orthopedics,Cataract Surgery,41,2024-09-06,2024-09-21,15,No,,
DC02687,PT00149,DR002,Dr. Suresh Patil,Orthopedics,Stroke Recovery,73,2024-06-02,2024-06-20,18,No,,
DC02688,PT00231,DR001,Dr. Priya Nair,Cardiology,Stroke Recovery,35,2024-04-05,2024-04-07,2,Yes,2024-04-10,3
DC02689,PT00170,DR006,Dr. Kavya Iyer,Pediatrics,Dengue Fever,57,2024-11-17,2024-11-28,11,No,,
DC02690,PT00513,DR001,Dr. Priya Nair,Cardiology,Heart Attack,54,2024-01-03,2024-01-23,20,Yes,2024-02-04,12
DC02691,PT00144,DR002,Dr. Suresh Patil,Orthopedics,Dengue Fever,77,2024-07-10,2024-07-27,17,No,,
DC02692,PT01934,DR007,Dr. Deepak Sharma,Gynecology,Heart Attack,23,2024-04-28,2024-05-07,9,No,,
DC02693,PT00075,DR001,Dr. Priya Nair,Cardiology,Chest Infection,47,2024-08-24,2024-08-30,6,No,,
DC02694,PT01040,DR003,Dr. Aarti Deshmukh,Neurology,Stroke Recovery,70,2024-04-22,2024-04-26,4,No,,
DC02695,PT00851,DR009,Dr. Meera Pillai,Cardiology,Diabetes Type 2,57,2024-08-27,2024-09-07,11,No,,
DC02696,PT01466,DR004,Dr. Rajan Mehta,Oncology,Stroke Recovery,30,2024-06-25,2024-06-30,5,No,,
DC02697,PT00345,DR005,Dr. Sunita Kulkarni,General Medicine,Cataract Surgery,68,2024-09-10,2024-09-20,10,No,,
DC02698,PT00272,DR008,Dr. Anil Joshi,Emergency,Diabetes Type 2,63,2024-10-09,2024-10-21,12,No,,
DC02699,PT01456,DR010,Dr. Rohit Verma,Orthopedics,Fracture - Femur,20,2024-11-02,2024-11-17,15,No,,
DC02700,PT01049,DR007,Dr. Deepak Sharma,Gynecology,Cataract Surgery,46,2024-08-29,2024-09-18,20,No,,
DC02701,PT00617,DR010,Dr. Rohit Verma,Orthopedics,Dengue Fever,41,2024-06-17,2024-07-03,16,Yes,2024-07-07,4
DC02702,PT00620,DR009,Dr. Meera Pillai,Cardiology,Cataract Surgery,51,2024-02-19,2024-02-23,4,No,,
DC02703,PT01737,DR010,Dr. Rohit Verma,Orthopedics,Heart Attack,27,2024-04-26,2024-05-04,8,No,,
DC02704,PT00592,DR010,Dr. Rohit Verma,Orthopedics,Knee Replacement,35,2024-04-20,2024-05-01,11,No,,
DC02705,PT00091,DR005,Dr. Sunita Kulkarni,General Medicine,Diabetes Type 2,41,2024-08-25,2024-09-07,13,No,,
DC02706,PT01935,DR002,Dr. Suresh Patil,Orthopedics,Hernia Repair,18,2024-01-04,2024-01-12,8,No,,
DC02707,PT00086,DR005,Dr. Sunita Kulkarni,General Medicine,Hypertension,77,2024-04-26,2024-05-16,20,No,,
DC02708,PT01862,DR009,Dr. Meera Pillai,Cardiology,Hypertension,22,2024-08-11,2024-08-31,20,Yes,2024-09-29,29
DC02709,PT01325,DR009,Dr. Meera Pillai,Cardiology,Knee Replacement,32,2024-02-05,2024-02-25,20,Yes,2024-03-11,15
DC02710,PT00131,DR009,Dr. Meera Pillai,Cardiology,Chest Infection,71,2024-01-11,2024-01-14,3,No,,
DC02711,PT01684,DR001,Dr. Priya Nair,Cardiology,Dengue Fever,81,2024-11-09,2024-11-21,12,No,,
DC02712,PT00152,DR004,Dr. Rajan Mehta,Oncology,Lung Cancer - Stage 2,61,2024-04-23,2024-04-26,3,No,,
DC02713,PT01198,DR004,Dr. Rajan Mehta,Oncology,Dengue Fever,37,2024-03-09,2024-03-26,17,No,,
DC02714,PT00497,DR005,Dr. Sunita Kulkarni,General Medicine,Cataract Surgery,72,2024-09-01,2024-09-07,6,No,,
DC02715,PT01563,DR004,Dr. Rajan Mehta,Oncology,Dengue Fever,58,2024-02-18,2024-03-03,14,No,,
DC02716,PT00906,DR004,Dr. Rajan Mehta,Oncology,Hypertension,35,2024-10-05,2024-10-21,16,No,,
DC02717,PT01538,DR001,Dr. Priya Nair,Cardiology,Hypertension,54,2024-03-25,2024-04-06,12,Yes,2024-05-01,25
DC02718,PT01956,DR007,Dr. Deepak Sharma,Gynecology,Asthma,64,2024-08-20,2024-09-03,14,No,,
DC02719,PT01449,DR006,Dr. Kavya Iyer,Pediatrics,Migraine,32,2024-04-22,2024-04-28,6,No,,
DC02720,PT00892,DR005,Dr. Sunita Kulkarni,General Medicine,Lung Cancer - Stage 2,43,2024-02-25,2024-03-05,-1,Yes,2024-03-10,5
DC02721,PT01901,DR009,Dr. Meera Pillai,Cardiology,Knee Replacement,48,2024-05-10,2024-05-11,1,Yes,2024-05-19,8
DC02722,PT00634,DR004,Dr. Rajan Mehta,Oncology,Appendicitis,65,2024-05-19,2024-05-29,10,No,,
DC02723,PT01332,DR001,Dr. Priya Nair,Cardiology,Appendicitis,58,2024-08-06,2024-08-25,19,No,,
DC02724,PT00039,DR007,Dr. Deepak Sharma,Gynecology,Appendicitis,70,2024-06-03,2024-06-13,10,No,,
DC02725,PT01183,DR003,Dr. Aarti Deshmukh,Neurology,Heart Attack,19,2024-04-28,2024-04-30,2,No,,
DC02726,PT01184,DR003,Dr. Aarti Deshmukh,Neurology,Cataract Surgery,55,2024-10-01,2024-10-10,9,No,,
DC02727,PT01723,DR003,Dr. Aarti Deshmukh,NEUROLOGY,Hernia Repair,36,2024-11-12,2024-11-29,17,No,,
DC02728,PT01402,DR005,Dr. Sunita Kulkarni,General Medicine,Lung Cancer - Stage 2,19,2024-01-16,2024-01-18,2,Yes,2024-01-31,13
DC02729,PT00991,DR008,Dr. Anil Joshi,Emergency,Dengue Fever,73,2024-01-26,2024-02-03,8,No,,
DC02730,PT00276,DR003,Dr. Aarti Deshmukh,Neurology,Hernia Repair,70,2024-02-28,2024-03-12,13,No,,
DC02731,PT00886,DR010,Dr. Rohit Verma,Orthopedics,Fracture - Femur,47,2024-10-25,2024-11-09,15,No,,
DC02732,PT01982,DR004,Dr. Rajan Mehta,Oncology,Hernia Repair,34,2024-07-03,2024-07-19,16,No,,
DC02733,PT00260,DR007,Dr. Deepak Sharma,Gynecology,Hypertension,54,2024-07-03,2024-07-18,15,No,,
DC02734,PT00049,DR001,Dr. Priya Nair,Cardiology,Diabetes Type 2,57,2024-07-07,2024-07-17,10,No,,
DC02735,PT00482,DR008,Dr. Anil Joshi,Emergency,Asthma,52,2024-10-18,2024-11-05,18,No,,
DC02736,PT01656,DR004,Dr. Rajan Mehta,Oncology,Knee Replacement,24,2024-09-22,2024-10-08,16,No,,
DC02737,PT00139,DR008,Dr. Anil Joshi,Emergency,Anemia,35,2024-04-30,2024-05-05,5,No,,
DC02738,PT01475,DR006,Dr. Kavya Iyer,Pediatrics,Fracture - Femur,40,2024-04-27,2024-05-03,6,No,,
DC02739,PT00076,DR002,Dr. Suresh Patil,Orthopedics,Fracture - Femur,36,2024-07-02,2024-07-12,10,No,,
DC02740,PT01957,DR004,Dr. Rajan Mehta,Oncology,Knee Replacement,28,2024-01-31,2024-02-20,20,No,,
DC02741,PT01272,DR001,Dr. Priya Nair,Cardiology,Heart Attack,84,2024-08-02,2024-08-05,3,Yes,2024-08-18,13
DC02742,PT01047,DR006,Dr. Kavya Iyer,Pediatrics,Fracture - Femur,35,2024-04-10,2024-04-11,1,No,,
DC02743,PT00596,DR009,Dr. Meera Pillai,Cardiology,Lung Cancer - Stage 2,28,2024-09-02,2024-09-17,15,Yes,2024-10-05,18
DC02744,PT00100,DR010,Dr. Rohit Verma,Orthopedics,Knee Replacement,74,2024-03-03,2024-03-11,8,Yes,2024-03-30,19
DC02745,PT01864,DR004,Dr. Rajan Mehta,Oncology,Diabetes Type 2,54,2024-08-11,2024-08-30,19,No,,
DC02746,PT00176,DR009,Dr. Meera Pillai,Cardiology,Anemia,75,2024-02-26,2024-03-09,12,No,,
DC02747,PT00761,DR002,Dr. Suresh Patil,Orthopedics,Chest Infection,30,2024-02-01,2024-02-06,5,No,,
DC02748,PT00285,DR002,Dr. Suresh Patil,Orthopedics,Dengue Fever,64,2024-06-04,2024-06-08,4,No,,
DC02749,PT00182,DR009,Dr. Meera Pillai,CARDIOLOGY,Asthma,62,2024-11-08,2024-11-09,1,No,,
DC02750,PT00399,DR003,Dr. Aarti Deshmukh,Neurology,Chest Infection,59,2024-04-23,2024-05-05,12,No,,
DC02751,PT00371,DR001,Dr. Priya Nair,Cardiology,Migraine,20,2024-06-15,2024-06-29,14,Yes,2024-07-15,16
DC02752,PT00005,DR010,Dr. Rohit Verma,Orthopedics,Knee Replacement,80,2024-03-13,2024-03-25,12,No,,
DC02753,PT00913,DR002,Dr. Suresh Patil,Orthopedics,Hypertension,30,2024-07-18,2024-07-19,1,No,,
DC02754,PT00459,DR003,Dr. Aarti Deshmukh,Neurology,Knee Replacement,49,2024-04-18,2024-04-24,6,No,,
DC02755,PT01869,DR005,Dr. Sunita Kulkarni,General Medicine,Chest Infection,60,2024-04-16,2024-04-30,14,No,,
DC02756,PT01807,DR002,Dr. Suresh Patil,Orthopedics,Hernia Repair,68,2024-03-29,2024-04-01,3,No,,
DC02757,PT00784,DR003,Dr. Aarti Deshmukh,Neurology,Knee Replacement,80,2024-04-26,2024-05-16,20,No,,
DC02758,PT01172,DR007,Dr. Deepak Sharma,Gynecology,Heart Attack,66,2024-01-26,2024-02-15,20,No,,
DC02759,PT00163,DR001,Dr. Priya Nair,Cardiology,Chest Infection,21,2024-02-18,2024-03-01,12,No,,
DC02760,PT01088,DR002,Dr. Suresh Patil,Orthopedics,Appendicitis,61,2024-07-08,2024-07-15,7,No,,
DC02761,PT01585,DR006,Dr. Kavya Iyer,Pediatrics,Asthma,37,2024-04-12,2024-05-03,21,No,,
DC02762,PT00487,DR005,Dr. Sunita Kulkarni,General Medicine,Knee Replacement,60,2024-11-29,2024-12-08,9,Yes,2024-12-13,5
DC02763,PT01399,DR009,Dr. Meera Pillai,Cardiology,Hypertension,51,2024-01-28,2024-02-11,14,No,,
DC02764,PT00916,DR008,Dr. Anil Joshi,Emergency,Migraine,45,2024-10-28,2024-11-16,19,No,,
DC02765,PT01336,DR007,Dr. Deepak Sharma,Gynecology,Heart Attack,39,2024-05-16,2024-06-05,20,No,,
DC02766,PT01266,DR010,Dr. Rohit Verma,Orthopedics,Dengue Fever,19,2024-07-29,2024-08-15,17,No,,
DC02767,PT00395,DR001,Dr. Priya Nair,Cardiology,Hypertension,75,2024-06-12,2024-06-22,10,No,,
DC02768,PT01266,DR005,Dr. Sunita Kulkarni,General Medicine,Lung Cancer - Stage 2,40,2024-03-13,2024-03-31,18,No,,
DC02769,PT00691,DR006,Dr. Kavya Iyer,Pediatrics,Diabetes Type 2,68,2024-03-22,2024-04-04,13,No,,
DC02770,PT01100,DR003,Dr. Aarti Deshmukh,Neurology,Hernia Repair,76,2024-08-12,2024-08-18,6,No,,
DC02771,PT01141,DR007,Dr. Deepak Sharma,Gynecology,Appendicitis,34,2024-01-10,2024-01-16,6,No,,
DC02772,PT00240,DR003,Dr. Aarti Deshmukh,Neurology,Lung Cancer - Stage 2,19,2024-01-31,2024-02-10,10,No,,
DC02773,PT00984,DR007,Dr. Deepak Sharma,Gynecology,Hypertension,32,2024-11-11,2024-11-27,16,No,,
DC02774,PT01065,DR007,Dr. Deepak Sharma,Gynecology,Lung Cancer - Stage 2,77,2024-01-12,2024-01-21,9,No,,
DC02775,PT01114,DR007,Dr. Deepak Sharma,Gynecology,Migraine,81,2024-07-25,2024-08-04,10,No,,
DC02776,PT00550,DR004,Dr. Rajan Mehta,Oncology,Hypertension,34,2024-02-08,2024-02-13,5,No,,
DC02777,PT00515,DR004,Dr. Rajan Mehta,Oncology,Diabetes Type 2,19,2024-09-15,2024-10-01,16,No,,
DC02778,PT01677,DR003,Dr. Aarti Deshmukh,Neurology,Cataract Surgery,70,2024-03-16,2024-03-19,3,No,,
DC02779,PT00356,DR003,Dr. Aarti Deshmukh,Neurology,Lung Cancer - Stage 2,55,2024-01-05,2024-01-22,17,No,,
DC02780,PT01088,DR004,Dr. Rajan Mehta,Oncology,Lung Cancer - Stage 2,35,2024-02-10,2024-02-24,14,No,,
DC02781,PT00273,DR009,Dr. Meera Pillai,Cardiology,Fracture - Femur,21,2024-05-21,2024-05-31,10,Yes,2024-06-06,6
DC02782,PT00867,DR001,Dr. Priya Nair,Cardiology,Hernia Repair,41,2024-04-15,2024-05-04,19,No,,
DC02783,PT01639,DR006,Dr. Kavya Iyer,Pediatrics,Anemia,51,2024-01-20,2024-02-02,13,No,,
DC02784,PT01517,DR002,Dr. Suresh Patil,Orthopedics,Knee Replacement,82,2024-11-10,2024-11-29,19,No,,
DC02785,PT00062,DR006,Dr. Kavya Iyer,Pediatrics,Anemia,75,2024-05-05,2024-05-06,1,No,,
DC02786,PT00410,DR006,Dr. Kavya Iyer,Pediatrics,Hypertension,47,2024-09-11,2024-09-27,16,No,,
DC02787,PT01273,DR004,Dr. Rajan Mehta,Oncology,Hernia Repair,64,2024-08-27,2024-09-11,15,No,,
DC02788,PT00092,DR010,Dr. Rohit Verma,Orthopedics,Migraine,49,2024-06-10,2024-07-01,21,No,,
DC02789,PT01392,DR004,Dr. Rajan Mehta,Oncology,Stroke Recovery,68,2024-06-16,2024-06-17,1,No,,
DC02790,PT00447,DR009,Dr. Meera Pillai,Cardiology,Dengue Fever,59,2024-01-11,2024-01-17,6,No,,
DC02791,PT00970,DR009,Dr. Meera Pillai,Cardiology,Hypertension,50,2024-07-20,2024-08-02,13,No,,
DC02792,PT01661,DR008,Dr. Anil Joshi,Emergency,Migraine,83,2024-10-07,2024-10-20,13,No,,
DC02793,PT00648,DR002,Dr. Suresh Patil,Orthopedics,Knee Replacement,30,2024-09-02,2024-09-04,2,No,,
DC02794,PT01947,DR004,Dr. Rajan Mehta,Oncology,Migraine,59,2024-09-11,2024-09-12,1,No,,
DC02795,PT00559,DR002,Dr. Suresh Patil,Orthopedics,Hernia Repair,46,2024-05-22,2024-05-28,6,No,,
DC02796,PT00044,DR010,Dr. Rohit Verma,Orthopedics,Lung Cancer - Stage 2,39,2024-03-04,2024-03-12,8,No,,
DC02797,PT00070,DR002,Dr. Suresh Patil,Orthopedics,Asthma,33,2024-01-05,2024-01-09,4,No,,
DC02798,PT01502,DR003,Dr. Aarti Deshmukh,Neurology,Asthma,71,2024-10-04,2024-10-08,4,No,,
DC02799,PT01329,DR009,Dr. Meera Pillai,Cardiology,Diabetes Type 2,68,2024-01-18,2024-02-08,21,No,,
DC02800,PT01602,DR003,Dr. Aarti Deshmukh,Neurology,Appendicitis,52,2024-04-07,2024-04-17,10,No,,
DC02801,PT01012,DR007,Dr. Deepak Sharma,Gynecology,Anemia,50,2024-03-10,2024-03-21,11,No,,
DC02802,PT00248,DR002,Dr. Suresh Patil,Orthopedics,Appendicitis,35,2024-01-12,2024-01-13,1,No,,
DC02803,PT01798,DR008,Dr. Anil Joshi,Emergency,Appendicitis,40,2024-03-03,2024-03-22,19,Yes,2024-04-12,21
DC02804,PT00700,DR006,Dr. Kavya Iyer,Pediatrics,Hernia Repair,56,2024-07-03,2024-07-18,15,No,,
DC02805,PT00785,DR007,Dr. Deepak Sharma,Gynecology,Fracture - Femur,69,2024-02-17,2024-02-20,3,No,,
DC02806,PT01243,DR004,Dr. Rajan Mehta,Oncology,Migraine,39,2024-10-13,2024-10-26,13,No,,
DC02807,PT01198,DR004,Dr. Rajan Mehta,Oncology,Cataract Surgery,61,2024-11-24,2024-12-09,15,No,,
DC02808,PT00980,DR006,Dr. Kavya Iyer,Pediatrics,Diabetes Type 2,59,2024-04-20,2024-04-23,3,No,,
DC02809,PT01998,DR004,Dr. Rajan Mehta,Oncology,Hernia Repair,50,2024-09-25,2024-10-14,19,No,,
DC02810,PT01304,DR001,Dr. Priya Nair,Cardiology,Fracture - Femur,62,2024-10-26,2024-11-04,9,Yes,2024-11-13,9
DC02811,PT01802,DR007,Dr. Deepak Sharma,Gynecology,Lung Cancer - Stage 2,59,2024-07-27,2024-08-02,6,Yes,2024-08-23,21
DC02812,PT00013,DR007,Dr. Deepak Sharma,Gynecology,Migraine,,2024-05-16,2024-05-31,15,Yes,2024-06-13,13
DC02813,PT00026,DR002,Dr. Suresh Patil,Orthopedics,Cataract Surgery,59,2024-07-28,2024-07-29,1,No,,
DC02814,PT01754,DR008,Dr. Anil Joshi,Emergency,Asthma,47,2024-02-02,2024-02-07,5,No,,
DC02815,PT00741,DR008,Dr. Anil Joshi,Emergency,Appendicitis,73,2024-09-22,2024-10-04,12,Yes,2024-10-26,22
DC02816,PT01751,DR010,Dr. Rohit Verma,Orthopedics,Asthma,58,2024-10-29,2024-10-31,2,No,,
DC02817,PT01801,DR002,Dr. Suresh Patil,Orthopedics,Appendicitis,80,2024-09-26,2024-10-10,14,No,,
DC02818,PT01413,DR006,Dr. Kavya Iyer,PEDIATRICS,Hernia Repair,73,2024-02-22,2024-03-14,21,Yes,2024-04-03,20
DC02819,PT01509,DR009,Dr. Meera Pillai,Cardiology,Stroke Recovery,18,2024-06-24,2024-06-28,4,Yes,2024-07-22,24
DC02820,PT00915,DR007,Dr. Deepak Sharma,Gynecology,Hypertension,64,2024-05-06,2024-05-15,9,No,,
DC02821,PT00388,DR005,Dr. Sunita Kulkarni,General Medicine,Diabetes Type 2,79,2024-07-03,2024-07-08,5,No,,
DC02822,PT01101,DR002,Dr. Suresh Patil,Orthopedics,Stroke Recovery,55,2024-04-12,2024-04-14,2,No,,
DC02823,PT01774,DR001,Dr. Priya Nair,Cardiology,Anemia,42,2024-09-08,2024-09-20,12,No,,
DC02824,PT00856,DR001,Dr. Priya Nair,Cardiology,Hypertension,74,2024-03-23,2024-04-06,14,Yes,2024-04-30,24
DC02825,PT01167,DR005,Dr. Sunita Kulkarni,General Medicine,Knee Replacement,37,2024-01-16,2024-01-29,13,No,,
DC02826,PT01818,DR001,Dr. Priya Nair,Cardiology,Hernia Repair,36,2024-03-23,2024-04-10,18,No,,
DC02827,PT00652,DR003,Dr. Aarti Deshmukh,Neurology,Knee Replacement,42,2024-01-12,2024-01-23,11,No,,
DC02828,PT00357,DR006,Dr. Kavya Iyer,Pediatrics,Diabetes Type 2,32,2024-06-25,2024-07-10,15,No,,
DC02829,PT00610,DR007,Dr. Deepak Sharma,Gynecology,Fracture - Femur,19,2024-03-18,2024-03-25,7,No,,
DC02830,PT00752,DR001,Dr. Priya Nair,Cardiology,Fracture - Femur,44,2024-02-05,2024-02-08,3,No,,
DC02831,PT00533,DR007,Dr. Deepak Sharma,Gynecology,Stroke Recovery,77,2024-07-03,2024-07-13,10,No,,
DC02832,PT01136,DR006,Dr. Kavya Iyer,Pediatrics,Cataract Surgery,70,2024-06-02,2024-06-17,15,No,,
DC02833,PT01326,DR005,Dr. Sunita Kulkarni,GENERAL MEDICINE,Migraine,80,2024-09-18,2024-10-01,13,No,,
DC02834,PT01223,DR008,Dr. Anil Joshi,Emergency,Appendicitis,51,2024-03-02,2024-03-18,16,Yes,2024-04-15,28
DC02835,PT00328,DR003,Dr. Aarti Deshmukh,Neurology,Chest Infection,55,2024-07-04,2024-07-08,4,No,,
DC02836,PT01112,DR003,Dr. Aarti Deshmukh,NEUROLOGY,Dengue Fever,19,2024-10-26,2024-11-14,19,No,,
DC02837,PT00503,DR010,Dr. Rohit Verma,Orthopedics,Asthma,31,2024-01-21,2024-01-22,1,No,,
DC02838,PT00558,DR009,Dr. Meera Pillai,Cardiology,Migraine,57,2024-10-12,2024-10-20,-1,Yes,2024-10-29,9
DC02839,PT01345,DR008,Dr. Anil Joshi,Emergency,Hernia Repair,77,2024-02-03,2024-02-21,18,Yes,2024-03-14,22
DC02840,PT01385,DR006,Dr. Kavya Iyer,Pediatrics,Anemia,39,2024-11-18,2024-12-05,17,No,,
DC02841,PT01569,DR010,Dr. Rohit Verma,Orthopedics,Lung Cancer - Stage 2,78,2024-11-17,2024-11-24,7,No,,
DC02842,PT01492,DR009,Dr. Meera Pillai,Cardiology,Stroke Recovery,34,2024-01-05,2024-01-15,10,Yes,2024-01-28,13
DC02843,PT00492,DR003,Dr. Aarti Deshmukh,Neurology,Diabetes Type 2,26,2024-04-20,2024-04-22,2,No,,
DC02844,PT01304,DR009,Dr. Meera Pillai,Cardiology,Migraine,68,2024-03-24,2024-03-29,5,No,,
DC02845,PT01224,DR005,Dr. Sunita Kulkarni,General Medicine,Stroke Recovery,54,2024-07-29,2024-08-02,4,No,,
DC02846,PT01113,DR003,Dr. Aarti Deshmukh,Neurology,Stroke Recovery,44,2024-07-01,2024-07-12,11,No,,
DC02847,PT01299,DR005,Dr. Sunita Kulkarni,General Medicine,Lung Cancer - Stage 2,23,2024-06-06,2024-06-19,13,No,,
DC02848,PT00584,DR008,Dr. Anil Joshi,Emergency,Diabetes Type 2,85,2024-08-08,2024-08-26,18,Yes,2024-09-24,29
DC02849,PT01510,DR007,Dr. Deepak Sharma,Gynecology,Dengue Fever,51,2024-07-19,2024-07-31,12,Yes,2024-08-14,14
DC02850,PT00825,DR005,Dr. Sunita Kulkarni,General Medicine,Migraine,22,2024-02-12,2024-02-22,10,No,,
DC02851,PT01456,DR001,Dr. Priya Nair,Cardiology,Chest Infection,60,2024-06-06,2024-06-14,8,No,,
DC02852,PT00479,DR005,Dr. Sunita Kulkarni,General Medicine,Cataract Surgery,80,2024-10-29,2024-11-19,21,No,,
DC02853,PT00121,DR009,Dr. Meera Pillai,Cardiology,Hernia Repair,75,2024-01-22,2024-02-06,15,No,,
DC02854,PT00663,DR010,Dr. Rohit Verma,Orthopedics,Migraine,28,2024-11-17,2024-12-07,20,No,,
DC02855,PT00242,DR008,Dr. Anil Joshi,Emergency,Appendicitis,25,2024-10-27,2024-11-10,14,No,,
DC02856,PT01006,DR009,Dr. Meera Pillai,Cardiology,Appendicitis,53,2024-03-17,2024-03-31,14,No,,
DC02857,PT01326,DR001,Dr. Priya Nair,Cardiology,Diabetes Type 2,20,2024-09-29,2024-10-13,14,No,,
DC02858,PT01794,DR010,Dr. Rohit Verma,Orthopedics,Hypertension,69,2024-09-12,2024-09-30,18,Yes,2024-10-06,6
DC02859,PT00951,DR007,Dr. Deepak Sharma,Gynecology,Fracture - Femur,56,2024-01-11,2024-01-19,8,No,,
DC02860,PT00392,DR008,Dr. Anil Joshi,Emergency,Lung Cancer - Stage 2,66,2024-07-28,2024-08-07,10,Yes,2024-08-31,24
DC02861,PT00937,DR007,Dr. Deepak Sharma,Gynecology,Knee Replacement,49,2024-02-17,2024-03-07,19,No,,
DC02862,PT01169,DR004,Dr. Rajan Mehta,Oncology,Hypertension,82,2024-02-08,2024-02-21,13,No,,
DC02863,PT01203,DR003,Dr. Aarti Deshmukh,Neurology,Chest Infection,33,2024-09-04,2024-09-15,11,Yes,2024-09-20,5
DC02864,PT00394,DR005,Dr. Sunita Kulkarni,General Medicine,Knee Replacement,58,2024-10-01,2024-10-16,15,No,,
DC02865,PT01497,DR002,Dr. Suresh Patil,ORTHOPEDICS,Migraine,77,2024-01-25,2024-01-29,4,No,,
DC02866,PT00188,DR003,Dr. Aarti Deshmukh,Neurology,Appendicitis,53,2024-02-08,2024-02-20,12,Yes,2024-03-13,22
DC02867,PT01233,DR002,Dr. Suresh Patil,Orthopedics,Hypertension,43,2024-04-27,2024-05-16,19,No,,
DC02868,PT01310,DR006,Dr. Kavya Iyer,Pediatrics,Stroke Recovery,32,2024-10-20,2024-10-27,7,No,,
DC02869,PT00742,DR010,Dr. Rohit Verma,Orthopedics,Anemia,64,2024-02-19,2024-02-22,3,No,,
DC02870,PT01548,DR002,Dr. Suresh Patil,Orthopedics,Stroke Recovery,84,2024-07-17,2024-08-01,15,No,,
DC02871,PT01243,DR003,Dr. Aarti Deshmukh,Neurology,Anemia,48,2024-01-31,2024-02-13,13,No,,
DC02872,PT00153,DR008,Dr. Anil Joshi,Emergency,Migraine,81,2024-11-21,2024-11-27,6,Yes,2024-12-02,5
DC02873,PT00346,DR006,Dr. Kavya Iyer,Pediatrics,Hypertension,45,2024-10-02,2024-10-12,10,No,,
DC02874,PT00328,DR002,Dr. Suresh Patil,Orthopedics,Heart Attack,85,2024-10-06,2024-10-12,6,No,,
DC02875,PT01803,DR008,Dr. Anil Joshi,Emergency,Hypertension,54,2024-11-26,2024-12-07,11,No,,
DC02876,PT01439,DR006,Dr. Kavya Iyer,Pediatrics,Asthma,36,2024-05-30,2024-06-06,7,No,,
DC02877,PT00376,DR003,Dr. Aarti Deshmukh,Neurology,Hypertension,32,2024-08-26,2024-09-12,17,No,,
DC02878,PT01196,DR009,Dr. Meera Pillai,Cardiology,Heart Attack,24,2024-11-01,2024-11-10,9,No,,
DC02879,PT00945,DR003,Dr. Aarti Deshmukh,Neurology,Stroke Recovery,49,2024-04-19,2024-05-02,13,No,,
DC02880,PT00766,DR002,Dr. Suresh Patil,Orthopedics,Chest Infection,45,2024-04-21,2024-05-01,10,No,,
DC02881,PT00707,DR005,Dr. Sunita Kulkarni,General Medicine,Cataract Surgery,56,2024-01-04,2024-01-24,20,No,,
DC02882,PT01626,DR008,Dr. Anil Joshi,Emergency,Anemia,84,2024-01-20,2024-01-24,4,No,,
DC02883,PT01783,DR001,Dr. Priya Nair,Cardiology,Hypertension,55,2024-07-21,2024-07-28,7,Yes,2024-08-13,16
DC02884,PT01896,DR010,Dr. Rohit Verma,Orthopedics,Dengue Fever,37,2024-03-25,2024-04-07,13,No,,
DC02885,PT01113,DR002,Dr. Suresh Patil,Orthopedics,Chest Infection,77,2024-08-12,2024-08-31,19,No,,
DC02886,PT01087,DR009,Dr. Meera Pillai,Cardiology,Chest Infection,21,2024-01-19,2024-02-03,15,No,,
DC02887,PT00404,DR001,Dr. Priya Nair,CARDIOLOGY,Migraine,58,2024-05-04,2024-05-11,7,No,,
DC02888,PT00012,DR001,Dr. Priya Nair,Cardiology,Migraine,38,2024-02-22,2024-02-26,4,No,,
DC02889,PT00727,DR009,Dr. Meera Pillai,Cardiology,Cataract Surgery,28,2024-03-18,2024-03-23,5,No,,
DC02890,PT00212,DR001,Dr. Priya Nair,Cardiology,Anemia,61,2024-10-03,2024-10-04,1,No,,
DC02891,PT01443,DR004,Dr. Rajan Mehta,ONCOLOGY,Chest Infection,52,2024-07-21,2024-07-25,4,No,,
DC02892,PT00718,DR003,Dr. Aarti Deshmukh,Neurology,Cataract Surgery,68,2024-11-24,2024-12-12,18,Yes,2025-01-01,20
DC02893,PT00629,DR005,Dr. Sunita Kulkarni,General Medicine,Fracture - Femur,50,2024-01-09,2024-01-25,16,No,,
DC02894,PT01911,DR010,Dr. Rohit Verma,Orthopedics,Lung Cancer - Stage 2,74,2024-11-06,2024-11-27,21,No,,
DC02895,PT00920,DR007,Dr. Deepak Sharma,Gynecology,Dengue Fever,71,2024-05-27,2024-05-30,3,No,,
DC02896,PT00714,DR003,Dr. Aarti Deshmukh,Neurology,Cataract Surgery,24,2024-11-13,2024-11-25,12,No,,
DC02897,PT00226,DR007,Dr. Deepak Sharma,Gynecology,Fracture - Femur,60,2024-09-26,2024-10-17,21,No,,
DC02898,PT01809,DR006,Dr. Kavya Iyer,Pediatrics,Asthma,26,2024-10-23,2024-11-09,17,No,,
DC02899,PT01311,DR005,Dr. Sunita Kulkarni,General Medicine,Migraine,58,2024-04-17,2024-04-24,7,Yes,2024-05-14,20
DC02900,PT00236,DR003,Dr. Aarti Deshmukh,Neurology,Cataract Surgery,83,2024-08-25,2024-09-03,9,No,,
DC02901,PT01602,DR010,Dr. Rohit Verma,Orthopedics,Anemia,,2024-07-07,2024-07-13,6,No,,
DC02902,PT01155,DR010,Dr. Rohit Verma,Orthopedics,Heart Attack,26,2024-04-09,2024-04-14,5,No,,
DC02903,PT00424,DR009,Dr. Meera Pillai,Cardiology,Knee Replacement,23,2024-07-09,2024-07-23,14,Yes,2024-08-11,19
DC02904,PT01274,DR008,Dr. Anil Joshi,Emergency,Heart Attack,29,2024-07-30,2024-08-17,18,Yes,2024-09-07,21
DC02905,PT00267,DR001,Dr. Priya Nair,Cardiology,Anemia,22,2024-09-12,2024-09-22,10,Yes,2024-10-12,20
DC02906,PT01321,DR001,Dr. Priya Nair,Cardiology,Hypertension,20,2024-05-07,2024-05-10,3,No,,
DC02907,PT00649,DR009,Dr. Meera Pillai,Cardiology,Lung Cancer - Stage 2,20,2024-03-13,2024-03-19,6,No,,
DC02908,PT00930,DR008,Dr. Anil Joshi,Emergency,Lung Cancer - Stage 2,24,2024-09-24,2024-10-07,13,Yes,2024-11-03,27
DC02909,PT01950,DR002,Dr. Suresh Patil,Orthopedics,Diabetes Type 2,24,2024-11-18,2024-12-01,13,No,,
DC02910,PT01344,DR009,Dr. Meera Pillai,Cardiology,Chest Infection,77,2024-07-09,2024-07-25,16,No,,
DC02911,PT01754,DR001,Dr. Priya Nair,Cardiology,Anemia,41,2024-07-03,2024-07-09,6,No,,
DC02912,PT00302,DR007,Dr. Deepak Sharma,Gynecology,Migraine,61,2024-01-04,2024-01-17,13,No,,
DC02913,PT01232,DR007,Dr. Deepak Sharma,Gynecology,Fracture - Femur,40,2024-03-16,2024-04-02,17,No,,
DC02914,PT01431,DR010,Dr. Rohit Verma,Orthopedics,Fracture - Femur,82,2024-09-13,2024-09-26,13,No,,
DC02915,PT01397,DR010,Dr. Rohit Verma,Orthopedics,Knee Replacement,85,2024-06-16,2024-07-05,19,No,,
DC02916,PT01847,DR010,Dr. Rohit Verma,Orthopedics,Chest Infection,64,2024-05-27,2024-05-31,4,No,,
DC02917,PT00948,DR003,Dr. Aarti Deshmukh,Neurology,Migraine,35,2024-09-30,2024-10-19,19,No,,
DC02918,PT00689,DR002,Dr. Suresh Patil,Orthopedics,Lung Cancer - Stage 2,82,2024-08-08,2024-08-20,12,No,,
DC02919,PT01218,DR006,Dr. Kavya Iyer,Pediatrics,Stroke Recovery,48,2024-03-22,2024-03-26,4,No,,
DC02920,PT00096,DR006,Dr. Kavya Iyer,Pediatrics,Asthma,65,2024-09-18,2024-10-01,13,No,,
DC02921,PT00092,DR007,Dr. Deepak Sharma,Gynecology,Fracture - Femur,31,2024-02-25,2024-03-16,20,No,,
DC02922,PT01350,DR007,Dr. Deepak Sharma,Gynecology,Dengue Fever,70,2024-08-26,2024-09-06,11,No,,
DC02923,PT01592,DR008,Dr. Anil Joshi,Emergency,Asthma,56,2024-07-05,2024-07-10,5,No,,
DC02924,PT01059,DR007,Dr. Deepak Sharma,Gynecology,Diabetes Type 2,47,2024-05-06,2024-05-27,21,No,,
DC02925,PT01679,DR001,Dr. Priya Nair,Cardiology,Hypertension,26,2024-06-01,2024-06-11,10,No,,
DC02926,PT00879,DR001,Dr. Priya Nair,Cardiology,Stroke Recovery,84,2024-01-05,2024-01-21,16,No,,
DC02927,PT00819,DR002,Dr. Suresh Patil,Orthopedics,Chest Infection,83,2024-08-07,2024-08-18,11,No,,
DC02928,PT00064,DR005,Dr. Sunita Kulkarni,General Medicine,Anemia,49,2024-07-20,2024-08-09,20,No,,
DC02929,PT00034,DR008,Dr. Anil Joshi,Emergency,Anemia,47,2024-08-28,2024-08-29,1,No,,
DC02930,PT00573,DR002,Dr. Suresh Patil,Orthopedics,Diabetes Type 2,67,2024-09-16,2024-09-21,5,No,,
DC02931,PT00343,DR002,Dr. Suresh Patil,Orthopedics,Fracture - Femur,71,2024-11-13,2024-11-28,15,No,,
DC02932,PT01935,DR006,Dr. Kavya Iyer,Pediatrics,Cataract Surgery,39,2024-09-11,2024-09-21,10,Yes,2024-09-25,4
DC02933,PT01961,DR001,Dr. Priya Nair,CARDIOLOGY,Diabetes Type 2,37,2024-09-27,2024-10-18,21,No,,
DC02934,PT00242,DR002,Dr. Suresh Patil,Orthopedics,Dengue Fever,67,2024-11-04,2024-11-05,1,No,,
DC02935,PT01243,DR001,Dr. Priya Nair,Cardiology,Dengue Fever,38,2024-01-28,2024-02-07,10,Yes,2024-02-23,16
DC02936,PT00575,DR006,Dr. Kavya Iyer,Pediatrics,Appendicitis,22,2024-06-07,2024-06-18,11,No,,
DC02937,PT01394,DR005,Dr. Sunita Kulkarni,General Medicine,Migraine,,2024-03-16,2024-04-06,21,No,,
DC02938,PT00467,DR010,Dr. Rohit Verma,Orthopedics,Asthma,21,2024-06-16,2024-06-21,5,No,,
DC02939,PT00509,DR006,Dr. Kavya Iyer,Pediatrics,Dengue Fever,64,2024-04-20,2024-04-25,5,No,,
DC02940,PT01673,DR004,Dr. Rajan Mehta,Oncology,Heart Attack,33,2024-08-28,2024-08-30,2,No,,
DC02941,PT00175,DR007,Dr. Deepak Sharma,Gynecology,Cataract Surgery,32,2024-08-04,2024-08-09,5,No,,
DC02942,PT01342,DR009,Dr. Meera Pillai,Cardiology,Hernia Repair,79,2024-11-16,2024-11-25,9,No,,
DC02943,PT00458,DR007,Dr. Deepak Sharma,Gynecology,Heart Attack,59,2024-02-20,2024-03-07,16,No,,
DC02944,PT01096,DR002,Dr. Suresh Patil,Orthopedics,Cataract Surgery,64,2024-05-12,2024-05-16,4,No,,
DC02945,PT01792,DR008,Dr. Anil Joshi,Emergency,Hypertension,20,2024-01-07,2024-01-17,10,No,,
DC02946,PT00685,DR010,Dr. Rohit Verma,Orthopedics,Diabetes Type 2,39,2024-02-22,2024-03-14,21,No,,
DC02947,PT01785,DR009,Dr. Meera Pillai,Cardiology,Anemia,61,2024-04-17,2024-05-07,20,No,,
DC02948,PT00177,DR010,Dr. Rohit Verma,Orthopedics,Dengue Fever,56,2024-07-08,2024-07-27,19,No,,
DC02949,PT01786,DR006,Dr. Kavya Iyer,Pediatrics,Stroke Recovery,56,2024-08-18,2024-08-19,1,No,,
DC02950,PT01199,DR010,Dr. Rohit Verma,ORTHOPEDICS,Cataract Surgery,53,2024-06-14,2024-07-05,21,No,,
DC02951,PT01192,DR006,Dr. Kavya Iyer,Pediatrics,Anemia,84,2024-11-06,2024-11-11,5,No,,
DC02952,PT01661,DR010,Dr. Rohit Verma,Orthopedics,Migraine,42,2024-11-25,2024-12-09,14,No,,
DC02953,PT00980,DR003,Dr. Aarti Deshmukh,Neurology,Asthma,82,2024-06-22,2024-06-26,4,No,,
DC02954,PT00619,DR010,Dr. Rohit Verma,Orthopedics,Diabetes Type 2,67,2024-01-18,2024-01-24,6,No,,
DC02955,PT00754,DR005,Dr. Sunita Kulkarni,General Medicine,Lung Cancer - Stage 2,80,2024-10-30,2024-11-19,20,Yes,2024-12-02,13
DC02956,PT01120,DR003,Dr. Aarti Deshmukh,Neurology,Knee Replacement,52,2024-05-03,2024-05-24,21,Yes,2024-05-30,6
DC02957,PT01160,DR006,Dr. Kavya Iyer,Pediatrics,Cataract Surgery,45,2024-09-05,2024-09-15,10,No,,
DC02958,PT00326,DR008,Dr. Anil Joshi,Emergency,Chest Infection,75,2024-10-24,2024-11-10,17,No,,
DC02959,PT00141,DR001,Dr. Priya Nair,Cardiology,Hernia Repair,47,2024-07-01,2024-07-05,4,Yes,2024-07-21,16
DC02960,PT00449,DR004,Dr. Rajan Mehta,Oncology,Asthma,45,2024-09-13,2024-09-26,13,No,,
DC02961,PT00509,DR007,Dr. Deepak Sharma,Gynecology,Knee Replacement,82,2024-09-25,2024-10-06,11,No,,
DC02962,PT01682,DR005,Dr. Sunita Kulkarni,General Medicine,Hernia Repair,64,2024-07-09,2024-07-25,16,No,,
DC02963,PT01924,DR009,Dr. Meera Pillai,Cardiology,Anemia,24,2024-01-16,2024-01-28,12,No,,
DC02964,PT00601,DR008,Dr. Anil Joshi,Emergency,Hernia Repair,,2024-02-08,2024-02-25,17,No,,
DC02965,PT01554,DR004,Dr. Rajan Mehta,Oncology,Hypertension,61,2024-01-27,2024-02-04,8,No,,
DC02966,PT00950,DR003,Dr. Aarti Deshmukh,Neurology,Anemia,34,2024-07-20,2024-07-28,8,No,,
DC02967,PT01595,DR009,Dr. Meera Pillai,Cardiology,Cataract Surgery,22,2024-05-02,2024-05-16,14,No,,
DC02968,PT01475,DR006,Dr. Kavya Iyer,Pediatrics,Asthma,41,2024-07-02,2024-07-20,18,No,,
DC02969,PT00954,DR003,Dr. Aarti Deshmukh,Neurology,Hernia Repair,28,2024-08-28,2024-08-29,1,No,,
DC02970,PT00257,DR002,Dr. Suresh Patil,Orthopedics,Fracture - Femur,49,2024-03-08,2024-03-26,18,No,,
DC02971,PT01035,DR005,Dr. Sunita Kulkarni,General Medicine,Migraine,81,2024-05-08,2024-05-26,18,No,,
DC02972,PT01903,DR003,Dr. Aarti Deshmukh,Neurology,Knee Replacement,40,2024-01-15,2024-01-29,14,No,,
DC02973,PT01794,DR008,Dr. Anil Joshi,Emergency,Lung Cancer - Stage 2,83,2024-04-21,2024-05-02,11,No,,
DC02974,PT00262,DR009,Dr. Meera Pillai,Cardiology,Fracture - Femur,55,2024-05-15,2024-05-23,8,Yes,2024-05-27,4
DC02975,PT00114,DR010,Dr. Rohit Verma,Orthopedics,Hernia Repair,23,2024-01-03,2024-01-15,12,No,,
DC02976,PT00713,DR001,Dr. Priya Nair,Cardiology,Stroke Recovery,65,2024-08-19,2024-08-27,8,Yes,2024-09-04,8
DC02977,PT01164,DR003,Dr. Aarti Deshmukh,Neurology,Chest Infection,72,2024-11-26,2024-12-02,6,Yes,2024-12-16,14
DC02978,PT01900,DR009,Dr. Meera Pillai,Cardiology,Asthma,82,2024-03-10,2024-03-16,6,No,,
DC02979,PT01537,DR002,Dr. Suresh Patil,Orthopedics,Stroke Recovery,39,2024-11-04,2024-11-23,19,No,,
DC02980,PT00910,DR005,Dr. Sunita Kulkarni,General Medicine,Asthma,60,2024-11-25,2024-12-05,10,No,,
DC02981,PT01334,DR001,Dr. Priya Nair,Cardiology,Hernia Repair,71,2024-08-18,2024-09-05,18,No,,
DC02982,PT00592,DR003,Dr. Aarti Deshmukh,Neurology,Migraine,22,2024-01-02,2024-01-17,15,No,,
DC02983,PT01173,DR010,Dr. Rohit Verma,Orthopedics,Knee Replacement,29,2024-04-30,2024-05-08,8,No,,
DC02984,PT01041,DR007,Dr. Deepak Sharma,Gynecology,Heart Attack,52,2024-01-02,2024-01-14,12,No,,
DC02985,PT00773,DR003,Dr. Aarti Deshmukh,Neurology,Chest Infection,83,2024-08-18,2024-08-27,9,No,,
DC02986,PT01013,DR005,Dr. Sunita Kulkarni,General Medicine,Appendicitis,21,2024-06-15,2024-06-26,11,No,,
DC02987,PT00522,DR003,Dr. Aarti Deshmukh,Neurology,Chest Infection,36,2024-05-21,2024-06-07,17,No,,
DC02988,PT01538,DR002,Dr. Suresh Patil,Orthopedics,Diabetes Type 2,51,2024-07-03,2024-07-13,10,No,,
DC02989,PT00018,DR005,Dr. Sunita Kulkarni,General Medicine,Appendicitis,50,2024-07-08,2024-07-15,7,No,,
DC02990,PT01557,DR009,Dr. Meera Pillai,Cardiology,Anemia,47,2024-01-12,2024-02-02,21,No,,
DC02991,PT01517,DR005,Dr. Sunita Kulkarni,General Medicine,Migraine,59,2024-10-14,2024-10-15,1,No,,
DC02992,PT00921,DR004,Dr. Rajan Mehta,Oncology,Cataract Surgery,38,2024-04-16,2024-04-28,12,Yes,2024-05-17,19
DC02993,PT00175,DR001,Dr. Priya Nair,Cardiology,Asthma,73,2024-11-02,2024-11-17,15,No,,
DC02994,PT01936,DR007,Dr. Deepak Sharma,Gynecology,Appendicitis,62,2024-11-25,2024-12-16,21,No,,
DC02995,PT01704,DR010,Dr. Rohit Verma,Orthopedics,Hernia Repair,77,2024-10-08,2024-10-20,12,No,,
DC02996,PT01066,DR007,Dr. Deepak Sharma,Gynecology,Anemia,48,2024-10-01,2024-10-07,6,No,,
DC02997,PT00209,DR001,Dr. Priya Nair,Cardiology,Migraine,50,2024-10-26,2024-11-03,8,No,,
DC02998,PT01928,DR001,Dr. Priya Nair,Cardiology,Lung Cancer - Stage 2,85,2024-10-04,2024-10-05,1,Yes,2024-10-31,26
DC02999,PT01426,DR005,Dr. Sunita Kulkarni,General Medicine,Appendicitis,28,2024-01-08,2024-01-10,2,No,,
DC03000,PT00851,DR004,Dr. Rajan Mehta,Oncology,Asthma,21,2024-03-02,2024-03-05,3,No,,
