discharge_id,patient_id,doctor_id,doctor_name,department,diagnosis,age,admit_date,discharge_date,length_of_stay,readmitted_within_30_days,readmission_date,days_to_readmission,data_quality_flag
DC00001,PT01879,DR010,Dr. Rohit Verma,Orthopedics,Anemia,80.0,2024-11-17,2024-12-05,18.0,No,,,OK
DC00002,PT00002,DR009,Dr. Meera Pillai,Cardiology,Chest Infection,76.0,2024-09-28,2024-10-05,7.0,No,,,OK
DC00003,PT00368,DR007,Dr. Deepak Sharma,Gynecology,Stroke Recovery,85.0,2024-03-22,2024-03-25,3.0,No,,,OK
DC00004,PT00205,DR001,Dr. Priya Nair,Cardiology,Anemia,82.0,2024-09-24,2024-10-06,12.0,No,,,OK
DC00005,PT00192,DR009,Dr. Meera Pillai,Cardiology,Diabetes Type 2,52.0,2024-02-21,2024-03-12,20.0,Yes,2024-03-18,6.0,OK
DC00006,PT00585,DR003,Dr. Aarti Deshmukh,Neurology,Migraine,70.0,2024-11-24,2024-11-25,1.0,No,,,OK
DC00007,PT01830,DR006,Dr. Kavya Iyer,Pediatrics,Chest Infection,43.0,2024-04-06,2024-04-16,10.0,No,,,OK
DC00008,PT01221,DR008,Dr. Anil Joshi,Emergency,Knee Replacement,52.0,2024-11-16,2024-11-17,1.0,Yes,2024-12-08,21.0,OK
DC00009,PT00568,DR004,Dr. Rajan Mehta,Oncology,Hernia Repair,21.0,2024-11-16,2024-11-18,2.0,No,,,OK
DC00010,PT00461,DR002,Dr. Suresh Patil,Orthopedics,Appendicitis,35.0,2024-04-08,2024-04-16,8.0,No,,,OK
DC00011,PT01362,DR008,Dr. Anil Joshi,Emergency,Migraine,50.0,2024-03-28,2024-04-07,10.0,No,,,OK
DC00012,PT00996,DR002,Dr. Suresh Patil,Orthopedics,Cataract Surgery,39.0,2024-03-10,2024-03-13,3.0,No,,,OK
DC00013,PT01914,DR010,Dr. Rohit Verma,Orthopedics,Diabetes Type 2,56.0,2024-01-26,2024-01-31,5.0,No,,,OK
DC00014,PT00367,DR008,Dr. Anil Joshi,Emergency,Migraine,55.0,2024-03-24,2024-04-02,9.0,No,,,OK
DC00015,PT01169,DR010,Dr. Rohit Verma,Orthopedics,Asthma,36.0,2024-02-09,2024-02-21,12.0,No,,,OK
DC00016,PT01159,DR008,Dr. Anil Joshi,Emergency,Fracture - Femur,63.0,2024-09-16,2024-10-05,19.0,Yes,2024-10-20,15.0,OK
DC00017,PT01801,DR009,Dr. Meera Pillai,Cardiology,Hypertension,53.0,2024-01-27,2024-02-08,12.0,No,,,OK
DC00018,PT00122,DR002,Dr. Suresh Patil,Orthopedics,Asthma,30.0,2024-03-05,2024-03-13,8.0,No,,,OK
DC00019,PT00069,DR001,Dr. Priya Nair,Cardiology,Stroke Recovery,62.0,2024-07-16,2024-07-30,14.0,No,,,OK
DC00020,PT00973,DR004,Dr. Rajan Mehta,Oncology,Anemia,29.0,2024-05-18,2024-06-02,15.0,No,,,OK
DC00021,PT00153,DR007,Dr. Deepak Sharma,Gynecology,Stroke Recovery,31.0,2024-01-25,2024-01-31,6.0,No,,,OK
DC00022,PT00397,DR008,Dr. Anil Joshi,Emergency,Knee Replacement,29.0,2024-06-18,2024-06-22,4.0,Yes,2024-07-16,24.0,OK
DC00023,PT01956,DR002,Dr. Suresh Patil,Orthopedics,Hypertension,37.0,2024-03-19,2024-04-01,13.0,No,,,OK
DC00024,PT01380,DR005,Dr. Sunita Kulkarni,General Medicine,Anemia,38.0,2024-03-30,2024-04-11,12.0,No,,,OK
DC00025,PT01823,DR007,Dr. Deepak Sharma,Gynecology,Chest Infection,66.0,2024-05-22,2024-06-07,16.0,No,,,OK
DC00026,PT00725,DR010,Dr. Rohit Verma,Orthopedics,Hernia Repair,67.0,2024-01-28,2024-02-04,7.0,No,,,OK
DC00027,PT00578,DR003,Dr. Aarti Deshmukh,Neurology,Hernia Repair,38.0,2024-04-14,2024-04-29,15.0,No,,,OK
DC00028,PT01527,DR003,Dr. Aarti Deshmukh,Neurology,Knee Replacement,67.0,2024-07-28,2024-08-13,16.0,Yes,2024-08-25,12.0,OK
DC00029,PT00729,DR006,Dr. Kavya Iyer,Pediatrics,Knee Replacement,39.0,2024-03-14,2024-03-24,10.0,No,,,OK
DC00030,PT00302,DR006,Dr. Kavya Iyer,Pediatrics,Lung Cancer - Stage 2,24.0,2024-11-05,2024-11-20,15.0,No,,,OK
DC00031,PT01966,DR007,Dr. Deepak Sharma,Gynecology,Hypertension,55.0,2024-11-27,2024-12-04,7.0,No,,,OK
DC00032,PT00455,DR002,Dr. Suresh Patil,Orthopedics,Diabetes Type 2,33.0,2024-08-07,2024-08-09,2.0,No,,,OK
DC00034,PT01386,DR005,Dr. Sunita Kulkarni,General Medicine,Stroke Recovery,25.0,2024-11-23,2024-12-08,15.0,No,,,OK
DC00035,PT01049,DR004,Dr. Rajan Mehta,Oncology,Chest Infection,63.0,2024-09-26,2024-10-08,12.0,No,,,OK
DC00036,PT00657,DR005,Dr. Sunita Kulkarni,General Medicine,Asthma,65.0,2024-10-14,2024-10-29,15.0,No,,,OK
DC00037,PT00990,DR005,Dr. Sunita Kulkarni,General Medicine,Knee Replacement,38.0,2024-06-27,2024-07-07,10.0,No,,,OK
DC00038,PT00622,DR004,Dr. Rajan Mehta,Oncology,Appendicitis,79.0,2024-09-28,2024-10-04,6.0,No,,,OK
DC00039,PT01377,DR009,Dr. Meera Pillai,Cardiology,Chest Infection,84.0,2024-02-01,2024-02-16,15.0,No,,,OK
DC00040,PT00372,DR006,Dr. Kavya Iyer,Pediatrics,Stroke Recovery,31.0,2024-01-30,2024-02-16,17.0,No,,,OK
DC00041,PT01070,DR010,Dr. Rohit Verma,Orthopedics,Lung Cancer - Stage 2,31.0,2024-07-10,2024-07-14,4.0,No,,,OK
DC00042,PT01754,DR003,Dr. Aarti Deshmukh,Neurology,Migraine,79.0,2024-05-25,2024-06-08,14.0,Yes,2024-07-03,25.0,OK
DC00043,PT00689,DR003,Dr. Aarti Deshmukh,Neurology,Stroke Recovery,20.0,2024-08-12,2024-08-16,4.0,No,,,OK
DC00044,PT01622,DR006,Dr. Kavya Iyer,Pediatrics,Hernia Repair,67.0,2024-11-09,2024-11-30,21.0,No,,,OK
DC00045,PT00719,DR008,Dr. Anil Joshi,Emergency,Hypertension,41.0,2024-07-06,2024-07-13,7.0,Yes,2024-08-07,25.0,OK
DC00046,PT00042,DR002,Dr. Suresh Patil,Orthopedics,Lung Cancer - Stage 2,53.0,2024-06-08,2024-06-22,14.0,No,,,OK
DC00048,PT01475,DR004,Dr. Rajan Mehta,Oncology,Knee Replacement,52.0,2024-09-25,2024-10-14,19.0,Yes,2024-10-19,5.0,OK
DC00049,PT01537,DR004,Dr. Rajan Mehta,Oncology,Heart Attack,76.0,2024-09-05,2024-09-06,1.0,Yes,2024-09-17,11.0,OK
DC00050,PT00953,DR008,Dr. Anil Joshi,Emergency,Migraine,45.0,2024-04-29,2024-05-15,16.0,No,,,OK
DC00052,PT01248,DR008,Dr. Anil Joshi,Emergency,Fracture - Femur,18.0,2024-05-29,2024-05-31,2.0,No,,,OK
DC00053,PT00759,DR007,Dr. Deepak Sharma,Gynecology,Appendicitis,19.0,2024-02-06,2024-02-24,18.0,No,,,OK
DC00054,PT01661,DR008,Dr. Anil Joshi,Emergency,Hypertension,25.0,2024-01-04,2024-01-20,16.0,No,,,OK
DC00055,PT00272,DR002,Dr. Suresh Patil,Orthopedics,Knee Replacement,45.0,2024-07-21,2024-08-08,18.0,No,,,OK
DC00056,PT01527,DR001,Dr. Priya Nair,Cardiology,Diabetes Type 2,26.0,2024-02-09,2024-02-27,18.0,No,,,OK
DC00057,PT00230,DR001,Dr. Priya Nair,Cardiology,Migraine,73.0,2024-07-14,2024-07-29,15.0,No,,,OK
DC00058,PT00226,DR005,Dr. Sunita Kulkarni,General Medicine,Dengue Fever,28.0,2024-06-05,2024-06-08,3.0,No,,,OK
DC00059,PT00368,DR009,Dr. Meera Pillai,Cardiology,Knee Replacement,32.0,2024-03-18,2024-03-30,12.0,No,,,OK
DC00060,PT01209,DR006,Dr. Kavya Iyer,Pediatrics,Anemia,33.0,2024-11-19,2024-12-02,13.0,No,,,OK
DC00061,PT00041,DR003,Dr. Aarti Deshmukh,Neurology,Hernia Repair,56.0,2024-06-16,2024-06-25,9.0,No,,,OK
DC00062,PT00322,DR005,Dr. Sunita Kulkarni,General Medicine,Cataract Surgery,84.0,2024-03-21,2024-03-24,3.0,No,,,OK
DC00064,PT00603,DR003,Dr. Aarti Deshmukh,Neurology,Lung Cancer - Stage 2,71.0,2024-11-29,2024-12-04,5.0,No,,,OK
DC00065,PT00949,DR006,Dr. Kavya Iyer,Pediatrics,Lung Cancer - Stage 2,81.0,2024-09-14,2024-09-29,15.0,No,,,OK
DC00066,PT00317,DR001,Dr. Priya Nair,Cardiology,Appendicitis,34.0,2024-02-16,2024-02-23,7.0,Yes,2024-02-29,6.0,OK
DC00068,PT01260,DR001,Dr. Priya Nair,Cardiology,Hypertension,73.0,2024-06-02,2024-06-22,20.0,Yes,2024-07-17,25.0,OK
DC00069,PT00920,DR007,Dr. Deepak Sharma,Gynecology,Knee Replacement,22.0,2024-10-17,2024-10-30,13.0,No,,,OK
DC00070,PT01937,DR005,Dr. Sunita Kulkarni,General Medicine,Hernia Repair,26.0,2024-11-08,2024-11-28,20.0,No,,,OK
DC00071,PT00252,DR007,Dr. Deepak Sharma,Gynecology,Lung Cancer - Stage 2,50.0,2024-10-31,2024-11-11,11.0,No,,,OK
DC00072,PT01501,DR005,Dr. Sunita Kulkarni,General Medicine,Cataract Surgery,77.0,2024-07-27,2024-08-08,12.0,No,,,OK
DC00073,PT01297,DR008,Dr. Anil Joshi,Emergency,Diabetes Type 2,50.0,2024-06-25,2024-07-02,7.0,Yes,2024-07-21,19.0,OK
DC00074,PT01068,DR008,Dr. Anil Joshi,Emergency,Migraine,40.0,2024-04-20,2024-04-25,5.0,No,,,OK
DC00075,PT01549,DR009,Dr. Meera Pillai,Cardiology,Asthma,81.0,2024-05-28,2024-06-02,5.0,No,,,OK
DC00076,PT00878,DR005,Dr. Sunita Kulkarni,General Medicine,Chest Infection,25.0,2024-11-17,2024-11-26,9.0,No,,,OK
DC00077,PT00206,DR005,Dr. Sunita Kulkarni,General Medicine,Stroke Recovery,59.0,2024-07-15,2024-07-29,14.0,No,,,OK
DC00078,PT01875,DR004,Dr. Rajan Mehta,Oncology,Anemia,45.0,2024-10-10,2024-10-16,6.0,No,,,OK
DC00079,PT00502,DR004,Dr. Rajan Mehta,Oncology,Chest Infection,83.0,2024-07-17,2024-07-31,14.0,No,,,OK
DC00081,PT01613,DR004,Dr. Rajan Mehta,Oncology,Hernia Repair,18.0,2024-11-10,2024-11-28,18.0,No,,,OK
DC00082,PT00150,DR010,Dr. Rohit Verma,Orthopedics,Diabetes Type 2,79.0,2024-07-06,2024-07-21,15.0,No,,,OK
DC00083,PT01896,DR002,Dr. Suresh Patil,Orthopedics,Chest Infection,66.0,2024-09-27,2024-10-01,4.0,No,,,OK
DC00084,PT00329,DR009,Dr. Meera Pillai,Cardiology,Diabetes Type 2,77.0,2024-02-27,2024-03-10,12.0,No,,,OK
DC00085,PT00132,DR007,Dr. Deepak Sharma,Gynecology,Stroke Recovery,64.0,2024-11-03,2024-11-18,15.0,Yes,2024-12-05,17.0,OK
DC00086,PT00281,DR002,Dr. Suresh Patil,Orthopedics,Hernia Repair,22.0,2024-07-08,2024-07-11,3.0,No,,,OK
DC00087,PT01320,DR010,Dr. Rohit Verma,Orthopedics,Hernia Repair,46.0,2024-05-15,2024-05-25,10.0,Yes,2024-06-01,7.0,OK
DC00088,PT01388,DR007,Dr. Deepak Sharma,Gynecology,Chest Infection,55.0,2024-07-22,2024-08-10,19.0,No,,,OK
DC00089,PT01709,DR009,Dr. Meera Pillai,Cardiology,Knee Replacement,39.0,2024-07-14,2024-07-21,7.0,No,,,OK
DC00090,PT01314,DR002,Dr. Suresh Patil,Orthopedics,Diabetes Type 2,28.0,2024-06-07,2024-06-15,8.0,No,,,OK
DC00091,PT01771,DR008,Dr. Anil Joshi,Emergency,Diabetes Type 2,52.0,2024-05-21,2024-05-25,4.0,No,,,OK
DC00092,PT00275,DR010,Dr. Rohit Verma,Orthopedics,Stroke Recovery,50.0,2024-01-16,2024-01-29,13.0,No,,,OK
DC00093,PT01503,DR004,Dr. Rajan Mehta,Oncology,Hernia Repair,70.0,2024-09-16,2024-09-19,3.0,No,,,OK
DC00094,PT01219,DR006,Dr. Kavya Iyer,Pediatrics,Cataract Surgery,63.0,2024-06-08,2024-06-10,2.0,No,,,OK
DC00095,PT01196,DR005,Dr. Sunita Kulkarni,General Medicine,Fracture - Femur,83.0,2024-06-21,2024-06-26,5.0,No,,,OK
DC00096,PT00684,DR010,Dr. Rohit Verma,Orthopedics,Fracture - Femur,40.0,2024-10-15,2024-11-02,18.0,No,,,OK
DC00097,PT00055,DR005,Dr. Sunita Kulkarni,General Medicine,Knee Replacement,19.0,2024-03-03,2024-03-04,1.0,No,,,OK
DC00098,PT01559,DR008,Dr. Anil Joshi,Emergency,Fracture - Femur,53.0,2024-09-26,2024-10-07,11.0,No,,,OK
DC00099,PT00710,DR008,Dr. Anil Joshi,Emergency,Heart Attack,66.0,2024-11-13,2024-12-01,18.0,No,,,OK
DC00101,PT01288,DR003,Dr. Aarti Deshmukh,Neurology,Asthma,43.0,2024-06-26,2024-07-08,12.0,No,,,OK
DC00102,PT00820,DR004,Dr. Rajan Mehta,Oncology,Fracture - Femur,31.0,2024-09-06,2024-09-13,7.0,No,,,OK
DC00103,PT01721,DR008,Dr. Anil Joshi,Emergency,Migraine,46.0,2024-01-17,2024-01-21,4.0,No,,,OK
DC00104,PT00250,DR008,Dr. Anil Joshi,Emergency,Stroke Recovery,43.0,2024-04-15,2024-04-27,12.0,No,,,OK
DC00105,PT00255,DR006,Dr. Kavya Iyer,Pediatrics,Diabetes Type 2,57.0,2024-06-22,2024-07-06,14.0,No,,,OK
DC00106,PT00938,DR002,Dr. Suresh Patil,Orthopedics,Stroke Recovery,45.0,2024-06-14,2024-07-04,20.0,No,,,OK
DC00107,PT01870,DR001,Dr. Priya Nair,Cardiology,Cataract Surgery,40.0,2024-06-28,2024-07-07,9.0,No,,,OK
DC00108,PT00870,DR005,Dr. Sunita Kulkarni,General Medicine,Stroke Recovery,73.0,2024-04-13,2024-04-17,4.0,Yes,2024-04-24,7.0,OK
DC00109,PT01126,DR007,Dr. Deepak Sharma,Gynecology,Asthma,55.0,2024-09-30,2024-10-16,16.0,No,,,OK
DC00110,PT00456,DR007,Dr. Deepak Sharma,Gynecology,Asthma,24.0,2024-08-13,2024-08-18,5.0,No,,,OK
DC00111,PT00074,DR007,Dr. Deepak Sharma,Gynecology,Appendicitis,31.0,2024-11-11,2024-11-30,19.0,No,,,OK
DC00112,PT01978,DR007,Dr. Deepak Sharma,Gynecology,Anemia,53.0,2024-06-17,2024-07-06,19.0,No,,,OK
DC00113,PT00204,DR002,Dr. Suresh Patil,Orthopedics,Diabetes Type 2,58.0,2024-06-12,2024-06-25,13.0,No,,,OK
DC00114,PT00204,DR009,Dr. Meera Pillai,Cardiology,Hypertension,49.0,2024-07-20,2024-07-21,1.0,No,,,OK
DC00115,PT01515,DR002,Dr. Suresh Patil,Orthopedics,Anemia,36.0,2024-06-15,2024-06-21,6.0,No,,,OK
DC00116,PT00409,DR001,Dr. Priya Nair,Cardiology,Hernia Repair,83.0,2024-08-13,2024-08-21,8.0,No,,,OK
DC00117,PT01396,DR006,Dr. Kavya Iyer,Pediatrics,Lung Cancer - Stage 2,21.0,2024-06-06,2024-06-13,7.0,Yes,2024-07-06,23.0,OK
DC00118,PT01838,DR008,Dr. Anil Joshi,Emergency,Heart Attack,55.0,2024-09-07,2024-09-23,16.0,Yes,2024-10-05,12.0,OK
DC00119,PT01621,DR006,Dr. Kavya Iyer,Pediatrics,Hernia Repair,44.0,2024-02-21,2024-03-09,17.0,No,,,OK
DC00120,PT00455,DR004,Dr. Rajan Mehta,Oncology,Heart Attack,23.0,2024-08-09,2024-08-16,7.0,No,,,OK
DC00121,PT00778,DR007,Dr. Deepak Sharma,Gynecology,Hernia Repair,25.0,2024-01-29,2024-02-13,15.0,No,,,OK
DC00122,PT00782,DR007,Dr. Deepak Sharma,Gynecology,Appendicitis,63.0,2024-01-23,2024-02-05,13.0,Yes,2024-02-19,14.0,OK
DC00123,PT00862,DR009,Dr. Meera Pillai,Cardiology,Dengue Fever,62.0,2024-07-28,2024-08-09,12.0,No,,,OK
DC00124,PT00522,DR008,Dr. Anil Joshi,Emergency,Lung Cancer - Stage 2,51.0,2024-02-24,2024-03-16,21.0,Yes,2024-04-09,24.0,OK
DC00125,PT00401,DR010,Dr. Rohit Verma,Orthopedics,Appendicitis,83.0,2024-09-23,2024-10-03,10.0,No,,,OK
DC00126,PT00015,DR001,Dr. Priya Nair,Cardiology,Cataract Surgery,37.0,2024-02-04,2024-02-22,18.0,Yes,2024-03-12,19.0,OK
DC00127,PT01818,DR009,Dr. Meera Pillai,Cardiology,Diabetes Type 2,36.0,2024-10-30,2024-11-06,7.0,No,,,OK
DC00129,PT01737,DR009,Dr. Meera Pillai,Cardiology,Diabetes Type 2,76.0,2024-08-26,2024-09-07,12.0,No,,,OK
DC00130,PT00883,DR008,Dr. Anil Joshi,Emergency,Asthma,34.0,2024-06-12,2024-06-17,5.0,No,,,OK
DC00131,PT01406,DR009,Dr. Meera Pillai,Cardiology,Dengue Fever,83.0,2024-04-25,2024-05-01,6.0,Yes,2024-05-29,28.0,OK
DC00132,PT01626,DR002,Dr. Suresh Patil,Orthopedics,Fracture - Femur,27.0,2024-09-07,2024-09-14,7.0,No,,,OK
DC00133,PT00594,DR010,Dr. Rohit Verma,Orthopedics,Stroke Recovery,59.0,2024-02-29,2024-03-08,8.0,No,,,OK
DC00134,PT00874,DR003,Dr. Aarti Deshmukh,Neurology,Migraine,49.0,2024-06-25,2024-07-06,11.0,No,,,OK
DC00135,PT01063,DR003,Dr. Aarti Deshmukh,Neurology,Chest Infection,61.0,2024-08-11,2024-08-25,14.0,Yes,2024-09-03,9.0,OK
DC00136,PT01572,DR006,Dr. Kavya Iyer,Pediatrics,Lung Cancer - Stage 2,70.0,2024-09-30,2024-10-07,7.0,No,,,OK
DC00137,PT00589,DR002,Dr. Suresh Patil,Orthopedics,Stroke Recovery,42.0,2024-06-19,2024-06-20,1.0,No,,,OK
DC00138,PT01214,DR007,Dr. Deepak Sharma,Gynecology,Hernia Repair,74.0,2024-11-20,2024-12-07,17.0,No,,,OK
DC00139,PT00646,DR005,Dr. Sunita Kulkarni,General Medicine,Heart Attack,36.0,2024-05-09,2024-05-27,18.0,No,,,OK
DC00140,PT01260,DR009,Dr. Meera Pillai,Cardiology,Asthma,34.0,2024-03-31,2024-04-04,4.0,No,,,OK
DC00141,PT01963,DR008,Dr. Anil Joshi,Emergency,Lung Cancer - Stage 2,25.0,2024-01-21,2024-02-02,12.0,Yes,2024-02-07,5.0,OK
DC00142,PT00777,DR006,Dr. Kavya Iyer,Pediatrics,Hypertension,59.0,2024-10-06,2024-10-20,14.0,No,,,OK
DC00143,PT00449,DR009,Dr. Meera Pillai,Cardiology,Fracture - Femur,79.0,2024-05-16,2024-05-26,10.0,No,,,OK
DC00144,PT01525,DR004,Dr. Rajan Mehta,Oncology,Asthma,49.0,2024-09-22,2024-10-13,21.0,No,,,OK
DC00145,PT00940,DR003,Dr. Aarti Deshmukh,Neurology,Dengue Fever,71.0,2024-11-13,2024-11-28,15.0,No,,,OK
DC00146,PT01584,DR001,Dr. Priya Nair,Cardiology,Cataract Surgery,24.0,2024-08-03,2024-08-19,16.0,No,,,OK
DC00147,PT00903,DR008,Dr. Anil Joshi,Emergency,Fracture - Femur,30.0,2024-05-11,2024-05-21,10.0,Yes,2024-06-16,26.0,OK
DC00149,PT01874,DR005,Dr. Sunita Kulkarni,General Medicine,Hypertension,60.0,2024-11-14,2024-11-22,8.0,No,,,OK
DC00150,PT01884,DR008,Dr. Anil Joshi,Emergency,Stroke Recovery,45.0,2024-03-10,2024-03-12,2.0,Yes,2024-03-15,3.0,OK
DC00151,PT01439,DR006,Dr. Kavya Iyer,Pediatrics,Diabetes Type 2,78.0,2024-09-13,2024-09-22,9.0,No,,,OK
DC00152,PT00957,DR009,Dr. Meera Pillai,Cardiology,Anemia,62.0,2024-09-19,2024-09-29,10.0,No,,,OK
DC00153,PT01801,DR006,Dr. Kavya Iyer,Pediatrics,Fracture - Femur,28.0,2024-10-24,2024-11-09,16.0,No,,,OK
DC00154,PT01233,DR005,Dr. Sunita Kulkarni,General Medicine,Appendicitis,24.0,2024-02-04,2024-02-25,21.0,No,,,OK
DC00155,PT00462,DR010,Dr. Rohit Verma,Orthopedics,Migraine,20.0,2024-06-30,2024-07-04,4.0,No,,,OK
DC00156,PT01868,DR004,Dr. Rajan Mehta,Oncology,Knee Replacement,68.0,2024-09-09,2024-09-26,17.0,No,,,OK
DC00157,PT01242,DR010,Dr. Rohit Verma,Orthopedics,Anemia,20.0,2024-06-03,2024-06-08,5.0,Yes,2024-06-16,8.0,OK
DC00158,PT01314,DR004,Dr. Rajan Mehta,Oncology,Hypertension,51.0,2024-06-11,2024-06-16,5.0,Yes,2024-06-27,11.0,OK
DC00159,PT00834,DR006,Dr. Kavya Iyer,Pediatrics,Hernia Repair,45.0,2024-02-18,2024-02-26,8.0,No,,,OK
DC00160,PT00896,DR001,Dr. Priya Nair,Cardiology,Stroke Recovery,71.0,2024-11-18,2024-12-07,19.0,No,,,OK
DC00161,PT01996,DR010,Dr. Rohit Verma,Orthopedics,Knee Replacement,24.0,2024-10-29,2024-11-14,16.0,No,,,OK
DC00162,PT00910,DR007,Dr. Deepak Sharma,Gynecology,Diabetes Type 2,75.0,2024-03-14,2024-04-02,19.0,No,,,OK
DC00163,PT01756,DR004,Dr. Rajan Mehta,Oncology,Chest Infection,59.0,2024-06-02,2024-06-23,21.0,No,,,OK
DC00164,PT01743,DR002,Dr. Suresh Patil,Orthopedics,Chest Infection,42.0,2024-04-11,2024-04-28,17.0,No,,,OK
DC00165,PT01778,DR010,Dr. Rohit Verma,Orthopedics,Heart Attack,26.0,2024-07-04,2024-07-12,8.0,No,,,OK
DC00166,PT00680,DR010,Dr. Rohit Verma,Orthopedics,Cataract Surgery,24.0,2024-01-22,2024-02-01,10.0,No,,,OK
DC00167,PT01388,DR008,Dr. Anil Joshi,Emergency,Hypertension,50.0,2024-04-20,2024-05-03,13.0,Yes,2024-05-13,10.0,OK
DC00168,PT00419,DR005,Dr. Sunita Kulkarni,General Medicine,Hernia Repair,57.0,2024-11-20,2024-11-25,5.0,Yes,2024-12-18,23.0,OK
DC00169,PT00988,DR007,Dr. Deepak Sharma,Gynecology,Knee Replacement,78.0,2024-02-08,2024-02-24,16.0,No,,,OK
DC00170,PT00603,DR003,Dr. Aarti Deshmukh,Neurology,Asthma,30.0,2024-11-08,2024-11-14,6.0,Yes,2024-11-20,6.0,OK
DC00171,PT01571,DR003,Dr. Aarti Deshmukh,Neurology,Diabetes Type 2,79.0,2024-06-23,2024-06-26,3.0,No,,,OK
DC00172,PT01163,DR007,Dr. Deepak Sharma,Gynecology,Stroke Recovery,36.0,2024-02-11,2024-02-19,8.0,No,,,OK
DC00173,PT01202,DR007,Dr. Deepak Sharma,Gynecology,Hernia Repair,71.0,2024-02-11,2024-03-02,20.0,No,,,OK
DC00174,PT00804,DR003,Dr. Aarti Deshmukh,Neurology,Fracture - Femur,62.0,2024-02-17,2024-02-26,9.0,No,,,OK
DC00175,PT01847,DR007,Dr. Deepak Sharma,Gynecology,Migraine,38.0,2024-09-16,2024-09-30,14.0,No,,,OK
DC00176,PT01427,DR008,Dr. Anil Joshi,Emergency,Fracture - Femur,33.0,2024-02-19,2024-03-05,15.0,Yes,2024-03-26,21.0,OK
DC00177,PT01343,DR010,Dr. Rohit Verma,Orthopedics,Migraine,66.0,2024-02-14,2024-03-01,16.0,No,,,OK
DC00178,PT01003,DR001,Dr. Priya Nair,Cardiology,Hypertension,74.0,2024-03-06,2024-03-12,6.0,No,,,OK
DC00179,PT00690,DR003,Dr. Aarti Deshmukh,Neurology,Fracture - Femur,43.0,2024-09-15,2024-09-25,10.0,Yes,2024-09-28,3.0,OK
DC00180,PT01546,DR001,Dr. Priya Nair,Cardiology,Appendicitis,61.0,2024-05-26,2024-06-09,14.0,No,,,OK
DC00181,PT01752,DR009,Dr. Meera Pillai,Cardiology,Appendicitis,56.0,2024-10-04,2024-10-25,21.0,No,,,OK
DC00182,PT00397,DR003,Dr. Aarti Deshmukh,Neurology,Hypertension,36.0,2024-04-17,2024-05-06,19.0,No,,,OK
DC00183,PT00053,DR004,Dr. Rajan Mehta,Oncology,Fracture - Femur,80.0,2024-07-06,2024-07-18,12.0,No,,,OK
DC00184,PT01421,DR007,Dr. Deepak Sharma,Gynecology,Cataract Surgery,18.0,2024-06-15,2024-06-22,7.0,No,,,OK
DC00185,PT00037,DR009,Dr. Meera Pillai,Cardiology,Diabetes Type 2,37.0,2024-04-23,2024-04-28,5.0,Yes,2024-05-15,17.0,OK
DC00186,PT00864,DR007,Dr. Deepak Sharma,Gynecology,Lung Cancer - Stage 2,18.0,2024-05-02,2024-05-14,12.0,No,,,OK
DC00187,PT01325,DR008,Dr. Anil Joshi,Emergency,Stroke Recovery,37.0,2024-02-20,2024-03-01,10.0,No,,,OK
DC00188,PT00519,DR008,Dr. Anil Joshi,Emergency,Fracture - Femur,43.0,2024-08-07,2024-08-08,1.0,No,,,OK
DC00189,PT00986,DR002,Dr. Suresh Patil,Orthopedics,Hypertension,50.0,2024-01-26,2024-01-31,5.0,No,,,OK
DC00190,PT00878,DR005,Dr. Sunita Kulkarni,General Medicine,Diabetes Type 2,48.0,2024-11-18,2024-12-03,15.0,No,,,OK
DC00191,PT01348,DR004,Dr. Rajan Mehta,Oncology,Migraine,49.0,2024-11-09,2024-11-16,7.0,No,,,OK
DC00192,PT01135,DR009,Dr. Meera Pillai,Cardiology,Stroke Recovery,84.0,2024-10-09,2024-10-22,13.0,No,,,OK
DC00193,PT00917,DR004,Dr. Rajan Mehta,Oncology,Anemia,31.0,2024-08-10,2024-08-28,18.0,No,,,OK
DC00194,PT00682,DR001,Dr. Priya Nair,Cardiology,Fracture - Femur,48.0,2024-11-21,2024-12-11,20.0,No,,,OK
DC00195,PT00273,DR002,Dr. Suresh Patil,Orthopedics,Dengue Fever,21.0,2024-11-05,2024-11-22,17.0,No,,,OK
DC00196,PT00063,DR004,Dr. Rajan Mehta,Oncology,Cataract Surgery,40.0,2024-04-16,2024-04-26,10.0,No,,,OK
DC00197,PT01109,DR007,Dr. Deepak Sharma,Gynecology,Fracture - Femur,70.0,2024-03-19,2024-03-24,5.0,No,,,OK
DC00198,PT00921,DR007,Dr. Deepak Sharma,Gynecology,Fracture - Femur,70.0,2024-08-21,2024-09-05,15.0,No,,,OK
DC00199,PT00155,DR009,Dr. Meera Pillai,Cardiology,Diabetes Type 2,63.0,2024-11-07,2024-11-09,2.0,No,,,OK
DC00200,PT01613,DR010,Dr. Rohit Verma,Orthopedics,Cataract Surgery,45.0,2024-10-18,2024-10-26,8.0,Yes,2024-11-04,9.0,OK
DC00201,PT00324,DR005,Dr. Sunita Kulkarni,General Medicine,Knee Replacement,25.0,2024-07-17,2024-07-21,4.0,No,,,OK
DC00202,PT00968,DR008,Dr. Anil Joshi,Emergency,Stroke Recovery,31.0,2024-07-18,2024-07-30,12.0,No,,,OK
DC00203,PT01688,DR007,Dr. Deepak Sharma,Gynecology,Migraine,45.0,2024-07-20,2024-07-23,3.0,No,,,OK
DC00204,PT01991,DR008,Dr. Anil Joshi,Emergency,Knee Replacement,69.0,2024-05-15,2024-05-30,15.0,No,,,OK
DC00205,PT01655,DR007,Dr. Deepak Sharma,Gynecology,Asthma,22.0,2024-09-24,2024-10-05,11.0,Yes,2024-10-12,7.0,OK
DC00206,PT00465,DR009,Dr. Meera Pillai,Cardiology,Asthma,19.0,2024-06-30,2024-07-17,17.0,Yes,2024-08-08,22.0,OK
DC00207,PT01842,DR010,Dr. Rohit Verma,Orthopedics,Knee Replacement,58.0,2024-05-17,2024-06-07,21.0,No,,,OK
DC00208,PT00059,DR005,Dr. Sunita Kulkarni,General Medicine,Anemia,62.0,2024-08-27,2024-09-04,8.0,No,,,OK
DC00209,PT01949,DR006,Dr. Kavya Iyer,Pediatrics,Stroke Recovery,68.0,2024-07-14,2024-07-24,10.0,No,,,OK
DC00210,PT01240,DR008,Dr. Anil Joshi,Emergency,Fracture - Femur,38.0,2024-03-13,2024-03-18,5.0,Yes,2024-04-03,16.0,OK
DC00211,PT00174,DR006,Dr. Kavya Iyer,Pediatrics,Cataract Surgery,22.0,2024-05-03,2024-05-11,8.0,Yes,2024-05-29,18.0,OK
DC00212,PT00123,DR008,Dr. Anil Joshi,Emergency,Hernia Repair,78.0,2024-08-02,2024-08-22,20.0,No,,,OK
DC00213,PT01101,DR001,Dr. Priya Nair,Cardiology,Cataract Surgery,50.0,2024-06-12,2024-06-16,4.0,No,,,OK
DC00214,PT00021,DR002,Dr. Suresh Patil,Orthopedics,Cataract Surgery,27.0,2024-08-10,2024-08-27,17.0,No,,,OK
DC00215,PT00014,DR001,Dr. Priya Nair,Cardiology,Hypertension,28.0,2024-07-25,2024-08-14,20.0,No,,,OK
DC00216,PT01165,DR004,Dr. Rajan Mehta,Oncology,Hernia Repair,36.0,2024-10-26,2024-11-01,6.0,No,,,OK
DC00217,PT00375,DR004,Dr. Rajan Mehta,Oncology,Knee Replacement,56.0,2024-03-06,2024-03-10,4.0,No,,,OK
DC00218,PT00172,DR004,Dr. Rajan Mehta,Oncology,Dengue Fever,65.0,2024-10-19,2024-11-07,19.0,No,,,OK
DC00219,PT00428,DR001,Dr. Priya Nair,Cardiology,Stroke Recovery,58.0,2024-10-09,2024-10-12,3.0,No,,,OK
DC00220,PT00716,DR007,Dr. Deepak Sharma,Gynecology,Dengue Fever,19.0,2024-07-08,2024-07-11,3.0,No,,,OK
DC00221,PT01333,DR002,Dr. Suresh Patil,Orthopedics,Migraine,80.0,2024-03-12,2024-03-29,17.0,No,,,OK
DC00222,PT00929,DR004,Dr. Rajan Mehta,Oncology,Hypertension,47.0,2024-07-11,2024-07-30,19.0,No,,,OK
DC00223,PT00903,DR009,Dr. Meera Pillai,Cardiology,Dengue Fever,68.0,2024-11-04,2024-11-23,19.0,Yes,2024-12-14,21.0,OK
DC00224,PT00384,DR009,Dr. Meera Pillai,Cardiology,Lung Cancer - Stage 2,36.0,2024-01-29,2024-02-10,12.0,Yes,2024-02-24,14.0,OK
DC00225,PT01917,DR004,Dr. Rajan Mehta,Oncology,Heart Attack,30.0,2024-02-24,2024-03-14,19.0,No,,,OK
DC00226,PT00725,DR009,Dr. Meera Pillai,Cardiology,Dengue Fever,51.0,2024-08-03,2024-08-14,11.0,No,,,OK
DC00227,PT01969,DR001,Dr. Priya Nair,Cardiology,Dengue Fever,72.0,2024-05-03,2024-05-21,18.0,No,,,OK
DC00228,PT01853,DR008,Dr. Anil Joshi,Emergency,Asthma,50.0,2024-01-27,2024-02-08,12.0,No,,,OK
DC00229,PT00780,DR003,Dr. Aarti Deshmukh,Neurology,Stroke Recovery,65.0,2024-01-15,2024-01-17,2.0,No,,,OK
DC00230,PT01283,DR007,Dr. Deepak Sharma,Gynecology,Hernia Repair,19.0,2024-02-25,2024-03-08,12.0,No,,,OK
DC00231,PT01595,DR004,Dr. Rajan Mehta,Oncology,Cataract Surgery,71.0,2024-06-20,2024-06-22,2.0,No,,,OK
DC00232,PT01734,DR006,Dr. Kavya Iyer,Pediatrics,Hypertension,20.0,2024-06-27,2024-07-17,20.0,No,,,OK
DC00233,PT00877,DR006,Dr. Kavya Iyer,Pediatrics,Fracture - Femur,45.0,2024-10-02,2024-10-21,19.0,No,,,OK
DC00234,PT00198,DR010,Dr. Rohit Verma,Orthopedics,Lung Cancer - Stage 2,46.0,2024-09-06,2024-09-15,9.0,No,,,OK
DC00235,PT00391,DR006,Dr. Kavya Iyer,Pediatrics,Hernia Repair,67.0,2024-03-19,2024-03-22,3.0,No,,,OK
DC00236,PT00866,DR005,Dr. Sunita Kulkarni,General Medicine,Fracture - Femur,41.0,2024-02-06,2024-02-16,10.0,No,,,OK
DC00237,PT01666,DR010,Dr. Rohit Verma,Orthopedics,Hypertension,71.0,2024-03-07,2024-03-21,14.0,No,,,OK
DC00238,PT01296,DR009,Dr. Meera Pillai,Cardiology,Diabetes Type 2,18.0,2024-04-22,2024-04-30,8.0,No,,,OK
DC00239,PT00758,DR003,Dr. Aarti Deshmukh,Neurology,Stroke Recovery,19.0,2024-09-08,2024-09-26,18.0,No,,,OK
DC00240,PT00371,DR009,Dr. Meera Pillai,Cardiology,Fracture - Femur,37.0,2024-05-15,2024-06-05,21.0,No,,,OK
DC00241,PT01132,DR007,Dr. Deepak Sharma,Gynecology,Appendicitis,60.0,2024-09-29,2024-10-01,2.0,No,,,OK
DC00242,PT01140,DR010,Dr. Rohit Verma,Orthopedics,Asthma,32.0,2024-06-28,2024-07-05,7.0,No,,,OK
DC00243,PT00190,DR006,Dr. Kavya Iyer,Pediatrics,Lung Cancer - Stage 2,60.0,2024-04-23,2024-05-11,18.0,No,,,OK
DC00244,PT00930,DR010,Dr. Rohit Verma,Orthopedics,Cataract Surgery,31.0,2024-05-20,2024-06-09,20.0,No,,,OK
DC00245,PT00235,DR006,Dr. Kavya Iyer,Pediatrics,Asthma,55.0,2024-11-20,2024-11-24,4.0,No,,,OK
DC00246,PT00699,DR005,Dr. Sunita Kulkarni,General Medicine,Diabetes Type 2,22.0,2024-08-20,2024-08-23,3.0,Yes,2024-09-21,29.0,OK
DC00247,PT01866,DR007,Dr. Deepak Sharma,Gynecology,Appendicitis,64.0,2024-08-07,2024-08-25,18.0,No,,,OK
DC00248,PT01790,DR007,Dr. Deepak Sharma,Gynecology,Stroke Recovery,72.0,2024-09-11,2024-09-27,16.0,No,,,OK
DC00249,PT00094,DR003,Dr. Aarti Deshmukh,Neurology,Asthma,54.0,2024-04-27,2024-05-06,9.0,No,,,OK
DC00250,PT00210,DR007,Dr. Deepak Sharma,Gynecology,Knee Replacement,72.0,2024-04-04,2024-04-17,13.0,No,,,OK
DC00251,PT01079,DR007,Dr. Deepak Sharma,Gynecology,Diabetes Type 2,38.0,2024-06-08,2024-06-21,13.0,No,,,OK
DC00252,PT01927,DR001,Dr. Priya Nair,Cardiology,Asthma,43.0,2024-07-10,2024-07-17,7.0,Yes,2024-07-31,14.0,OK
DC00253,PT00404,DR006,Dr. Kavya Iyer,Pediatrics,Appendicitis,74.0,2024-02-28,2024-03-03,4.0,No,,,OK
DC00254,PT00609,DR005,Dr. Sunita Kulkarni,General Medicine,Fracture - Femur,75.0,2024-10-22,2024-10-29,7.0,No,,,OK
DC00255,PT01531,DR002,Dr. Suresh Patil,Orthopedics,Fracture - Femur,70.0,2024-07-13,2024-07-16,3.0,No,,,OK
DC00256,PT01365,DR009,Dr. Meera Pillai,Cardiology,Cataract Surgery,33.0,2024-05-19,2024-05-26,7.0,Yes,2024-06-20,25.0,OK
DC00257,PT00624,DR001,Dr. Priya Nair,Cardiology,Anemia,75.0,2024-08-17,2024-08-27,10.0,Yes,2024-09-13,17.0,OK
DC00258,PT00860,DR002,Dr. Suresh Patil,Orthopedics,Heart Attack,70.0,2024-09-06,2024-09-18,12.0,No,,,OK
DC00259,PT00789,DR002,Dr. Suresh Patil,Orthopedics,Anemia,51.0,2024-05-04,2024-05-14,10.0,No,,,OK
DC00260,PT00534,DR006,Dr. Kavya Iyer,Pediatrics,Chest Infection,34.0,2024-02-09,2024-02-28,19.0,No,,,OK
DC00261,PT00486,DR005,Dr. Sunita Kulkarni,General Medicine,Anemia,26.0,2024-05-08,2024-05-09,1.0,No,,,OK
DC00262,PT01825,DR007,Dr. Deepak Sharma,Gynecology,Lung Cancer - Stage 2,56.0,2024-11-06,2024-11-10,4.0,No,,,OK
DC00263,PT00716,DR003,Dr. Aarti Deshmukh,Neurology,Hypertension,66.0,2024-02-19,2024-03-02,12.0,No,,,OK
DC00264,PT01403,DR005,Dr. Sunita Kulkarni,General Medicine,Diabetes Type 2,47.0,2024-06-28,2024-07-14,16.0,No,,,OK
DC00266,PT00228,DR010,Dr. Rohit Verma,Orthopedics,Chest Infection,31.0,2024-09-03,2024-09-24,21.0,No,,,OK
DC00267,PT00735,DR002,Dr. Suresh Patil,Orthopedics,Lung Cancer - Stage 2,63.0,2024-10-25,2024-11-15,21.0,No,,,OK
DC00268,PT00786,DR009,Dr. Meera Pillai,Cardiology,Hypertension,68.0,2024-08-27,2024-09-02,6.0,No,,,OK
DC00269,PT00527,DR004,Dr. Rajan Mehta,Oncology,Cataract Surgery,26.0,2024-09-23,2024-10-10,17.0,No,,,OK
DC00270,PT01462,DR003,Dr. Aarti Deshmukh,Neurology,Stroke Recovery,22.0,2024-11-29,2024-11-30,1.0,No,,,OK
DC00272,PT01483,DR002,Dr. Suresh Patil,Orthopedics,Asthma,24.0,2024-11-08,2024-11-28,20.0,No,,,OK
DC00273,PT00059,DR003,Dr. Aarti Deshmukh,Neurology,Fracture - Femur,48.0,2024-11-22,2024-12-05,13.0,No,,,OK
DC00274,PT00424,DR008,Dr. Anil Joshi,Emergency,Stroke Recovery,59.0,2024-08-06,2024-08-26,20.0,Yes,2024-09-24,29.0,OK
DC00275,PT00092,DR006,Dr. Kavya Iyer,Pediatrics,Dengue Fever,77.0,2024-01-25,2024-02-03,9.0,No,,,OK
DC00276,PT01552,DR006,Dr. Kavya Iyer,Pediatrics,Lung Cancer - Stage 2,24.0,2024-10-28,2024-11-04,7.0,No,,,OK
DC00277,PT01963,DR010,Dr. Rohit Verma,Orthopedics,Fracture - Femur,65.0,2024-04-07,2024-04-17,10.0,No,,,OK
DC00278,PT00890,DR005,Dr. Sunita Kulkarni,General Medicine,Knee Replacement,66.0,2024-08-03,2024-08-05,2.0,No,,,OK
DC00279,PT00939,DR003,Dr. Aarti Deshmukh,Neurology,Fracture - Femur,58.0,2024-05-10,2024-05-11,1.0,Yes,2024-06-03,23.0,OK
DC00280,PT00596,DR002,Dr. Suresh Patil,Orthopedics,Migraine,29.0,2024-02-05,2024-02-25,20.0,No,,,OK
DC00281,PT01994,DR003,Dr. Aarti Deshmukh,Neurology,Heart Attack,40.0,2024-07-03,2024-07-13,10.0,No,,,OK
DC00282,PT01178,DR003,Dr. Aarti Deshmukh,Neurology,Knee Replacement,51.0,2024-04-06,2024-04-23,17.0,No,,,OK
DC00283,PT01102,DR010,Dr. Rohit Verma,Orthopedics,Chest Infection,65.0,2024-10-20,2024-10-30,10.0,No,,,OK
DC00284,PT01313,DR008,Dr. Anil Joshi,Emergency,Lung Cancer - Stage 2,40.0,2024-09-05,2024-09-16,11.0,No,,,OK
DC00285,PT00645,DR002,Dr. Suresh Patil,Orthopedics,Knee Replacement,60.0,2024-09-20,2024-10-07,17.0,No,,,OK
DC00286,PT00868,DR006,Dr. Kavya Iyer,Pediatrics,Migraine,44.0,2024-08-20,2024-08-22,2.0,No,,,OK
DC00287,PT00503,DR004,Dr. Rajan Mehta,Oncology,Asthma,63.0,2024-09-21,2024-10-07,16.0,No,,,OK
DC00288,PT00151,DR005,Dr. Sunita Kulkarni,General Medicine,Lung Cancer - Stage 2,60.0,2024-09-18,2024-09-25,7.0,No,,,OK
DC00289,PT00591,DR010,Dr. Rohit Verma,Orthopedics,Anemia,47.0,2024-09-26,2024-10-17,21.0,No,,,OK
DC00290,PT00261,DR006,Dr. Kavya Iyer,Pediatrics,Knee Replacement,45.0,2024-07-09,2024-07-19,10.0,Yes,2024-07-28,9.0,OK
DC00291,PT00696,DR003,Dr. Aarti Deshmukh,Neurology,Diabetes Type 2,80.0,2024-06-29,2024-07-02,3.0,No,,,OK
DC00292,PT01741,DR001,Dr. Priya Nair,Cardiology,Migraine,37.0,2024-08-09,2024-08-27,18.0,No,,,OK
DC00293,PT01597,DR006,Dr. Kavya Iyer,Pediatrics,Appendicitis,23.0,2024-02-23,2024-02-24,1.0,No,,,OK
DC00294,PT00333,DR003,Dr. Aarti Deshmukh,Neurology,Cataract Surgery,44.0,2024-02-22,2024-02-27,5.0,No,,,OK
DC00295,PT01666,DR007,Dr. Deepak Sharma,Gynecology,Dengue Fever,35.0,2024-09-19,2024-09-27,8.0,No,,,OK
DC00296,PT02000,DR003,Dr. Aarti Deshmukh,Neurology,Cataract Surgery,47.0,2024-03-25,2024-04-08,14.0,No,,,OK
DC00297,PT00605,DR005,Dr. Sunita Kulkarni,General Medicine,Chest Infection,31.0,2024-04-13,2024-04-29,16.0,No,,,OK
DC00298,PT00805,DR008,Dr. Anil Joshi,Emergency,Anemia,82.0,2024-08-13,2024-08-29,16.0,No,,,OK
DC00299,PT01309,DR006,Dr. Kavya Iyer,Pediatrics,Migraine,44.0,2024-11-06,2024-11-10,4.0,No,,,OK
DC00300,PT01447,DR007,Dr. Deepak Sharma,Gynecology,Stroke Recovery,52.0,2024-06-21,2024-07-03,12.0,No,,,OK
DC00301,PT01685,DR010,Dr. Rohit Verma,Orthopedics,Heart Attack,22.0,2024-04-06,2024-04-09,3.0,No,,,OK
DC00302,PT00507,DR003,Dr. Aarti Deshmukh,Neurology,Stroke Recovery,63.0,2024-10-07,2024-10-11,4.0,No,,,OK
DC00303,PT01146,DR008,Dr. Anil Joshi,Emergency,Appendicitis,66.0,2024-11-23,2024-11-29,6.0,Yes,2024-12-07,8.0,OK
DC00304,PT01385,DR010,Dr. Rohit Verma,Orthopedics,Stroke Recovery,73.0,2024-01-08,2024-01-28,20.0,No,,,OK
DC00305,PT00987,DR009,Dr. Meera Pillai,Cardiology,Appendicitis,68.0,2024-09-10,2024-09-29,19.0,No,,,OK
DC00306,PT00222,DR010,Dr. Rohit Verma,Orthopedics,Asthma,55.0,2024-03-04,2024-03-25,21.0,No,,,OK
DC00307,PT00242,DR003,Dr. Aarti Deshmukh,Neurology,Stroke Recovery,19.0,2024-02-12,2024-03-03,20.0,Yes,2024-03-15,12.0,OK
DC00308,PT01870,DR006,Dr. Kavya Iyer,Pediatrics,Anemia,75.0,2024-07-21,2024-07-28,7.0,No,,,OK
DC00309,PT00268,DR009,Dr. Meera Pillai,Cardiology,Migraine,69.0,2024-10-30,2024-11-19,20.0,No,,,OK
DC00310,PT01092,DR006,Dr. Kavya Iyer,Pediatrics,Hernia Repair,45.0,2024-10-03,2024-10-12,9.0,No,,,OK
DC00311,PT01375,DR007,Dr. Deepak Sharma,Gynecology,Chest Infection,50.0,2024-02-13,2024-02-23,10.0,No,,,OK
DC00312,PT00745,DR005,Dr. Sunita Kulkarni,General Medicine,Heart Attack,20.0,2024-04-12,2024-04-15,3.0,No,,,OK
DC00313,PT00420,DR001,Dr. Priya Nair,Cardiology,Asthma,60.0,2024-03-14,2024-03-29,15.0,No,,,OK
DC00314,PT01185,DR006,Dr. Kavya Iyer,Pediatrics,Anemia,75.0,2024-07-15,2024-08-04,20.0,No,,,OK
DC00315,PT00524,DR003,Dr. Aarti Deshmukh,Neurology,Stroke Recovery,53.0,2024-02-21,2024-03-01,9.0,No,,,OK
DC00316,PT01782,DR009,Dr. Meera Pillai,Cardiology,Appendicitis,35.0,2024-01-24,2024-02-07,14.0,No,,,OK
DC00317,PT00221,DR009,Dr. Meera Pillai,Cardiology,Hypertension,32.0,2024-05-19,2024-05-21,2.0,No,,,OK
DC00318,PT00005,DR006,Dr. Kavya Iyer,Pediatrics,Migraine,62.0,2024-01-31,2024-02-18,18.0,Yes,2024-02-23,5.0,OK
DC00319,PT00559,DR003,Dr. Aarti Deshmukh,Neurology,Dengue Fever,71.0,2024-07-24,2024-08-01,8.0,No,,,OK
DC00320,PT00927,DR003,Dr. Aarti Deshmukh,Neurology,Chest Infection,40.0,2024-05-16,2024-05-24,8.0,No,,,OK
DC00321,PT01736,DR005,Dr. Sunita Kulkarni,General Medicine,Knee Replacement,28.0,2024-05-09,2024-05-10,1.0,No,,,OK
DC00322,PT00486,DR010,Dr. Rohit Verma,Orthopedics,Heart Attack,61.0,2024-07-23,2024-08-09,17.0,No,,,OK
DC00323,PT00886,DR009,Dr. Meera Pillai,Cardiology,Hernia Repair,30.0,2024-03-31,2024-04-01,1.0,No,,,OK
DC00324,PT01576,DR007,Dr. Deepak Sharma,Gynecology,Appendicitis,38.0,2024-03-03,2024-03-12,9.0,No,,,OK
DC00325,PT00331,DR001,Dr. Priya Nair,Cardiology,Dengue Fever,19.0,2024-08-27,2024-09-15,19.0,No,,,OK
DC00326,PT01702,DR006,Dr. Kavya Iyer,Pediatrics,Dengue Fever,78.0,2024-02-09,2024-02-12,3.0,No,,,OK
DC00327,PT01374,DR006,Dr. Kavya Iyer,Pediatrics,Cataract Surgery,81.0,2024-04-14,2024-04-22,8.0,No,,,OK
DC00328,PT01326,DR004,Dr. Rajan Mehta,Oncology,Fracture - Femur,76.0,2024-09-02,2024-09-14,12.0,No,,,OK
DC00329,PT00073,DR002,Dr. Suresh Patil,Orthopedics,Chest Infection,47.0,2024-04-27,2024-05-05,8.0,Yes,2024-05-14,9.0,OK
DC00330,PT01179,DR007,Dr. Deepak Sharma,Gynecology,Lung Cancer - Stage 2,26.0,2024-08-15,2024-08-24,9.0,No,,,OK
DC00331,PT00188,DR010,Dr. Rohit Verma,Orthopedics,Appendicitis,55.0,2024-09-14,2024-09-22,8.0,No,,,OK
DC00332,PT00845,DR007,Dr. Deepak Sharma,Gynecology,Stroke Recovery,56.0,2024-02-14,2024-02-26,12.0,No,,,OK
DC00333,PT00423,DR005,Dr. Sunita Kulkarni,General Medicine,Heart Attack,49.0,2024-10-18,2024-10-22,4.0,Yes,2024-11-20,29.0,OK
DC00334,PT01454,DR007,Dr. Deepak Sharma,Gynecology,Appendicitis,44.0,2024-09-11,2024-09-14,3.0,No,,,OK
DC00335,PT00171,DR005,Dr. Sunita Kulkarni,General Medicine,Chest Infection,83.0,2024-03-27,2024-04-02,6.0,No,,,OK
DC00336,PT00444,DR005,Dr. Sunita Kulkarni,General Medicine,Anemia,75.0,2024-06-13,2024-06-19,6.0,No,,,OK
DC00337,PT00833,DR006,Dr. Kavya Iyer,Pediatrics,Fracture - Femur,48.0,2024-08-21,2024-09-01,11.0,No,,,OK
DC00338,PT01017,DR001,Dr. Priya Nair,Cardiology,Asthma,18.0,2024-07-17,2024-07-27,10.0,No,,,OK
DC00340,PT01939,DR008,Dr. Anil Joshi,Emergency,Cataract Surgery,31.0,2024-06-20,2024-06-21,1.0,No,,,OK
DC00341,PT01333,DR005,Dr. Sunita Kulkarni,General Medicine,Dengue Fever,31.0,2024-02-28,2024-03-08,9.0,No,,,OK
DC00342,PT01288,DR007,Dr. Deepak Sharma,Gynecology,Stroke Recovery,39.0,2024-07-30,2024-08-09,10.0,No,,,OK
DC00343,PT00832,DR005,Dr. Sunita Kulkarni,General Medicine,Asthma,43.0,2024-06-09,2024-06-19,10.0,No,,,OK
DC00344,PT01252,DR007,Dr. Deepak Sharma,Gynecology,Fracture - Femur,79.0,2024-06-05,2024-06-18,13.0,No,,,OK
DC00345,PT01453,DR004,Dr. Rajan Mehta,Oncology,Hypertension,44.0,2024-02-15,2024-02-23,8.0,No,,,OK
DC00346,PT01934,DR009,Dr. Meera Pillai,Cardiology,Knee Replacement,18.0,2024-02-18,2024-03-04,15.0,Yes,2024-03-20,16.0,OK
DC00347,PT00789,DR002,Dr. Suresh Patil,Orthopedics,Lung Cancer - Stage 2,30.0,2024-11-04,2024-11-14,10.0,No,,,OK
DC00348,PT00866,DR002,Dr. Suresh Patil,Orthopedics,Appendicitis,54.0,2024-01-22,2024-01-29,7.0,No,,,OK
DC00349,PT01678,DR007,Dr. Deepak Sharma,Gynecology,Anemia,82.0,2024-04-04,2024-04-10,6.0,No,,,OK
DC00350,PT00174,DR001,Dr. Priya Nair,Cardiology,Dengue Fever,26.0,2024-07-13,2024-07-26,13.0,No,,,OK
DC00351,PT00324,DR006,Dr. Kavya Iyer,Pediatrics,Fracture - Femur,23.0,2024-09-27,2024-10-17,20.0,No,,,OK
DC00352,PT01165,DR001,Dr. Priya Nair,Cardiology,Stroke Recovery,54.0,2024-01-29,2024-02-06,8.0,No,,,OK
DC00353,PT01967,DR002,Dr. Suresh Patil,Orthopedics,Diabetes Type 2,35.0,2024-04-04,2024-04-06,2.0,No,,,OK
DC00354,PT00480,DR009,Dr. Meera Pillai,Cardiology,Asthma,60.0,2024-07-04,2024-07-25,21.0,No,,,OK
DC00355,PT01283,DR003,Dr. Aarti Deshmukh,Neurology,Hypertension,36.0,2024-08-25,2024-08-30,5.0,No,,,OK
DC00356,PT00308,DR004,Dr. Rajan Mehta,Oncology,Stroke Recovery,63.0,2024-10-22,2024-11-09,18.0,Yes,2024-12-04,25.0,OK
DC00357,PT01270,DR010,Dr. Rohit Verma,Orthopedics,Fracture - Femur,76.0,2024-08-28,2024-09-05,8.0,No,,,OK
DC00358,PT00897,DR009,Dr. Meera Pillai,Cardiology,Hernia Repair,68.0,2024-03-21,2024-03-29,8.0,Yes,2024-04-18,20.0,OK
DC00359,PT00785,DR007,Dr. Deepak Sharma,Gynecology,Chest Infection,50.0,2024-02-23,2024-03-04,10.0,No,,,OK
DC00360,PT00406,DR001,Dr. Priya Nair,Cardiology,Cataract Surgery,20.0,2024-07-25,2024-07-30,5.0,No,,,OK
DC00361,PT01141,DR005,Dr. Sunita Kulkarni,General Medicine,Migraine,33.0,2024-10-16,2024-11-05,20.0,No,,,OK
DC00362,PT01209,DR009,Dr. Meera Pillai,Cardiology,Diabetes Type 2,19.0,2024-02-02,2024-02-09,7.0,No,,,OK
DC00363,PT01199,DR002,Dr. Suresh Patil,Orthopedics,Lung Cancer - Stage 2,32.0,2024-02-13,2024-03-03,19.0,No,,,OK
DC00364,PT00841,DR004,Dr. Rajan Mehta,Oncology,Cataract Surgery,61.0,2024-04-09,2024-04-10,1.0,No,,,OK
DC00365,PT01966,DR006,Dr. Kavya Iyer,Pediatrics,Hypertension,48.0,2024-05-24,2024-06-03,10.0,No,,,OK
DC00366,PT00341,DR010,Dr. Rohit Verma,Orthopedics,Anemia,36.0,2024-11-28,2024-11-29,1.0,No,,,OK
DC00367,PT01897,DR002,Dr. Suresh Patil,Orthopedics,Migraine,66.0,2024-07-28,2024-07-31,3.0,No,,,OK
DC00368,PT00560,DR001,Dr. Priya Nair,Cardiology,Anemia,32.0,2024-09-26,2024-10-07,11.0,No,,,OK
DC00369,PT01037,DR002,Dr. Suresh Patil,Orthopedics,Stroke Recovery,58.0,2024-09-07,2024-09-08,1.0,No,,,OK
DC00370,PT00842,DR003,Dr. Aarti Deshmukh,Neurology,Knee Replacement,52.0,2024-07-31,2024-08-11,11.0,Yes,2024-08-24,13.0,OK
DC00371,PT00431,DR009,Dr. Meera Pillai,Cardiology,Chest Infection,47.0,2024-02-12,2024-02-26,14.0,No,,,OK
DC00372,PT00580,DR005,Dr. Sunita Kulkarni,General Medicine,Heart Attack,82.0,2024-08-10,2024-08-24,14.0,No,,,OK
DC00373,PT01866,DR010,Dr. Rohit Verma,Orthopedics,Hypertension,40.0,2024-02-21,2024-02-23,2.0,No,,,OK
DC00374,PT01760,DR006,Dr. Kavya Iyer,Pediatrics,Asthma,65.0,2024-03-02,2024-03-06,4.0,No,,,OK
DC00375,PT00585,DR007,Dr. Deepak Sharma,Gynecology,Hypertension,65.0,2024-03-08,2024-03-15,7.0,No,,,OK
DC00376,PT01044,DR003,Dr. Aarti Deshmukh,Neurology,Anemia,30.0,2024-10-30,2024-10-31,1.0,No,,,OK
DC00377,PT01420,DR004,Dr. Rajan Mehta,Oncology,Chest Infection,28.0,2024-08-07,2024-08-15,8.0,No,,,OK
DC00378,PT00195,DR007,Dr. Deepak Sharma,Gynecology,Anemia,77.0,2024-10-25,2024-10-31,6.0,No,,,OK
DC00379,PT01050,DR008,Dr. Anil Joshi,Emergency,Diabetes Type 2,43.0,2024-10-06,2024-10-09,3.0,No,,,OK
DC00380,PT00909,DR001,Dr. Priya Nair,Cardiology,Chest Infection,50.0,2024-02-15,2024-02-16,1.0,No,,,OK
DC00381,PT00379,DR009,Dr. Meera Pillai,Cardiology,Knee Replacement,32.0,2024-02-18,2024-02-25,7.0,No,,,OK
DC00382,PT01289,DR002,Dr. Suresh Patil,Orthopedics,Hernia Repair,20.0,2024-06-03,2024-06-11,8.0,No,,,OK
DC00383,PT01284,DR010,Dr. Rohit Verma,Orthopedics,Lung Cancer - Stage 2,70.0,2024-03-16,2024-03-27,11.0,No,,,OK
DC00384,PT00044,DR002,Dr. Suresh Patil,Orthopedics,Dengue Fever,85.0,2024-08-19,2024-09-02,14.0,No,,,OK
DC00385,PT00126,DR005,Dr. Sunita Kulkarni,General Medicine,Diabetes Type 2,29.0,2024-11-12,2024-11-24,12.0,No,,,OK
DC00386,PT01590,DR007,Dr. Deepak Sharma,Gynecology,Hernia Repair,79.0,2024-07-18,2024-07-21,3.0,Yes,2024-08-15,25.0,OK
DC00387,PT01140,DR005,Dr. Sunita Kulkarni,General Medicine,Hernia Repair,35.0,2024-07-30,2024-08-09,10.0,No,,,OK
DC00388,PT00260,DR009,Dr. Meera Pillai,Cardiology,Lung Cancer - Stage 2,83.0,2024-09-24,2024-09-27,3.0,Yes,2024-10-12,15.0,OK
DC00389,PT00576,DR005,Dr. Sunita Kulkarni,General Medicine,Cataract Surgery,59.0,2024-05-11,2024-05-13,2.0,No,,,OK
DC00390,PT00945,DR003,Dr. Aarti Deshmukh,Neurology,Diabetes Type 2,70.0,2024-04-23,2024-05-12,19.0,No,,,OK
DC00391,PT01991,DR010,Dr. Rohit Verma,Orthopedics,Diabetes Type 2,52.0,2024-07-27,2024-07-28,1.0,No,,,OK
DC00392,PT01436,DR003,Dr. Aarti Deshmukh,Neurology,Hernia Repair,21.0,2024-04-09,2024-04-12,3.0,Yes,2024-04-16,4.0,OK
DC00393,PT01080,DR007,Dr. Deepak Sharma,Gynecology,Stroke Recovery,30.0,2024-08-12,2024-08-17,5.0,No,,,OK
DC00394,PT01726,DR006,Dr. Kavya Iyer,Pediatrics,Anemia,24.0,2024-05-08,2024-05-29,21.0,No,,,OK
DC00395,PT00750,DR008,Dr. Anil Joshi,Emergency,Diabetes Type 2,58.0,2024-03-22,2024-04-05,14.0,No,,,OK
DC00396,PT00207,DR007,Dr. Deepak Sharma,Gynecology,Chest Infection,71.0,2024-07-21,2024-08-03,13.0,No,,,OK
DC00397,PT01989,DR002,Dr. Suresh Patil,Orthopedics,Hernia Repair,22.0,2024-03-01,2024-03-06,5.0,No,,,OK
DC00398,PT01419,DR006,Dr. Kavya Iyer,Pediatrics,Asthma,42.0,2024-09-26,2024-10-15,19.0,No,,,OK
DC00399,PT00381,DR007,Dr. Deepak Sharma,Gynecology,Knee Replacement,35.0,2024-07-04,2024-07-15,11.0,No,,,OK
DC00400,PT01876,DR004,Dr. Rajan Mehta,Oncology,Stroke Recovery,83.0,2024-06-26,2024-07-16,20.0,No,,,OK
DC00401,PT01033,DR007,Dr. Deepak Sharma,Gynecology,Asthma,42.0,2024-11-21,2024-12-08,17.0,No,,,OK
DC00402,PT00330,DR010,Dr. Rohit Verma,Orthopedics,Dengue Fever,65.0,2024-09-10,2024-09-28,18.0,No,,,OK
DC00403,PT00133,DR004,Dr. Rajan Mehta,Oncology,Stroke Recovery,45.0,2024-10-25,2024-11-12,18.0,Yes,2024-11-15,3.0,OK
DC00404,PT01666,DR007,Dr. Deepak Sharma,Gynecology,Chest Infection,20.0,2024-10-10,2024-10-20,10.0,No,,,OK
DC00405,PT01507,DR001,Dr. Priya Nair,Cardiology,Knee Replacement,80.0,2024-06-29,2024-07-14,15.0,Yes,2024-08-09,26.0,OK
DC00406,PT01251,DR001,Dr. Priya Nair,Cardiology,Knee Replacement,18.0,2024-08-24,2024-09-13,20.0,Yes,2024-09-22,9.0,OK
DC00407,PT01563,DR010,Dr. Rohit Verma,Orthopedics,Cataract Surgery,42.0,2024-02-27,2024-03-15,17.0,No,,,OK
DC00408,PT00385,DR007,Dr. Deepak Sharma,Gynecology,Knee Replacement,71.0,2024-07-28,2024-08-16,19.0,No,,,OK
DC00409,PT01980,DR008,Dr. Anil Joshi,Emergency,Cataract Surgery,76.0,2024-02-04,2024-02-19,15.0,Yes,2024-03-12,22.0,OK
DC00410,PT00613,DR003,Dr. Aarti Deshmukh,Neurology,Heart Attack,30.0,2024-07-15,2024-08-04,20.0,No,,,OK
DC00411,PT01895,DR009,Dr. Meera Pillai,Cardiology,Anemia,51.0,2024-02-15,2024-03-07,21.0,Yes,2024-03-14,7.0,OK
DC00412,PT01541,DR008,Dr. Anil Joshi,Emergency,Hypertension,78.0,2024-07-04,2024-07-06,2.0,No,,,OK
DC00413,PT00605,DR009,Dr. Meera Pillai,Cardiology,Diabetes Type 2,67.0,2024-10-05,2024-10-23,18.0,No,,,OK
DC00414,PT00208,DR004,Dr. Rajan Mehta,Oncology,Cataract Surgery,43.0,2024-10-20,2024-10-24,4.0,No,,,OK
DC00415,PT00166,DR005,Dr. Sunita Kulkarni,General Medicine,Cataract Surgery,30.0,2024-03-27,2024-03-28,1.0,No,,,OK
DC00416,PT01759,DR005,Dr. Sunita Kulkarni,General Medicine,Stroke Recovery,27.0,2024-10-09,2024-10-15,6.0,No,,,OK
DC00417,PT00973,DR009,Dr. Meera Pillai,Cardiology,Appendicitis,74.0,2024-04-10,2024-04-22,12.0,No,,,OK
DC00418,PT01876,DR004,Dr. Rajan Mehta,Oncology,Stroke Recovery,19.0,2024-01-25,2024-02-11,17.0,No,,,OK
DC00419,PT01025,DR005,Dr. Sunita Kulkarni,General Medicine,Migraine,26.0,2024-05-07,2024-05-13,6.0,No,,,OK
DC00420,PT00660,DR005,Dr. Sunita Kulkarni,General Medicine,Dengue Fever,71.0,2024-07-17,2024-08-04,18.0,No,,,OK
DC00421,PT01602,DR008,Dr. Anil Joshi,Emergency,Dengue Fever,27.0,2024-01-02,2024-01-21,19.0,No,,,OK
DC00422,PT01297,DR009,Dr. Meera Pillai,Cardiology,Hernia Repair,75.0,2024-05-22,2024-06-04,13.0,No,,,OK
DC00423,PT00190,DR001,Dr. Priya Nair,Cardiology,Stroke Recovery,38.0,2024-06-28,2024-07-11,13.0,No,,,OK
DC00424,PT01488,DR010,Dr. Rohit Verma,Orthopedics,Hypertension,21.0,2024-03-13,2024-03-30,17.0,No,,,OK
DC00425,PT00704,DR006,Dr. Kavya Iyer,Pediatrics,Hypertension,50.0,2024-01-13,2024-01-15,2.0,No,,,OK
DC00426,PT01574,DR007,Dr. Deepak Sharma,Gynecology,Asthma,65.0,2024-05-01,2024-05-03,2.0,No,,,OK
DC00427,PT01643,DR003,Dr. Aarti Deshmukh,Neurology,Hypertension,75.0,2024-03-24,2024-03-28,4.0,No,,,OK
DC00428,PT01156,DR001,Dr. Priya Nair,Cardiology,Chest Infection,21.0,2024-04-09,2024-04-24,15.0,Yes,2024-05-04,10.0,OK
DC00429,PT00060,DR008,Dr. Anil Joshi,Emergency,Knee Replacement,37.0,2024-01-03,2024-01-10,7.0,No,,,OK
DC00430,PT01590,DR003,Dr. Aarti Deshmukh,Neurology,Stroke Recovery,79.0,2024-11-27,2024-12-12,15.0,No,,,OK
DC00431,PT01916,DR007,Dr. Deepak Sharma,Gynecology,Appendicitis,44.0,2024-10-06,2024-10-17,11.0,No,,,OK
DC00432,PT00580,DR003,Dr. Aarti Deshmukh,Neurology,Appendicitis,83.0,2024-11-28,2024-12-16,18.0,No,,,OK
DC00433,PT00976,DR005,Dr. Sunita Kulkarni,General Medicine,Appendicitis,61.0,2024-06-25,2024-07-12,17.0,No,,,OK
DC00434,PT00751,DR002,Dr. Suresh Patil,Orthopedics,Migraine,53.0,2024-10-24,2024-10-30,6.0,No,,,OK
DC00435,PT00261,DR010,Dr. Rohit Verma,Orthopedics,Asthma,29.0,2024-10-13,2024-10-25,12.0,No,,,OK
DC00436,PT01813,DR004,Dr. Rajan Mehta,Oncology,Chest Infection,77.0,2024-02-25,2024-02-28,3.0,No,,,OK
DC00437,PT00561,DR005,Dr. Sunita Kulkarni,General Medicine,Anemia,74.0,2024-09-01,2024-09-17,16.0,No,,,OK
DC00438,PT01350,DR002,Dr. Suresh Patil,Orthopedics,Hypertension,85.0,2024-04-08,2024-04-11,3.0,No,,,OK
DC00439,PT00367,DR008,Dr. Anil Joshi,Emergency,Fracture - Femur,25.0,2024-10-18,2024-11-01,14.0,No,,,OK
DC00440,PT00783,DR008,Dr. Anil Joshi,Emergency,Asthma,19.0,2024-05-24,2024-05-30,6.0,No,,,OK
DC00441,PT00964,DR009,Dr. Meera Pillai,Cardiology,Lung Cancer - Stage 2,36.0,2024-07-25,2024-07-31,6.0,No,,,OK
DC00442,PT00190,DR009,Dr. Meera Pillai,Cardiology,Heart Attack,32.0,2024-07-26,2024-08-06,11.0,No,,,OK
DC00443,PT01386,DR004,Dr. Rajan Mehta,Oncology,Heart Attack,82.0,2024-09-23,2024-09-28,5.0,No,,,OK
DC00444,PT01499,DR007,Dr. Deepak Sharma,Gynecology,Asthma,58.0,2024-09-17,2024-10-01,14.0,No,,,OK
DC00445,PT01655,DR001,Dr. Priya Nair,Cardiology,Migraine,19.0,2024-02-22,2024-03-09,16.0,No,,,OK
DC00446,PT00949,DR001,Dr. Priya Nair,Cardiology,Diabetes Type 2,39.0,2024-06-20,2024-07-02,12.0,Yes,2024-07-14,12.0,OK
DC00447,PT01960,DR006,Dr. Kavya Iyer,Pediatrics,Chest Infection,64.0,2024-03-19,2024-04-08,20.0,No,,,OK
DC00448,PT00401,DR006,Dr. Kavya Iyer,Pediatrics,Diabetes Type 2,48.0,2024-07-13,2024-07-31,18.0,No,,,OK
DC00449,PT00949,DR002,Dr. Suresh Patil,Orthopedics,Diabetes Type 2,28.0,2024-04-19,2024-05-10,21.0,No,,,OK
DC00450,PT01063,DR001,Dr. Priya Nair,Cardiology,Hypertension,74.0,2024-09-30,2024-10-09,9.0,No,,,OK
DC00451,PT01402,DR008,Dr. Anil Joshi,Emergency,Stroke Recovery,45.0,2024-05-28,2024-06-18,21.0,Yes,2024-06-26,8.0,OK
DC00452,PT01357,DR002,Dr. Suresh Patil,Orthopedics,Anemia,71.0,2024-11-20,2024-11-28,8.0,No,,,OK
DC00453,PT00510,DR006,Dr. Kavya Iyer,Pediatrics,Dengue Fever,19.0,2024-09-19,2024-10-10,21.0,No,,,OK
DC00454,PT00423,DR003,Dr. Aarti Deshmukh,Neurology,Dengue Fever,83.0,2024-08-20,2024-08-31,11.0,No,,,OK
DC00455,PT01327,DR004,Dr. Rajan Mehta,Oncology,Fracture - Femur,36.0,2024-01-28,2024-02-18,21.0,No,,,OK
DC00456,PT00713,DR010,Dr. Rohit Verma,Orthopedics,Anemia,25.0,2024-11-10,2024-11-11,1.0,No,,,OK
DC00457,PT01075,DR004,Dr. Rajan Mehta,Oncology,Hypertension,72.0,2024-08-01,2024-08-06,5.0,No,,,OK
DC00458,PT01889,DR010,Dr. Rohit Verma,Orthopedics,Dengue Fever,40.0,2024-10-10,2024-10-26,16.0,No,,,OK
DC00459,PT01987,DR004,Dr. Rajan Mehta,Oncology,Diabetes Type 2,53.0,2024-03-13,2024-03-30,17.0,No,,,OK
DC00460,PT00940,DR005,Dr. Sunita Kulkarni,General Medicine,Dengue Fever,23.0,2024-05-05,2024-05-24,19.0,No,,,OK
DC00461,PT00373,DR002,Dr. Suresh Patil,Orthopedics,Chest Infection,82.0,2024-02-19,2024-02-24,5.0,No,,,OK
DC00463,PT01856,DR008,Dr. Anil Joshi,Emergency,Fracture - Femur,27.0,2024-08-31,2024-09-12,12.0,No,,,OK
DC00464,PT01486,DR007,Dr. Deepak Sharma,Gynecology,Hypertension,54.0,2024-08-31,2024-09-08,8.0,No,,,OK
DC00465,PT00873,DR008,Dr. Anil Joshi,Emergency,Lung Cancer - Stage 2,72.0,2024-09-29,2024-10-09,10.0,Yes,2024-11-01,23.0,OK
DC00466,PT00428,DR003,Dr. Aarti Deshmukh,Neurology,Stroke Recovery,63.0,2024-04-28,2024-05-16,18.0,No,,,OK
DC00467,PT00986,DR004,Dr. Rajan Mehta,Oncology,Hypertension,61.0,2024-07-01,2024-07-19,18.0,No,,,OK
DC00468,PT01561,DR006,Dr. Kavya Iyer,Pediatrics,Dengue Fever,37.0,2024-11-09,2024-11-23,14.0,No,,,OK
DC00469,PT01801,DR002,Dr. Suresh Patil,Orthopedics,Knee Replacement,82.0,2024-07-01,2024-07-13,12.0,No,,,OK
DC00470,PT00422,DR001,Dr. Priya Nair,Cardiology,Fracture - Femur,52.0,2024-10-05,2024-10-09,4.0,Yes,2024-11-05,27.0,OK
DC00471,PT00923,DR001,Dr. Priya Nair,Cardiology,Fracture - Femur,41.0,2024-09-12,2024-10-02,20.0,No,,,OK
DC00472,PT00616,DR008,Dr. Anil Joshi,Emergency,Chest Infection,74.0,2024-11-30,2024-12-20,20.0,Yes,2024-12-30,10.0,OK
DC00473,PT00851,DR009,Dr. Meera Pillai,Cardiology,Hernia Repair,32.0,2024-09-06,2024-09-13,7.0,No,,,OK
DC00474,PT00650,DR010,Dr. Rohit Verma,Orthopedics,Heart Attack,53.0,2024-08-07,2024-08-15,8.0,No,,,OK
DC00475,PT00204,DR001,Dr. Priya Nair,Cardiology,Migraine,42.0,2024-10-20,2024-10-21,1.0,No,,,OK
DC00476,PT00277,DR007,Dr. Deepak Sharma,Gynecology,Stroke Recovery,62.0,2024-04-05,2024-04-21,16.0,Yes,2024-04-29,8.0,OK
DC00477,PT00627,DR003,Dr. Aarti Deshmukh,Neurology,Diabetes Type 2,48.0,2024-01-04,2024-01-10,6.0,No,,,OK
DC00478,PT01955,DR009,Dr. Meera Pillai,Cardiology,Hypertension,73.0,2024-09-07,2024-09-15,8.0,No,,,OK
DC00479,PT00630,DR010,Dr. Rohit Verma,Orthopedics,Fracture - Femur,58.0,2024-01-22,2024-02-04,13.0,No,,,OK
DC00480,PT00240,DR010,Dr. Rohit Verma,Orthopedics,Hernia Repair,52.0,2024-07-26,2024-08-16,21.0,No,,,OK
DC00481,PT00294,DR004,Dr. Rajan Mehta,Oncology,Dengue Fever,40.0,2024-06-19,2024-06-20,1.0,Yes,2024-06-25,5.0,OK
DC00482,PT00966,DR001,Dr. Priya Nair,Cardiology,Asthma,23.0,2024-01-23,2024-01-24,1.0,No,,,OK
DC00483,PT00483,DR003,Dr. Aarti Deshmukh,Neurology,Heart Attack,48.0,2024-03-26,2024-03-28,2.0,No,,,OK
DC00484,PT01170,DR009,Dr. Meera Pillai,Cardiology,Hypertension,67.0,2024-05-29,2024-06-12,14.0,Yes,2024-06-29,17.0,OK
DC00485,PT00586,DR008,Dr. Anil Joshi,Emergency,Hernia Repair,51.0,2024-10-01,2024-10-07,6.0,No,,,OK
DC00486,PT00205,DR002,Dr. Suresh Patil,Orthopedics,Cataract Surgery,23.0,2024-09-06,2024-09-13,7.0,No,,,OK
DC00488,PT00714,DR001,Dr. Priya Nair,Cardiology,Knee Replacement,19.0,2024-06-05,2024-06-16,11.0,No,,,OK
DC00489,PT01607,DR001,Dr. Priya Nair,Cardiology,Cataract Surgery,53.0,2024-06-27,2024-07-02,5.0,No,,,OK
DC00490,PT00527,DR006,Dr. Kavya Iyer,Pediatrics,Appendicitis,71.0,2024-06-02,2024-06-15,13.0,No,,,OK
DC00492,PT01852,DR001,Dr. Priya Nair,Cardiology,Hernia Repair,74.0,2024-02-26,2024-03-04,7.0,Yes,2024-03-21,17.0,OK
DC00493,PT01553,DR008,Dr. Anil Joshi,Emergency,Stroke Recovery,42.0,2024-09-16,2024-09-22,6.0,No,,,OK
DC00494,PT01404,DR009,Dr. Meera Pillai,Cardiology,Heart Attack,79.0,2024-04-24,2024-05-02,8.0,No,,,OK
DC00495,PT01784,DR004,Dr. Rajan Mehta,Oncology,Heart Attack,60.0,2024-04-30,2024-05-09,9.0,Yes,2024-05-22,13.0,OK
DC00497,PT00177,DR002,Dr. Suresh Patil,Orthopedics,Anemia,52.0,2024-07-14,2024-07-20,6.0,No,,,OK
DC00498,PT00423,DR005,Dr. Sunita Kulkarni,General Medicine,Anemia,54.0,2024-10-22,2024-10-25,3.0,Yes,2024-11-09,15.0,OK
DC00500,PT01021,DR006,Dr. Kavya Iyer,Pediatrics,Fracture - Femur,45.0,2024-06-17,2024-06-21,4.0,No,,,OK
DC00501,PT00279,DR004,Dr. Rajan Mehta,Oncology,Fracture - Femur,53.0,2024-01-28,2024-02-15,18.0,No,,,OK
DC00502,PT00216,DR004,Dr. Rajan Mehta,Oncology,Asthma,49.0,2024-10-04,2024-10-07,3.0,No,,,OK
DC00503,PT00224,DR009,Dr. Meera Pillai,Cardiology,Lung Cancer - Stage 2,46.0,2024-03-31,2024-04-20,20.0,Yes,2024-05-05,15.0,OK
DC00504,PT00135,DR008,Dr. Anil Joshi,Emergency,Hernia Repair,47.0,2024-08-17,2024-08-25,8.0,No,,,OK
DC00505,PT00741,DR004,Dr. Rajan Mehta,Oncology,Appendicitis,55.0,2024-01-23,2024-02-04,12.0,No,,,OK
DC00506,PT01183,DR004,Dr. Rajan Mehta,Oncology,Diabetes Type 2,37.0,2024-11-17,2024-11-19,2.0,No,,,OK
DC00507,PT00857,DR010,Dr. Rohit Verma,Orthopedics,Dengue Fever,73.0,2024-11-10,2024-11-11,1.0,No,,,OK
DC00508,PT00796,DR001,Dr. Priya Nair,Cardiology,Dengue Fever,69.0,2024-07-03,2024-07-16,13.0,No,,,OK
DC00509,PT00383,DR009,Dr. Meera Pillai,Cardiology,Dengue Fever,20.0,2024-03-07,2024-03-10,3.0,No,,,OK
DC00510,PT01152,DR004,Dr. Rajan Mehta,Oncology,Hypertension,59.0,2024-10-26,2024-11-11,16.0,No,,,OK
DC00511,PT00537,DR010,Dr. Rohit Verma,Orthopedics,Hernia Repair,70.0,2024-03-09,2024-03-26,17.0,No,,,OK
DC00512,PT00973,DR006,Dr. Kavya Iyer,Pediatrics,Asthma,73.0,2024-07-21,2024-08-08,18.0,No,,,OK
DC00513,PT01965,DR007,Dr. Deepak Sharma,Gynecology,Cataract Surgery,40.0,2024-05-23,2024-05-29,6.0,Yes,2024-06-26,28.0,OK
DC00514,PT01361,DR003,Dr. Aarti Deshmukh,Neurology,Chest Infection,48.0,2024-06-24,2024-07-11,17.0,Yes,2024-07-20,9.0,OK
DC00515,PT01440,DR009,Dr. Meera Pillai,Cardiology,Migraine,69.0,2024-08-23,2024-09-04,12.0,No,,,OK
DC00516,PT00199,DR001,Dr. Priya Nair,Cardiology,Anemia,47.0,2024-09-22,2024-10-04,12.0,No,,,OK
DC00517,PT01831,DR010,Dr. Rohit Verma,Orthopedics,Hernia Repair,38.0,2024-04-05,2024-04-20,15.0,No,,,OK
DC00518,PT01605,DR004,Dr. Rajan Mehta,Oncology,Lung Cancer - Stage 2,42.0,2024-01-25,2024-02-10,16.0,No,,,OK
DC00519,PT00791,DR008,Dr. Anil Joshi,Emergency,Diabetes Type 2,30.0,2024-09-08,2024-09-23,15.0,Yes,2024-10-03,10.0,OK
DC00520,PT01007,DR004,Dr. Rajan Mehta,Oncology,Appendicitis,57.0,2024-02-03,2024-02-19,16.0,No,,,OK
DC00521,PT01257,DR002,Dr. Suresh Patil,Orthopedics,Anemia,85.0,2024-05-19,2024-06-09,21.0,Yes,2024-07-07,28.0,OK
DC00522,PT00185,DR004,Dr. Rajan Mehta,Oncology,Stroke Recovery,39.0,2024-01-31,2024-02-21,21.0,No,,,OK
DC00523,PT01876,DR001,Dr. Priya Nair,Cardiology,Diabetes Type 2,38.0,2024-02-17,2024-02-25,8.0,Yes,2024-03-20,24.0,OK
DC00524,PT01189,DR003,Dr. Aarti Deshmukh,Neurology,Fracture - Femur,52.0,2024-09-08,2024-09-13,5.0,No,,,OK
DC00525,PT00661,DR007,Dr. Deepak Sharma,Gynecology,Diabetes Type 2,72.0,2024-09-22,2024-10-02,10.0,No,,,OK
DC00526,PT01117,DR004,Dr. Rajan Mehta,Oncology,Stroke Recovery,74.0,2024-07-22,2024-08-02,11.0,No,,,OK
DC00527,PT01210,DR002,Dr. Suresh Patil,Orthopedics,Lung Cancer - Stage 2,33.0,2024-09-20,2024-10-05,15.0,No,,,OK
DC00528,PT01047,DR004,Dr. Rajan Mehta,Oncology,Stroke Recovery,66.0,2024-09-24,2024-09-29,5.0,No,,,OK
DC00529,PT01595,DR010,Dr. Rohit Verma,Orthopedics,Appendicitis,35.0,2024-10-05,2024-10-08,3.0,No,,,OK
DC00530,PT01495,DR010,Dr. Rohit Verma,Orthopedics,Hernia Repair,76.0,2024-10-17,2024-10-23,6.0,No,,,OK
DC00531,PT01299,DR007,Dr. Deepak Sharma,Gynecology,Heart Attack,76.0,2024-07-11,2024-07-23,12.0,No,,,OK
DC00532,PT00761,DR010,Dr. Rohit Verma,Orthopedics,Fracture - Femur,77.0,2024-08-14,2024-08-25,11.0,No,,,OK
DC00533,PT01284,DR009,Dr. Meera Pillai,Cardiology,Hypertension,58.0,2024-01-21,2024-02-05,15.0,Yes,2024-03-05,29.0,OK
DC00534,PT00509,DR008,Dr. Anil Joshi,Emergency,Stroke Recovery,48.0,2024-04-24,2024-05-13,19.0,Yes,2024-06-09,27.0,OK
DC00535,PT00360,DR007,Dr. Deepak Sharma,Gynecology,Fracture - Femur,69.0,2024-10-14,2024-10-31,17.0,No,,,OK
DC00536,PT01116,DR006,Dr. Kavya Iyer,Pediatrics,Lung Cancer - Stage 2,64.0,2024-07-25,2024-07-26,1.0,No,,,OK
DC00537,PT00278,DR002,Dr. Suresh Patil,Orthopedics,Stroke Recovery,60.0,2024-04-21,2024-04-22,1.0,No,,,OK
DC00538,PT01288,DR009,Dr. Meera Pillai,Cardiology,Anemia,38.0,2024-01-08,2024-01-14,6.0,No,,,OK
DC00539,PT01674,DR008,Dr. Anil Joshi,Emergency,Appendicitis,25.0,2024-11-12,2024-11-19,7.0,No,,,OK
DC00540,PT00899,DR010,Dr. Rohit Verma,Orthopedics,Heart Attack,19.0,2024-10-25,2024-10-28,3.0,No,,,OK
DC00541,PT01518,DR005,Dr. Sunita Kulkarni,General Medicine,Stroke Recovery,28.0,2024-06-05,2024-06-15,10.0,No,,,OK
DC00542,PT01307,DR009,Dr. Meera Pillai,Cardiology,Cataract Surgery,68.0,2024-05-26,2024-06-13,18.0,No,,,OK
DC00543,PT00601,DR010,Dr. Rohit Verma,Orthopedics,Anemia,66.0,2024-11-19,2024-11-30,11.0,No,,,OK
DC00544,PT01484,DR001,Dr. Priya Nair,Cardiology,Dengue Fever,71.0,2024-05-08,2024-05-12,4.0,No,,,OK
DC00545,PT01975,DR008,Dr. Anil Joshi,Emergency,Knee Replacement,82.0,2024-05-16,2024-05-17,1.0,No,,,OK
DC00546,PT01824,DR004,Dr. Rajan Mehta,Oncology,Knee Replacement,68.0,2024-02-21,2024-03-04,12.0,No,,,OK
DC00547,PT01047,DR008,Dr. Anil Joshi,Emergency,Diabetes Type 2,18.0,2024-08-25,2024-08-29,4.0,Yes,2024-09-11,13.0,OK
DC00548,PT01468,DR001,Dr. Priya Nair,Cardiology,Fracture - Femur,20.0,2024-02-10,2024-02-27,17.0,Yes,2024-03-03,5.0,OK
DC00549,PT00815,DR001,Dr. Priya Nair,Cardiology,Chest Infection,57.0,2024-01-18,2024-01-25,7.0,No,,,OK
DC00550,PT00605,DR002,Dr. Suresh Patil,Orthopedics,Fracture - Femur,53.0,2024-05-11,2024-05-14,3.0,No,,,OK
DC00551,PT01652,DR003,Dr. Aarti Deshmukh,Neurology,Stroke Recovery,64.0,2024-04-15,2024-04-26,11.0,No,,,OK
DC00552,PT01270,DR002,Dr. Suresh Patil,Orthopedics,Chest Infection,42.0,2024-07-29,2024-08-11,13.0,Yes,2024-08-20,9.0,OK
DC00553,PT00631,DR009,Dr. Meera Pillai,Cardiology,Appendicitis,24.0,2024-06-19,2024-06-20,1.0,No,,,OK
DC00554,PT01646,DR006,Dr. Kavya Iyer,Pediatrics,Hernia Repair,26.0,2024-11-29,2024-11-30,1.0,No,,,OK
DC00555,PT00945,DR001,Dr. Priya Nair,Cardiology,Migraine,73.0,2024-07-20,2024-08-10,21.0,No,,,OK
DC00556,PT00995,DR009,Dr. Meera Pillai,Cardiology,Asthma,51.0,2024-02-20,2024-02-27,7.0,Yes,2024-03-26,28.0,OK
DC00557,PT01122,DR007,Dr. Deepak Sharma,Gynecology,Lung Cancer - Stage 2,58.0,2024-10-25,2024-10-28,3.0,No,,,OK
DC00558,PT00403,DR006,Dr. Kavya Iyer,Pediatrics,Heart Attack,53.0,2024-02-08,2024-02-25,17.0,Yes,2024-03-11,15.0,OK
DC00559,PT00528,DR007,Dr. Deepak Sharma,Gynecology,Chest Infection,36.0,2024-02-20,2024-02-27,7.0,No,,,OK
DC00560,PT01194,DR002,Dr. Suresh Patil,Orthopedics,Hernia Repair,53.0,2024-03-29,2024-04-12,14.0,No,,,OK
DC00562,PT01241,DR002,Dr. Suresh Patil,Orthopedics,Appendicitis,37.0,2024-04-18,2024-04-26,8.0,No,,,OK
DC00563,PT01194,DR004,Dr. Rajan Mehta,Oncology,Knee Replacement,64.0,2024-10-09,2024-10-23,14.0,No,,,OK
DC00564,PT01867,DR010,Dr. Rohit Verma,Orthopedics,Knee Replacement,31.0,2024-05-30,2024-06-18,19.0,No,,,OK
DC00565,PT01811,DR001,Dr. Priya Nair,Cardiology,Appendicitis,32.0,2024-03-29,2024-04-06,8.0,No,,,OK
DC00566,PT00550,DR006,Dr. Kavya Iyer,Pediatrics,Diabetes Type 2,29.0,2024-07-31,2024-08-16,16.0,No,,,OK
DC00567,PT00017,DR008,Dr. Anil Joshi,Emergency,Dengue Fever,78.0,2024-02-13,2024-02-17,4.0,Yes,2024-02-24,7.0,OK
DC00568,PT01158,DR002,Dr. Suresh Patil,Orthopedics,Stroke Recovery,44.0,2024-04-17,2024-04-29,12.0,No,,,OK
DC00569,PT01545,DR009,Dr. Meera Pillai,Cardiology,Hernia Repair,57.0,2024-08-23,2024-08-28,5.0,No,,,OK
DC00570,PT01472,DR001,Dr. Priya Nair,Cardiology,Dengue Fever,52.0,2024-05-09,2024-05-13,4.0,No,,,OK
DC00571,PT01128,DR003,Dr. Aarti Deshmukh,Neurology,Anemia,40.0,2024-11-08,2024-11-26,18.0,Yes,2024-12-19,23.0,OK
DC00572,PT01665,DR002,Dr. Suresh Patil,Orthopedics,Appendicitis,34.0,2024-04-09,2024-04-22,13.0,No,,,OK
DC00573,PT00584,DR008,Dr. Anil Joshi,Emergency,Cataract Surgery,38.0,2024-04-28,2024-05-03,5.0,Yes,2024-05-10,7.0,OK
DC00574,PT00410,DR008,Dr. Anil Joshi,Emergency,Hernia Repair,68.0,2024-10-11,2024-10-18,7.0,No,,,OK
DC00575,PT00702,DR003,Dr. Aarti Deshmukh,Neurology,Cataract Surgery,53.0,2024-09-23,2024-10-09,16.0,No,,,OK
DC00576,PT01427,DR002,Dr. Suresh Patil,Orthopedics,Fracture - Femur,45.0,2024-08-05,2024-08-15,10.0,No,,,OK
DC00577,PT01368,DR001,Dr. Priya Nair,Cardiology,Appendicitis,62.0,2024-06-13,2024-06-19,6.0,Yes,2024-07-10,21.0,OK
DC00578,PT00551,DR009,Dr. Meera Pillai,Cardiology,Migraine,65.0,2024-04-28,2024-05-07,9.0,Yes,2024-05-28,21.0,OK
DC00579,PT01336,DR010,Dr. Rohit Verma,Orthopedics,Fracture - Femur,51.0,2024-09-04,2024-09-15,11.0,No,,,OK
DC00580,PT01370,DR008,Dr. Anil Joshi,Emergency,Hypertension,40.0,2024-08-07,2024-08-21,14.0,No,,,OK
DC00581,PT00355,DR003,Dr. Aarti Deshmukh,Neurology,Hypertension,75.0,2024-06-02,2024-06-09,7.0,No,,,OK
DC00582,PT01897,DR008,Dr. Anil Joshi,Emergency,Knee Replacement,50.0,2024-05-24,2024-06-10,17.0,No,,,OK
DC00583,PT01063,DR004,Dr. Rajan Mehta,Oncology,Hypertension,35.0,2024-06-14,2024-06-28,14.0,No,,,OK
DC00584,PT00360,DR001,Dr. Priya Nair,Cardiology,Heart Attack,82.0,2024-08-30,2024-09-20,21.0,No,,,OK
DC00585,PT00074,DR010,Dr. Rohit Verma,Orthopedics,Hernia Repair,40.0,2024-03-07,2024-03-19,12.0,No,,,OK
DC00586,PT01572,DR003,Dr. Aarti Deshmukh,Neurology,Stroke Recovery,51.0,2024-11-21,2024-12-03,12.0,No,,,OK
DC00588,PT00344,DR003,Dr. Aarti Deshmukh,Neurology,Fracture - Femur,35.0,2024-11-02,2024-11-20,18.0,No,,,OK
DC00589,PT01697,DR009,Dr. Meera Pillai,Cardiology,Cataract Surgery,60.0,2024-09-26,2024-10-04,8.0,No,,,OK
DC00590,PT00434,DR003,Dr. Aarti Deshmukh,Neurology,Appendicitis,40.0,2024-01-18,2024-01-26,8.0,No,,,OK
DC00591,PT00959,DR008,Dr. Anil Joshi,Emergency,Asthma,47.0,2024-01-17,2024-01-18,1.0,No,,,OK
DC00592,PT00101,DR007,Dr. Deepak Sharma,Gynecology,Anemia,55.0,2024-06-16,2024-06-21,5.0,No,,,OK
DC00593,PT01200,DR006,Dr. Kavya Iyer,Pediatrics,Hernia Repair,24.0,2024-10-21,2024-10-27,6.0,No,,,OK
DC00594,PT00288,DR009,Dr. Meera Pillai,Cardiology,Appendicitis,20.0,2024-07-15,2024-07-17,2.0,No,,,OK
DC00595,PT00594,DR010,Dr. Rohit Verma,Orthopedics,Lung Cancer - Stage 2,74.0,2024-02-26,2024-03-01,4.0,No,,,OK
DC00596,PT00606,DR009,Dr. Meera Pillai,Cardiology,Heart Attack,78.0,2024-09-07,2024-09-15,8.0,Yes,2024-09-29,14.0,OK
DC00597,PT01546,DR002,Dr. Suresh Patil,Orthopedics,Knee Replacement,72.0,2024-06-10,2024-06-30,20.0,No,,,OK
DC00598,PT01431,DR003,Dr. Aarti Deshmukh,Neurology,Dengue Fever,72.0,2024-08-14,2024-09-01,18.0,No,,,OK
DC00599,PT01346,DR003,Dr. Aarti Deshmukh,Neurology,Migraine,59.0,2024-10-17,2024-10-28,11.0,No,,,OK
DC00600,PT01781,DR008,Dr. Anil Joshi,Emergency,Hypertension,29.0,2024-01-23,2024-02-07,15.0,No,,,OK
DC00601,PT00097,DR004,Dr. Rajan Mehta,Oncology,Chest Infection,69.0,2024-04-06,2024-04-14,8.0,No,,,OK
DC00602,PT01912,DR008,Dr. Anil Joshi,Emergency,Knee Replacement,19.0,2024-04-13,2024-04-22,9.0,No,,,OK
DC00603,PT01971,DR009,Dr. Meera Pillai,Cardiology,Asthma,49.0,2024-08-10,2024-08-24,14.0,No,,,OK
DC00604,PT00454,DR009,Dr. Meera Pillai,Cardiology,Fracture - Femur,32.0,2024-01-29,2024-02-11,13.0,Yes,2024-02-23,12.0,OK
DC00605,PT01729,DR009,Dr. Meera Pillai,Cardiology,Migraine,61.0,2024-09-13,2024-10-03,20.0,No,,,OK
DC00606,PT01486,DR007,Dr. Deepak Sharma,Gynecology,Chest Infection,33.0,2024-10-24,2024-11-04,11.0,No,,,OK
DC00607,PT01124,DR002,Dr. Suresh Patil,Orthopedics,Lung Cancer - Stage 2,45.0,2024-04-24,2024-04-27,3.0,No,,,OK
DC00608,PT00002,DR002,Dr. Suresh Patil,Orthopedics,Dengue Fever,32.0,2024-10-06,2024-10-08,2.0,No,,,OK
DC00609,PT00372,DR005,Dr. Sunita Kulkarni,General Medicine,Hernia Repair,38.0,2024-05-18,2024-05-26,8.0,No,,,OK
DC00610,PT01504,DR006,Dr. Kavya Iyer,Pediatrics,Diabetes Type 2,82.0,2024-09-20,2024-10-10,20.0,No,,,OK
DC00611,PT01759,DR006,Dr. Kavya Iyer,Pediatrics,Diabetes Type 2,32.0,2024-08-18,2024-09-07,20.0,No,,,OK
DC00612,PT01619,DR001,Dr. Priya Nair,Cardiology,Cataract Surgery,52.0,2024-11-24,2024-12-01,7.0,No,,,OK
DC00614,PT00821,DR010,Dr. Rohit Verma,Orthopedics,Anemia,45.0,2024-02-17,2024-03-08,20.0,No,,,OK
DC00615,PT00964,DR010,Dr. Rohit Verma,Orthopedics,Migraine,67.0,2024-03-27,2024-04-09,13.0,No,,,OK
DC00616,PT00099,DR008,Dr. Anil Joshi,Emergency,Chest Infection,21.0,2024-01-02,2024-01-13,11.0,No,,,OK
DC00617,PT00770,DR008,Dr. Anil Joshi,Emergency,Diabetes Type 2,31.0,2024-01-30,2024-02-18,19.0,No,,,OK
DC00618,PT00668,DR010,Dr. Rohit Verma,Orthopedics,Knee Replacement,66.0,2024-01-14,2024-02-01,18.0,No,,,OK
DC00619,PT01415,DR006,Dr. Kavya Iyer,Pediatrics,Heart Attack,42.0,2024-09-29,2024-10-06,7.0,No,,,OK
DC00620,PT01502,DR006,Dr. Kavya Iyer,Pediatrics,Lung Cancer - Stage 2,50.0,2024-10-16,2024-10-24,8.0,No,,,OK
DC00621,PT00841,DR009,Dr. Meera Pillai,Cardiology,Anemia,18.0,2024-09-20,2024-09-24,4.0,No,,,OK
DC00622,PT00770,DR004,Dr. Rajan Mehta,Oncology,Knee Replacement,77.0,2024-01-31,2024-02-03,3.0,Yes,2024-03-03,29.0,OK
DC00623,PT00248,DR008,Dr. Anil Joshi,Emergency,Heart Attack,49.0,2024-08-04,2024-08-09,5.0,No,,,OK
DC00624,PT00234,DR002,Dr. Suresh Patil,Orthopedics,Asthma,32.0,2024-11-14,2024-12-05,21.0,No,,,OK
DC00625,PT01744,DR002,Dr. Suresh Patil,Orthopedics,Anemia,82.0,2024-01-16,2024-01-31,15.0,No,,,OK
DC00626,PT01604,DR001,Dr. Priya Nair,Cardiology,Hypertension,62.0,2024-05-10,2024-05-15,5.0,No,,,OK
DC00627,PT00694,DR005,Dr. Sunita Kulkarni,General Medicine,Lung Cancer - Stage 2,56.0,2024-06-28,2024-07-16,18.0,No,,,OK
DC00628,PT00180,DR010,Dr. Rohit Verma,Orthopedics,Appendicitis,20.0,2024-02-02,2024-02-11,9.0,No,,,OK
DC00629,PT00058,DR010,Dr. Rohit Verma,Orthopedics,Hypertension,56.0,2024-06-20,2024-06-30,10.0,No,,,OK
DC00630,PT00767,DR003,Dr. Aarti Deshmukh,Neurology,Hernia Repair,62.0,2024-02-26,2024-03-11,14.0,No,,,OK
DC00631,PT01948,DR004,Dr. Rajan Mehta,Oncology,Migraine,76.0,2024-10-25,2024-10-27,2.0,No,,,OK
DC00632,PT00311,DR005,Dr. Sunita Kulkarni,General Medicine,Asthma,19.0,2024-06-01,2024-06-07,6.0,No,,,OK
DC00633,PT00985,DR010,Dr. Rohit Verma,Orthopedics,Dengue Fever,69.0,2024-09-09,2024-09-10,1.0,No,,,OK
DC00634,PT00269,DR005,Dr. Sunita Kulkarni,General Medicine,Chest Infection,74.0,2024-01-30,2024-02-15,16.0,No,,,OK
DC00635,PT01278,DR007,Dr. Deepak Sharma,Gynecology,Heart Attack,31.0,2024-09-18,2024-09-20,2.0,No,,,OK
DC00637,PT01289,DR008,Dr. Anil Joshi,Emergency,Knee Replacement,60.0,2024-08-01,2024-08-12,11.0,No,,,OK
DC00638,PT00891,DR002,Dr. Suresh Patil,Orthopedics,Stroke Recovery,51.0,2024-06-20,2024-07-11,21.0,No,,,OK
DC00639,PT00169,DR009,Dr. Meera Pillai,Cardiology,Knee Replacement,34.0,2024-04-19,2024-04-26,7.0,No,,,OK
DC00640,PT01880,DR004,Dr. Rajan Mehta,Oncology,Hypertension,78.0,2024-05-21,2024-06-03,13.0,No,,,OK
DC00641,PT01580,DR006,Dr. Kavya Iyer,Pediatrics,Stroke Recovery,27.0,2024-04-29,2024-05-03,4.0,No,,,OK
DC00642,PT00850,DR003,Dr. Aarti Deshmukh,Neurology,Hernia Repair,61.0,2024-10-11,2024-10-26,15.0,No,,,OK
DC00643,PT01912,DR004,Dr. Rajan Mehta,Oncology,Stroke Recovery,37.0,2024-07-12,2024-07-22,10.0,No,,,OK
DC00644,PT00850,DR005,Dr. Sunita Kulkarni,General Medicine,Chest Infection,26.0,2024-09-23,2024-10-08,15.0,No,,,OK
DC00645,PT00425,DR003,Dr. Aarti Deshmukh,Neurology,Knee Replacement,83.0,2024-02-19,2024-03-04,14.0,Yes,2024-03-07,3.0,OK
DC00646,PT01704,DR006,Dr. Kavya Iyer,Pediatrics,Chest Infection,29.0,2024-09-07,2024-09-16,9.0,No,,,OK
DC00647,PT00213,DR009,Dr. Meera Pillai,Cardiology,Anemia,55.0,2024-04-07,2024-04-14,7.0,Yes,2024-05-07,23.0,OK
DC00648,PT01847,DR005,Dr. Sunita Kulkarni,General Medicine,Lung Cancer - Stage 2,64.0,2024-06-24,2024-07-15,21.0,No,,,OK
DC00649,PT01547,DR007,Dr. Deepak Sharma,Gynecology,Knee Replacement,70.0,2024-06-25,2024-07-02,7.0,No,,,OK
DC00650,PT00089,DR004,Dr. Rajan Mehta,Oncology,Lung Cancer - Stage 2,52.0,2024-07-06,2024-07-22,16.0,No,,,OK
DC00651,PT01767,DR010,Dr. Rohit Verma,Orthopedics,Heart Attack,18.0,2024-03-29,2024-04-05,7.0,Yes,2024-04-12,7.0,OK
DC00652,PT01983,DR008,Dr. Anil Joshi,Emergency,Diabetes Type 2,57.0,2024-07-25,2024-08-07,13.0,Yes,2024-08-16,9.0,OK
DC00653,PT01959,DR006,Dr. Kavya Iyer,Pediatrics,Cataract Surgery,75.0,2024-02-13,2024-03-04,20.0,No,,,OK
DC00654,PT00274,DR010,Dr. Rohit Verma,Orthopedics,Knee Replacement,45.0,2024-08-14,2024-08-15,1.0,No,,,OK
DC00655,PT00258,DR001,Dr. Priya Nair,Cardiology,Asthma,81.0,2024-02-29,2024-03-03,3.0,No,,,OK
DC00656,PT00083,DR002,Dr. Suresh Patil,Orthopedics,Hypertension,21.0,2024-11-09,2024-11-13,4.0,No,,,OK
DC00657,PT00680,DR003,Dr. Aarti Deshmukh,Neurology,Asthma,61.0,2024-01-24,2024-02-03,10.0,No,,,OK
DC00658,PT00710,DR002,Dr. Suresh Patil,Orthopedics,Hypertension,63.0,2024-04-12,2024-04-30,18.0,No,,,OK
DC00659,PT01446,DR009,Dr. Meera Pillai,Cardiology,Stroke Recovery,19.0,2024-10-20,2024-10-26,6.0,Yes,2024-11-23,28.0,OK
DC00660,PT01115,DR001,Dr. Priya Nair,Cardiology,Fracture - Femur,73.0,2024-07-28,2024-08-17,20.0,No,,,OK
DC00661,PT01172,DR006,Dr. Kavya Iyer,Pediatrics,Dengue Fever,30.0,2024-03-25,2024-04-12,18.0,No,,,OK
DC00662,PT01580,DR005,Dr. Sunita Kulkarni,General Medicine,Chest Infection,76.0,2024-05-01,2024-05-10,9.0,No,,,OK
DC00663,PT01944,DR002,Dr. Suresh Patil,Orthopedics,Appendicitis,51.0,2024-01-18,2024-02-04,17.0,No,,,OK
DC00664,PT00324,DR003,Dr. Aarti Deshmukh,Neurology,Knee Replacement,52.0,2024-04-19,2024-05-10,21.0,No,,,OK
DC00665,PT01616,DR005,Dr. Sunita Kulkarni,General Medicine,Anemia,63.0,2024-06-04,2024-06-21,17.0,No,,,OK
DC00666,PT00636,DR005,Dr. Sunita Kulkarni,General Medicine,Chest Infection,40.0,2024-02-11,2024-02-20,9.0,No,,,OK
DC00667,PT00191,DR005,Dr. Sunita Kulkarni,General Medicine,Knee Replacement,79.0,2024-07-13,2024-07-15,2.0,Yes,2024-07-24,9.0,OK
DC00668,PT01096,DR003,Dr. Aarti Deshmukh,Neurology,Fracture - Femur,68.0,2024-07-25,2024-08-04,10.0,Yes,2024-08-31,27.0,OK
DC00669,PT00541,DR006,Dr. Kavya Iyer,Pediatrics,Heart Attack,60.0,2024-11-22,2024-11-27,5.0,No,,,OK
DC00670,PT01718,DR001,Dr. Priya Nair,Cardiology,Hernia Repair,74.0,2024-07-30,2024-08-14,15.0,No,,,OK
DC00671,PT01386,DR008,Dr. Anil Joshi,Emergency,Anemia,45.0,2024-01-14,2024-01-22,8.0,Yes,2024-02-11,20.0,OK
DC00672,PT01984,DR004,Dr. Rajan Mehta,Oncology,Dengue Fever,29.0,2024-02-29,2024-03-20,20.0,No,,,OK
DC00673,PT01911,DR003,Dr. Aarti Deshmukh,Neurology,Anemia,83.0,2024-10-15,2024-10-18,3.0,No,,,OK
DC00674,PT00907,DR004,Dr. Rajan Mehta,Oncology,Dengue Fever,59.0,2024-09-13,2024-09-23,10.0,No,,,OK
DC00675,PT00193,DR002,Dr. Suresh Patil,Orthopedics,Lung Cancer - Stage 2,76.0,2024-07-31,2024-08-05,5.0,No,,,OK
DC00676,PT00330,DR002,Dr. Suresh Patil,Orthopedics,Fracture - Femur,77.0,2024-07-20,2024-07-26,6.0,No,,,OK
DC00677,PT00253,DR005,Dr. Sunita Kulkarni,General Medicine,Lung Cancer - Stage 2,62.0,2024-07-04,2024-07-18,14.0,Yes,2024-07-29,11.0,OK
DC00678,PT00072,DR002,Dr. Suresh Patil,Orthopedics,Lung Cancer - Stage 2,45.0,2024-05-12,2024-05-25,13.0,No,,,OK
DC00679,PT00007,DR002,Dr. Suresh Patil,Orthopedics,Knee Replacement,27.0,2024-03-13,2024-03-18,5.0,No,,,OK
DC00680,PT01030,DR005,Dr. Sunita Kulkarni,General Medicine,Anemia,28.0,2024-02-21,2024-02-28,7.0,No,,,OK
DC00681,PT00115,DR009,Dr. Meera Pillai,Cardiology,Dengue Fever,47.0,2024-09-23,2024-10-13,20.0,Yes,2024-11-03,21.0,OK
DC00682,PT01459,DR001,Dr. Priya Nair,Cardiology,Knee Replacement,81.0,2024-06-07,2024-06-10,3.0,No,,,OK
DC00683,PT01636,DR007,Dr. Deepak Sharma,Gynecology,Hernia Repair,38.0,2024-09-28,2024-10-05,7.0,No,,,OK
DC00684,PT01401,DR001,Dr. Priya Nair,Cardiology,Asthma,79.0,2024-01-04,2024-01-24,20.0,No,,,OK
DC00685,PT00839,DR003,Dr. Aarti Deshmukh,Neurology,Chest Infection,20.0,2024-11-02,2024-11-14,12.0,No,,,OK
DC00686,PT00387,DR001,Dr. Priya Nair,Cardiology,Diabetes Type 2,46.0,2024-03-23,2024-04-03,11.0,Yes,2024-04-12,9.0,OK
DC00687,PT00456,DR008,Dr. Anil Joshi,Emergency,Hypertension,60.0,2024-08-06,2024-08-22,16.0,No,,,OK
DC00688,PT00549,DR009,Dr. Meera Pillai,Cardiology,Knee Replacement,27.0,2024-04-03,2024-04-07,4.0,No,,,OK
DC00689,PT01546,DR008,Dr. Anil Joshi,Emergency,Knee Replacement,65.0,2024-01-10,2024-01-22,12.0,Yes,2024-02-01,10.0,OK
DC00690,PT01508,DR009,Dr. Meera Pillai,Cardiology,Hernia Repair,58.0,2024-06-15,2024-06-27,12.0,Yes,2024-07-12,15.0,OK
DC00691,PT00029,DR006,Dr. Kavya Iyer,Pediatrics,Anemia,24.0,2024-04-16,2024-04-29,13.0,No,,,OK
DC00692,PT01185,DR010,Dr. Rohit Verma,Orthopedics,Stroke Recovery,70.0,2024-10-23,2024-10-28,5.0,No,,,OK
DC00693,PT00820,DR006,Dr. Kavya Iyer,Pediatrics,Migraine,62.0,2024-04-02,2024-04-19,17.0,No,,,OK
DC00694,PT01353,DR004,Dr. Rajan Mehta,Oncology,Heart Attack,50.0,2024-08-05,2024-08-09,4.0,No,,,OK
DC00695,PT01987,DR004,Dr. Rajan Mehta,Oncology,Asthma,76.0,2024-08-15,2024-08-16,1.0,No,,,OK
DC00696,PT00060,DR001,Dr. Priya Nair,Cardiology,Hernia Repair,24.0,2024-11-22,2024-12-04,12.0,Yes,2024-12-26,22.0,OK
DC00697,PT00907,DR010,Dr. Rohit Verma,Orthopedics,Dengue Fever,74.0,2024-04-26,2024-05-16,20.0,No,,,OK
DC00698,PT00538,DR009,Dr. Meera Pillai,Cardiology,Chest Infection,62.0,2024-10-26,2024-10-30,4.0,No,,,OK
DC00699,PT01807,DR005,Dr. Sunita Kulkarni,General Medicine,Anemia,54.0,2024-08-16,2024-09-02,17.0,No,,,OK
DC00700,PT00214,DR005,Dr. Sunita Kulkarni,General Medicine,Hypertension,77.0,2024-09-19,2024-10-06,17.0,No,,,OK
DC00701,PT00663,DR007,Dr. Deepak Sharma,Gynecology,Dengue Fever,35.0,2024-10-28,2024-11-03,6.0,No,,,OK
DC00702,PT01193,DR001,Dr. Priya Nair,Cardiology,Asthma,85.0,2024-02-02,2024-02-15,13.0,No,,,OK
DC00703,PT01413,DR004,Dr. Rajan Mehta,Oncology,Stroke Recovery,57.0,2024-01-06,2024-01-26,20.0,No,,,OK
DC00704,PT00644,DR010,Dr. Rohit Verma,Orthopedics,Knee Replacement,35.0,2024-09-13,2024-09-23,10.0,No,,,OK
DC00705,PT00936,DR005,Dr. Sunita Kulkarni,General Medicine,Diabetes Type 2,48.0,2024-08-09,2024-08-20,11.0,No,,,OK
DC00706,PT01972,DR008,Dr. Anil Joshi,Emergency,Anemia,44.0,2024-06-24,2024-07-08,14.0,No,,,OK
DC00707,PT01338,DR002,Dr. Suresh Patil,Orthopedics,Diabetes Type 2,65.0,2024-07-26,2024-08-12,17.0,No,,,OK
DC00708,PT01855,DR008,Dr. Anil Joshi,Emergency,Diabetes Type 2,81.0,2024-08-08,2024-08-25,17.0,Yes,2024-09-14,20.0,OK
DC00709,PT01500,DR004,Dr. Rajan Mehta,Oncology,Knee Replacement,19.0,2024-06-15,2024-06-18,3.0,No,,,OK
DC00710,PT01915,DR009,Dr. Meera Pillai,Cardiology,Anemia,52.0,2024-04-13,2024-04-17,4.0,No,,,OK
DC00711,PT00184,DR003,Dr. Aarti Deshmukh,Neurology,Hypertension,76.0,2024-02-11,2024-03-03,21.0,No,,,OK
DC00712,PT00642,DR008,Dr. Anil Joshi,Emergency,Dengue Fever,53.0,2024-08-11,2024-08-15,4.0,No,,,OK
DC00713,PT00139,DR003,Dr. Aarti Deshmukh,Neurology,Lung Cancer - Stage 2,37.0,2024-06-13,2024-07-01,18.0,No,,,OK
DC00714,PT00052,DR008,Dr. Anil Joshi,Emergency,Hypertension,77.0,2024-10-26,2024-11-01,6.0,No,,,OK
DC00715,PT00840,DR005,Dr. Sunita Kulkarni,General Medicine,Knee Replacement,40.0,2024-06-17,2024-06-26,9.0,No,,,OK
DC00716,PT01280,DR002,Dr. Suresh Patil,Orthopedics,Asthma,69.0,2024-06-12,2024-06-22,10.0,No,,,OK
DC00717,PT00991,DR003,Dr. Aarti Deshmukh,Neurology,Dengue Fever,34.0,2024-08-23,2024-08-28,5.0,No,,,OK
DC00718,PT01072,DR008,Dr. Anil Joshi,Emergency,Hypertension,48.0,2024-09-17,2024-10-01,14.0,Yes,2024-10-13,12.0,OK
DC00719,PT00901,DR006,Dr. Kavya Iyer,Pediatrics,Hernia Repair,40.0,2024-01-24,2024-02-11,18.0,No,,,OK
DC00720,PT01474,DR006,Dr. Kavya Iyer,Pediatrics,Appendicitis,23.0,2024-10-31,2024-11-17,17.0,No,,,OK
DC00721,PT00315,DR008,Dr. Anil Joshi,Emergency,Anemia,34.0,2024-04-12,2024-04-26,14.0,No,,,OK
DC00722,PT01266,DR005,Dr. Sunita Kulkarni,General Medicine,Diabetes Type 2,25.0,2024-05-30,2024-06-14,15.0,No,,,OK
DC00723,PT01005,DR010,Dr. Rohit Verma,Orthopedics,Knee Replacement,20.0,2024-07-24,2024-08-14,21.0,No,,,OK
DC00724,PT01770,DR003,Dr. Aarti Deshmukh,Neurology,Stroke Recovery,19.0,2024-09-21,2024-09-26,5.0,No,,,OK
DC00725,PT00968,DR009,Dr. Meera Pillai,Cardiology,Hypertension,79.0,2024-08-03,2024-08-24,21.0,No,,,OK
DC00726,PT01294,DR006,Dr. Kavya Iyer,Pediatrics,Stroke Recovery,36.0,2024-01-03,2024-01-23,20.0,No,,,OK
DC00727,PT00212,DR007,Dr. Deepak Sharma,Gynecology,Dengue Fever,58.0,2024-01-11,2024-01-18,7.0,No,,,OK
DC00728,PT01469,DR003,Dr. Aarti Deshmukh,Neurology,Stroke Recovery,36.0,2024-03-26,2024-04-11,16.0,No,,,OK
DC00729,PT01805,DR007,Dr. Deepak Sharma,Gynecology,Hernia Repair,45.0,2024-01-30,2024-02-16,17.0,No,,,OK
DC00730,PT01113,DR010,Dr. Rohit Verma,Orthopedics,Asthma,39.0,2024-10-31,2024-11-09,9.0,No,,,OK
DC00731,PT00362,DR009,Dr. Meera Pillai,Cardiology,Heart Attack,68.0,2024-06-03,2024-06-17,14.0,Yes,2024-07-08,21.0,OK
DC00732,PT00193,DR009,Dr. Meera Pillai,Cardiology,Appendicitis,32.0,2024-04-10,2024-04-15,5.0,Yes,2024-04-25,10.0,OK
DC00733,PT01936,DR003,Dr. Aarti Deshmukh,Neurology,Diabetes Type 2,63.0,2024-05-13,2024-05-25,12.0,No,,,OK
DC00734,PT01464,DR001,Dr. Priya Nair,Cardiology,Hernia Repair,81.0,2024-05-15,2024-06-01,17.0,No,,,OK
DC00735,PT00703,DR010,Dr. Rohit Verma,Orthopedics,Asthma,22.0,2024-08-19,2024-08-26,7.0,No,,,OK
DC00736,PT00107,DR009,Dr. Meera Pillai,Cardiology,Stroke Recovery,46.0,2024-08-12,2024-08-21,9.0,Yes,2024-08-25,4.0,OK
DC00737,PT00820,DR001,Dr. Priya Nair,Cardiology,Hernia Repair,49.0,2024-11-27,2024-12-15,18.0,Yes,2025-01-01,17.0,OK
DC00738,PT00782,DR008,Dr. Anil Joshi,Emergency,Migraine,63.0,2024-07-05,2024-07-22,17.0,No,,,OK
DC00739,PT01503,DR006,Dr. Kavya Iyer,Pediatrics,Fracture - Femur,47.0,2024-04-29,2024-05-07,8.0,No,,,OK
DC00740,PT01208,DR001,Dr. Priya Nair,Cardiology,Knee Replacement,55.0,2024-05-06,2024-05-24,18.0,No,,,OK
DC00741,PT01391,DR008,Dr. Anil Joshi,Emergency,Appendicitis,39.0,2024-02-23,2024-03-14,20.0,No,,,OK
DC00742,PT01386,DR001,Dr. Priya Nair,Cardiology,Fracture - Femur,69.0,2024-11-06,2024-11-27,21.0,Yes,2024-12-17,20.0,OK
DC00743,PT00325,DR003,Dr. Aarti Deshmukh,Neurology,Lung Cancer - Stage 2,59.0,2024-03-09,2024-03-24,15.0,No,,,OK
DC00744,PT00915,DR003,Dr. Aarti Deshmukh,Neurology,Hypertension,20.0,2024-02-10,2024-02-26,16.0,Yes,2024-03-14,17.0,OK
DC00745,PT00932,DR008,Dr. Anil Joshi,Emergency,Hernia Repair,49.0,2024-05-30,2024-06-15,16.0,No,,,OK
DC00746,PT01775,DR005,Dr. Sunita Kulkarni,General Medicine,Lung Cancer - Stage 2,83.0,2024-11-05,2024-11-25,20.0,No,,,OK
DC00747,PT01436,DR007,Dr. Deepak Sharma,Gynecology,Fracture - Femur,84.0,2024-11-17,2024-12-03,16.0,No,,,OK
DC00749,PT00440,DR004,Dr. Rajan Mehta,Oncology,Lung Cancer - Stage 2,79.0,2024-03-02,2024-03-20,18.0,No,,,OK
DC00750,PT01403,DR001,Dr. Priya Nair,Cardiology,Migraine,42.0,2024-04-10,2024-04-30,20.0,Yes,2024-05-29,29.0,OK
DC00751,PT00390,DR006,Dr. Kavya Iyer,Pediatrics,Lung Cancer - Stage 2,49.0,2024-04-15,2024-04-19,4.0,No,,,OK
DC00752,PT00757,DR001,Dr. Priya Nair,Cardiology,Migraine,83.0,2024-05-18,2024-06-05,18.0,No,,,OK
DC00753,PT01263,DR009,Dr. Meera Pillai,Cardiology,Fracture - Femur,77.0,2024-07-05,2024-07-24,19.0,Yes,2024-08-18,25.0,OK
DC00754,PT00986,DR009,Dr. Meera Pillai,Cardiology,Hypertension,36.0,2024-11-14,2024-12-03,19.0,No,,,OK
DC00755,PT01729,DR009,Dr. Meera Pillai,Cardiology,Appendicitis,30.0,2024-04-17,2024-05-06,19.0,No,,,OK
DC00756,PT01701,DR008,Dr. Anil Joshi,Emergency,Anemia,23.0,2024-07-31,2024-08-07,7.0,No,,,OK
DC00757,PT01871,DR010,Dr. Rohit Verma,Orthopedics,Migraine,68.0,2024-05-11,2024-05-29,18.0,No,,,OK
DC00758,PT01102,DR007,Dr. Deepak Sharma,Gynecology,Hernia Repair,53.0,2024-05-11,2024-05-20,9.0,No,,,OK
DC00759,PT00703,DR005,Dr. Sunita Kulkarni,General Medicine,Asthma,40.0,2024-03-26,2024-04-10,15.0,No,,,OK
DC00760,PT01033,DR001,Dr. Priya Nair,Cardiology,Anemia,61.0,2024-09-10,2024-09-15,5.0,No,,,OK
DC00761,PT01313,DR008,Dr. Anil Joshi,Emergency,Cataract Surgery,65.0,2024-04-02,2024-04-18,16.0,Yes,2024-05-12,24.0,OK
DC00762,PT01966,DR003,Dr. Aarti Deshmukh,Neurology,Stroke Recovery,52.0,2024-02-05,2024-02-09,4.0,No,,,OK
DC00763,PT00479,DR009,Dr. Meera Pillai,Cardiology,Knee Replacement,74.0,2024-08-01,2024-08-16,15.0,No,,,OK
DC00764,PT00955,DR002,Dr. Suresh Patil,Orthopedics,Asthma,53.0,2024-10-19,2024-11-05,17.0,No,,,OK
DC00765,PT00808,DR006,Dr. Kavya Iyer,Pediatrics,Asthma,25.0,2024-08-13,2024-08-23,10.0,No,,,OK
DC00766,PT01094,DR007,Dr. Deepak Sharma,Gynecology,Migraine,82.0,2024-11-16,2024-12-06,20.0,No,,,OK
DC00767,PT01616,DR003,Dr. Aarti Deshmukh,Neurology,Dengue Fever,29.0,2024-03-05,2024-03-24,19.0,No,,,OK
DC00768,PT00667,DR004,Dr. Rajan Mehta,Oncology,Migraine,26.0,2024-11-01,2024-11-02,1.0,Yes,2024-11-05,3.0,OK
DC00769,PT01107,DR004,Dr. Rajan Mehta,Oncology,Cataract Surgery,38.0,2024-02-29,2024-03-17,17.0,No,,,OK
DC00770,PT01106,DR008,Dr. Anil Joshi,Emergency,Asthma,41.0,2024-01-25,2024-02-01,7.0,Yes,2024-02-05,4.0,OK
DC00771,PT01280,DR003,Dr. Aarti Deshmukh,Neurology,Knee Replacement,55.0,2024-08-31,2024-09-09,9.0,No,,,OK
DC00772,PT00581,DR005,Dr. Sunita Kulkarni,General Medicine,Cataract Surgery,74.0,2024-09-03,2024-09-09,6.0,No,,,OK
DC00773,PT00579,DR008,Dr. Anil Joshi,Emergency,Hernia Repair,76.0,2024-08-23,2024-08-26,3.0,Yes,2024-09-11,16.0,OK
DC00774,PT01579,DR010,Dr. Rohit Verma,Orthopedics,Heart Attack,18.0,2024-05-13,2024-05-18,5.0,No,,,OK
DC00775,PT01995,DR009,Dr. Meera Pillai,Cardiology,Hernia Repair,75.0,2024-03-25,2024-04-01,7.0,No,,,OK
DC00776,PT01240,DR004,Dr. Rajan Mehta,Oncology,Cataract Surgery,81.0,2024-01-16,2024-02-03,18.0,No,,,OK
DC00777,PT00363,DR009,Dr. Meera Pillai,Cardiology,Diabetes Type 2,38.0,2024-03-31,2024-04-03,3.0,No,,,OK
DC00778,PT01614,DR009,Dr. Meera Pillai,Cardiology,Diabetes Type 2,79.0,2024-07-06,2024-07-20,14.0,Yes,2024-07-28,8.0,OK
DC00779,PT00665,DR002,Dr. Suresh Patil,Orthopedics,Dengue Fever,58.0,2024-04-12,2024-04-19,7.0,No,,,OK
DC00780,PT00596,DR004,Dr. Rajan Mehta,Oncology,Fracture - Femur,41.0,2024-04-03,2024-04-21,18.0,No,,,OK
DC00781,PT01776,DR003,Dr. Aarti Deshmukh,Neurology,Chest Infection,23.0,2024-03-08,2024-03-10,2.0,No,,,OK
DC00782,PT00321,DR009,Dr. Meera Pillai,Cardiology,Migraine,37.0,2024-11-28,2024-12-02,4.0,No,,,OK
DC00783,PT01868,DR008,Dr. Anil Joshi,Emergency,Anemia,42.0,2024-04-15,2024-04-16,1.0,No,,,OK
DC00784,PT01260,DR010,Dr. Rohit Verma,Orthopedics,Stroke Recovery,28.0,2024-08-31,2024-09-12,12.0,No,,,OK
DC00785,PT01644,DR005,Dr. Sunita Kulkarni,General Medicine,Anemia,31.0,2024-02-27,2024-03-08,10.0,No,,,OK
DC00786,PT01988,DR002,Dr. Suresh Patil,Orthopedics,Anemia,26.0,2024-05-28,2024-06-08,11.0,No,,,OK
DC00787,PT01273,DR007,Dr. Deepak Sharma,Gynecology,Chest Infection,61.0,2024-05-07,2024-05-24,17.0,No,,,OK
DC00788,PT01106,DR005,Dr. Sunita Kulkarni,General Medicine,Migraine,45.0,2024-06-26,2024-07-17,21.0,No,,,OK
DC00789,PT00946,DR006,Dr. Kavya Iyer,Pediatrics,Hernia Repair,75.0,2024-03-30,2024-04-17,18.0,No,,,OK
DC00790,PT01769,DR006,Dr. Kavya Iyer,Pediatrics,Fracture - Femur,34.0,2024-06-13,2024-06-15,2.0,No,,,OK
DC00791,PT00241,DR003,Dr. Aarti Deshmukh,Neurology,Cataract Surgery,39.0,2024-04-04,2024-04-20,16.0,No,,,OK
DC00792,PT00750,DR006,Dr. Kavya Iyer,Pediatrics,Asthma,19.0,2024-01-07,2024-01-15,8.0,No,,,OK
DC00793,PT00877,DR008,Dr. Anil Joshi,Emergency,Fracture - Femur,66.0,2024-03-17,2024-03-25,8.0,No,,,OK
DC00794,PT00909,DR006,Dr. Kavya Iyer,Pediatrics,Cataract Surgery,43.0,2024-02-11,2024-02-25,14.0,No,,,OK
DC00795,PT01273,DR005,Dr. Sunita Kulkarni,General Medicine,Hypertension,22.0,2024-11-07,2024-11-26,19.0,No,,,OK
DC00796,PT01483,DR002,Dr. Suresh Patil,Orthopedics,Fracture - Femur,19.0,2024-07-18,2024-07-27,9.0,No,,,OK
DC00797,PT00622,DR005,Dr. Sunita Kulkarni,General Medicine,Hypertension,28.0,2024-04-03,2024-04-23,20.0,No,,,OK
DC00798,PT01698,DR006,Dr. Kavya Iyer,Pediatrics,Heart Attack,56.0,2024-09-24,2024-10-03,9.0,No,,,OK
DC00799,PT01102,DR004,Dr. Rajan Mehta,Oncology,Hernia Repair,22.0,2024-06-16,2024-06-29,13.0,No,,,OK
DC00800,PT01849,DR002,Dr. Suresh Patil,Orthopedics,Diabetes Type 2,83.0,2024-09-06,2024-09-16,10.0,No,,,OK
DC00801,PT01506,DR001,Dr. Priya Nair,Cardiology,Chest Infection,68.0,2024-10-02,2024-10-11,9.0,No,,,OK
DC00802,PT00539,DR004,Dr. Rajan Mehta,Oncology,Chest Infection,65.0,2024-02-23,2024-03-10,16.0,No,,,OK
DC00803,PT00135,DR001,Dr. Priya Nair,Cardiology,Anemia,68.0,2024-05-14,2024-05-25,11.0,Yes,2024-06-17,23.0,OK
DC00804,PT01212,DR007,Dr. Deepak Sharma,Gynecology,Diabetes Type 2,60.0,2024-04-01,2024-04-15,14.0,No,,,OK
DC00805,PT00687,DR009,Dr. Meera Pillai,Cardiology,Hernia Repair,78.0,2024-06-12,2024-06-19,7.0,No,,,OK
DC00806,PT01719,DR002,Dr. Suresh Patil,Orthopedics,Appendicitis,23.0,2024-08-02,2024-08-19,17.0,No,,,OK
DC00807,PT01538,DR009,Dr. Meera Pillai,Cardiology,Anemia,56.0,2024-08-16,2024-08-26,10.0,No,,,OK
DC00808,PT00927,DR009,Dr. Meera Pillai,Cardiology,Migraine,58.0,2024-06-14,2024-06-24,10.0,No,,,OK
DC00809,PT00813,DR001,Dr. Priya Nair,Cardiology,Anemia,61.0,2024-11-22,2024-12-03,11.0,No,,,OK
DC00810,PT00765,DR007,Dr. Deepak Sharma,Gynecology,Lung Cancer - Stage 2,77.0,2024-04-28,2024-05-04,6.0,No,,,OK
DC00811,PT01689,DR006,Dr. Kavya Iyer,Pediatrics,Appendicitis,78.0,2024-07-05,2024-07-10,5.0,No,,,OK
DC00812,PT01934,DR007,Dr. Deepak Sharma,Gynecology,Knee Replacement,28.0,2024-07-18,2024-07-31,13.0,No,,,OK
DC00813,PT01204,DR003,Dr. Aarti Deshmukh,Neurology,Hypertension,59.0,2024-01-24,2024-02-11,18.0,No,,,OK
DC00814,PT01578,DR005,Dr. Sunita Kulkarni,General Medicine,Cataract Surgery,69.0,2024-07-28,2024-07-30,2.0,No,,,OK
DC00815,PT01766,DR003,Dr. Aarti Deshmukh,Neurology,Stroke Recovery,60.0,2024-09-05,2024-09-16,11.0,No,,,OK
DC00816,PT01643,DR004,Dr. Rajan Mehta,Oncology,Stroke Recovery,51.0,2024-11-30,2024-12-03,3.0,No,,,OK
DC00817,PT00665,DR010,Dr. Rohit Verma,Orthopedics,Asthma,40.0,2024-03-25,2024-04-11,17.0,No,,,OK
DC00818,PT00660,DR004,Dr. Rajan Mehta,Oncology,Lung Cancer - Stage 2,75.0,2024-09-12,2024-10-02,20.0,No,,,OK
DC00819,PT00311,DR009,Dr. Meera Pillai,Cardiology,Cataract Surgery,23.0,2024-02-12,2024-02-13,1.0,Yes,2024-02-21,8.0,OK
DC00820,PT00956,DR009,Dr. Meera Pillai,Cardiology,Hypertension,69.0,2024-09-17,2024-10-04,17.0,No,,,OK
DC00821,PT01829,DR002,Dr. Suresh Patil,Orthopedics,Appendicitis,80.0,2024-03-14,2024-03-30,16.0,No,,,OK
DC00822,PT01563,DR005,Dr. Sunita Kulkarni,General Medicine,Cataract Surgery,25.0,2024-03-23,2024-04-04,12.0,No,,,OK
DC00823,PT00741,DR004,Dr. Rajan Mehta,Oncology,Chest Infection,59.0,2024-04-13,2024-04-28,15.0,No,,,OK
DC00824,PT01964,DR010,Dr. Rohit Verma,Orthopedics,Fracture - Femur,32.0,2024-07-21,2024-08-03,13.0,No,,,OK
DC00825,PT00436,DR009,Dr. Meera Pillai,Cardiology,Hypertension,78.0,2024-02-26,2024-02-28,2.0,No,,,OK
DC00826,PT01857,DR005,Dr. Sunita Kulkarni,General Medicine,Lung Cancer - Stage 2,46.0,2024-07-21,2024-07-22,1.0,No,,,OK
DC00827,PT00999,DR006,Dr. Kavya Iyer,Pediatrics,Hypertension,43.0,2024-08-21,2024-09-08,18.0,No,,,OK
DC00828,PT00654,DR004,Dr. Rajan Mehta,Oncology,Lung Cancer - Stage 2,66.0,2024-11-02,2024-11-18,16.0,No,,,OK
DC00829,PT01720,DR004,Dr. Rajan Mehta,Oncology,Fracture - Femur,56.0,2024-06-27,2024-07-01,4.0,Yes,2024-07-12,11.0,OK
DC00830,PT01082,DR010,Dr. Rohit Verma,Orthopedics,Anemia,76.0,2024-04-05,2024-04-12,7.0,No,,,OK
DC00831,PT01084,DR007,Dr. Deepak Sharma,Gynecology,Hypertension,55.0,2024-03-22,2024-04-08,17.0,No,,,OK
DC00832,PT01817,DR006,Dr. Kavya Iyer,Pediatrics,Chest Infection,20.0,2024-07-01,2024-07-22,21.0,No,,,OK
DC00833,PT01657,DR002,Dr. Suresh Patil,Orthopedics,Lung Cancer - Stage 2,62.0,2024-10-30,2024-11-18,19.0,No,,,OK
DC00834,PT00485,DR001,Dr. Priya Nair,Cardiology,Diabetes Type 2,64.0,2024-10-20,2024-11-02,13.0,Yes,2024-11-28,26.0,OK
DC00836,PT00077,DR004,Dr. Rajan Mehta,Oncology,Anemia,18.0,2024-10-06,2024-10-22,16.0,No,,,OK
DC00837,PT00046,DR005,Dr. Sunita Kulkarni,General Medicine,Knee Replacement,30.0,2024-02-04,2024-02-09,5.0,No,,,OK
DC00838,PT01247,DR008,Dr. Anil Joshi,Emergency,Chest Infection,23.0,2024-03-14,2024-03-17,3.0,No,,,OK
DC00839,PT00360,DR006,Dr. Kavya Iyer,Pediatrics,Asthma,84.0,2024-06-18,2024-07-02,14.0,No,,,OK
DC00840,PT01529,DR006,Dr. Kavya Iyer,Pediatrics,Migraine,30.0,2024-05-16,2024-05-26,10.0,No,,,OK
DC00841,PT00440,DR010,Dr. Rohit Verma,Orthopedics,Heart Attack,45.0,2024-03-14,2024-04-03,20.0,No,,,OK
DC00842,PT00068,DR008,Dr. Anil Joshi,Emergency,Hypertension,84.0,2024-07-13,2024-07-22,9.0,No,,,OK
DC00843,PT01973,DR004,Dr. Rajan Mehta,Oncology,Anemia,60.0,2024-11-19,2024-12-08,19.0,Yes,2024-12-22,14.0,OK
DC00844,PT00048,DR001,Dr. Priya Nair,Cardiology,Lung Cancer - Stage 2,18.0,2024-09-23,2024-09-30,7.0,No,,,OK
DC00845,PT01798,DR003,Dr. Aarti Deshmukh,Neurology,Chest Infection,38.0,2024-06-24,2024-07-01,7.0,No,,,OK
DC00846,PT01427,DR007,Dr. Deepak Sharma,Gynecology,Migraine,61.0,2024-03-23,2024-03-28,5.0,No,,,OK
DC00847,PT00933,DR004,Dr. Rajan Mehta,Oncology,Cataract Surgery,18.0,2024-03-11,2024-03-19,8.0,Yes,2024-04-04,16.0,OK
DC00848,PT01944,DR001,Dr. Priya Nair,Cardiology,Stroke Recovery,59.0,2024-09-28,2024-09-30,2.0,No,,,OK
DC00849,PT00339,DR001,Dr. Priya Nair,Cardiology,Stroke Recovery,31.0,2024-10-26,2024-11-11,16.0,No,,,OK
DC00850,PT00566,DR005,Dr. Sunita Kulkarni,General Medicine,Stroke Recovery,64.0,2024-04-21,2024-04-23,2.0,No,,,OK
DC00851,PT01833,DR004,Dr. Rajan Mehta,Oncology,Hernia Repair,70.0,2024-05-10,2024-05-12,2.0,No,,,OK
DC00852,PT01960,DR007,Dr. Deepak Sharma,Gynecology,Anemia,68.0,2024-05-29,2024-06-15,17.0,No,,,OK
DC00853,PT00380,DR008,Dr. Anil Joshi,Emergency,Fracture - Femur,63.0,2024-07-18,2024-08-04,17.0,No,,,OK
DC00854,PT00601,DR005,Dr. Sunita Kulkarni,General Medicine,Knee Replacement,81.0,2024-10-24,2024-10-30,6.0,No,,,OK
DC00855,PT00737,DR003,Dr. Aarti Deshmukh,Neurology,Heart Attack,57.0,2024-07-27,2024-08-11,15.0,No,,,OK
DC00856,PT00185,DR007,Dr. Deepak Sharma,Gynecology,Appendicitis,63.0,2024-01-30,2024-02-19,20.0,No,,,OK
DC00857,PT01122,DR008,Dr. Anil Joshi,Emergency,Diabetes Type 2,20.0,2024-05-27,2024-06-02,6.0,No,,,OK
DC00858,PT01022,DR008,Dr. Anil Joshi,Emergency,Dengue Fever,40.0,2024-04-22,2024-04-26,4.0,Yes,2024-05-08,12.0,OK
DC00859,PT00437,DR007,Dr. Deepak Sharma,Gynecology,Knee Replacement,80.0,2024-04-27,2024-04-30,3.0,No,,,OK
DC00860,PT01294,DR005,Dr. Sunita Kulkarni,General Medicine,Cataract Surgery,73.0,2024-09-04,2024-09-19,15.0,No,,,OK
DC00861,PT02000,DR009,Dr. Meera Pillai,Cardiology,Chest Infection,76.0,2024-09-17,2024-09-22,5.0,No,,,OK
DC00862,PT01290,DR007,Dr. Deepak Sharma,Gynecology,Hernia Repair,26.0,2024-11-14,2024-12-03,19.0,No,,,OK
DC00863,PT01302,DR001,Dr. Priya Nair,Cardiology,Asthma,83.0,2024-05-05,2024-05-21,16.0,No,,,OK
DC00864,PT01371,DR005,Dr. Sunita Kulkarni,General Medicine,Asthma,85.0,2024-03-05,2024-03-24,19.0,No,,,OK
DC00865,PT01279,DR001,Dr. Priya Nair,Cardiology,Fracture - Femur,58.0,2024-06-09,2024-06-10,1.0,No,,,OK
DC00866,PT00724,DR006,Dr. Kavya Iyer,Pediatrics,Migraine,81.0,2024-02-19,2024-02-21,2.0,No,,,OK
DC00867,PT01068,DR007,Dr. Deepak Sharma,Gynecology,Migraine,31.0,2024-11-06,2024-11-19,13.0,No,,,OK
DC00868,PT00148,DR009,Dr. Meera Pillai,Cardiology,Fracture - Femur,76.0,2024-03-05,2024-03-24,19.0,No,,,OK
DC00869,PT01039,DR004,Dr. Rajan Mehta,Oncology,Asthma,69.0,2024-02-29,2024-03-12,12.0,No,,,OK
DC00870,PT00767,DR002,Dr. Suresh Patil,Orthopedics,Migraine,79.0,2024-02-19,2024-03-03,13.0,No,,,OK
DC00871,PT00312,DR007,Dr. Deepak Sharma,Gynecology,Cataract Surgery,26.0,2024-10-09,2024-10-14,5.0,No,,,OK
DC00872,PT01504,DR001,Dr. Priya Nair,Cardiology,Heart Attack,40.0,2024-03-08,2024-03-16,8.0,No,,,OK
DC00873,PT01601,DR004,Dr. Rajan Mehta,Oncology,Knee Replacement,64.0,2024-06-23,2024-07-08,15.0,No,,,OK
DC00874,PT00074,DR004,Dr. Rajan Mehta,Oncology,Hernia Repair,25.0,2024-06-02,2024-06-19,17.0,No,,,OK
DC00875,PT01988,DR002,Dr. Suresh Patil,Orthopedics,Fracture - Femur,25.0,2024-03-11,2024-03-14,3.0,No,,,OK
DC00876,PT01666,DR002,Dr. Suresh Patil,Orthopedics,Migraine,67.0,2024-02-06,2024-02-23,17.0,No,,,OK
DC00877,PT01160,DR009,Dr. Meera Pillai,Cardiology,Fracture - Femur,62.0,2024-09-30,2024-10-07,7.0,Yes,2024-10-20,13.0,OK
DC00879,PT01189,DR008,Dr. Anil Joshi,Emergency,Stroke Recovery,48.0,2024-05-11,2024-05-15,4.0,No,,,OK
DC00880,PT01419,DR001,Dr. Priya Nair,Cardiology,Fracture - Femur,79.0,2024-07-29,2024-08-07,9.0,Yes,2024-08-27,20.0,OK
DC00881,PT01203,DR005,Dr. Sunita Kulkarni,General Medicine,Stroke Recovery,32.0,2024-07-28,2024-08-15,18.0,No,,,OK
DC00882,PT00480,DR010,Dr. Rohit Verma,Orthopedics,Lung Cancer - Stage 2,19.0,2024-10-10,2024-10-31,21.0,No,,,OK
DC00883,PT00903,DR009,Dr. Meera Pillai,Cardiology,Hernia Repair,84.0,2024-05-08,2024-05-20,12.0,Yes,2024-06-09,20.0,OK
DC00884,PT01475,DR008,Dr. Anil Joshi,Emergency,Appendicitis,30.0,2024-01-03,2024-01-08,5.0,No,,,OK
DC00885,PT00260,DR006,Dr. Kavya Iyer,Pediatrics,Knee Replacement,42.0,2024-08-17,2024-09-05,19.0,No,,,OK
DC00886,PT00719,DR002,Dr. Suresh Patil,Orthopedics,Heart Attack,69.0,2024-10-28,2024-10-30,2.0,No,,,OK
DC00887,PT00016,DR009,Dr. Meera Pillai,Cardiology,Stroke Recovery,44.0,2024-01-08,2024-01-22,14.0,No,,,OK
DC00888,PT00040,DR009,Dr. Meera Pillai,Cardiology,Lung Cancer - Stage 2,74.0,2024-03-26,2024-04-06,11.0,No,,,OK
DC00889,PT00470,DR008,Dr. Anil Joshi,Emergency,Stroke Recovery,51.0,2024-06-21,2024-06-28,7.0,No,,,OK
DC00890,PT00859,DR009,Dr. Meera Pillai,Cardiology,Dengue Fever,42.0,2024-09-17,2024-10-08,21.0,Yes,2024-10-21,13.0,OK
DC00892,PT00522,DR008,Dr. Anil Joshi,Emergency,Hernia Repair,79.0,2024-02-26,2024-03-05,8.0,No,,,OK
DC00893,PT01459,DR008,Dr. Anil Joshi,Emergency,Heart Attack,38.0,2024-06-20,2024-06-25,5.0,Yes,2024-06-30,5.0,OK
DC00894,PT01482,DR001,Dr. Priya Nair,Cardiology,Hypertension,37.0,2024-06-05,2024-06-06,1.0,Yes,2024-06-17,11.0,OK
DC00895,PT00464,DR009,Dr. Meera Pillai,Cardiology,Fracture - Femur,56.0,2024-11-23,2024-11-30,7.0,No,,,OK
DC00896,PT01626,DR001,Dr. Priya Nair,Cardiology,Knee Replacement,70.0,2024-02-19,2024-03-01,11.0,Yes,2024-03-10,9.0,OK
DC00897,PT01548,DR004,Dr. Rajan Mehta,Oncology,Appendicitis,66.0,2024-06-22,2024-07-09,17.0,No,,,OK
DC00898,PT00983,DR009,Dr. Meera Pillai,Cardiology,Heart Attack,46.0,2024-06-13,2024-06-17,4.0,No,,,OK
DC00899,PT00657,DR004,Dr. Rajan Mehta,Oncology,Heart Attack,67.0,2024-03-23,2024-04-12,20.0,No,,,OK
DC00900,PT01786,DR003,Dr. Aarti Deshmukh,Neurology,Anemia,82.0,2024-04-17,2024-04-20,3.0,No,,,OK
DC00901,PT00858,DR007,Dr. Deepak Sharma,Gynecology,Stroke Recovery,41.0,2024-05-04,2024-05-14,10.0,No,,,OK
DC00903,PT00531,DR010,Dr. Rohit Verma,Orthopedics,Diabetes Type 2,22.0,2024-02-06,2024-02-15,9.0,No,,,OK
DC00904,PT00813,DR006,Dr. Kavya Iyer,Pediatrics,Diabetes Type 2,79.0,2024-04-02,2024-04-16,14.0,No,,,OK
DC00905,PT01826,DR001,Dr. Priya Nair,Cardiology,Fracture - Femur,62.0,2024-07-01,2024-07-09,8.0,Yes,2024-07-28,19.0,OK
DC00906,PT01683,DR010,Dr. Rohit Verma,Orthopedics,Stroke Recovery,59.0,2024-04-23,2024-05-03,10.0,No,,,OK
DC00907,PT00318,DR004,Dr. Rajan Mehta,Oncology,Hernia Repair,56.0,2024-01-27,2024-02-16,20.0,No,,,OK
DC00908,PT01515,DR006,Dr. Kavya Iyer,Pediatrics,Asthma,39.0,2024-08-09,2024-08-12,3.0,No,,,OK
DC00909,PT01887,DR005,Dr. Sunita Kulkarni,General Medicine,Lung Cancer - Stage 2,66.0,2024-02-19,2024-02-29,10.0,No,,,OK
DC00910,PT01589,DR004,Dr. Rajan Mehta,Oncology,Anemia,65.0,2024-10-27,2024-11-01,5.0,No,,,OK
DC00911,PT01220,DR004,Dr. Rajan Mehta,Oncology,Cataract Surgery,61.0,2024-08-30,2024-09-06,7.0,No,,,OK
DC00912,PT00461,DR002,Dr. Suresh Patil,Orthopedics,Migraine,83.0,2024-02-11,2024-02-24,13.0,No,,,OK
DC00913,PT01679,DR008,Dr. Anil Joshi,Emergency,Anemia,75.0,2024-08-11,2024-08-28,17.0,Yes,2024-08-31,3.0,OK
DC00914,PT00828,DR010,Dr. Rohit Verma,Orthopedics,Lung Cancer - Stage 2,36.0,2024-05-08,2024-05-12,4.0,No,,,OK
DC00915,PT01033,DR008,Dr. Anil Joshi,Emergency,Asthma,61.0,2024-01-30,2024-02-03,4.0,Yes,2024-02-24,21.0,OK
DC00916,PT00043,DR006,Dr. Kavya Iyer,Pediatrics,Migraine,26.0,2024-05-19,2024-05-22,3.0,No,,,OK
DC00917,PT01818,DR010,Dr. Rohit Verma,Orthopedics,Anemia,33.0,2024-11-20,2024-12-01,11.0,No,,,OK
DC00918,PT00638,DR003,Dr. Aarti Deshmukh,Neurology,Knee Replacement,21.0,2024-08-15,2024-08-25,10.0,No,,,OK
DC00919,PT01393,DR006,Dr. Kavya Iyer,Pediatrics,Hernia Repair,45.0,2024-09-13,2024-10-02,19.0,No,,,OK
DC00920,PT00708,DR008,Dr. Anil Joshi,Emergency,Asthma,29.0,2024-05-21,2024-05-29,8.0,No,,,OK
DC00921,PT01779,DR010,Dr. Rohit Verma,Orthopedics,Cataract Surgery,69.0,2024-04-01,2024-04-10,9.0,Yes,2024-05-07,27.0,OK
DC00922,PT01284,DR006,Dr. Kavya Iyer,Pediatrics,Lung Cancer - Stage 2,76.0,2024-10-18,2024-11-06,19.0,No,,,OK
DC00923,PT00686,DR001,Dr. Priya Nair,Cardiology,Anemia,73.0,2024-02-06,2024-02-07,1.0,No,,,OK
DC00924,PT00265,DR010,Dr. Rohit Verma,Orthopedics,Chest Infection,20.0,2024-08-17,2024-09-06,20.0,No,,,OK
DC00925,PT00794,DR005,Dr. Sunita Kulkarni,General Medicine,Knee Replacement,38.0,2024-11-30,2024-12-17,17.0,No,,,OK
DC00926,PT01092,DR009,Dr. Meera Pillai,Cardiology,Cataract Surgery,28.0,2024-09-05,2024-09-18,13.0,No,,,OK
DC00927,PT01062,DR005,Dr. Sunita Kulkarni,General Medicine,Diabetes Type 2,37.0,2024-03-30,2024-04-02,3.0,No,,,OK
DC00928,PT01318,DR004,Dr. Rajan Mehta,Oncology,Migraine,68.0,2024-09-12,2024-09-14,2.0,No,,,OK
DC00929,PT01459,DR004,Dr. Rajan Mehta,Oncology,Appendicitis,49.0,2024-02-15,2024-02-19,4.0,No,,,OK
DC00930,PT00119,DR006,Dr. Kavya Iyer,Pediatrics,Fracture - Femur,38.0,2024-02-22,2024-03-07,14.0,No,,,OK
DC00931,PT00620,DR009,Dr. Meera Pillai,Cardiology,Fracture - Femur,73.0,2024-01-23,2024-01-25,2.0,Yes,2024-01-31,6.0,OK
DC00932,PT00502,DR009,Dr. Meera Pillai,Cardiology,Hernia Repair,69.0,2024-11-18,2024-11-30,12.0,No,,,OK
DC00933,PT01135,DR007,Dr. Deepak Sharma,Gynecology,Fracture - Femur,60.0,2024-08-13,2024-08-30,17.0,No,,,OK
DC00934,PT01637,DR004,Dr. Rajan Mehta,Oncology,Dengue Fever,47.0,2024-04-17,2024-04-19,2.0,No,,,OK
DC00935,PT00428,DR003,Dr. Aarti Deshmukh,Neurology,Appendicitis,68.0,2024-01-12,2024-01-20,8.0,No,,,OK
DC00936,PT01626,DR005,Dr. Sunita Kulkarni,General Medicine,Knee Replacement,43.0,2024-04-06,2024-04-19,13.0,No,,,OK
DC00937,PT00958,DR002,Dr. Suresh Patil,Orthopedics,Anemia,20.0,2024-08-09,2024-08-20,11.0,No,,,OK
DC00938,PT00081,DR005,Dr. Sunita Kulkarni,General Medicine,Hernia Repair,56.0,2024-07-30,2024-08-10,11.0,No,,,OK
DC00939,PT01535,DR004,Dr. Rajan Mehta,Oncology,Appendicitis,32.0,2024-04-09,2024-04-27,18.0,No,,,OK
DC00940,PT01812,DR003,Dr. Aarti Deshmukh,Neurology,Stroke Recovery,41.0,2024-01-30,2024-02-09,10.0,Yes,2024-02-19,10.0,OK
DC00941,PT01125,DR003,Dr. Aarti Deshmukh,Neurology,Cataract Surgery,75.0,2024-01-16,2024-01-26,10.0,No,,,OK
DC00942,PT01875,DR002,Dr. Suresh Patil,Orthopedics,Knee Replacement,60.0,2024-04-28,2024-05-05,7.0,No,,,OK
DC00943,PT00446,DR008,Dr. Anil Joshi,Emergency,Asthma,18.0,2024-08-29,2024-09-10,12.0,Yes,2024-10-02,22.0,OK
DC00944,PT01268,DR003,Dr. Aarti Deshmukh,Neurology,Cataract Surgery,47.0,2024-01-13,2024-01-16,3.0,No,,,OK
DC00945,PT01808,DR005,Dr. Sunita Kulkarni,General Medicine,Heart Attack,59.0,2024-01-04,2024-01-22,18.0,Yes,2024-02-17,26.0,OK
DC00946,PT00161,DR002,Dr. Suresh Patil,Orthopedics,Stroke Recovery,35.0,2024-11-05,2024-11-10,5.0,No,,,OK
DC00948,PT01925,DR004,Dr. Rajan Mehta,Oncology,Anemia,73.0,2024-04-11,2024-04-19,8.0,No,,,OK
DC00949,PT01440,DR007,Dr. Deepak Sharma,Gynecology,Diabetes Type 2,54.0,2024-06-02,2024-06-04,2.0,No,,,OK
DC00951,PT01249,DR010,Dr. Rohit Verma,Orthopedics,Lung Cancer - Stage 2,41.0,2024-03-18,2024-04-06,19.0,No,,,OK
DC00952,PT01034,DR010,Dr. Rohit Verma,Orthopedics,Heart Attack,44.0,2024-06-24,2024-07-11,17.0,No,,,OK
DC00953,PT01393,DR009,Dr. Meera Pillai,Cardiology,Dengue Fever,18.0,2024-09-22,2024-09-25,3.0,No,,,OK
DC00954,PT01833,DR008,Dr. Anil Joshi,Emergency,Lung Cancer - Stage 2,48.0,2024-08-13,2024-08-30,17.0,No,,,OK
DC00955,PT00254,DR001,Dr. Priya Nair,Cardiology,Anemia,57.0,2024-10-01,2024-10-08,7.0,No,,,OK
DC00956,PT00598,DR003,Dr. Aarti Deshmukh,Neurology,Lung Cancer - Stage 2,29.0,2024-11-02,2024-11-12,10.0,No,,,OK
DC00957,PT01023,DR001,Dr. Priya Nair,Cardiology,Knee Replacement,34.0,2024-04-20,2024-05-09,19.0,No,,,OK
DC00958,PT00767,DR008,Dr. Anil Joshi,Emergency,Cataract Surgery,29.0,2024-02-05,2024-02-25,20.0,Yes,2024-03-19,23.0,OK
DC00959,PT01442,DR003,Dr. Aarti Deshmukh,Neurology,Cataract Surgery,29.0,2024-05-02,2024-05-12,10.0,Yes,2024-06-07,26.0,OK
DC00960,PT00714,DR001,Dr. Priya Nair,Cardiology,Chest Infection,44.0,2024-11-06,2024-11-19,13.0,Yes,2024-12-04,15.0,OK
DC00961,PT00577,DR002,Dr. Suresh Patil,Orthopedics,Anemia,73.0,2024-08-27,2024-09-11,15.0,No,,,OK
DC00962,PT00961,DR007,Dr. Deepak Sharma,Gynecology,Asthma,41.0,2024-09-30,2024-10-15,15.0,No,,,OK
DC00963,PT00349,DR010,Dr. Rohit Verma,Orthopedics,Fracture - Femur,29.0,2024-07-06,2024-07-24,18.0,Yes,2024-07-29,5.0,OK
DC00964,PT01480,DR001,Dr. Priya Nair,Cardiology,Anemia,40.0,2024-03-17,2024-03-29,12.0,Yes,2024-04-13,15.0,OK
DC00965,PT00330,DR006,Dr. Kavya Iyer,Pediatrics,Cataract Surgery,37.0,2024-03-01,2024-03-12,11.0,No,,,OK
DC00966,PT00635,DR010,Dr. Rohit Verma,Orthopedics,Cataract Surgery,64.0,2024-08-01,2024-08-02,1.0,No,,,OK
DC00967,PT00616,DR010,Dr. Rohit Verma,Orthopedics,Heart Attack,78.0,2024-06-20,2024-06-23,3.0,No,,,OK
DC00968,PT01556,DR005,Dr. Sunita Kulkarni,General Medicine,Fracture - Femur,85.0,2024-04-17,2024-04-18,1.0,No,,,OK
DC00969,PT00260,DR007,Dr. Deepak Sharma,Gynecology,Stroke Recovery,84.0,2024-03-23,2024-03-29,6.0,No,,,OK
DC00971,PT01691,DR004,Dr. Rajan Mehta,Oncology,Chest Infection,43.0,2024-10-04,2024-10-09,5.0,No,,,OK
DC00972,PT00636,DR002,Dr. Suresh Patil,Orthopedics,Heart Attack,24.0,2024-07-08,2024-07-24,16.0,No,,,OK
DC00973,PT00343,DR009,Dr. Meera Pillai,Cardiology,Appendicitis,30.0,2024-01-19,2024-01-28,9.0,No,,,OK
DC00974,PT01657,DR005,Dr. Sunita Kulkarni,General Medicine,Dengue Fever,82.0,2024-02-27,2024-03-19,21.0,No,,,OK
DC00975,PT00927,DR005,Dr. Sunita Kulkarni,General Medicine,Asthma,55.0,2024-08-03,2024-08-24,21.0,No,,,OK
DC00976,PT00033,DR004,Dr. Rajan Mehta,Oncology,Cataract Surgery,28.0,2024-01-23,2024-02-03,11.0,No,,,OK
DC00977,PT00703,DR001,Dr. Priya Nair,Cardiology,Hernia Repair,37.0,2024-08-08,2024-08-13,5.0,No,,,OK
DC00978,PT01222,DR010,Dr. Rohit Verma,Orthopedics,Lung Cancer - Stage 2,50.0,2024-11-09,2024-11-12,3.0,No,,,OK
DC00979,PT00361,DR010,Dr. Rohit Verma,Orthopedics,Hernia Repair,66.0,2024-04-14,2024-05-01,17.0,No,,,OK
DC00980,PT00699,DR001,Dr. Priya Nair,Cardiology,Hernia Repair,19.0,2024-03-21,2024-03-26,5.0,No,,,OK
DC00981,PT01548,DR008,Dr. Anil Joshi,Emergency,Hernia Repair,75.0,2024-10-22,2024-10-27,5.0,No,,,OK
DC00982,PT01522,DR005,Dr. Sunita Kulkarni,General Medicine,Appendicitis,42.0,2024-06-15,2024-06-18,3.0,No,,,OK
DC00983,PT00233,DR003,Dr. Aarti Deshmukh,Neurology,Hypertension,23.0,2024-02-28,2024-03-08,9.0,No,,,OK
DC00984,PT00038,DR001,Dr. Priya Nair,Cardiology,Fracture - Femur,71.0,2024-08-15,2024-08-18,3.0,No,,,OK
DC00985,PT01501,DR004,Dr. Rajan Mehta,Oncology,Migraine,48.0,2024-02-26,2024-03-12,15.0,No,,,OK
DC00986,PT00196,DR006,Dr. Kavya Iyer,Pediatrics,Chest Infection,48.0,2024-04-23,2024-05-14,21.0,No,,,OK
DC00987,PT00209,DR008,Dr. Anil Joshi,Emergency,Chest Infection,66.0,2024-03-08,2024-03-26,18.0,Yes,2024-04-03,8.0,OK
DC00988,PT01839,DR001,Dr. Priya Nair,Cardiology,Hypertension,43.0,2024-03-09,2024-03-20,11.0,No,,,OK
DC00989,PT00467,DR006,Dr. Kavya Iyer,Pediatrics,Hypertension,41.0,2024-11-23,2024-11-25,2.0,No,,,OK
DC00990,PT01375,DR009,Dr. Meera Pillai,Cardiology,Dengue Fever,80.0,2024-09-08,2024-09-20,12.0,No,,,OK
DC00991,PT00469,DR006,Dr. Kavya Iyer,Pediatrics,Diabetes Type 2,22.0,2024-11-17,2024-12-05,18.0,No,,,OK
DC00992,PT01303,DR005,Dr. Sunita Kulkarni,General Medicine,Dengue Fever,83.0,2024-03-12,2024-03-30,18.0,No,,,OK
DC00993,PT00571,DR005,Dr. Sunita Kulkarni,General Medicine,Fracture - Femur,41.0,2024-08-27,2024-09-17,21.0,No,,,OK
DC00994,PT01524,DR004,Dr. Rajan Mehta,Oncology,Dengue Fever,62.0,2024-03-18,2024-03-19,1.0,No,,,OK
DC00995,PT01332,DR008,Dr. Anil Joshi,Emergency,Hypertension,42.0,2024-05-08,2024-05-20,12.0,No,,,OK
DC00996,PT00558,DR009,Dr. Meera Pillai,Cardiology,Diabetes Type 2,83.0,2024-07-04,2024-07-23,19.0,No,,,OK
DC00998,PT00466,DR001,Dr. Priya Nair,Cardiology,Hypertension,18.0,2024-10-06,2024-10-10,4.0,Yes,2024-10-15,5.0,OK
DC00999,PT00706,DR006,Dr. Kavya Iyer,Pediatrics,Dengue Fever,73.0,2024-08-27,2024-09-14,18.0,No,,,OK
DC01000,PT00626,DR005,Dr. Sunita Kulkarni,General Medicine,Stroke Recovery,45.0,2024-01-31,2024-02-11,11.0,No,,,OK
DC01001,PT01992,DR006,Dr. Kavya Iyer,Pediatrics,Cataract Surgery,83.0,2024-06-30,2024-07-01,1.0,No,,,OK
DC01002,PT01144,DR002,Dr. Suresh Patil,Orthopedics,Cataract Surgery,47.0,2024-07-20,2024-07-23,3.0,No,,,OK
DC01003,PT01056,DR009,Dr. Meera Pillai,Cardiology,Hernia Repair,46.0,2024-01-15,2024-01-31,16.0,No,,,OK
DC01004,PT00780,DR004,Dr. Rajan Mehta,Oncology,Chest Infection,36.0,2024-06-24,2024-07-04,10.0,No,,,OK
DC01005,PT01559,DR009,Dr. Meera Pillai,Cardiology,Fracture - Femur,44.0,2024-03-31,2024-04-02,2.0,No,,,OK
DC01006,PT01541,DR003,Dr. Aarti Deshmukh,Neurology,Fracture - Femur,51.0,2024-02-01,2024-02-11,10.0,No,,,OK
DC01007,PT00059,DR003,Dr. Aarti Deshmukh,Neurology,Appendicitis,59.0,2024-06-29,2024-07-10,11.0,No,,,OK
DC01008,PT00483,DR004,Dr. Rajan Mehta,Oncology,Diabetes Type 2,30.0,2024-01-15,2024-02-01,17.0,No,,,OK
DC01009,PT01675,DR006,Dr. Kavya Iyer,Pediatrics,Heart Attack,48.0,2024-02-17,2024-02-26,9.0,No,,,OK
DC01010,PT01303,DR005,Dr. Sunita Kulkarni,General Medicine,Cataract Surgery,51.0,2024-10-23,2024-10-25,2.0,No,,,OK
DC01011,PT01864,DR002,Dr. Suresh Patil,Orthopedics,Heart Attack,55.0,2024-04-13,2024-04-18,5.0,No,,,OK
DC01012,PT01986,DR007,Dr. Deepak Sharma,Gynecology,Diabetes Type 2,62.0,2024-04-28,2024-05-05,7.0,No,,,OK
DC01013,PT00346,DR006,Dr. Kavya Iyer,Pediatrics,Chest Infection,42.0,2024-06-26,2024-07-09,13.0,No,,,OK
DC01014,PT01800,DR006,Dr. Kavya Iyer,Pediatrics,Fracture - Femur,25.0,2024-08-20,2024-08-24,4.0,No,,,OK
DC01015,PT01356,DR004,Dr. Rajan Mehta,Oncology,Dengue Fever,64.0,2024-08-07,2024-08-21,14.0,No,,,OK
DC01016,PT00218,DR010,Dr. Rohit Verma,Orthopedics,Hypertension,75.0,2024-09-19,2024-09-25,6.0,No,,,OK
DC01017,PT01755,DR010,Dr. Rohit Verma,Orthopedics,Asthma,65.0,2024-11-05,2024-11-10,5.0,Yes,2024-11-26,16.0,OK
DC01018,PT01413,DR004,Dr. Rajan Mehta,Oncology,Appendicitis,65.0,2024-05-27,2024-06-03,7.0,No,,,OK
DC01019,PT00808,DR004,Dr. Rajan Mehta,Oncology,Hypertension,25.0,2024-09-12,2024-09-14,2.0,No,,,OK
DC01020,PT00352,DR009,Dr. Meera Pillai,Cardiology,Cataract Surgery,37.0,2024-07-19,2024-07-26,7.0,Yes,2024-07-30,4.0,OK
DC01021,PT01019,DR005,Dr. Sunita Kulkarni,General Medicine,Fracture - Femur,43.0,2024-05-15,2024-05-25,10.0,No,,,OK
DC01022,PT00820,DR001,Dr. Priya Nair,Cardiology,Anemia,23.0,2024-05-06,2024-05-16,10.0,Yes,2024-06-14,29.0,OK
DC01023,PT00008,DR010,Dr. Rohit Verma,Orthopedics,Stroke Recovery,52.0,2024-10-26,2024-11-02,7.0,No,,,OK
DC01024,PT00974,DR010,Dr. Rohit Verma,Orthopedics,Cataract Surgery,46.0,2024-04-10,2024-04-22,12.0,No,,,OK
DC01025,PT01640,DR002,Dr. Suresh Patil,Orthopedics,Heart Attack,37.0,2024-06-15,2024-06-25,10.0,No,,,OK
DC01026,PT00167,DR009,Dr. Meera Pillai,Cardiology,Anemia,38.0,2024-11-04,2024-11-25,21.0,No,,,OK
DC01027,PT00134,DR010,Dr. Rohit Verma,Orthopedics,Diabetes Type 2,74.0,2024-07-30,2024-08-12,13.0,No,,,OK
DC01028,PT00938,DR008,Dr. Anil Joshi,Emergency,Chest Infection,26.0,2024-10-28,2024-11-06,9.0,Yes,2024-11-24,18.0,OK
DC01029,PT00700,DR004,Dr. Rajan Mehta,Oncology,Cataract Surgery,67.0,2024-04-24,2024-05-09,15.0,No,,,OK
DC01030,PT00282,DR008,Dr. Anil Joshi,Emergency,Appendicitis,49.0,2024-03-17,2024-03-26,9.0,No,,,OK
DC01031,PT00080,DR001,Dr. Priya Nair,Cardiology,Fracture - Femur,40.0,2024-10-28,2024-11-14,17.0,Yes,2024-11-23,9.0,OK
DC01032,PT01793,DR002,Dr. Suresh Patil,Orthopedics,Fracture - Femur,44.0,2024-09-13,2024-09-29,16.0,No,,,OK
DC01033,PT00153,DR002,Dr. Suresh Patil,Orthopedics,Anemia,31.0,2024-08-20,2024-09-07,18.0,No,,,OK
DC01034,PT01078,DR008,Dr. Anil Joshi,Emergency,Fracture - Femur,32.0,2024-04-22,2024-05-03,11.0,No,,,OK
DC01036,PT00919,DR010,Dr. Rohit Verma,Orthopedics,Asthma,38.0,2024-05-13,2024-05-28,15.0,No,,,OK
DC01037,PT01738,DR002,Dr. Suresh Patil,Orthopedics,Appendicitis,23.0,2024-07-29,2024-08-03,5.0,No,,,OK
DC01038,PT01106,DR007,Dr. Deepak Sharma,Gynecology,Stroke Recovery,80.0,2024-11-27,2024-12-11,14.0,No,,,OK
DC01039,PT01769,DR006,Dr. Kavya Iyer,Pediatrics,Knee Replacement,69.0,2024-08-31,2024-09-08,8.0,Yes,2024-10-06,28.0,OK
DC01040,PT00019,DR009,Dr. Meera Pillai,Cardiology,Lung Cancer - Stage 2,83.0,2024-02-28,2024-03-06,7.0,Yes,2024-03-25,19.0,OK
DC01042,PT01746,DR010,Dr. Rohit Verma,Orthopedics,Asthma,69.0,2024-09-14,2024-10-02,18.0,No,,,OK
DC01043,PT00849,DR007,Dr. Deepak Sharma,Gynecology,Lung Cancer - Stage 2,18.0,2024-01-21,2024-01-27,6.0,No,,,OK
DC01044,PT01975,DR003,Dr. Aarti Deshmukh,Neurology,Asthma,67.0,2024-06-03,2024-06-13,10.0,No,,,OK
DC01045,PT01432,DR006,Dr. Kavya Iyer,Pediatrics,Anemia,70.0,2024-08-09,2024-08-22,13.0,No,,,OK
DC01046,PT00108,DR005,Dr. Sunita Kulkarni,General Medicine,Cataract Surgery,85.0,2024-04-21,2024-05-09,18.0,No,,,OK
DC01047,PT01380,DR009,Dr. Meera Pillai,Cardiology,Lung Cancer - Stage 2,33.0,2024-01-13,2024-02-02,20.0,Yes,2024-02-17,15.0,OK
DC01048,PT00522,DR010,Dr. Rohit Verma,Orthopedics,Anemia,74.0,2024-07-06,2024-07-21,15.0,No,,,OK
DC01049,PT01164,DR009,Dr. Meera Pillai,Cardiology,Lung Cancer - Stage 2,21.0,2024-01-29,2024-02-13,15.0,No,,,OK
DC01050,PT01542,DR010,Dr. Rohit Verma,Orthopedics,Knee Replacement,67.0,2024-08-09,2024-08-18,9.0,No,,,OK
DC01051,PT01469,DR010,Dr. Rohit Verma,Orthopedics,Hernia Repair,32.0,2024-05-08,2024-05-24,16.0,No,,,OK
DC01052,PT01108,DR001,Dr. Priya Nair,Cardiology,Fracture - Femur,23.0,2024-04-28,2024-05-02,4.0,Yes,2024-05-07,5.0,OK
DC01053,PT00785,DR001,Dr. Priya Nair,Cardiology,Hypertension,19.0,2024-04-01,2024-04-07,6.0,Yes,2024-04-17,10.0,OK
DC01054,PT00445,DR009,Dr. Meera Pillai,Cardiology,Knee Replacement,61.0,2024-03-10,2024-03-18,8.0,No,,,OK
DC01055,PT00533,DR006,Dr. Kavya Iyer,Pediatrics,Asthma,31.0,2024-07-24,2024-07-30,6.0,No,,,OK
DC01056,PT01666,DR001,Dr. Priya Nair,Cardiology,Dengue Fever,28.0,2024-05-09,2024-05-13,4.0,No,,,OK
DC01057,PT00327,DR006,Dr. Kavya Iyer,Pediatrics,Heart Attack,74.0,2024-06-09,2024-06-13,4.0,No,,,OK
DC01058,PT00864,DR005,Dr. Sunita Kulkarni,General Medicine,Hernia Repair,21.0,2024-11-04,2024-11-15,11.0,No,,,OK
DC01059,PT01900,DR010,Dr. Rohit Verma,Orthopedics,Migraine,80.0,2024-09-03,2024-09-15,12.0,No,,,OK
DC01060,PT01842,DR002,Dr. Suresh Patil,Orthopedics,Lung Cancer - Stage 2,69.0,2024-04-10,2024-04-11,1.0,No,,,OK
DC01061,PT00750,DR009,Dr. Meera Pillai,Cardiology,Dengue Fever,75.0,2024-11-14,2024-11-24,10.0,Yes,2024-12-18,24.0,OK
DC01062,PT01179,DR009,Dr. Meera Pillai,Cardiology,Diabetes Type 2,34.0,2024-10-09,2024-10-28,19.0,Yes,2024-11-26,29.0,OK
DC01063,PT00121,DR008,Dr. Anil Joshi,Emergency,Diabetes Type 2,72.0,2024-02-23,2024-03-02,8.0,Yes,2024-03-22,20.0,OK
DC01064,PT01455,DR009,Dr. Meera Pillai,Cardiology,Cataract Surgery,83.0,2024-09-27,2024-10-12,15.0,No,,,OK
DC01065,PT01320,DR008,Dr. Anil Joshi,Emergency,Migraine,22.0,2024-09-04,2024-09-24,20.0,No,,,OK
DC01066,PT00156,DR009,Dr. Meera Pillai,Cardiology,Heart Attack,45.0,2024-11-15,2024-11-26,11.0,No,,,OK
DC01067,PT00925,DR001,Dr. Priya Nair,Cardiology,Stroke Recovery,81.0,2024-10-18,2024-11-02,15.0,Yes,2024-11-21,19.0,OK
DC01069,PT00274,DR004,Dr. Rajan Mehta,Oncology,Hernia Repair,22.0,2024-03-13,2024-03-14,1.0,No,,,OK
DC01070,PT00747,DR009,Dr. Meera Pillai,Cardiology,Appendicitis,46.0,2024-03-30,2024-04-06,7.0,Yes,2024-04-24,18.0,OK
DC01071,PT00343,DR002,Dr. Suresh Patil,Orthopedics,Diabetes Type 2,54.0,2024-05-25,2024-06-09,15.0,No,,,OK
DC01072,PT01438,DR006,Dr. Kavya Iyer,Pediatrics,Diabetes Type 2,31.0,2024-11-17,2024-11-26,9.0,No,,,OK
DC01073,PT00177,DR003,Dr. Aarti Deshmukh,Neurology,Lung Cancer - Stage 2,32.0,2024-04-25,2024-04-30,5.0,No,,,OK
DC01074,PT00971,DR007,Dr. Deepak Sharma,Gynecology,Diabetes Type 2,24.0,2024-08-24,2024-09-02,9.0,No,,,OK
DC01075,PT01575,DR006,Dr. Kavya Iyer,Pediatrics,Cataract Surgery,52.0,2024-07-15,2024-08-01,17.0,No,,,OK
DC01076,PT00801,DR010,Dr. Rohit Verma,Orthopedics,Hernia Repair,51.0,2024-09-08,2024-09-19,11.0,No,,,OK
DC01077,PT01454,DR001,Dr. Priya Nair,Cardiology,Cataract Surgery,25.0,2024-02-22,2024-03-04,11.0,No,,,OK
DC01078,PT00270,DR010,Dr. Rohit Verma,Orthopedics,Anemia,37.0,2024-04-13,2024-04-15,2.0,No,,,OK
DC01079,PT00519,DR006,Dr. Kavya Iyer,Pediatrics,Migraine,83.0,2024-01-22,2024-01-29,7.0,No,,,OK
DC01080,PT00072,DR007,Dr. Deepak Sharma,Gynecology,Knee Replacement,42.0,2024-09-14,2024-09-29,15.0,No,,,OK
DC01081,PT00240,DR010,Dr. Rohit Verma,Orthopedics,Fracture - Femur,60.0,2024-03-15,2024-04-02,18.0,No,,,OK
DC01082,PT00778,DR001,Dr. Priya Nair,Cardiology,Asthma,83.0,2024-03-20,2024-04-05,16.0,No,,,OK
DC01083,PT00904,DR007,Dr. Deepak Sharma,Gynecology,Migraine,30.0,2024-07-04,2024-07-17,13.0,No,,,OK
DC01084,PT01242,DR006,Dr. Kavya Iyer,Pediatrics,Cataract Surgery,33.0,2024-06-11,2024-06-17,6.0,No,,,OK
DC01085,PT00162,DR007,Dr. Deepak Sharma,Gynecology,Hernia Repair,66.0,2024-02-26,2024-03-08,11.0,No,,,OK
DC01086,PT00909,DR002,Dr. Suresh Patil,Orthopedics,Stroke Recovery,32.0,2024-05-17,2024-05-20,3.0,No,,,OK
DC01087,PT01403,DR009,Dr. Meera Pillai,Cardiology,Diabetes Type 2,39.0,2024-01-05,2024-01-14,9.0,No,,,OK
DC01088,PT00520,DR008,Dr. Anil Joshi,Emergency,Dengue Fever,63.0,2024-07-23,2024-08-03,11.0,Yes,2024-08-17,14.0,OK
DC01089,PT01108,DR009,Dr. Meera Pillai,Cardiology,Cataract Surgery,83.0,2024-06-20,2024-07-10,20.0,No,,,OK
DC01090,PT01760,DR001,Dr. Priya Nair,Cardiology,Appendicitis,57.0,2024-10-20,2024-10-22,2.0,Yes,2024-11-19,28.0,OK
DC01091,PT01242,DR010,Dr. Rohit Verma,Orthopedics,Dengue Fever,56.0,2024-05-27,2024-06-16,20.0,No,,,OK
DC01092,PT00795,DR010,Dr. Rohit Verma,Orthopedics,Migraine,64.0,2024-01-18,2024-02-06,19.0,No,,,OK
DC01093,PT01999,DR010,Dr. Rohit Verma,Orthopedics,Anemia,20.0,2024-10-20,2024-11-09,20.0,No,,,OK
DC01094,PT00398,DR001,Dr. Priya Nair,Cardiology,Anemia,60.0,2024-09-14,2024-09-17,3.0,Yes,2024-09-25,8.0,OK
DC01095,PT00794,DR008,Dr. Anil Joshi,Emergency,Fracture - Femur,36.0,2024-02-01,2024-02-13,12.0,No,,,OK
DC01096,PT00208,DR003,Dr. Aarti Deshmukh,Neurology,Cataract Surgery,31.0,2024-08-17,2024-09-05,19.0,No,,,OK
DC01097,PT01440,DR006,Dr. Kavya Iyer,Pediatrics,Anemia,51.0,2024-10-14,2024-10-31,17.0,No,,,OK
DC01098,PT00162,DR007,Dr. Deepak Sharma,Gynecology,Knee Replacement,40.0,2024-09-05,2024-09-14,9.0,No,,,OK
DC01099,PT01721,DR006,Dr. Kavya Iyer,Pediatrics,Lung Cancer - Stage 2,57.0,2024-11-29,2024-12-08,9.0,No,,,OK
DC01100,PT00612,DR007,Dr. Deepak Sharma,Gynecology,Heart Attack,27.0,2024-02-07,2024-02-08,1.0,No,,,OK
DC01101,PT00506,DR008,Dr. Anil Joshi,Emergency,Fracture - Femur,47.0,2024-10-24,2024-11-09,16.0,Yes,2024-12-01,22.0,OK
DC01102,PT00622,DR007,Dr. Deepak Sharma,Gynecology,Hypertension,81.0,2024-08-16,2024-08-23,7.0,No,,,OK
DC01103,PT01383,DR005,Dr. Sunita Kulkarni,General Medicine,Hypertension,20.0,2024-05-25,2024-06-04,10.0,No,,,OK
DC01104,PT01972,DR004,Dr. Rajan Mehta,Oncology,Cataract Surgery,69.0,2024-06-07,2024-06-14,7.0,Yes,2024-06-27,13.0,OK
DC01105,PT00033,DR005,Dr. Sunita Kulkarni,General Medicine,Stroke Recovery,85.0,2024-02-12,2024-02-18,6.0,No,,,OK
DC01106,PT00708,DR007,Dr. Deepak Sharma,Gynecology,Lung Cancer - Stage 2,82.0,2024-07-23,2024-08-12,20.0,No,,,OK
DC01107,PT00309,DR001,Dr. Priya Nair,Cardiology,Dengue Fever,30.0,2024-05-24,2024-06-10,17.0,No,,,OK
DC01108,PT01841,DR010,Dr. Rohit Verma,Orthopedics,Asthma,85.0,2024-11-01,2024-11-02,1.0,No,,,OK
DC01109,PT00780,DR002,Dr. Suresh Patil,Orthopedics,Cataract Surgery,25.0,2024-09-20,2024-10-06,16.0,No,,,OK
DC01110,PT01823,DR010,Dr. Rohit Verma,Orthopedics,Knee Replacement,77.0,2024-05-16,2024-05-29,13.0,No,,,OK
DC01111,PT00795,DR005,Dr. Sunita Kulkarni,General Medicine,Knee Replacement,83.0,2024-06-19,2024-06-20,1.0,No,,,OK
DC01112,PT01296,DR004,Dr. Rajan Mehta,Oncology,Dengue Fever,73.0,2024-07-29,2024-08-17,19.0,No,,,OK
DC01113,PT01389,DR008,Dr. Anil Joshi,Emergency,Stroke Recovery,80.0,2024-03-17,2024-03-25,8.0,Yes,2024-04-15,21.0,OK
DC01114,PT00178,DR004,Dr. Rajan Mehta,Oncology,Stroke Recovery,18.0,2024-03-11,2024-03-21,10.0,No,,,OK
DC01115,PT00592,DR007,Dr. Deepak Sharma,Gynecology,Hypertension,37.0,2024-07-02,2024-07-15,13.0,No,,,OK
DC01116,PT01478,DR007,Dr. Deepak Sharma,Gynecology,Dengue Fever,39.0,2024-07-02,2024-07-19,17.0,No,,,OK
DC01117,PT00195,DR004,Dr. Rajan Mehta,Oncology,Lung Cancer - Stage 2,84.0,2024-04-23,2024-05-14,21.0,No,,,OK
DC01118,PT00097,DR003,Dr. Aarti Deshmukh,Neurology,Chest Infection,28.0,2024-07-19,2024-07-25,6.0,No,,,OK
DC01119,PT00609,DR001,Dr. Priya Nair,Cardiology,Lung Cancer - Stage 2,31.0,2024-03-16,2024-03-25,9.0,No,,,OK
DC01120,PT00866,DR002,Dr. Suresh Patil,Orthopedics,Hernia Repair,50.0,2024-07-21,2024-07-23,2.0,No,,,OK
DC01121,PT00329,DR005,Dr. Sunita Kulkarni,General Medicine,Fracture - Femur,19.0,2024-07-20,2024-08-02,13.0,No,,,OK
DC01122,PT00447,DR010,Dr. Rohit Verma,Orthopedics,Heart Attack,44.0,2024-09-03,2024-09-20,17.0,No,,,OK
DC01123,PT01602,DR004,Dr. Rajan Mehta,Oncology,Fracture - Femur,41.0,2024-08-29,2024-09-14,16.0,No,,,OK
DC01124,PT01045,DR005,Dr. Sunita Kulkarni,General Medicine,Migraine,80.0,2024-02-06,2024-02-12,6.0,No,,,OK
DC01125,PT01545,DR009,Dr. Meera Pillai,Cardiology,Knee Replacement,38.0,2024-08-06,2024-08-10,4.0,Yes,2024-09-04,25.0,OK
DC01126,PT00919,DR010,Dr. Rohit Verma,Orthopedics,Dengue Fever,82.0,2024-11-03,2024-11-13,10.0,No,,,OK
DC01127,PT01130,DR002,Dr. Suresh Patil,Orthopedics,Knee Replacement,69.0,2024-08-22,2024-09-03,12.0,No,,,OK
DC01128,PT00872,DR008,Dr. Anil Joshi,Emergency,Hernia Repair,59.0,2024-04-06,2024-04-11,5.0,No,,,OK
DC01129,PT00147,DR001,Dr. Priya Nair,Cardiology,Appendicitis,76.0,2024-03-22,2024-03-31,9.0,Yes,2024-04-15,15.0,OK
DC01130,PT01752,DR009,Dr. Meera Pillai,Cardiology,Heart Attack,26.0,2024-08-02,2024-08-13,11.0,No,,,OK
DC01132,PT00861,DR010,Dr. Rohit Verma,Orthopedics,Appendicitis,37.0,2024-03-11,2024-03-12,1.0,No,,,OK
DC01133,PT00820,DR006,Dr. Kavya Iyer,Pediatrics,Migraine,27.0,2024-05-04,2024-05-22,18.0,No,,,OK
DC01134,PT01413,DR003,Dr. Aarti Deshmukh,Neurology,Cataract Surgery,55.0,2024-04-13,2024-04-24,11.0,No,,,OK
DC01135,PT00040,DR005,Dr. Sunita Kulkarni,General Medicine,Chest Infection,71.0,2024-10-06,2024-10-25,19.0,No,,,OK
DC01136,PT00283,DR005,Dr. Sunita Kulkarni,General Medicine,Hernia Repair,23.0,2024-01-25,2024-02-05,11.0,Yes,2024-03-05,29.0,OK
DC01137,PT00045,DR007,Dr. Deepak Sharma,Gynecology,Asthma,19.0,2024-07-14,2024-07-28,14.0,No,,,OK
DC01138,PT01314,DR005,Dr. Sunita Kulkarni,General Medicine,Stroke Recovery,82.0,2024-10-23,2024-11-13,21.0,Yes,2024-12-02,19.0,OK
DC01139,PT00768,DR008,Dr. Anil Joshi,Emergency,Hypertension,31.0,2024-03-27,2024-03-31,4.0,No,,,OK
DC01140,PT00089,DR003,Dr. Aarti Deshmukh,Neurology,Hernia Repair,41.0,2024-10-02,2024-10-22,20.0,No,,,OK
DC01141,PT00807,DR006,Dr. Kavya Iyer,Pediatrics,Cataract Surgery,30.0,2024-08-10,2024-08-29,19.0,No,,,OK
DC01142,PT01853,DR006,Dr. Kavya Iyer,Pediatrics,Lung Cancer - Stage 2,67.0,2024-10-09,2024-10-16,7.0,No,,,OK
DC01143,PT00452,DR004,Dr. Rajan Mehta,Oncology,Appendicitis,57.0,2024-07-17,2024-08-07,21.0,No,,,OK
DC01144,PT00108,DR004,Dr. Rajan Mehta,Oncology,Lung Cancer - Stage 2,73.0,2024-11-25,2024-11-30,5.0,No,,,OK
DC01145,PT00699,DR007,Dr. Deepak Sharma,Gynecology,Appendicitis,60.0,2024-02-03,2024-02-07,4.0,No,,,OK
DC01146,PT01885,DR001,Dr. Priya Nair,Cardiology,Dengue Fever,25.0,2024-07-15,2024-07-25,10.0,No,,,OK
DC01147,PT01562,DR002,Dr. Suresh Patil,Orthopedics,Fracture - Femur,66.0,2024-10-05,2024-10-11,6.0,No,,,OK
DC01148,PT00466,DR001,Dr. Priya Nair,Cardiology,Fracture - Femur,21.0,2024-05-29,2024-06-16,18.0,Yes,2024-07-08,22.0,OK
DC01149,PT01970,DR008,Dr. Anil Joshi,Emergency,Stroke Recovery,72.0,2024-01-07,2024-01-11,4.0,No,,,OK
DC01150,PT01629,DR003,Dr. Aarti Deshmukh,Neurology,Diabetes Type 2,65.0,2024-08-31,2024-09-10,10.0,No,,,OK
DC01151,PT01097,DR005,Dr. Sunita Kulkarni,General Medicine,Stroke Recovery,55.0,2024-10-10,2024-10-24,14.0,No,,,OK
DC01152,PT00803,DR009,Dr. Meera Pillai,Cardiology,Lung Cancer - Stage 2,65.0,2024-02-24,2024-03-05,10.0,No,,,OK
DC01153,PT01664,DR008,Dr. Anil Joshi,Emergency,Stroke Recovery,61.0,2024-10-10,2024-10-13,3.0,No,,,OK
DC01154,PT00961,DR003,Dr. Aarti Deshmukh,Neurology,Anemia,72.0,2024-02-11,2024-02-23,12.0,Yes,2024-03-17,23.0,OK
DC01155,PT01755,DR003,Dr. Aarti Deshmukh,Neurology,Migraine,45.0,2024-09-03,2024-09-16,13.0,No,,,OK
DC01156,PT00582,DR010,Dr. Rohit Verma,Orthopedics,Fracture - Femur,75.0,2024-04-15,2024-05-04,19.0,No,,,OK
DC01157,PT01859,DR007,Dr. Deepak Sharma,Gynecology,Lung Cancer - Stage 2,28.0,2024-09-12,2024-09-16,4.0,No,,,OK
DC01158,PT01190,DR007,Dr. Deepak Sharma,Gynecology,Diabetes Type 2,74.0,2024-11-20,2024-12-09,19.0,No,,,OK
DC01159,PT00648,DR007,Dr. Deepak Sharma,Gynecology,Stroke Recovery,25.0,2024-05-24,2024-06-02,9.0,No,,,OK
DC01160,PT00785,DR003,Dr. Aarti Deshmukh,Neurology,Appendicitis,71.0,2024-11-10,2024-11-24,14.0,No,,,OK
DC01161,PT01033,DR004,Dr. Rajan Mehta,Oncology,Stroke Recovery,66.0,2024-03-30,2024-04-05,6.0,No,,,OK
DC01162,PT01632,DR009,Dr. Meera Pillai,Cardiology,Knee Replacement,71.0,2024-06-04,2024-06-11,7.0,No,,,OK
DC01163,PT00092,DR007,Dr. Deepak Sharma,Gynecology,Fracture - Femur,75.0,2024-10-11,2024-10-31,20.0,No,,,OK
DC01164,PT01198,DR002,Dr. Suresh Patil,Orthopedics,Asthma,19.0,2024-06-03,2024-06-18,15.0,No,,,OK
DC01165,PT01384,DR010,Dr. Rohit Verma,Orthopedics,Heart Attack,55.0,2024-05-10,2024-05-22,12.0,No,,,OK
DC01166,PT01405,DR002,Dr. Suresh Patil,Orthopedics,Chest Infection,73.0,2024-01-22,2024-01-23,1.0,No,,,OK
DC01167,PT00680,DR004,Dr. Rajan Mehta,Oncology,Hypertension,59.0,2024-01-17,2024-01-26,9.0,No,,,OK
DC01168,PT01767,DR006,Dr. Kavya Iyer,Pediatrics,Dengue Fever,37.0,2024-04-03,2024-04-08,5.0,No,,,OK
DC01169,PT00789,DR006,Dr. Kavya Iyer,Pediatrics,Heart Attack,75.0,2024-11-15,2024-12-01,16.0,No,,,OK
DC01170,PT00170,DR009,Dr. Meera Pillai,Cardiology,Asthma,54.0,2024-01-02,2024-01-09,7.0,No,,,OK
DC01171,PT01126,DR008,Dr. Anil Joshi,Emergency,Hernia Repair,81.0,2024-03-29,2024-04-01,3.0,Yes,2024-04-30,29.0,OK
DC01172,PT01315,DR001,Dr. Priya Nair,Cardiology,Asthma,80.0,2024-10-12,2024-10-16,4.0,No,,,OK
DC01173,PT00223,DR003,Dr. Aarti Deshmukh,Neurology,Stroke Recovery,67.0,2024-01-21,2024-01-30,9.0,No,,,OK
DC01174,PT00748,DR010,Dr. Rohit Verma,Orthopedics,Dengue Fever,30.0,2024-10-03,2024-10-04,1.0,No,,,OK
DC01175,PT01704,DR004,Dr. Rajan Mehta,Oncology,Appendicitis,39.0,2024-07-27,2024-08-02,6.0,No,,,OK
DC01176,PT01113,DR007,Dr. Deepak Sharma,Gynecology,Hernia Repair,35.0,2024-02-02,2024-02-03,1.0,No,,,OK
DC01177,PT01789,DR010,Dr. Rohit Verma,Orthopedics,Cataract Surgery,51.0,2024-07-14,2024-07-22,8.0,No,,,OK
DC01179,PT01161,DR005,Dr. Sunita Kulkarni,General Medicine,Cataract Surgery,57.0,2024-04-16,2024-04-26,10.0,No,,,OK
DC01180,PT00772,DR007,Dr. Deepak Sharma,Gynecology,Hernia Repair,68.0,2024-07-16,2024-07-19,3.0,No,,,OK
DC01181,PT01917,DR003,Dr. Aarti Deshmukh,Neurology,Dengue Fever,32.0,2024-07-10,2024-07-11,1.0,No,,,OK
DC01183,PT01140,DR008,Dr. Anil Joshi,Emergency,Knee Replacement,22.0,2024-07-12,2024-07-28,16.0,No,,,OK
DC01184,PT00460,DR009,Dr. Meera Pillai,Cardiology,Anemia,20.0,2024-04-19,2024-04-21,2.0,Yes,2024-05-14,23.0,OK
DC01185,PT01716,DR003,Dr. Aarti Deshmukh,Neurology,Dengue Fever,49.0,2024-02-12,2024-03-03,20.0,Yes,2024-03-10,7.0,OK
DC01186,PT00749,DR010,Dr. Rohit Verma,Orthopedics,Hypertension,79.0,2024-06-28,2024-07-04,6.0,No,,,OK
DC01187,PT00720,DR007,Dr. Deepak Sharma,Gynecology,Fracture - Femur,53.0,2024-04-05,2024-04-11,6.0,No,,,OK
DC01188,PT01433,DR004,Dr. Rajan Mehta,Oncology,Hernia Repair,33.0,2024-09-21,2024-10-01,10.0,Yes,2024-10-25,24.0,OK
DC01189,PT01238,DR003,Dr. Aarti Deshmukh,Neurology,Knee Replacement,40.0,2024-04-02,2024-04-11,9.0,No,,,OK
DC01190,PT01469,DR007,Dr. Deepak Sharma,Gynecology,Appendicitis,40.0,2024-02-13,2024-02-25,12.0,No,,,OK
DC01191,PT00789,DR005,Dr. Sunita Kulkarni,General Medicine,Hernia Repair,26.0,2024-10-03,2024-10-16,13.0,No,,,OK
DC01192,PT01803,DR006,Dr. Kavya Iyer,Pediatrics,Heart Attack,55.0,2024-10-28,2024-11-01,4.0,No,,,OK
DC01193,PT00350,DR005,Dr. Sunita Kulkarni,General Medicine,Chest Infection,62.0,2024-07-12,2024-07-14,2.0,Yes,2024-07-22,8.0,OK
DC01194,PT00234,DR008,Dr. Anil Joshi,Emergency,Anemia,81.0,2024-01-02,2024-01-19,17.0,No,,,OK
DC01195,PT00629,DR008,Dr. Anil Joshi,Emergency,Hernia Repair,51.0,2024-04-10,2024-04-15,5.0,Yes,2024-04-19,4.0,OK
DC01196,PT00122,DR004,Dr. Rajan Mehta,Oncology,Appendicitis,65.0,2024-07-05,2024-07-24,19.0,No,,,OK
DC01197,PT01617,DR008,Dr. Anil Joshi,Emergency,Hernia Repair,38.0,2024-11-30,2024-12-19,19.0,No,,,OK
DC01198,PT01952,DR010,Dr. Rohit Verma,Orthopedics,Anemia,74.0,2024-02-06,2024-02-09,3.0,No,,,OK
DC01199,PT00371,DR007,Dr. Deepak Sharma,Gynecology,Heart Attack,80.0,2024-02-06,2024-02-19,13.0,No,,,OK
DC01200,PT00110,DR003,Dr. Aarti Deshmukh,Neurology,Knee Replacement,22.0,2024-05-29,2024-06-01,3.0,No,,,OK
DC01201,PT00028,DR009,Dr. Meera Pillai,Cardiology,Stroke Recovery,29.0,2024-04-05,2024-04-06,1.0,No,,,OK
DC01202,PT01098,DR005,Dr. Sunita Kulkarni,General Medicine,Hernia Repair,49.0,2024-02-04,2024-02-15,11.0,No,,,OK
DC01203,PT00344,DR004,Dr. Rajan Mehta,Oncology,Hypertension,28.0,2024-09-03,2024-09-11,8.0,No,,,OK
DC01204,PT01673,DR003,Dr. Aarti Deshmukh,Neurology,Anemia,27.0,2024-08-18,2024-09-02,15.0,No,,,OK
DC01206,PT00992,DR008,Dr. Anil Joshi,Emergency,Dengue Fever,38.0,2024-08-06,2024-08-16,10.0,No,,,OK
DC01207,PT00948,DR009,Dr. Meera Pillai,Cardiology,Migraine,65.0,2024-07-07,2024-07-12,5.0,Yes,2024-08-08,27.0,OK
DC01208,PT01073,DR006,Dr. Kavya Iyer,Pediatrics,Hernia Repair,46.0,2024-06-06,2024-06-09,3.0,No,,,OK
DC01209,PT01101,DR006,Dr. Kavya Iyer,Pediatrics,Migraine,63.0,2024-03-03,2024-03-22,19.0,No,,,OK
DC01211,PT01076,DR010,Dr. Rohit Verma,Orthopedics,Knee Replacement,74.0,2024-11-20,2024-11-24,4.0,No,,,OK
DC01212,PT01097,DR006,Dr. Kavya Iyer,Pediatrics,Stroke Recovery,73.0,2024-02-11,2024-02-22,11.0,No,,,OK
DC01213,PT00919,DR003,Dr. Aarti Deshmukh,Neurology,Hernia Repair,81.0,2024-06-22,2024-07-01,9.0,No,,,OK
DC01214,PT01554,DR009,Dr. Meera Pillai,Cardiology,Diabetes Type 2,46.0,2024-08-18,2024-09-01,14.0,No,,,OK
DC01215,PT01728,DR002,Dr. Suresh Patil,Orthopedics,Hypertension,37.0,2024-03-01,2024-03-15,14.0,No,,,OK
DC01216,PT00524,DR005,Dr. Sunita Kulkarni,General Medicine,Appendicitis,29.0,2024-10-24,2024-10-31,7.0,No,,,OK
DC01218,PT00555,DR005,Dr. Sunita Kulkarni,General Medicine,Chest Infection,66.0,2024-02-29,2024-03-20,20.0,No,,,OK
DC01219,PT00780,DR007,Dr. Deepak Sharma,Gynecology,Diabetes Type 2,32.0,2024-11-11,2024-11-12,1.0,No,,,OK
DC01220,PT00601,DR003,Dr. Aarti Deshmukh,Neurology,Chest Infection,70.0,2024-03-23,2024-04-01,9.0,No,,,OK
DC01221,PT00784,DR005,Dr. Sunita Kulkarni,General Medicine,Hernia Repair,21.0,2024-09-06,2024-09-13,7.0,No,,,OK
DC01222,PT01156,DR009,Dr. Meera Pillai,Cardiology,Stroke Recovery,44.0,2024-03-23,2024-04-01,9.0,No,,,OK
DC01223,PT00740,DR002,Dr. Suresh Patil,Orthopedics,Stroke Recovery,26.0,2024-04-07,2024-04-15,8.0,No,,,OK
DC01224,PT00550,DR004,Dr. Rajan Mehta,Oncology,Knee Replacement,53.0,2024-05-05,2024-05-11,6.0,No,,,OK
DC01225,PT01017,DR009,Dr. Meera Pillai,Cardiology,Anemia,78.0,2024-04-09,2024-04-25,16.0,No,,,OK
DC01226,PT01153,DR008,Dr. Anil Joshi,Emergency,Hernia Repair,83.0,2024-03-02,2024-03-19,17.0,No,,,OK
DC01227,PT00770,DR010,Dr. Rohit Verma,Orthopedics,Appendicitis,54.0,2024-06-10,2024-06-24,14.0,No,,,OK
DC01228,PT00333,DR009,Dr. Meera Pillai,Cardiology,Lung Cancer - Stage 2,52.0,2024-01-10,2024-01-17,7.0,No,,,OK
DC01229,PT01421,DR005,Dr. Sunita Kulkarni,General Medicine,Cataract Surgery,71.0,2024-06-05,2024-06-06,1.0,No,,,OK
DC01230,PT00697,DR004,Dr. Rajan Mehta,Oncology,Knee Replacement,68.0,2024-09-20,2024-09-27,7.0,No,,,OK
DC01231,PT00151,DR002,Dr. Suresh Patil,Orthopedics,Asthma,40.0,2024-10-03,2024-10-19,16.0,No,,,OK
DC01232,PT00035,DR003,Dr. Aarti Deshmukh,Neurology,Hypertension,72.0,2024-01-15,2024-01-27,12.0,No,,,OK
DC01233,PT00416,DR009,Dr. Meera Pillai,Cardiology,Appendicitis,24.0,2024-03-04,2024-03-18,14.0,Yes,2024-04-16,29.0,OK
DC01234,PT00500,DR007,Dr. Deepak Sharma,Gynecology,Asthma,70.0,2024-05-18,2024-05-20,2.0,No,,,OK
DC01235,PT01526,DR002,Dr. Suresh Patil,Orthopedics,Anemia,55.0,2024-06-07,2024-06-09,2.0,No,,,OK
DC01236,PT01654,DR002,Dr. Suresh Patil,Orthopedics,Anemia,76.0,2024-09-27,2024-10-07,10.0,No,,,OK
DC01238,PT01666,DR003,Dr. Aarti Deshmukh,Neurology,Stroke Recovery,29.0,2024-06-20,2024-06-25,5.0,No,,,OK
DC01239,PT00242,DR009,Dr. Meera Pillai,Cardiology,Knee Replacement,26.0,2024-09-30,2024-10-19,19.0,Yes,2024-11-17,29.0,OK
DC01240,PT00176,DR010,Dr. Rohit Verma,Orthopedics,Hypertension,84.0,2024-06-29,2024-07-20,21.0,No,,,OK
DC01241,PT01368,DR001,Dr. Priya Nair,Cardiology,Heart Attack,35.0,2024-06-19,2024-07-02,13.0,Yes,2024-07-11,9.0,OK
DC01242,PT01870,DR008,Dr. Anil Joshi,Emergency,Appendicitis,61.0,2024-09-20,2024-10-07,17.0,No,,,OK
DC01243,PT01761,DR005,Dr. Sunita Kulkarni,General Medicine,Chest Infection,59.0,2024-09-16,2024-09-21,5.0,No,,,OK
DC01244,PT00426,DR004,Dr. Rajan Mehta,Oncology,Stroke Recovery,46.0,2024-01-06,2024-01-08,2.0,No,,,OK
DC01245,PT01664,DR003,Dr. Aarti Deshmukh,Neurology,Stroke Recovery,40.0,2024-05-25,2024-06-15,21.0,No,,,OK
DC01247,PT01204,DR006,Dr. Kavya Iyer,Pediatrics,Knee Replacement,82.0,2024-01-27,2024-02-12,16.0,No,,,OK
DC01248,PT00792,DR006,Dr. Kavya Iyer,Pediatrics,Appendicitis,48.0,2024-08-01,2024-08-22,21.0,No,,,OK
DC01249,PT00483,DR008,Dr. Anil Joshi,Emergency,Stroke Recovery,28.0,2024-08-21,2024-09-02,12.0,Yes,2024-09-16,14.0,OK
DC01250,PT00539,DR007,Dr. Deepak Sharma,Gynecology,Heart Attack,37.0,2024-03-25,2024-03-30,5.0,No,,,OK
DC01252,PT01946,DR002,Dr. Suresh Patil,Orthopedics,Asthma,31.0,2024-03-19,2024-04-01,13.0,No,,,OK
DC01253,PT00198,DR009,Dr. Meera Pillai,Cardiology,Migraine,56.0,2024-07-08,2024-07-28,20.0,Yes,2024-08-09,12.0,OK
DC01254,PT00687,DR007,Dr. Deepak Sharma,Gynecology,Hypertension,67.0,2024-10-09,2024-10-18,9.0,No,,,OK
DC01255,PT01856,DR007,Dr. Deepak Sharma,Gynecology,Heart Attack,77.0,2024-10-16,2024-10-31,15.0,No,,,OK
DC01256,PT00504,DR005,Dr. Sunita Kulkarni,General Medicine,Hypertension,59.0,2024-01-24,2024-01-27,3.0,No,,,OK
DC01257,PT00184,DR006,Dr. Kavya Iyer,Pediatrics,Hypertension,39.0,2024-09-04,2024-09-18,14.0,No,,,OK
DC01258,PT01527,DR002,Dr. Suresh Patil,Orthopedics,Fracture - Femur,23.0,2024-03-10,2024-03-16,6.0,No,,,OK
DC01259,PT01893,DR003,Dr. Aarti Deshmukh,Neurology,Lung Cancer - Stage 2,64.0,2024-02-13,2024-03-04,20.0,No,,,OK
DC01260,PT01371,DR004,Dr. Rajan Mehta,Oncology,Fracture - Femur,23.0,2024-03-17,2024-03-24,7.0,No,,,OK
DC01261,PT00435,DR007,Dr. Deepak Sharma,Gynecology,Heart Attack,74.0,2024-02-05,2024-02-22,17.0,No,,,OK
DC01262,PT00737,DR004,Dr. Rajan Mehta,Oncology,Heart Attack,59.0,2024-07-05,2024-07-11,6.0,No,,,OK
DC01263,PT01510,DR010,Dr. Rohit Verma,Orthopedics,Dengue Fever,58.0,2024-06-23,2024-06-27,4.0,No,,,OK
DC01264,PT00592,DR004,Dr. Rajan Mehta,Oncology,Anemia,54.0,2024-09-09,2024-09-14,5.0,No,,,OK
DC01265,PT00829,DR001,Dr. Priya Nair,Cardiology,Appendicitis,33.0,2024-05-14,2024-06-04,21.0,No,,,OK
DC01266,PT01656,DR001,Dr. Priya Nair,Cardiology,Dengue Fever,42.0,2024-07-14,2024-08-02,19.0,Yes,2024-08-20,18.0,OK
DC01267,PT00207,DR006,Dr. Kavya Iyer,Pediatrics,Chest Infection,18.0,2024-01-09,2024-01-26,17.0,No,,,OK
DC01268,PT00557,DR006,Dr. Kavya Iyer,Pediatrics,Hypertension,41.0,2024-11-17,2024-11-28,11.0,No,,,OK
DC01269,PT01734,DR005,Dr. Sunita Kulkarni,General Medicine,Fracture - Femur,25.0,2024-07-29,2024-08-15,17.0,No,,,OK
DC01270,PT01864,DR006,Dr. Kavya Iyer,Pediatrics,Hypertension,85.0,2024-06-30,2024-07-04,4.0,No,,,OK
DC01271,PT00743,DR005,Dr. Sunita Kulkarni,General Medicine,Asthma,33.0,2024-09-08,2024-09-10,2.0,No,,,OK
DC01272,PT00493,DR004,Dr. Rajan Mehta,Oncology,Appendicitis,66.0,2024-10-21,2024-10-29,8.0,No,,,OK
DC01273,PT00060,DR005,Dr. Sunita Kulkarni,General Medicine,Chest Infection,84.0,2024-06-01,2024-06-20,19.0,Yes,2024-07-13,23.0,OK
DC01274,PT00054,DR007,Dr. Deepak Sharma,Gynecology,Chest Infection,45.0,2024-04-06,2024-04-16,10.0,Yes,2024-05-02,16.0,OK
DC01275,PT00635,DR010,Dr. Rohit Verma,Orthopedics,Diabetes Type 2,24.0,2024-07-31,2024-08-13,13.0,No,,,OK
DC01276,PT01478,DR010,Dr. Rohit Verma,Orthopedics,Hypertension,61.0,2024-05-13,2024-05-25,12.0,No,,,OK
DC01277,PT00396,DR002,Dr. Suresh Patil,Orthopedics,Dengue Fever,27.0,2024-11-16,2024-11-23,7.0,No,,,OK
DC01278,PT00241,DR001,Dr. Priya Nair,Cardiology,Stroke Recovery,78.0,2024-10-04,2024-10-20,16.0,Yes,2024-11-15,26.0,OK
DC01279,PT00069,DR008,Dr. Anil Joshi,Emergency,Heart Attack,84.0,2024-09-12,2024-09-30,18.0,Yes,2024-10-21,21.0,OK
DC01280,PT01879,DR001,Dr. Priya Nair,Cardiology,Heart Attack,73.0,2024-08-01,2024-08-14,13.0,No,,,OK
DC01281,PT01922,DR002,Dr. Suresh Patil,Orthopedics,Appendicitis,45.0,2024-06-13,2024-06-15,2.0,No,,,OK
DC01282,PT01615,DR005,Dr. Sunita Kulkarni,General Medicine,Dengue Fever,52.0,2024-01-23,2024-01-27,4.0,Yes,2024-02-08,12.0,OK
DC01283,PT01973,DR010,Dr. Rohit Verma,Orthopedics,Anemia,51.0,2024-11-03,2024-11-20,17.0,No,,,OK
DC01284,PT00649,DR004,Dr. Rajan Mehta,Oncology,Hernia Repair,65.0,2024-09-06,2024-09-12,6.0,No,,,OK
DC01285,PT00476,DR006,Dr. Kavya Iyer,Pediatrics,Anemia,70.0,2024-05-24,2024-06-12,19.0,No,,,OK
DC01286,PT00073,DR003,Dr. Aarti Deshmukh,Neurology,Hypertension,35.0,2024-02-27,2024-03-18,20.0,No,,,OK
DC01287,PT01731,DR002,Dr. Suresh Patil,Orthopedics,Fracture - Femur,63.0,2024-04-27,2024-05-14,17.0,No,,,OK
DC01288,PT01282,DR009,Dr. Meera Pillai,Cardiology,Diabetes Type 2,29.0,2024-08-26,2024-09-08,13.0,No,,,OK
DC01289,PT00465,DR007,Dr. Deepak Sharma,Gynecology,Fracture - Femur,50.0,2024-09-01,2024-09-02,1.0,No,,,OK
DC01290,PT00110,DR003,Dr. Aarti Deshmukh,Neurology,Asthma,31.0,2024-07-20,2024-07-29,9.0,No,,,OK
DC01291,PT01953,DR009,Dr. Meera Pillai,Cardiology,Dengue Fever,52.0,2024-07-02,2024-07-15,13.0,Yes,2024-07-22,7.0,OK
DC01292,PT01001,DR010,Dr. Rohit Verma,Orthopedics,Cataract Surgery,64.0,2024-02-05,2024-02-06,1.0,No,,,OK
DC01293,PT00789,DR004,Dr. Rajan Mehta,Oncology,Cataract Surgery,43.0,2024-04-16,2024-05-02,16.0,No,,,OK
DC01294,PT00152,DR010,Dr. Rohit Verma,Orthopedics,Hypertension,21.0,2024-01-13,2024-01-14,1.0,No,,,OK
DC01295,PT00272,DR008,Dr. Anil Joshi,Emergency,Fracture - Femur,67.0,2024-07-11,2024-07-12,1.0,No,,,OK
DC01296,PT00759,DR008,Dr. Anil Joshi,Emergency,Anemia,56.0,2024-08-29,2024-09-08,10.0,Yes,2024-09-15,7.0,OK
DC01297,PT00192,DR008,Dr. Anil Joshi,Emergency,Heart Attack,50.0,2024-03-30,2024-04-15,16.0,No,,,OK
DC01298,PT01274,DR005,Dr. Sunita Kulkarni,General Medicine,Hypertension,29.0,2024-05-27,2024-06-12,16.0,No,,,OK
DC01299,PT01076,DR005,Dr. Sunita Kulkarni,General Medicine,Migraine,27.0,2024-10-28,2024-11-14,17.0,No,,,OK
DC01301,PT00954,DR004,Dr. Rajan Mehta,Oncology,Hernia Repair,23.0,2024-04-18,2024-04-25,7.0,No,,,OK
DC01302,PT01053,DR003,Dr. Aarti Deshmukh,Neurology,Heart Attack,64.0,2024-05-20,2024-05-26,6.0,No,,,OK
DC01303,PT01363,DR004,Dr. Rajan Mehta,Oncology,Lung Cancer - Stage 2,67.0,2024-06-05,2024-06-15,10.0,No,,,OK
DC01304,PT00528,DR010,Dr. Rohit Verma,Orthopedics,Appendicitis,33.0,2024-06-22,2024-07-11,19.0,No,,,OK
DC01305,PT00261,DR003,Dr. Aarti Deshmukh,Neurology,Heart Attack,85.0,2024-02-07,2024-02-28,21.0,Yes,2024-03-26,27.0,OK
DC01306,PT00336,DR004,Dr. Rajan Mehta,Oncology,Appendicitis,70.0,2024-10-14,2024-10-31,17.0,No,,,OK
DC01307,PT00304,DR004,Dr. Rajan Mehta,Oncology,Chest Infection,49.0,2024-02-21,2024-02-24,3.0,No,,,OK
DC01308,PT00542,DR010,Dr. Rohit Verma,Orthopedics,Asthma,75.0,2024-05-26,2024-06-07,12.0,Yes,2024-06-12,5.0,OK
DC01309,PT01677,DR002,Dr. Suresh Patil,Orthopedics,Migraine,38.0,2024-11-30,2024-12-07,7.0,No,,,OK
DC01310,PT00203,DR005,Dr. Sunita Kulkarni,General Medicine,Diabetes Type 2,46.0,2024-05-22,2024-05-28,6.0,No,,,OK
DC01312,PT00833,DR006,Dr. Kavya Iyer,Pediatrics,Heart Attack,76.0,2024-05-14,2024-05-31,17.0,No,,,OK
DC01313,PT01509,DR010,Dr. Rohit Verma,Orthopedics,Diabetes Type 2,63.0,2024-08-03,2024-08-16,13.0,No,,,OK
DC01314,PT01604,DR009,Dr. Meera Pillai,Cardiology,Appendicitis,27.0,2024-05-08,2024-05-13,5.0,No,,,OK
DC01315,PT00191,DR005,Dr. Sunita Kulkarni,General Medicine,Fracture - Femur,34.0,2024-03-22,2024-03-28,6.0,No,,,OK
DC01316,PT00411,DR002,Dr. Suresh Patil,Orthopedics,Dengue Fever,28.0,2024-07-26,2024-08-06,11.0,No,,,OK
DC01317,PT01356,DR001,Dr. Priya Nair,Cardiology,Migraine,19.0,2024-06-19,2024-06-28,9.0,Yes,2024-07-11,13.0,OK
DC01318,PT00028,DR010,Dr. Rohit Verma,Orthopedics,Lung Cancer - Stage 2,77.0,2024-03-22,2024-03-23,1.0,No,,,OK
DC01319,PT00077,DR010,Dr. Rohit Verma,Orthopedics,Fracture - Femur,72.0,2024-10-29,2024-11-16,18.0,No,,,OK
DC01320,PT01139,DR008,Dr. Anil Joshi,Emergency,Hypertension,84.0,2024-09-24,2024-10-09,15.0,No,,,OK
DC01321,PT01906,DR002,Dr. Suresh Patil,Orthopedics,Appendicitis,72.0,2024-09-05,2024-09-08,3.0,No,,,OK
DC01322,PT01842,DR007,Dr. Deepak Sharma,Gynecology,Appendicitis,60.0,2024-09-09,2024-09-27,18.0,No,,,OK
DC01323,PT01141,DR006,Dr. Kavya Iyer,Pediatrics,Knee Replacement,77.0,2024-09-21,2024-10-03,12.0,No,,,OK
DC01324,PT01942,DR005,Dr. Sunita Kulkarni,General Medicine,Cataract Surgery,20.0,2024-02-12,2024-02-24,12.0,No,,,OK
DC01325,PT01113,DR009,Dr. Meera Pillai,Cardiology,Asthma,66.0,2024-02-16,2024-02-19,3.0,No,,,OK
DC01326,PT01004,DR004,Dr. Rajan Mehta,Oncology,Lung Cancer - Stage 2,59.0,2024-09-18,2024-09-20,2.0,No,,,OK
DC01327,PT00928,DR006,Dr. Kavya Iyer,Pediatrics,Fracture - Femur,58.0,2024-02-21,2024-03-05,13.0,No,,,OK
DC01328,PT00412,DR005,Dr. Sunita Kulkarni,General Medicine,Knee Replacement,43.0,2024-07-16,2024-08-03,18.0,No,,,OK
DC01329,PT00946,DR002,Dr. Suresh Patil,Orthopedics,Stroke Recovery,63.0,2024-11-21,2024-12-12,21.0,No,,,OK
DC01330,PT00712,DR002,Dr. Suresh Patil,Orthopedics,Asthma,52.0,2024-03-15,2024-03-21,6.0,No,,,OK
DC01331,PT00912,DR009,Dr. Meera Pillai,Cardiology,Dengue Fever,43.0,2024-04-06,2024-04-08,2.0,No,,,OK
DC01332,PT01689,DR001,Dr. Priya Nair,Cardiology,Lung Cancer - Stage 2,68.0,2024-01-02,2024-01-21,19.0,No,,,OK
DC01334,PT01158,DR009,Dr. Meera Pillai,Cardiology,Hernia Repair,41.0,2024-07-03,2024-07-10,7.0,No,,,OK
DC01335,PT00083,DR007,Dr. Deepak Sharma,Gynecology,Appendicitis,53.0,2024-08-25,2024-09-06,12.0,No,,,OK
DC01336,PT00439,DR001,Dr. Priya Nair,Cardiology,Stroke Recovery,48.0,2024-08-21,2024-09-01,11.0,No,,,OK
DC01337,PT01840,DR001,Dr. Priya Nair,Cardiology,Anemia,18.0,2024-09-21,2024-09-28,7.0,No,,,OK
DC01338,PT00252,DR008,Dr. Anil Joshi,Emergency,Cataract Surgery,71.0,2024-01-27,2024-02-05,9.0,No,,,OK
DC01339,PT01567,DR002,Dr. Suresh Patil,Orthopedics,Cataract Surgery,72.0,2024-10-26,2024-10-29,3.0,No,,,OK
DC01340,PT01072,DR001,Dr. Priya Nair,Cardiology,Hypertension,36.0,2024-05-17,2024-06-01,15.0,Yes,2024-06-26,25.0,OK
DC01341,PT00346,DR004,Dr. Rajan Mehta,Oncology,Dengue Fever,80.0,2024-08-14,2024-09-02,19.0,Yes,2024-09-22,20.0,OK
DC01342,PT00142,DR006,Dr. Kavya Iyer,Pediatrics,Asthma,40.0,2024-03-27,2024-04-06,10.0,No,,,OK
DC01343,PT00259,DR010,Dr. Rohit Verma,Orthopedics,Dengue Fever,30.0,2024-04-21,2024-04-26,5.0,Yes,2024-05-05,9.0,OK
DC01344,PT01673,DR001,Dr. Priya Nair,Cardiology,Hypertension,61.0,2024-10-28,2024-11-03,6.0,No,,,OK
DC01345,PT01625,DR010,Dr. Rohit Verma,Orthopedics,Anemia,83.0,2024-04-20,2024-04-24,4.0,No,,,OK
DC01346,PT00386,DR001,Dr. Priya Nair,Cardiology,Cataract Surgery,56.0,2024-08-21,2024-08-25,4.0,No,,,OK
DC01347,PT01910,DR006,Dr. Kavya Iyer,Pediatrics,Heart Attack,21.0,2024-06-06,2024-06-18,12.0,No,,,OK
DC01348,PT00734,DR010,Dr. Rohit Verma,Orthopedics,Anemia,65.0,2024-07-22,2024-08-08,17.0,No,,,OK
DC01349,PT01130,DR005,Dr. Sunita Kulkarni,General Medicine,Appendicitis,37.0,2024-08-12,2024-08-21,9.0,No,,,OK
DC01350,PT00521,DR003,Dr. Aarti Deshmukh,Neurology,Hernia Repair,56.0,2024-06-20,2024-06-21,1.0,No,,,OK
DC01351,PT01728,DR008,Dr. Anil Joshi,Emergency,Lung Cancer - Stage 2,64.0,2024-03-12,2024-03-25,13.0,No,,,OK
DC01352,PT00110,DR007,Dr. Deepak Sharma,Gynecology,Appendicitis,52.0,2024-02-13,2024-02-18,5.0,No,,,OK
DC01353,PT00206,DR003,Dr. Aarti Deshmukh,Neurology,Migraine,32.0,2024-11-22,2024-12-01,9.0,No,,,OK
DC01354,PT00814,DR003,Dr. Aarti Deshmukh,Neurology,Heart Attack,69.0,2024-02-21,2024-02-22,1.0,No,,,OK
DC01355,PT00190,DR007,Dr. Deepak Sharma,Gynecology,Anemia,41.0,2024-05-18,2024-06-03,16.0,No,,,OK
DC01356,PT00639,DR002,Dr. Suresh Patil,Orthopedics,Migraine,34.0,2024-01-18,2024-02-06,19.0,No,,,OK
DC01357,PT00609,DR001,Dr. Priya Nair,Cardiology,Asthma,85.0,2024-06-25,2024-07-09,14.0,No,,,OK
DC01358,PT01526,DR002,Dr. Suresh Patil,Orthopedics,Heart Attack,53.0,2024-09-08,2024-09-14,6.0,No,,,OK
DC01359,PT01008,DR004,Dr. Rajan Mehta,Oncology,Diabetes Type 2,80.0,2024-09-25,2024-10-13,18.0,Yes,2024-10-17,4.0,OK
DC01360,PT00908,DR005,Dr. Sunita Kulkarni,General Medicine,Cataract Surgery,78.0,2024-05-27,2024-06-08,12.0,Yes,2024-06-30,22.0,OK
DC01361,PT00577,DR003,Dr. Aarti Deshmukh,Neurology,Hernia Repair,50.0,2024-11-16,2024-11-19,3.0,No,,,OK
DC01363,PT00118,DR004,Dr. Rajan Mehta,Oncology,Anemia,55.0,2024-04-23,2024-05-12,19.0,No,,,OK
DC01364,PT00293,DR005,Dr. Sunita Kulkarni,General Medicine,Fracture - Femur,56.0,2024-01-30,2024-02-13,14.0,No,,,OK
DC01365,PT01424,DR008,Dr. Anil Joshi,Emergency,Migraine,55.0,2024-02-19,2024-03-04,14.0,Yes,2024-03-07,3.0,OK
DC01366,PT01171,DR006,Dr. Kavya Iyer,Pediatrics,Hernia Repair,33.0,2024-03-24,2024-04-02,9.0,No,,,OK
DC01367,PT01463,DR006,Dr. Kavya Iyer,Pediatrics,Appendicitis,68.0,2024-06-06,2024-06-20,14.0,No,,,OK
DC01368,PT00185,DR003,Dr. Aarti Deshmukh,Neurology,Heart Attack,44.0,2024-01-23,2024-02-05,13.0,No,,,OK
DC01369,PT01255,DR008,Dr. Anil Joshi,Emergency,Dengue Fever,77.0,2024-05-19,2024-06-08,20.0,Yes,2024-06-23,15.0,OK
DC01370,PT00865,DR008,Dr. Anil Joshi,Emergency,Appendicitis,50.0,2024-07-22,2024-08-06,15.0,No,,,OK
DC01371,PT00212,DR007,Dr. Deepak Sharma,Gynecology,Cataract Surgery,19.0,2024-10-26,2024-11-04,9.0,No,,,OK
DC01372,PT01437,DR005,Dr. Sunita Kulkarni,General Medicine,Heart Attack,35.0,2024-06-29,2024-07-06,7.0,No,,,OK
DC01373,PT00273,DR002,Dr. Suresh Patil,Orthopedics,Lung Cancer - Stage 2,19.0,2024-07-23,2024-07-27,4.0,Yes,2024-08-17,21.0,OK
DC01374,PT01714,DR001,Dr. Priya Nair,Cardiology,Chest Infection,42.0,2024-09-14,2024-09-18,4.0,No,,,OK
DC01375,PT00661,DR010,Dr. Rohit Verma,Orthopedics,Asthma,47.0,2024-02-13,2024-03-02,18.0,No,,,OK
DC01376,PT00068,DR001,Dr. Priya Nair,Cardiology,Chest Infection,45.0,2024-08-22,2024-09-09,18.0,No,,,OK
DC01377,PT00074,DR010,Dr. Rohit Verma,Orthopedics,Chest Infection,59.0,2024-01-31,2024-02-07,7.0,No,,,OK
DC01378,PT00564,DR001,Dr. Priya Nair,Cardiology,Knee Replacement,40.0,2024-11-07,2024-11-17,10.0,No,,,OK
DC01379,PT01149,DR006,Dr. Kavya Iyer,Pediatrics,Dengue Fever,42.0,2024-06-13,2024-06-14,1.0,No,,,OK
DC01380,PT00199,DR006,Dr. Kavya Iyer,Pediatrics,Chest Infection,65.0,2024-10-20,2024-11-01,12.0,No,,,OK
DC01381,PT00900,DR002,Dr. Suresh Patil,Orthopedics,Appendicitis,59.0,2024-07-19,2024-07-30,11.0,No,,,OK
DC01382,PT00177,DR002,Dr. Suresh Patil,Orthopedics,Asthma,44.0,2024-08-28,2024-08-29,1.0,No,,,OK
DC01383,PT00412,DR009,Dr. Meera Pillai,Cardiology,Stroke Recovery,54.0,2024-07-22,2024-07-25,3.0,Yes,2024-08-23,29.0,OK
DC01384,PT00320,DR002,Dr. Suresh Patil,Orthopedics,Asthma,27.0,2024-08-02,2024-08-13,11.0,No,,,OK
DC01385,PT00204,DR005,Dr. Sunita Kulkarni,General Medicine,Cataract Surgery,81.0,2024-07-28,2024-08-15,18.0,No,,,OK
DC01386,PT00030,DR003,Dr. Aarti Deshmukh,Neurology,Diabetes Type 2,50.0,2024-07-10,2024-07-17,7.0,No,,,OK
DC01387,PT01227,DR007,Dr. Deepak Sharma,Gynecology,Cataract Surgery,29.0,2024-08-24,2024-09-01,8.0,No,,,OK
DC01388,PT01656,DR002,Dr. Suresh Patil,Orthopedics,Heart Attack,43.0,2024-04-04,2024-04-14,10.0,No,,,OK
DC01389,PT01697,DR010,Dr. Rohit Verma,Orthopedics,Diabetes Type 2,40.0,2024-04-13,2024-04-26,13.0,No,,,OK
DC01391,PT01133,DR005,Dr. Sunita Kulkarni,General Medicine,Dengue Fever,50.0,2024-10-12,2024-10-22,10.0,No,,,OK
DC01392,PT00127,DR001,Dr. Priya Nair,Cardiology,Fracture - Femur,31.0,2024-05-31,2024-06-17,17.0,No,,,OK
DC01393,PT01968,DR004,Dr. Rajan Mehta,Oncology,Appendicitis,26.0,2024-11-14,2024-11-23,9.0,No,,,OK
DC01394,PT00919,DR006,Dr. Kavya Iyer,Pediatrics,Appendicitis,36.0,2024-07-07,2024-07-25,18.0,No,,,OK
DC01395,PT00873,DR009,Dr. Meera Pillai,Cardiology,Heart Attack,36.0,2024-07-11,2024-07-14,3.0,Yes,2024-08-07,24.0,OK
DC01396,PT01890,DR006,Dr. Kavya Iyer,Pediatrics,Hypertension,23.0,2024-09-02,2024-09-09,7.0,No,,,OK
DC01397,PT00513,DR009,Dr. Meera Pillai,Cardiology,Chest Infection,67.0,2024-07-16,2024-07-24,8.0,No,,,OK
DC01398,PT01550,DR010,Dr. Rohit Verma,Orthopedics,Heart Attack,84.0,2024-07-26,2024-08-01,6.0,No,,,OK
DC01399,PT01003,DR001,Dr. Priya Nair,Cardiology,Diabetes Type 2,28.0,2024-02-10,2024-02-16,6.0,No,,,OK
DC01400,PT01521,DR004,Dr. Rajan Mehta,Oncology,Cataract Surgery,51.0,2024-11-12,2024-11-20,8.0,No,,,OK
DC01401,PT01582,DR003,Dr. Aarti Deshmukh,Neurology,Cataract Surgery,33.0,2024-09-29,2024-10-16,17.0,No,,,OK
DC01402,PT01655,DR007,Dr. Deepak Sharma,Gynecology,Hypertension,40.0,2024-05-30,2024-06-01,2.0,No,,,OK
DC01403,PT00039,DR007,Dr. Deepak Sharma,Gynecology,Lung Cancer - Stage 2,44.0,2024-10-04,2024-10-07,3.0,No,,,OK
DC01404,PT01734,DR010,Dr. Rohit Verma,Orthopedics,Migraine,54.0,2024-03-20,2024-03-29,9.0,No,,,OK
DC01405,PT01119,DR009,Dr. Meera Pillai,Cardiology,Lung Cancer - Stage 2,49.0,2024-04-20,2024-05-09,19.0,No,,,OK
DC01406,PT01274,DR007,Dr. Deepak Sharma,Gynecology,Hypertension,72.0,2024-07-19,2024-07-24,5.0,No,,,OK
DC01407,PT00282,DR010,Dr. Rohit Verma,Orthopedics,Lung Cancer - Stage 2,78.0,2024-08-28,2024-09-14,17.0,No,,,OK
DC01408,PT01393,DR001,Dr. Priya Nair,Cardiology,Hernia Repair,70.0,2024-04-08,2024-04-12,4.0,No,,,OK
DC01409,PT01224,DR010,Dr. Rohit Verma,Orthopedics,Cataract Surgery,32.0,2024-06-08,2024-06-25,17.0,No,,,OK
DC01410,PT01989,DR005,Dr. Sunita Kulkarni,General Medicine,Anemia,81.0,2024-03-07,2024-03-22,15.0,No,,,OK
DC01411,PT01299,DR002,Dr. Suresh Patil,Orthopedics,Dengue Fever,32.0,2024-10-27,2024-11-05,9.0,No,,,OK
DC01412,PT00965,DR003,Dr. Aarti Deshmukh,Neurology,Dengue Fever,82.0,2024-02-19,2024-02-23,4.0,No,,,OK
DC01413,PT01633,DR005,Dr. Sunita Kulkarni,General Medicine,Fracture - Femur,40.0,2024-01-01,2024-01-19,18.0,No,,,OK
DC01414,PT00967,DR003,Dr. Aarti Deshmukh,Neurology,Chest Infection,35.0,2024-09-19,2024-10-07,18.0,No,,,OK
DC01415,PT00350,DR008,Dr. Anil Joshi,Emergency,Diabetes Type 2,21.0,2024-11-23,2024-12-10,17.0,Yes,2024-12-23,13.0,OK
DC01416,PT01112,DR010,Dr. Rohit Verma,Orthopedics,Dengue Fever,38.0,2024-07-09,2024-07-13,4.0,No,,,OK
DC01417,PT01540,DR005,Dr. Sunita Kulkarni,General Medicine,Migraine,72.0,2024-08-15,2024-08-27,12.0,No,,,OK
DC01418,PT01032,DR004,Dr. Rajan Mehta,Oncology,Migraine,56.0,2024-08-28,2024-08-29,1.0,No,,,OK
DC01419,PT00253,DR003,Dr. Aarti Deshmukh,Neurology,Chest Infection,83.0,2024-01-12,2024-01-25,13.0,No,,,OK
DC01420,PT00449,DR006,Dr. Kavya Iyer,Pediatrics,Anemia,74.0,2024-03-02,2024-03-10,8.0,No,,,OK
DC01421,PT01757,DR007,Dr. Deepak Sharma,Gynecology,Asthma,65.0,2024-04-03,2024-04-12,9.0,No,,,OK
DC01422,PT00356,DR004,Dr. Rajan Mehta,Oncology,Hernia Repair,26.0,2024-07-04,2024-07-24,20.0,No,,,OK
DC01423,PT01060,DR006,Dr. Kavya Iyer,Pediatrics,Migraine,39.0,2024-07-02,2024-07-08,6.0,No,,,OK
DC01424,PT00748,DR010,Dr. Rohit Verma,Orthopedics,Migraine,63.0,2024-10-09,2024-10-19,10.0,No,,,OK
DC01425,PT00324,DR001,Dr. Priya Nair,Cardiology,Chest Infection,75.0,2024-05-30,2024-06-16,17.0,No,,,OK
DC01426,PT00381,DR010,Dr. Rohit Verma,Orthopedics,Anemia,75.0,2024-10-15,2024-10-28,13.0,No,,,OK
DC01427,PT00934,DR001,Dr. Priya Nair,Cardiology,Hernia Repair,45.0,2024-11-19,2024-12-03,14.0,Yes,2024-12-07,4.0,OK
DC01428,PT01997,DR006,Dr. Kavya Iyer,Pediatrics,Chest Infection,42.0,2024-09-01,2024-09-15,14.0,No,,,OK
DC01429,PT01749,DR007,Dr. Deepak Sharma,Gynecology,Knee Replacement,72.0,2024-02-06,2024-02-18,12.0,No,,,OK
DC01430,PT00771,DR004,Dr. Rajan Mehta,Oncology,Fracture - Femur,24.0,2024-05-24,2024-06-09,16.0,No,,,OK
DC01431,PT01759,DR009,Dr. Meera Pillai,Cardiology,Appendicitis,67.0,2024-01-28,2024-02-02,5.0,No,,,OK
DC01432,PT01915,DR009,Dr. Meera Pillai,Cardiology,Lung Cancer - Stage 2,46.0,2024-01-11,2024-01-22,11.0,No,,,OK
DC01433,PT01119,DR006,Dr. Kavya Iyer,Pediatrics,Knee Replacement,83.0,2024-04-05,2024-04-22,17.0,No,,,OK
DC01434,PT00559,DR007,Dr. Deepak Sharma,Gynecology,Hypertension,55.0,2024-01-06,2024-01-14,8.0,No,,,OK
DC01435,PT01141,DR003,Dr. Aarti Deshmukh,Neurology,Migraine,21.0,2024-09-27,2024-10-12,15.0,No,,,OK
DC01436,PT00552,DR010,Dr. Rohit Verma,Orthopedics,Fracture - Femur,19.0,2024-05-12,2024-05-23,11.0,No,,,OK
DC01437,PT00548,DR005,Dr. Sunita Kulkarni,General Medicine,Hypertension,40.0,2024-08-30,2024-09-02,3.0,No,,,OK
DC01438,PT00199,DR006,Dr. Kavya Iyer,Pediatrics,Hernia Repair,60.0,2024-06-17,2024-07-08,21.0,No,,,OK
DC01439,PT01941,DR008,Dr. Anil Joshi,Emergency,Anemia,32.0,2024-04-04,2024-04-06,2.0,No,,,OK
DC01440,PT01053,DR004,Dr. Rajan Mehta,Oncology,Dengue Fever,32.0,2024-06-28,2024-07-05,7.0,Yes,2024-07-21,16.0,OK
DC01441,PT01658,DR002,Dr. Suresh Patil,Orthopedics,Chest Infection,44.0,2024-03-06,2024-03-11,5.0,No,,,OK
DC01442,PT01157,DR007,Dr. Deepak Sharma,Gynecology,Hypertension,45.0,2024-09-02,2024-09-05,3.0,No,,,OK
DC01443,PT00025,DR009,Dr. Meera Pillai,Cardiology,Cataract Surgery,19.0,2024-02-01,2024-02-14,13.0,No,,,OK
DC01444,PT00860,DR005,Dr. Sunita Kulkarni,General Medicine,Hypertension,29.0,2024-06-30,2024-07-04,4.0,No,,,OK
DC01445,PT01429,DR002,Dr. Suresh Patil,Orthopedics,Asthma,23.0,2024-05-30,2024-06-08,9.0,No,,,OK
DC01446,PT01158,DR004,Dr. Rajan Mehta,Oncology,Chest Infection,76.0,2024-04-25,2024-04-29,4.0,No,,,OK
DC01447,PT01848,DR006,Dr. Kavya Iyer,Pediatrics,Knee Replacement,28.0,2024-03-20,2024-03-30,10.0,No,,,OK
DC01448,PT01687,DR002,Dr. Suresh Patil,Orthopedics,Knee Replacement,35.0,2024-07-31,2024-08-18,18.0,No,,,OK
DC01449,PT01938,DR003,Dr. Aarti Deshmukh,Neurology,Fracture - Femur,44.0,2024-05-02,2024-05-20,18.0,No,,,OK
DC01450,PT01026,DR009,Dr. Meera Pillai,Cardiology,Chest Infection,70.0,2024-07-27,2024-07-28,1.0,No,,,OK
DC01451,PT01046,DR005,Dr. Sunita Kulkarni,General Medicine,Fracture - Femur,45.0,2024-01-27,2024-02-16,20.0,No,,,OK
DC01452,PT00879,DR006,Dr. Kavya Iyer,Pediatrics,Dengue Fever,49.0,2024-02-23,2024-02-29,6.0,No,,,OK
DC01453,PT01328,DR010,Dr. Rohit Verma,Orthopedics,Lung Cancer - Stage 2,18.0,2024-11-11,2024-11-18,7.0,No,,,OK
DC01454,PT01702,DR009,Dr. Meera Pillai,Cardiology,Lung Cancer - Stage 2,25.0,2024-05-08,2024-05-28,20.0,No,,,OK
DC01455,PT01673,DR008,Dr. Anil Joshi,Emergency,Diabetes Type 2,67.0,2024-06-07,2024-06-28,21.0,No,,,OK
DC01456,PT01906,DR003,Dr. Aarti Deshmukh,Neurology,Anemia,27.0,2024-08-04,2024-08-05,1.0,No,,,OK
DC01457,PT00138,DR001,Dr. Priya Nair,Cardiology,Anemia,30.0,2024-02-07,2024-02-25,18.0,No,,,OK
DC01458,PT00227,DR001,Dr. Priya Nair,Cardiology,Lung Cancer - Stage 2,83.0,2024-08-23,2024-08-24,1.0,No,,,OK
DC01459,PT00648,DR004,Dr. Rajan Mehta,Oncology,Migraine,69.0,2024-03-09,2024-03-21,12.0,No,,,OK
DC01460,PT01153,DR006,Dr. Kavya Iyer,Pediatrics,Diabetes Type 2,52.0,2024-02-14,2024-02-15,1.0,No,,,OK
DC01461,PT01840,DR009,Dr. Meera Pillai,Cardiology,Asthma,70.0,2024-03-08,2024-03-11,3.0,No,,,OK
DC01462,PT01799,DR001,Dr. Priya Nair,Cardiology,Hernia Repair,83.0,2024-01-01,2024-01-02,1.0,No,,,OK
DC01463,PT00863,DR005,Dr. Sunita Kulkarni,General Medicine,Heart Attack,48.0,2024-02-24,2024-03-05,10.0,No,,,OK
DC01464,PT00668,DR007,Dr. Deepak Sharma,Gynecology,Migraine,28.0,2024-10-23,2024-10-30,7.0,No,,,OK
DC01465,PT01144,DR002,Dr. Suresh Patil,Orthopedics,Heart Attack,43.0,2024-01-23,2024-02-08,16.0,No,,,OK
DC01466,PT00148,DR010,Dr. Rohit Verma,Orthopedics,Asthma,48.0,2024-11-07,2024-11-09,2.0,No,,,OK
DC01467,PT01625,DR003,Dr. Aarti Deshmukh,Neurology,Hernia Repair,76.0,2024-06-12,2024-06-19,7.0,No,,,OK
DC01468,PT00677,DR009,Dr. Meera Pillai,Cardiology,Chest Infection,26.0,2024-02-28,2024-03-11,12.0,No,,,OK
DC01469,PT00543,DR007,Dr. Deepak Sharma,Gynecology,Hernia Repair,47.0,2024-08-30,2024-09-04,5.0,No,,,OK
DC01470,PT01069,DR009,Dr. Meera Pillai,Cardiology,Diabetes Type 2,82.0,2024-02-23,2024-03-11,17.0,Yes,2024-04-07,27.0,OK
DC01471,PT01752,DR001,Dr. Priya Nair,Cardiology,Chest Infection,58.0,2024-10-22,2024-11-03,12.0,No,,,OK
DC01472,PT00093,DR005,Dr. Sunita Kulkarni,General Medicine,Knee Replacement,74.0,2024-07-07,2024-07-15,8.0,No,,,OK
DC01473,PT01465,DR004,Dr. Rajan Mehta,Oncology,Knee Replacement,68.0,2024-07-10,2024-07-19,9.0,No,,,OK
DC01474,PT00361,DR009,Dr. Meera Pillai,Cardiology,Asthma,81.0,2024-08-28,2024-09-04,7.0,No,,,OK
DC01475,PT01999,DR003,Dr. Aarti Deshmukh,Neurology,Diabetes Type 2,41.0,2024-07-25,2024-08-08,14.0,No,,,OK
DC01476,PT01410,DR003,Dr. Aarti Deshmukh,Neurology,Fracture - Femur,39.0,2024-04-27,2024-05-06,9.0,No,,,OK
DC01477,PT00814,DR009,Dr. Meera Pillai,Cardiology,Chest Infection,68.0,2024-05-29,2024-06-08,10.0,No,,,OK
DC01478,PT00826,DR009,Dr. Meera Pillai,Cardiology,Anemia,82.0,2024-10-21,2024-11-01,11.0,No,,,OK
DC01479,PT00145,DR010,Dr. Rohit Verma,Orthopedics,Diabetes Type 2,22.0,2024-04-27,2024-05-04,7.0,No,,,OK
DC01481,PT00345,DR005,Dr. Sunita Kulkarni,General Medicine,Hypertension,55.0,2024-06-07,2024-06-28,21.0,No,,,OK
DC01482,PT01485,DR007,Dr. Deepak Sharma,Gynecology,Migraine,80.0,2024-05-27,2024-05-31,4.0,No,,,OK
DC01483,PT00527,DR008,Dr. Anil Joshi,Emergency,Lung Cancer - Stage 2,34.0,2024-03-05,2024-03-09,4.0,No,,,OK
DC01484,PT00044,DR006,Dr. Kavya Iyer,Pediatrics,Hernia Repair,59.0,2024-09-13,2024-09-14,1.0,No,,,OK
DC01486,PT00565,DR003,Dr. Aarti Deshmukh,Neurology,Hypertension,48.0,2024-09-01,2024-09-12,11.0,Yes,2024-10-09,27.0,OK
DC01487,PT00299,DR003,Dr. Aarti Deshmukh,Neurology,Appendicitis,68.0,2024-11-02,2024-11-16,14.0,No,,,OK
DC01488,PT01070,DR007,Dr. Deepak Sharma,Gynecology,Hypertension,22.0,2024-02-15,2024-02-26,11.0,Yes,2024-03-11,14.0,OK
DC01489,PT00139,DR005,Dr. Sunita Kulkarni,General Medicine,Heart Attack,26.0,2024-07-18,2024-07-30,12.0,No,,,OK
DC01490,PT00227,DR003,Dr. Aarti Deshmukh,Neurology,Fracture - Femur,58.0,2024-02-03,2024-02-23,20.0,No,,,OK
DC01491,PT00124,DR010,Dr. Rohit Verma,Orthopedics,Appendicitis,78.0,2024-09-15,2024-09-23,8.0,No,,,OK
DC01492,PT01109,DR006,Dr. Kavya Iyer,Pediatrics,Lung Cancer - Stage 2,49.0,2024-08-24,2024-08-27,3.0,No,,,OK
DC01493,PT01444,DR007,Dr. Deepak Sharma,Gynecology,Stroke Recovery,29.0,2024-05-09,2024-05-27,18.0,No,,,OK
DC01494,PT00496,DR007,Dr. Deepak Sharma,Gynecology,Cataract Surgery,68.0,2024-03-14,2024-03-26,12.0,No,,,OK
DC01495,PT01490,DR010,Dr. Rohit Verma,Orthopedics,Hernia Repair,61.0,2024-05-02,2024-05-03,1.0,No,,,OK
DC01496,PT00779,DR003,Dr. Aarti Deshmukh,Neurology,Cataract Surgery,53.0,2024-05-24,2024-05-25,1.0,No,,,OK
DC01497,PT00891,DR002,Dr. Suresh Patil,Orthopedics,Dengue Fever,26.0,2024-06-26,2024-07-13,17.0,No,,,OK
DC01498,PT01176,DR009,Dr. Meera Pillai,Cardiology,Appendicitis,72.0,2024-06-15,2024-06-22,7.0,No,,,OK
DC01499,PT00158,DR009,Dr. Meera Pillai,Cardiology,Diabetes Type 2,64.0,2024-10-14,2024-10-30,16.0,No,,,OK
DC01500,PT01461,DR004,Dr. Rajan Mehta,Oncology,Appendicitis,40.0,2024-11-26,2024-11-29,3.0,No,,,OK
DC01501,PT01468,DR007,Dr. Deepak Sharma,Gynecology,Cataract Surgery,28.0,2024-02-19,2024-03-07,17.0,No,,,OK
DC01502,PT00319,DR002,Dr. Suresh Patil,Orthopedics,Migraine,48.0,2024-11-30,2024-12-21,21.0,No,,,OK
DC01503,PT01399,DR007,Dr. Deepak Sharma,Gynecology,Hypertension,38.0,2024-04-30,2024-05-21,21.0,No,,,OK
DC01504,PT01975,DR006,Dr. Kavya Iyer,Pediatrics,Fracture - Femur,77.0,2024-04-26,2024-05-11,15.0,No,,,OK
DC01505,PT01878,DR005,Dr. Sunita Kulkarni,General Medicine,Asthma,57.0,2024-02-22,2024-02-23,1.0,No,,,OK
DC01506,PT01248,DR005,Dr. Sunita Kulkarni,General Medicine,Heart Attack,81.0,2024-01-04,2024-01-11,7.0,No,,,OK
DC01507,PT00485,DR001,Dr. Priya Nair,Cardiology,Cataract Surgery,50.0,2024-10-30,2024-11-16,17.0,No,,,OK
DC01508,PT00767,DR006,Dr. Kavya Iyer,Pediatrics,Lung Cancer - Stage 2,34.0,2024-11-14,2024-11-23,9.0,No,,,OK
DC01509,PT00187,DR004,Dr. Rajan Mehta,Oncology,Migraine,36.0,2024-07-19,2024-07-26,7.0,No,,,OK
DC01510,PT00482,DR004,Dr. Rajan Mehta,Oncology,Heart Attack,45.0,2024-04-07,2024-04-28,21.0,Yes,2024-05-14,16.0,OK
DC01511,PT00221,DR002,Dr. Suresh Patil,Orthopedics,Diabetes Type 2,35.0,2024-05-04,2024-05-20,16.0,No,,,OK
DC01512,PT01469,DR010,Dr. Rohit Verma,Orthopedics,Hypertension,33.0,2024-09-18,2024-09-24,6.0,No,,,OK
DC01513,PT01516,DR003,Dr. Aarti Deshmukh,Neurology,Diabetes Type 2,31.0,2024-03-01,2024-03-04,3.0,No,,,OK
DC01514,PT01497,DR001,Dr. Priya Nair,Cardiology,Anemia,45.0,2024-09-03,2024-09-22,19.0,No,,,OK
DC01515,PT00386,DR009,Dr. Meera Pillai,Cardiology,Migraine,28.0,2024-11-28,2024-12-18,20.0,No,,,OK
DC01516,PT01684,DR001,Dr. Priya Nair,Cardiology,Knee Replacement,37.0,2024-01-10,2024-01-27,17.0,No,,,OK
DC01517,PT01303,DR002,Dr. Suresh Patil,Orthopedics,Anemia,48.0,2024-03-02,2024-03-11,9.0,No,,,OK
DC01519,PT01112,DR009,Dr. Meera Pillai,Cardiology,Migraine,73.0,2024-08-19,2024-09-04,16.0,No,,,OK
DC01520,PT00366,DR005,Dr. Sunita Kulkarni,General Medicine,Lung Cancer - Stage 2,52.0,2024-08-02,2024-08-11,9.0,No,,,OK
DC01521,PT01480,DR007,Dr. Deepak Sharma,Gynecology,Lung Cancer - Stage 2,21.0,2024-09-20,2024-09-29,9.0,No,,,OK
DC01522,PT00967,DR001,Dr. Priya Nair,Cardiology,Cataract Surgery,23.0,2024-03-15,2024-04-03,19.0,No,,,OK
DC01523,PT01697,DR003,Dr. Aarti Deshmukh,Neurology,Cataract Surgery,22.0,2024-11-23,2024-12-02,9.0,Yes,2024-12-19,17.0,OK
DC01524,PT01669,DR004,Dr. Rajan Mehta,Oncology,Hernia Repair,31.0,2024-07-24,2024-07-31,7.0,No,,,OK
DC01525,PT00854,DR009,Dr. Meera Pillai,Cardiology,Heart Attack,24.0,2024-02-24,2024-03-04,9.0,No,,,OK
DC01526,PT00698,DR005,Dr. Sunita Kulkarni,General Medicine,Chest Infection,76.0,2024-05-03,2024-05-17,14.0,No,,,OK
DC01527,PT01858,DR007,Dr. Deepak Sharma,Gynecology,Stroke Recovery,62.0,2024-04-21,2024-04-30,9.0,No,,,OK
DC01528,PT00971,DR006,Dr. Kavya Iyer,Pediatrics,Hernia Repair,70.0,2024-10-30,2024-11-12,13.0,No,,,OK
DC01529,PT00797,DR006,Dr. Kavya Iyer,Pediatrics,Anemia,25.0,2024-05-17,2024-06-05,19.0,No,,,OK
DC01530,PT00252,DR001,Dr. Priya Nair,Cardiology,Fracture - Femur,32.0,2024-01-23,2024-02-05,13.0,Yes,2024-02-08,3.0,OK
DC01531,PT01312,DR006,Dr. Kavya Iyer,Pediatrics,Cataract Surgery,19.0,2024-10-28,2024-11-11,14.0,No,,,OK
DC01532,PT00365,DR010,Dr. Rohit Verma,Orthopedics,Migraine,56.0,2024-07-04,2024-07-05,1.0,No,,,OK
DC01533,PT01053,DR005,Dr. Sunita Kulkarni,General Medicine,Anemia,31.0,2024-07-21,2024-07-24,3.0,No,,,OK
DC01534,PT01072,DR003,Dr. Aarti Deshmukh,Neurology,Appendicitis,73.0,2024-11-29,2024-12-06,7.0,No,,,OK
DC01535,PT01190,DR008,Dr. Anil Joshi,Emergency,Stroke Recovery,46.0,2024-11-27,2024-11-29,2.0,No,,,OK
DC01536,PT00953,DR008,Dr. Anil Joshi,Emergency,Lung Cancer - Stage 2,50.0,2024-08-04,2024-08-19,15.0,Yes,2024-08-31,12.0,OK
DC01537,PT00110,DR006,Dr. Kavya Iyer,Pediatrics,Chest Infection,32.0,2024-06-21,2024-06-22,1.0,No,,,OK
DC01538,PT01995,DR005,Dr. Sunita Kulkarni,General Medicine,Hernia Repair,78.0,2024-04-26,2024-04-29,3.0,No,,,OK
DC01539,PT01929,DR007,Dr. Deepak Sharma,Gynecology,Heart Attack,82.0,2024-04-24,2024-04-28,4.0,No,,,OK
DC01540,PT00298,DR007,Dr. Deepak Sharma,Gynecology,Cataract Surgery,33.0,2024-03-04,2024-03-06,2.0,No,,,OK
DC01541,PT00781,DR004,Dr. Rajan Mehta,Oncology,Cataract Surgery,28.0,2024-03-27,2024-04-03,7.0,Yes,2024-04-28,25.0,OK
DC01542,PT01878,DR006,Dr. Kavya Iyer,Pediatrics,Fracture - Femur,54.0,2024-08-30,2024-09-16,17.0,No,,,OK
DC01543,PT00038,DR002,Dr. Suresh Patil,Orthopedics,Diabetes Type 2,68.0,2024-09-22,2024-10-06,14.0,No,,,OK
DC01544,PT00622,DR001,Dr. Priya Nair,Cardiology,Diabetes Type 2,29.0,2024-09-17,2024-10-05,18.0,No,,,OK
DC01545,PT00222,DR009,Dr. Meera Pillai,Cardiology,Cataract Surgery,34.0,2024-02-08,2024-02-25,17.0,No,,,OK
DC01546,PT01812,DR002,Dr. Suresh Patil,Orthopedics,Migraine,52.0,2024-04-09,2024-04-13,4.0,No,,,OK
DC01547,PT00850,DR004,Dr. Rajan Mehta,Oncology,Lung Cancer - Stage 2,51.0,2024-04-17,2024-05-07,20.0,No,,,OK
DC01548,PT01419,DR009,Dr. Meera Pillai,Cardiology,Appendicitis,43.0,2024-11-22,2024-12-10,18.0,No,,,OK
DC01549,PT00585,DR006,Dr. Kavya Iyer,Pediatrics,Fracture - Femur,75.0,2024-02-26,2024-03-07,10.0,No,,,OK
DC01550,PT01892,DR004,Dr. Rajan Mehta,Oncology,Diabetes Type 2,21.0,2024-11-29,2024-12-19,20.0,No,,,OK
DC01551,PT00212,DR003,Dr. Aarti Deshmukh,Neurology,Heart Attack,63.0,2024-02-25,2024-03-07,11.0,No,,,OK
DC01552,PT00503,DR010,Dr. Rohit Verma,Orthopedics,Asthma,75.0,2024-10-29,2024-11-13,15.0,No,,,OK
DC01553,PT01705,DR006,Dr. Kavya Iyer,Pediatrics,Cataract Surgery,70.0,2024-10-03,2024-10-21,18.0,No,,,OK
DC01554,PT01155,DR001,Dr. Priya Nair,Cardiology,Appendicitis,82.0,2024-05-04,2024-05-09,5.0,No,,,OK
DC01555,PT01027,DR005,Dr. Sunita Kulkarni,General Medicine,Hypertension,37.0,2024-01-08,2024-01-18,10.0,Yes,2024-01-21,3.0,OK
DC01556,PT00996,DR010,Dr. Rohit Verma,Orthopedics,Heart Attack,60.0,2024-09-23,2024-10-10,17.0,No,,,OK
DC01557,PT01468,DR007,Dr. Deepak Sharma,Gynecology,Cataract Surgery,44.0,2024-07-18,2024-08-02,15.0,No,,,OK
DC01558,PT01379,DR004,Dr. Rajan Mehta,Oncology,Appendicitis,81.0,2024-11-22,2024-11-24,2.0,No,,,OK
DC01559,PT01508,DR009,Dr. Meera Pillai,Cardiology,Dengue Fever,20.0,2024-11-18,2024-11-24,6.0,No,,,OK
DC01560,PT01939,DR004,Dr. Rajan Mehta,Oncology,Anemia,31.0,2024-02-06,2024-02-07,1.0,No,,,OK
DC01561,PT01039,DR004,Dr. Rajan Mehta,Oncology,Diabetes Type 2,37.0,2024-11-08,2024-11-19,11.0,No,,,OK
DC01562,PT00586,DR005,Dr. Sunita Kulkarni,General Medicine,Cataract Surgery,42.0,2024-06-13,2024-06-27,14.0,No,,,OK
DC01563,PT01506,DR006,Dr. Kavya Iyer,Pediatrics,Hypertension,66.0,2024-07-06,2024-07-16,10.0,No,,,OK
DC01564,PT01026,DR009,Dr. Meera Pillai,Cardiology,Hernia Repair,60.0,2024-01-06,2024-01-18,12.0,Yes,2024-01-30,12.0,OK
DC01565,PT01168,DR003,Dr. Aarti Deshmukh,Neurology,Stroke Recovery,75.0,2024-06-04,2024-06-12,8.0,No,,,OK
DC01566,PT01450,DR005,Dr. Sunita Kulkarni,General Medicine,Stroke Recovery,25.0,2024-09-14,2024-10-01,17.0,No,,,OK
DC01567,PT00365,DR005,Dr. Sunita Kulkarni,General Medicine,Dengue Fever,55.0,2024-03-21,2024-04-08,18.0,No,,,OK
DC01568,PT01577,DR007,Dr. Deepak Sharma,Gynecology,Chest Infection,85.0,2024-09-08,2024-09-16,8.0,No,,,OK
DC01569,PT01925,DR002,Dr. Suresh Patil,Orthopedics,Knee Replacement,80.0,2024-03-18,2024-03-19,1.0,No,,,OK
DC01570,PT01114,DR001,Dr. Priya Nair,Cardiology,Chest Infection,40.0,2024-07-15,2024-07-16,1.0,No,,,OK
DC01571,PT00346,DR002,Dr. Suresh Patil,Orthopedics,Stroke Recovery,20.0,2024-04-07,2024-04-22,15.0,Yes,2024-05-12,20.0,OK
DC01572,PT00304,DR010,Dr. Rohit Verma,Orthopedics,Hernia Repair,64.0,2024-04-28,2024-05-16,18.0,No,,,OK
DC01573,PT01598,DR001,Dr. Priya Nair,Cardiology,Hypertension,34.0,2024-09-28,2024-10-03,5.0,No,,,OK
DC01574,PT00249,DR004,Dr. Rajan Mehta,Oncology,Hypertension,30.0,2024-11-17,2024-11-30,13.0,Yes,2024-12-14,14.0,OK
DC01575,PT00249,DR010,Dr. Rohit Verma,Orthopedics,Stroke Recovery,18.0,2024-07-27,2024-08-05,9.0,No,,,OK
DC01576,PT01721,DR002,Dr. Suresh Patil,Orthopedics,Cataract Surgery,35.0,2024-03-04,2024-03-21,17.0,No,,,OK
DC01577,PT00339,DR010,Dr. Rohit Verma,Orthopedics,Chest Infection,21.0,2024-02-01,2024-02-04,3.0,No,,,OK
DC01578,PT01990,DR002,Dr. Suresh Patil,Orthopedics,Stroke Recovery,35.0,2024-10-18,2024-11-06,19.0,No,,,OK
DC01579,PT01831,DR002,Dr. Suresh Patil,Orthopedics,Lung Cancer - Stage 2,47.0,2024-04-05,2024-04-21,16.0,No,,,OK
DC01580,PT01918,DR010,Dr. Rohit Verma,Orthopedics,Diabetes Type 2,24.0,2024-07-19,2024-07-22,3.0,No,,,OK
DC01581,PT00459,DR003,Dr. Aarti Deshmukh,Neurology,Diabetes Type 2,79.0,2024-01-01,2024-01-12,11.0,No,,,OK
DC01582,PT01767,DR009,Dr. Meera Pillai,Cardiology,Diabetes Type 2,49.0,2024-05-30,2024-06-20,21.0,No,,,OK
DC01583,PT00624,DR002,Dr. Suresh Patil,Orthopedics,Dengue Fever,29.0,2024-10-19,2024-11-03,15.0,No,,,OK
DC01584,PT01343,DR002,Dr. Suresh Patil,Orthopedics,Diabetes Type 2,44.0,2024-06-27,2024-07-06,9.0,No,,,OK
DC01585,PT00161,DR005,Dr. Sunita Kulkarni,General Medicine,Diabetes Type 2,84.0,2024-01-01,2024-01-11,10.0,No,,,OK
DC01586,PT01951,DR003,Dr. Aarti Deshmukh,Neurology,Asthma,21.0,2024-11-16,2024-11-17,1.0,No,,,OK
DC01587,PT00888,DR006,Dr. Kavya Iyer,Pediatrics,Knee Replacement,44.0,2024-11-27,2024-12-16,19.0,No,,,OK
DC01588,PT00259,DR001,Dr. Priya Nair,Cardiology,Heart Attack,66.0,2024-11-22,2024-12-03,11.0,No,,,OK
DC01589,PT01803,DR007,Dr. Deepak Sharma,Gynecology,Fracture - Femur,77.0,2024-02-06,2024-02-11,5.0,No,,,OK
DC01590,PT01445,DR001,Dr. Priya Nair,Cardiology,Diabetes Type 2,62.0,2024-04-26,2024-04-27,1.0,No,,,OK
DC01591,PT01329,DR003,Dr. Aarti Deshmukh,Neurology,Lung Cancer - Stage 2,76.0,2024-11-18,2024-12-07,19.0,No,,,OK
DC01592,PT00872,DR009,Dr. Meera Pillai,Cardiology,Anemia,73.0,2024-08-29,2024-09-16,18.0,No,,,OK
DC01593,PT01458,DR003,Dr. Aarti Deshmukh,Neurology,Hernia Repair,62.0,2024-03-13,2024-03-31,18.0,No,,,OK
DC01594,PT00878,DR007,Dr. Deepak Sharma,Gynecology,Migraine,58.0,2024-09-23,2024-10-02,9.0,No,,,OK
DC01596,PT01321,DR010,Dr. Rohit Verma,Orthopedics,Anemia,26.0,2024-04-05,2024-04-20,15.0,No,,,OK
DC01597,PT00890,DR005,Dr. Sunita Kulkarni,General Medicine,Dengue Fever,79.0,2024-08-24,2024-08-28,4.0,No,,,OK
DC01598,PT00643,DR004,Dr. Rajan Mehta,Oncology,Stroke Recovery,46.0,2024-05-18,2024-05-30,12.0,No,,,OK
DC01599,PT00284,DR007,Dr. Deepak Sharma,Gynecology,Dengue Fever,83.0,2024-08-20,2024-09-06,17.0,No,,,OK
DC01600,PT01863,DR001,Dr. Priya Nair,Cardiology,Anemia,23.0,2024-06-23,2024-06-28,5.0,No,,,OK
DC01601,PT00388,DR005,Dr. Sunita Kulkarni,General Medicine,Lung Cancer - Stage 2,63.0,2024-01-27,2024-02-07,11.0,No,,,OK
DC01602,PT01670,DR008,Dr. Anil Joshi,Emergency,Heart Attack,62.0,2024-05-11,2024-05-19,8.0,No,,,OK
DC01603,PT01370,DR005,Dr. Sunita Kulkarni,General Medicine,Hernia Repair,20.0,2024-10-15,2024-10-20,5.0,No,,,OK
DC01604,PT00178,DR003,Dr. Aarti Deshmukh,Neurology,Migraine,27.0,2024-09-26,2024-10-03,7.0,No,,,OK
DC01605,PT00584,DR010,Dr. Rohit Verma,Orthopedics,Lung Cancer - Stage 2,41.0,2024-05-18,2024-05-23,5.0,No,,,OK
DC01606,PT01367,DR009,Dr. Meera Pillai,Cardiology,Cataract Surgery,37.0,2024-08-23,2024-09-02,10.0,No,,,OK
DC01607,PT01872,DR007,Dr. Deepak Sharma,Gynecology,Heart Attack,53.0,2024-04-22,2024-04-23,1.0,No,,,OK
DC01608,PT01978,DR005,Dr. Sunita Kulkarni,General Medicine,Fracture - Femur,66.0,2024-09-29,2024-10-20,21.0,No,,,OK
DC01609,PT01704,DR003,Dr. Aarti Deshmukh,Neurology,Anemia,61.0,2024-02-02,2024-02-03,1.0,No,,,OK
DC01610,PT00215,DR002,Dr. Suresh Patil,Orthopedics,Hernia Repair,54.0,2024-09-15,2024-10-04,19.0,No,,,OK
DC01611,PT01829,DR007,Dr. Deepak Sharma,Gynecology,Chest Infection,46.0,2024-07-07,2024-07-20,13.0,No,,,OK
DC01612,PT01393,DR005,Dr. Sunita Kulkarni,General Medicine,Hernia Repair,58.0,2024-04-08,2024-04-15,7.0,No,,,OK
DC01613,PT00605,DR001,Dr. Priya Nair,Cardiology,Fracture - Femur,60.0,2024-11-18,2024-11-30,12.0,No,,,OK
DC01614,PT00799,DR008,Dr. Anil Joshi,Emergency,Stroke Recovery,36.0,2024-06-23,2024-07-13,20.0,No,,,OK
DC01615,PT01663,DR003,Dr. Aarti Deshmukh,Neurology,Chest Infection,51.0,2024-08-30,2024-09-14,15.0,No,,,OK
DC01616,PT00868,DR006,Dr. Kavya Iyer,Pediatrics,Appendicitis,77.0,2024-07-20,2024-07-31,11.0,No,,,OK
DC01617,PT00697,DR009,Dr. Meera Pillai,Cardiology,Appendicitis,32.0,2024-02-28,2024-03-14,15.0,Yes,2024-03-30,16.0,OK
DC01618,PT01228,DR004,Dr. Rajan Mehta,Oncology,Dengue Fever,70.0,2024-04-04,2024-04-13,9.0,No,,,OK
DC01619,PT01879,DR003,Dr. Aarti Deshmukh,Neurology,Anemia,62.0,2024-06-10,2024-06-13,3.0,No,,,OK
DC01620,PT01577,DR005,Dr. Sunita Kulkarni,General Medicine,Fracture - Femur,55.0,2024-08-17,2024-09-07,21.0,Yes,2024-10-03,26.0,OK
DC01621,PT01927,DR001,Dr. Priya Nair,Cardiology,Diabetes Type 2,72.0,2024-01-28,2024-02-13,16.0,No,,,OK
DC01622,PT01529,DR006,Dr. Kavya Iyer,Pediatrics,Hypertension,30.0,2024-04-14,2024-04-25,11.0,No,,,OK
DC01623,PT00634,DR010,Dr. Rohit Verma,Orthopedics,Heart Attack,25.0,2024-10-03,2024-10-24,21.0,No,,,OK
DC01624,PT00618,DR009,Dr. Meera Pillai,Cardiology,Migraine,18.0,2024-09-09,2024-09-22,13.0,No,,,OK
DC01625,PT00802,DR005,Dr. Sunita Kulkarni,General Medicine,Appendicitis,66.0,2024-01-14,2024-01-21,7.0,No,,,OK
DC01626,PT01101,DR007,Dr. Deepak Sharma,Gynecology,Appendicitis,81.0,2024-04-01,2024-04-06,5.0,No,,,OK
DC01627,PT00459,DR007,Dr. Deepak Sharma,Gynecology,Appendicitis,71.0,2024-06-21,2024-07-05,14.0,No,,,OK
DC01628,PT01590,DR001,Dr. Priya Nair,Cardiology,Cataract Surgery,81.0,2024-09-07,2024-09-13,6.0,No,,,OK
DC01629,PT00847,DR006,Dr. Kavya Iyer,Pediatrics,Heart Attack,27.0,2024-08-16,2024-08-30,14.0,No,,,OK
DC01630,PT01642,DR008,Dr. Anil Joshi,Emergency,Asthma,50.0,2024-03-01,2024-03-15,14.0,Yes,2024-03-23,8.0,OK
DC01631,PT01518,DR003,Dr. Aarti Deshmukh,Neurology,Hernia Repair,50.0,2024-04-10,2024-04-19,9.0,No,,,OK
DC01632,PT00538,DR010,Dr. Rohit Verma,Orthopedics,Diabetes Type 2,52.0,2024-08-21,2024-09-04,14.0,No,,,OK
DC01633,PT01076,DR002,Dr. Suresh Patil,Orthopedics,Hypertension,61.0,2024-10-23,2024-11-12,20.0,No,,,OK
DC01634,PT00501,DR004,Dr. Rajan Mehta,Oncology,Anemia,80.0,2024-11-22,2024-11-23,1.0,No,,,OK
DC01635,PT00807,DR007,Dr. Deepak Sharma,Gynecology,Fracture - Femur,42.0,2024-01-05,2024-01-16,11.0,No,,,OK
DC01636,PT01600,DR006,Dr. Kavya Iyer,Pediatrics,Diabetes Type 2,43.0,2024-11-02,2024-11-20,18.0,No,,,OK
DC01637,PT00375,DR005,Dr. Sunita Kulkarni,General Medicine,Dengue Fever,64.0,2024-10-07,2024-10-27,20.0,No,,,OK
DC01638,PT00028,DR009,Dr. Meera Pillai,Cardiology,Hernia Repair,63.0,2024-10-28,2024-11-12,15.0,No,,,OK
DC01639,PT01912,DR005,Dr. Sunita Kulkarni,General Medicine,Hypertension,30.0,2024-05-31,2024-06-09,9.0,No,,,OK
DC01640,PT01383,DR002,Dr. Suresh Patil,Orthopedics,Stroke Recovery,43.0,2024-01-02,2024-01-15,13.0,No,,,OK
DC01641,PT00181,DR001,Dr. Priya Nair,Cardiology,Lung Cancer - Stage 2,83.0,2024-09-20,2024-09-21,1.0,No,,,OK
DC01642,PT00537,DR010,Dr. Rohit Verma,Orthopedics,Anemia,85.0,2024-09-05,2024-09-17,12.0,No,,,OK
DC01643,PT00615,DR010,Dr. Rohit Verma,Orthopedics,Stroke Recovery,26.0,2024-09-13,2024-09-28,15.0,No,,,OK
DC01644,PT01164,DR004,Dr. Rajan Mehta,Oncology,Chest Infection,52.0,2024-05-24,2024-06-02,9.0,No,,,OK
DC01645,PT01265,DR001,Dr. Priya Nair,Cardiology,Chest Infection,25.0,2024-08-12,2024-08-19,7.0,No,,,OK
DC01646,PT00154,DR005,Dr. Sunita Kulkarni,General Medicine,Heart Attack,84.0,2024-06-29,2024-07-14,15.0,No,,,OK
DC01647,PT00468,DR007,Dr. Deepak Sharma,Gynecology,Stroke Recovery,32.0,2024-01-25,2024-02-06,12.0,No,,,OK
DC01648,PT01265,DR010,Dr. Rohit Verma,Orthopedics,Appendicitis,76.0,2024-04-27,2024-04-30,3.0,No,,,OK
DC01649,PT01710,DR006,Dr. Kavya Iyer,Pediatrics,Appendicitis,49.0,2024-10-09,2024-10-30,21.0,No,,,OK
DC01650,PT01493,DR001,Dr. Priya Nair,Cardiology,Migraine,22.0,2024-02-28,2024-03-10,11.0,No,,,OK
DC01651,PT00878,DR003,Dr. Aarti Deshmukh,Neurology,Dengue Fever,59.0,2024-03-31,2024-04-07,7.0,No,,,OK
DC01652,PT00491,DR006,Dr. Kavya Iyer,Pediatrics,Fracture - Femur,20.0,2024-02-15,2024-02-21,6.0,No,,,OK
DC01653,PT00142,DR004,Dr. Rajan Mehta,Oncology,Asthma,18.0,2024-09-30,2024-10-14,14.0,No,,,OK
DC01654,PT01614,DR009,Dr. Meera Pillai,Cardiology,Fracture - Femur,50.0,2024-01-18,2024-01-23,5.0,No,,,OK
DC01655,PT00478,DR002,Dr. Suresh Patil,Orthopedics,Asthma,68.0,2024-01-26,2024-02-11,16.0,No,,,OK
DC01656,PT01967,DR010,Dr. Rohit Verma,Orthopedics,Appendicitis,73.0,2024-01-21,2024-02-08,18.0,No,,,OK
DC01657,PT01657,DR010,Dr. Rohit Verma,Orthopedics,Migraine,64.0,2024-04-25,2024-05-04,9.0,No,,,OK
DC01658,PT01379,DR002,Dr. Suresh Patil,Orthopedics,Hernia Repair,72.0,2024-07-04,2024-07-25,21.0,No,,,OK
DC01659,PT00036,DR002,Dr. Suresh Patil,Orthopedics,Hernia Repair,45.0,2024-05-04,2024-05-10,6.0,Yes,2024-05-19,9.0,OK
DC01660,PT00876,DR009,Dr. Meera Pillai,Cardiology,Lung Cancer - Stage 2,23.0,2024-08-13,2024-08-21,8.0,No,,,OK
DC01661,PT00059,DR004,Dr. Rajan Mehta,Oncology,Heart Attack,23.0,2024-05-19,2024-05-24,5.0,No,,,OK
DC01662,PT01528,DR001,Dr. Priya Nair,Cardiology,Lung Cancer - Stage 2,60.0,2024-03-10,2024-03-20,10.0,No,,,OK
DC01663,PT01077,DR009,Dr. Meera Pillai,Cardiology,Heart Attack,38.0,2024-04-24,2024-05-13,19.0,Yes,2024-05-18,5.0,OK
DC01664,PT01015,DR009,Dr. Meera Pillai,Cardiology,Chest Infection,47.0,2024-09-27,2024-10-12,15.0,Yes,2024-11-09,28.0,OK
DC01665,PT01919,DR008,Dr. Anil Joshi,Emergency,Appendicitis,34.0,2024-07-23,2024-08-09,17.0,No,,,OK
DC01666,PT00967,DR001,Dr. Priya Nair,Cardiology,Stroke Recovery,81.0,2024-09-15,2024-09-30,15.0,No,,,OK
DC01667,PT01360,DR006,Dr. Kavya Iyer,Pediatrics,Hypertension,39.0,2024-09-25,2024-10-12,17.0,No,,,OK
DC01668,PT01550,DR006,Dr. Kavya Iyer,Pediatrics,Migraine,38.0,2024-06-27,2024-07-06,9.0,No,,,OK
DC01669,PT01288,DR005,Dr. Sunita Kulkarni,General Medicine,Knee Replacement,52.0,2024-02-19,2024-02-21,2.0,No,,,OK
DC01670,PT01610,DR008,Dr. Anil Joshi,Emergency,Hernia Repair,51.0,2024-10-29,2024-11-19,21.0,No,,,OK
DC01671,PT01068,DR007,Dr. Deepak Sharma,Gynecology,Hernia Repair,21.0,2024-01-26,2024-02-13,18.0,No,,,OK
DC01672,PT01175,DR004,Dr. Rajan Mehta,Oncology,Asthma,64.0,2024-10-29,2024-11-16,18.0,No,,,OK
DC01673,PT00019,DR001,Dr. Priya Nair,Cardiology,Hernia Repair,79.0,2024-05-09,2024-05-15,6.0,Yes,2024-06-03,19.0,OK
DC01674,PT00688,DR005,Dr. Sunita Kulkarni,General Medicine,Heart Attack,56.0,2024-09-26,2024-10-17,21.0,No,,,OK
DC01675,PT01322,DR001,Dr. Priya Nair,Cardiology,Cataract Surgery,70.0,2024-07-06,2024-07-13,7.0,Yes,2024-07-30,17.0,OK
DC01676,PT01411,DR007,Dr. Deepak Sharma,Gynecology,Fracture - Femur,50.0,2024-09-14,2024-09-16,2.0,No,,,OK
DC01677,PT01646,DR009,Dr. Meera Pillai,Cardiology,Hypertension,57.0,2024-06-25,2024-07-16,21.0,Yes,2024-08-13,28.0,OK
DC01678,PT01935,DR005,Dr. Sunita Kulkarni,General Medicine,Dengue Fever,18.0,2024-02-25,2024-03-06,10.0,No,,,OK
DC01679,PT01038,DR010,Dr. Rohit Verma,Orthopedics,Stroke Recovery,62.0,2024-02-20,2024-02-22,2.0,No,,,OK
DC01680,PT01232,DR005,Dr. Sunita Kulkarni,General Medicine,Migraine,53.0,2024-07-13,2024-07-16,3.0,No,,,OK
DC01681,PT00213,DR008,Dr. Anil Joshi,Emergency,Cataract Surgery,57.0,2024-10-09,2024-10-24,15.0,No,,,OK
DC01682,PT00822,DR007,Dr. Deepak Sharma,Gynecology,Stroke Recovery,40.0,2024-03-07,2024-03-21,14.0,No,,,OK
DC01683,PT01923,DR006,Dr. Kavya Iyer,Pediatrics,Cataract Surgery,71.0,2024-11-22,2024-12-08,16.0,No,,,OK
DC01684,PT00801,DR008,Dr. Anil Joshi,Emergency,Cataract Surgery,21.0,2024-04-19,2024-05-03,14.0,Yes,2024-05-10,7.0,OK
DC01685,PT00341,DR005,Dr. Sunita Kulkarni,General Medicine,Chest Infection,28.0,2024-10-14,2024-10-28,14.0,No,,,OK
DC01686,PT01757,DR005,Dr. Sunita Kulkarni,General Medicine,Cataract Surgery,62.0,2024-05-15,2024-05-19,4.0,Yes,2024-06-10,22.0,OK
DC01687,PT01520,DR007,Dr. Deepak Sharma,Gynecology,Knee Replacement,25.0,2024-09-29,2024-10-18,19.0,No,,,OK
DC01688,PT01213,DR007,Dr. Deepak Sharma,Gynecology,Hypertension,46.0,2024-03-25,2024-04-01,7.0,No,,,OK
DC01689,PT00503,DR003,Dr. Aarti Deshmukh,Neurology,Cataract Surgery,34.0,2024-09-08,2024-09-14,6.0,No,,,OK
DC01690,PT01967,DR009,Dr. Meera Pillai,Cardiology,Heart Attack,72.0,2024-02-20,2024-02-24,4.0,Yes,2024-03-16,21.0,OK
DC01691,PT01734,DR008,Dr. Anil Joshi,Emergency,Diabetes Type 2,27.0,2024-09-14,2024-09-26,12.0,Yes,2024-10-20,24.0,OK
DC01692,PT00245,DR007,Dr. Deepak Sharma,Gynecology,Stroke Recovery,43.0,2024-02-29,2024-03-11,11.0,No,,,OK
DC01693,PT01849,DR008,Dr. Anil Joshi,Emergency,Anemia,29.0,2024-07-20,2024-07-24,4.0,No,,,OK
DC01694,PT01406,DR005,Dr. Sunita Kulkarni,General Medicine,Migraine,34.0,2024-05-17,2024-05-19,2.0,No,,,OK
DC01695,PT01850,DR004,Dr. Rajan Mehta,Oncology,Chest Infection,77.0,2024-10-11,2024-10-29,18.0,No,,,OK
DC01696,PT01744,DR009,Dr. Meera Pillai,Cardiology,Migraine,55.0,2024-06-10,2024-06-28,18.0,Yes,2024-07-01,3.0,OK
DC01697,PT01892,DR010,Dr. Rohit Verma,Orthopedics,Knee Replacement,67.0,2024-09-14,2024-09-30,16.0,No,,,OK
DC01698,PT01537,DR009,Dr. Meera Pillai,Cardiology,Appendicitis,84.0,2024-07-28,2024-08-15,18.0,Yes,2024-08-28,13.0,OK
DC01699,PT00267,DR005,Dr. Sunita Kulkarni,General Medicine,Hernia Repair,43.0,2024-02-14,2024-02-21,7.0,No,,,OK
DC01700,PT00621,DR001,Dr. Priya Nair,Cardiology,Anemia,56.0,2024-02-19,2024-03-10,20.0,No,,,OK
DC01701,PT00299,DR001,Dr. Priya Nair,Cardiology,Anemia,77.0,2024-05-31,2024-06-05,5.0,Yes,2024-06-27,22.0,OK
DC01702,PT00647,DR008,Dr. Anil Joshi,Emergency,Asthma,50.0,2024-09-16,2024-09-30,14.0,No,,,OK
DC01703,PT01936,DR007,Dr. Deepak Sharma,Gynecology,Diabetes Type 2,58.0,2024-03-26,2024-03-27,1.0,No,,,OK
DC01704,PT01178,DR001,Dr. Priya Nair,Cardiology,Appendicitis,72.0,2024-03-21,2024-03-31,10.0,No,,,OK
DC01705,PT01361,DR003,Dr. Aarti Deshmukh,Neurology,Hernia Repair,69.0,2024-03-18,2024-03-30,12.0,No,,,OK
DC01706,PT01717,DR010,Dr. Rohit Verma,Orthopedics,Knee Replacement,71.0,2024-01-20,2024-02-03,14.0,No,,,OK
DC01707,PT01905,DR007,Dr. Deepak Sharma,Gynecology,Migraine,42.0,2024-09-10,2024-09-12,2.0,No,,,OK
DC01708,PT01160,DR006,Dr. Kavya Iyer,Pediatrics,Heart Attack,63.0,2024-07-05,2024-07-21,16.0,No,,,OK
DC01709,PT00702,DR008,Dr. Anil Joshi,Emergency,Anemia,76.0,2024-05-10,2024-05-17,7.0,Yes,2024-05-23,6.0,OK
DC01710,PT01411,DR009,Dr. Meera Pillai,Cardiology,Chest Infection,31.0,2024-11-24,2024-12-07,13.0,No,,,OK
DC01711,PT00166,DR009,Dr. Meera Pillai,Cardiology,Anemia,82.0,2024-09-06,2024-09-17,11.0,No,,,OK
DC01712,PT01292,DR007,Dr. Deepak Sharma,Gynecology,Knee Replacement,44.0,2024-04-30,2024-05-20,20.0,No,,,OK
DC01714,PT00101,DR001,Dr. Priya Nair,Cardiology,Lung Cancer - Stage 2,55.0,2024-09-06,2024-09-09,3.0,Yes,2024-10-02,23.0,OK
DC01715,PT01212,DR001,Dr. Priya Nair,Cardiology,Migraine,74.0,2024-01-29,2024-02-05,7.0,No,,,OK
DC01716,PT01794,DR002,Dr. Suresh Patil,Orthopedics,Cataract Surgery,44.0,2024-06-03,2024-06-17,14.0,No,,,OK
DC01717,PT00601,DR003,Dr. Aarti Deshmukh,Neurology,Stroke Recovery,42.0,2024-08-29,2024-09-15,17.0,No,,,OK
DC01718,PT01483,DR005,Dr. Sunita Kulkarni,General Medicine,Fracture - Femur,36.0,2024-01-03,2024-01-06,3.0,No,,,OK
DC01719,PT01445,DR003,Dr. Aarti Deshmukh,Neurology,Dengue Fever,67.0,2024-03-06,2024-03-19,13.0,No,,,OK
DC01720,PT00193,DR004,Dr. Rajan Mehta,Oncology,Lung Cancer - Stage 2,50.0,2024-03-13,2024-03-17,4.0,No,,,OK
DC01721,PT01444,DR010,Dr. Rohit Verma,Orthopedics,Anemia,82.0,2024-07-20,2024-07-25,5.0,No,,,OK
DC01722,PT01409,DR009,Dr. Meera Pillai,Cardiology,Anemia,64.0,2024-06-17,2024-06-24,7.0,No,,,OK
DC01723,PT01380,DR007,Dr. Deepak Sharma,Gynecology,Stroke Recovery,75.0,2024-09-11,2024-09-21,10.0,No,,,OK
DC01724,PT00609,DR006,Dr. Kavya Iyer,Pediatrics,Asthma,84.0,2024-11-13,2024-11-17,4.0,No,,,OK
DC01725,PT01615,DR008,Dr. Anil Joshi,Emergency,Knee Replacement,84.0,2024-04-11,2024-04-16,5.0,Yes,2024-05-13,27.0,OK
DC01726,PT00937,DR006,Dr. Kavya Iyer,Pediatrics,Lung Cancer - Stage 2,85.0,2024-02-17,2024-02-24,7.0,No,,,OK
DC01727,PT00056,DR006,Dr. Kavya Iyer,Pediatrics,Heart Attack,59.0,2024-06-01,2024-06-17,16.0,No,,,OK
DC01728,PT00863,DR010,Dr. Rohit Verma,Orthopedics,Hypertension,38.0,2024-09-01,2024-09-03,2.0,No,,,OK
DC01729,PT01382,DR002,Dr. Suresh Patil,Orthopedics,Hypertension,78.0,2024-08-28,2024-09-01,4.0,No,,,OK
DC01730,PT00730,DR004,Dr. Rajan Mehta,Oncology,Heart Attack,18.0,2024-07-14,2024-07-15,1.0,No,,,OK
DC01731,PT00701,DR008,Dr. Anil Joshi,Emergency,Dengue Fever,81.0,2024-05-24,2024-05-29,5.0,No,,,OK
DC01732,PT01849,DR007,Dr. Deepak Sharma,Gynecology,Hernia Repair,43.0,2024-10-21,2024-11-02,12.0,No,,,OK
DC01733,PT01482,DR002,Dr. Suresh Patil,Orthopedics,Knee Replacement,58.0,2024-03-22,2024-04-04,13.0,No,,,OK
DC01734,PT00853,DR010,Dr. Rohit Verma,Orthopedics,Knee Replacement,30.0,2024-01-24,2024-01-26,2.0,No,,,OK
DC01735,PT00483,DR005,Dr. Sunita Kulkarni,General Medicine,Heart Attack,80.0,2024-01-27,2024-02-01,5.0,No,,,OK
DC01736,PT01607,DR010,Dr. Rohit Verma,Orthopedics,Fracture - Femur,51.0,2024-01-12,2024-01-26,14.0,Yes,2024-02-04,9.0,OK
DC01737,PT00803,DR008,Dr. Anil Joshi,Emergency,Anemia,46.0,2024-03-07,2024-03-21,14.0,No,,,OK
DC01738,PT00013,DR006,Dr. Kavya Iyer,Pediatrics,Heart Attack,49.0,2024-10-19,2024-11-09,21.0,No,,,OK
DC01739,PT00993,DR010,Dr. Rohit Verma,Orthopedics,Lung Cancer - Stage 2,22.0,2024-01-14,2024-01-25,11.0,No,,,OK
DC01740,PT01199,DR005,Dr. Sunita Kulkarni,General Medicine,Dengue Fever,25.0,2024-01-07,2024-01-21,14.0,No,,,OK
DC01741,PT00945,DR001,Dr. Priya Nair,Cardiology,Cataract Surgery,20.0,2024-07-16,2024-07-19,3.0,No,,,OK
DC01742,PT00995,DR002,Dr. Suresh Patil,Orthopedics,Cataract Surgery,64.0,2024-11-13,2024-12-04,21.0,No,,,OK
DC01743,PT01529,DR005,Dr. Sunita Kulkarni,General Medicine,Hypertension,85.0,2024-10-12,2024-11-01,20.0,No,,,OK
DC01744,PT01605,DR002,Dr. Suresh Patil,Orthopedics,Chest Infection,26.0,2024-05-28,2024-06-08,11.0,No,,,OK
DC01745,PT01083,DR003,Dr. Aarti Deshmukh,Neurology,Anemia,67.0,2024-09-30,2024-10-08,8.0,No,,,OK
DC01746,PT00933,DR005,Dr. Sunita Kulkarni,General Medicine,Hernia Repair,71.0,2024-02-23,2024-03-12,18.0,No,,,OK
DC01747,PT01898,DR008,Dr. Anil Joshi,Emergency,Heart Attack,30.0,2024-06-29,2024-07-15,16.0,No,,,OK
DC01748,PT01299,DR004,Dr. Rajan Mehta,Oncology,Hypertension,62.0,2024-08-12,2024-08-23,11.0,No,,,OK
DC01750,PT01270,DR004,Dr. Rajan Mehta,Oncology,Cataract Surgery,20.0,2024-03-23,2024-03-29,6.0,No,,,OK
DC01751,PT01000,DR003,Dr. Aarti Deshmukh,Neurology,Dengue Fever,71.0,2024-09-13,2024-09-21,8.0,No,,,OK
DC01753,PT01552,DR010,Dr. Rohit Verma,Orthopedics,Hernia Repair,24.0,2024-03-19,2024-04-06,18.0,No,,,OK
DC01754,PT01523,DR007,Dr. Deepak Sharma,Gynecology,Chest Infection,28.0,2024-11-24,2024-12-11,17.0,No,,,OK
DC01755,PT01323,DR003,Dr. Aarti Deshmukh,Neurology,Chest Infection,43.0,2024-08-27,2024-09-13,17.0,No,,,OK
DC01756,PT00036,DR006,Dr. Kavya Iyer,Pediatrics,Heart Attack,59.0,2024-04-22,2024-04-27,5.0,No,,,OK
DC01757,PT01309,DR002,Dr. Suresh Patil,Orthopedics,Cataract Surgery,20.0,2024-04-04,2024-04-12,8.0,No,,,OK
DC01758,PT01347,DR001,Dr. Priya Nair,Cardiology,Cataract Surgery,36.0,2024-02-09,2024-03-01,21.0,Yes,2024-03-08,7.0,OK
DC01759,PT01398,DR007,Dr. Deepak Sharma,Gynecology,Chest Infection,25.0,2024-03-06,2024-03-10,4.0,No,,,OK
DC01760,PT01860,DR001,Dr. Priya Nair,Cardiology,Heart Attack,22.0,2024-06-27,2024-06-29,2.0,No,,,OK
DC01761,PT00946,DR002,Dr. Suresh Patil,Orthopedics,Chest Infection,83.0,2024-09-15,2024-09-16,1.0,No,,,OK
DC01762,PT01715,DR006,Dr. Kavya Iyer,Pediatrics,Hypertension,39.0,2024-06-04,2024-06-08,4.0,No,,,OK
DC01763,PT00233,DR003,Dr. Aarti Deshmukh,Neurology,Cataract Surgery,60.0,2024-09-14,2024-09-29,15.0,Yes,2024-10-18,19.0,OK
DC01764,PT01160,DR001,Dr. Priya Nair,Cardiology,Dengue Fever,19.0,2024-09-05,2024-09-13,8.0,No,,,OK
DC01765,PT01010,DR002,Dr. Suresh Patil,Orthopedics,Dengue Fever,53.0,2024-02-17,2024-02-19,2.0,No,,,OK
DC01766,PT01028,DR002,Dr. Suresh Patil,Orthopedics,Migraine,70.0,2024-09-10,2024-09-21,11.0,Yes,2024-10-12,21.0,OK
DC01767,PT01105,DR004,Dr. Rajan Mehta,Oncology,Chest Infection,38.0,2024-11-01,2024-11-04,3.0,No,,,OK
DC01768,PT00617,DR008,Dr. Anil Joshi,Emergency,Dengue Fever,63.0,2024-11-12,2024-11-14,2.0,Yes,2024-11-24,10.0,OK
DC01769,PT00631,DR008,Dr. Anil Joshi,Emergency,Chest Infection,26.0,2024-01-07,2024-01-26,19.0,No,,,OK
DC01770,PT01882,DR007,Dr. Deepak Sharma,Gynecology,Cataract Surgery,65.0,2024-05-18,2024-05-20,2.0,No,,,OK
DC01771,PT00761,DR006,Dr. Kavya Iyer,Pediatrics,Fracture - Femur,78.0,2024-08-31,2024-09-03,3.0,No,,,OK
DC01772,PT01838,DR007,Dr. Deepak Sharma,Gynecology,Cataract Surgery,27.0,2024-03-08,2024-03-23,15.0,No,,,OK
DC01773,PT00584,DR003,Dr. Aarti Deshmukh,Neurology,Migraine,20.0,2024-01-17,2024-01-25,8.0,No,,,OK
DC01775,PT00957,DR009,Dr. Meera Pillai,Cardiology,Appendicitis,18.0,2024-02-29,2024-03-14,14.0,Yes,2024-04-02,19.0,OK
DC01776,PT00645,DR001,Dr. Priya Nair,Cardiology,Heart Attack,85.0,2024-08-12,2024-08-22,10.0,Yes,2024-09-03,12.0,OK
DC01777,PT00575,DR007,Dr. Deepak Sharma,Gynecology,Heart Attack,69.0,2024-11-04,2024-11-10,6.0,No,,,OK
DC01778,PT00197,DR010,Dr. Rohit Verma,Orthopedics,Heart Attack,47.0,2024-09-24,2024-09-28,4.0,No,,,OK
DC01779,PT01789,DR010,Dr. Rohit Verma,Orthopedics,Asthma,58.0,2024-06-04,2024-06-07,3.0,No,,,OK
DC01780,PT01265,DR003,Dr. Aarti Deshmukh,Neurology,Fracture - Femur,76.0,2024-08-24,2024-09-09,16.0,Yes,2024-09-23,14.0,OK
DC01781,PT00843,DR002,Dr. Suresh Patil,Orthopedics,Cataract Surgery,25.0,2024-07-19,2024-07-20,1.0,No,,,OK
DC01782,PT01868,DR008,Dr. Anil Joshi,Emergency,Anemia,78.0,2024-08-15,2024-08-18,3.0,No,,,OK
DC01783,PT01736,DR010,Dr. Rohit Verma,Orthopedics,Knee Replacement,25.0,2024-10-19,2024-10-27,8.0,No,,,OK
DC01784,PT01678,DR006,Dr. Kavya Iyer,Pediatrics,Anemia,24.0,2024-06-01,2024-06-03,2.0,No,,,OK
DC01785,PT00679,DR001,Dr. Priya Nair,Cardiology,Dengue Fever,67.0,2024-05-19,2024-06-02,14.0,No,,,OK
DC01786,PT00853,DR009,Dr. Meera Pillai,Cardiology,Dengue Fever,64.0,2024-01-14,2024-01-20,6.0,No,,,OK
DC01787,PT01538,DR010,Dr. Rohit Verma,Orthopedics,Fracture - Femur,51.0,2024-04-11,2024-04-26,15.0,Yes,2024-05-20,24.0,OK
DC01788,PT00356,DR005,Dr. Sunita Kulkarni,General Medicine,Hernia Repair,31.0,2024-03-02,2024-03-16,14.0,No,,,OK
DC01789,PT01297,DR008,Dr. Anil Joshi,Emergency,Migraine,19.0,2024-04-27,2024-04-29,2.0,Yes,2024-05-09,10.0,OK
DC01791,PT01518,DR006,Dr. Kavya Iyer,Pediatrics,Hypertension,28.0,2024-03-28,2024-04-04,7.0,No,,,OK
DC01792,PT00602,DR005,Dr. Sunita Kulkarni,General Medicine,Hernia Repair,62.0,2024-09-07,2024-09-11,4.0,No,,,OK
DC01793,PT00663,DR001,Dr. Priya Nair,Cardiology,Hypertension,83.0,2024-09-04,2024-09-13,9.0,Yes,2024-10-02,19.0,OK
DC01794,PT00168,DR003,Dr. Aarti Deshmukh,Neurology,Hypertension,58.0,2024-03-14,2024-03-18,4.0,No,,,OK
DC01795,PT01351,DR007,Dr. Deepak Sharma,Gynecology,Asthma,64.0,2024-08-29,2024-09-17,19.0,No,,,OK
DC01796,PT01550,DR009,Dr. Meera Pillai,Cardiology,Appendicitis,36.0,2024-11-03,2024-11-18,15.0,No,,,OK
DC01797,PT00502,DR007,Dr. Deepak Sharma,Gynecology,Chest Infection,51.0,2024-09-20,2024-10-05,15.0,No,,,OK
DC01798,PT01296,DR006,Dr. Kavya Iyer,Pediatrics,Diabetes Type 2,28.0,2024-02-26,2024-02-27,1.0,No,,,OK
DC01799,PT01733,DR008,Dr. Anil Joshi,Emergency,Diabetes Type 2,43.0,2024-11-12,2024-11-14,2.0,No,,,OK
DC01800,PT00839,DR006,Dr. Kavya Iyer,Pediatrics,Anemia,85.0,2024-09-16,2024-09-19,3.0,No,,,OK
DC01801,PT01709,DR007,Dr. Deepak Sharma,Gynecology,Hypertension,75.0,2024-08-03,2024-08-06,3.0,No,,,OK
DC01802,PT00924,DR006,Dr. Kavya Iyer,Pediatrics,Anemia,43.0,2024-05-15,2024-06-03,19.0,No,,,OK
DC01803,PT01713,DR007,Dr. Deepak Sharma,Gynecology,Lung Cancer - Stage 2,43.0,2024-01-30,2024-02-17,18.0,No,,,OK
DC01804,PT00375,DR009,Dr. Meera Pillai,Cardiology,Anemia,28.0,2024-06-20,2024-07-01,11.0,Yes,2024-07-18,17.0,OK
DC01805,PT00774,DR004,Dr. Rajan Mehta,Oncology,Chest Infection,18.0,2024-09-07,2024-09-26,19.0,No,,,OK
DC01806,PT01558,DR009,Dr. Meera Pillai,Cardiology,Stroke Recovery,19.0,2024-03-23,2024-03-25,2.0,No,,,OK
DC01807,PT00674,DR005,Dr. Sunita Kulkarni,General Medicine,Stroke Recovery,31.0,2024-08-15,2024-08-16,1.0,No,,,OK
DC01808,PT01076,DR010,Dr. Rohit Verma,Orthopedics,Fracture - Femur,35.0,2024-11-27,2024-12-02,5.0,No,,,OK
DC01809,PT01597,DR004,Dr. Rajan Mehta,Oncology,Lung Cancer - Stage 2,78.0,2024-09-30,2024-10-16,16.0,No,,,OK
DC01810,PT01462,DR010,Dr. Rohit Verma,Orthopedics,Anemia,51.0,2024-08-07,2024-08-12,5.0,No,,,OK
DC01812,PT01086,DR005,Dr. Sunita Kulkarni,General Medicine,Appendicitis,63.0,2024-08-04,2024-08-18,14.0,No,,,OK
DC01813,PT01304,DR010,Dr. Rohit Verma,Orthopedics,Diabetes Type 2,45.0,2024-11-26,2024-11-28,2.0,No,,,OK
DC01814,PT00614,DR006,Dr. Kavya Iyer,Pediatrics,Appendicitis,38.0,2024-09-10,2024-09-13,3.0,No,,,OK
DC01815,PT01742,DR008,Dr. Anil Joshi,Emergency,Appendicitis,27.0,2024-11-23,2024-12-03,10.0,Yes,2024-12-21,18.0,OK
DC01816,PT00279,DR002,Dr. Suresh Patil,Orthopedics,Asthma,28.0,2024-05-06,2024-05-09,3.0,No,,,OK
DC01817,PT01211,DR001,Dr. Priya Nair,Cardiology,Knee Replacement,75.0,2024-09-13,2024-09-19,6.0,No,,,OK
DC01818,PT01659,DR002,Dr. Suresh Patil,Orthopedics,Migraine,45.0,2024-11-25,2024-11-28,3.0,No,,,OK
DC01819,PT00834,DR007,Dr. Deepak Sharma,Gynecology,Anemia,54.0,2024-10-29,2024-11-08,10.0,No,,,OK
DC01820,PT00572,DR005,Dr. Sunita Kulkarni,General Medicine,Fracture - Femur,55.0,2024-04-06,2024-04-12,6.0,No,,,OK
DC01821,PT01951,DR006,Dr. Kavya Iyer,Pediatrics,Lung Cancer - Stage 2,50.0,2024-10-16,2024-10-30,14.0,No,,,OK
DC01822,PT00142,DR003,Dr. Aarti Deshmukh,Neurology,Cataract Surgery,79.0,2024-10-05,2024-10-08,3.0,No,,,OK
DC01823,PT01993,DR005,Dr. Sunita Kulkarni,General Medicine,Lung Cancer - Stage 2,42.0,2024-06-07,2024-06-13,6.0,No,,,OK
DC01824,PT00083,DR001,Dr. Priya Nair,Cardiology,Lung Cancer - Stage 2,65.0,2024-03-26,2024-04-14,19.0,No,,,OK
DC01825,PT00962,DR002,Dr. Suresh Patil,Orthopedics,Knee Replacement,74.0,2024-01-26,2024-01-28,2.0,No,,,OK
DC01826,PT00090,DR007,Dr. Deepak Sharma,Gynecology,Migraine,52.0,2024-10-14,2024-10-20,6.0,No,,,OK
DC01827,PT00803,DR008,Dr. Anil Joshi,Emergency,Chest Infection,46.0,2024-04-11,2024-04-16,5.0,No,,,OK
DC01828,PT01175,DR001,Dr. Priya Nair,Cardiology,Chest Infection,56.0,2024-09-14,2024-10-01,17.0,No,,,OK
DC01829,PT01051,DR003,Dr. Aarti Deshmukh,Neurology,Lung Cancer - Stage 2,32.0,2024-08-01,2024-08-11,10.0,Yes,2024-08-30,19.0,OK
DC01830,PT00822,DR008,Dr. Anil Joshi,Emergency,Hypertension,31.0,2024-01-10,2024-01-24,14.0,No,,,OK
DC01831,PT00489,DR009,Dr. Meera Pillai,Cardiology,Diabetes Type 2,49.0,2024-01-16,2024-01-29,13.0,No,,,OK
DC01832,PT01152,DR006,Dr. Kavya Iyer,Pediatrics,Hypertension,35.0,2024-10-14,2024-10-19,5.0,No,,,OK
DC01833,PT00799,DR005,Dr. Sunita Kulkarni,General Medicine,Dengue Fever,20.0,2024-09-16,2024-09-27,11.0,No,,,OK
DC01834,PT00126,DR001,Dr. Priya Nair,Cardiology,Diabetes Type 2,64.0,2024-08-20,2024-09-01,12.0,Yes,2024-09-22,21.0,OK
DC01835,PT00591,DR002,Dr. Suresh Patil,Orthopedics,Knee Replacement,21.0,2024-08-29,2024-09-14,16.0,No,,,OK
DC01836,PT01799,DR009,Dr. Meera Pillai,Cardiology,Fracture - Femur,48.0,2024-11-01,2024-11-06,5.0,No,,,OK
DC01837,PT00494,DR009,Dr. Meera Pillai,Cardiology,Asthma,80.0,2024-03-04,2024-03-07,3.0,Yes,2024-03-30,23.0,OK
DC01838,PT00458,DR003,Dr. Aarti Deshmukh,Neurology,Appendicitis,50.0,2024-03-25,2024-04-12,18.0,No,,,OK
DC01839,PT01961,DR004,Dr. Rajan Mehta,Oncology,Chest Infection,35.0,2024-07-12,2024-07-28,16.0,No,,,OK
DC01840,PT00353,DR003,Dr. Aarti Deshmukh,Neurology,Knee Replacement,79.0,2024-08-04,2024-08-14,10.0,No,,,OK
DC01841,PT01530,DR004,Dr. Rajan Mehta,Oncology,Knee Replacement,23.0,2024-11-19,2024-12-02,13.0,No,,,OK
DC01842,PT00308,DR008,Dr. Anil Joshi,Emergency,Chest Infection,81.0,2024-07-11,2024-07-15,4.0,No,,,OK
DC01843,PT00626,DR005,Dr. Sunita Kulkarni,General Medicine,Asthma,46.0,2024-02-06,2024-02-21,15.0,Yes,2024-03-21,29.0,OK
DC01844,PT01497,DR009,Dr. Meera Pillai,Cardiology,Migraine,36.0,2024-02-12,2024-03-02,19.0,No,,,OK
DC01845,PT01664,DR003,Dr. Aarti Deshmukh,Neurology,Dengue Fever,63.0,2024-08-11,2024-08-19,8.0,No,,,OK
DC01846,PT01041,DR004,Dr. Rajan Mehta,Oncology,Knee Replacement,46.0,2024-01-16,2024-02-05,20.0,No,,,OK
DC01847,PT00055,DR010,Dr. Rohit Verma,Orthopedics,Knee Replacement,70.0,2024-11-08,2024-11-16,8.0,No,,,OK
DC01848,PT00716,DR006,Dr. Kavya Iyer,Pediatrics,Lung Cancer - Stage 2,54.0,2024-10-31,2024-11-10,10.0,No,,,OK
DC01849,PT01323,DR008,Dr. Anil Joshi,Emergency,Cataract Surgery,36.0,2024-04-23,2024-05-09,16.0,No,,,OK
DC01850,PT01641,DR005,Dr. Sunita Kulkarni,General Medicine,Anemia,80.0,2024-04-19,2024-04-26,7.0,No,,,OK
DC01851,PT01740,DR004,Dr. Rajan Mehta,Oncology,Fracture - Femur,29.0,2024-10-04,2024-10-15,11.0,No,,,OK
DC01852,PT01772,DR007,Dr. Deepak Sharma,Gynecology,Chest Infection,36.0,2024-04-20,2024-04-24,4.0,No,,,OK
DC01853,PT01521,DR010,Dr. Rohit Verma,Orthopedics,Appendicitis,74.0,2024-08-15,2024-08-27,12.0,Yes,2024-09-14,18.0,OK
DC01854,PT01275,DR002,Dr. Suresh Patil,Orthopedics,Asthma,47.0,2024-10-03,2024-10-11,8.0,No,,,OK
DC01855,PT01295,DR006,Dr. Kavya Iyer,Pediatrics,Chest Infection,44.0,2024-01-09,2024-01-13,4.0,No,,,OK
DC01856,PT01448,DR004,Dr. Rajan Mehta,Oncology,Heart Attack,27.0,2024-05-13,2024-05-16,3.0,No,,,OK
DC01857,PT01915,DR003,Dr. Aarti Deshmukh,Neurology,Knee Replacement,76.0,2024-01-17,2024-01-20,3.0,No,,,OK
DC01858,PT01292,DR007,Dr. Deepak Sharma,Gynecology,Migraine,68.0,2024-01-21,2024-02-03,13.0,No,,,OK
DC01859,PT00848,DR007,Dr. Deepak Sharma,Gynecology,Stroke Recovery,20.0,2024-01-01,2024-01-17,16.0,No,,,OK
DC01860,PT01106,DR007,Dr. Deepak Sharma,Gynecology,Migraine,83.0,2024-04-26,2024-05-16,20.0,No,,,OK
DC01861,PT01180,DR003,Dr. Aarti Deshmukh,Neurology,Dengue Fever,28.0,2024-10-18,2024-10-29,11.0,Yes,2024-11-01,3.0,OK
DC01862,PT01331,DR004,Dr. Rajan Mehta,Oncology,Anemia,19.0,2024-04-07,2024-04-18,11.0,No,,,OK
DC01863,PT00264,DR010,Dr. Rohit Verma,Orthopedics,Heart Attack,55.0,2024-07-17,2024-08-06,20.0,No,,,OK
DC01864,PT00258,DR001,Dr. Priya Nair,Cardiology,Heart Attack,19.0,2024-02-11,2024-02-19,8.0,No,,,OK
DC01865,PT00486,DR010,Dr. Rohit Verma,Orthopedics,Heart Attack,27.0,2024-07-19,2024-08-08,20.0,No,,,OK
DC01866,PT01398,DR002,Dr. Suresh Patil,Orthopedics,Diabetes Type 2,67.0,2024-06-22,2024-06-25,3.0,No,,,OK
DC01867,PT00846,DR006,Dr. Kavya Iyer,Pediatrics,Dengue Fever,71.0,2024-03-16,2024-03-23,7.0,No,,,OK
DC01868,PT00886,DR010,Dr. Rohit Verma,Orthopedics,Hypertension,19.0,2024-01-27,2024-02-13,17.0,Yes,2024-03-01,17.0,OK
DC01869,PT01522,DR001,Dr. Priya Nair,Cardiology,Hernia Repair,57.0,2024-09-27,2024-10-14,17.0,No,,,OK
DC01870,PT01422,DR005,Dr. Sunita Kulkarni,General Medicine,Dengue Fever,33.0,2024-08-23,2024-08-31,8.0,No,,,OK
DC01872,PT01508,DR005,Dr. Sunita Kulkarni,General Medicine,Knee Replacement,48.0,2024-09-14,2024-09-19,5.0,No,,,OK
DC01873,PT01360,DR010,Dr. Rohit Verma,Orthopedics,Cataract Surgery,44.0,2024-09-08,2024-09-13,5.0,No,,,OK
DC01874,PT01311,DR002,Dr. Suresh Patil,Orthopedics,Hypertension,30.0,2024-02-19,2024-03-02,12.0,Yes,2024-03-18,16.0,OK
DC01875,PT01655,DR009,Dr. Meera Pillai,Cardiology,Lung Cancer - Stage 2,21.0,2024-10-15,2024-10-31,16.0,No,,,OK
DC01876,PT00897,DR008,Dr. Anil Joshi,Emergency,Hernia Repair,48.0,2024-07-26,2024-08-09,14.0,Yes,2024-08-13,4.0,OK
DC01877,PT00158,DR010,Dr. Rohit Verma,Orthopedics,Heart Attack,35.0,2024-11-19,2024-11-28,9.0,No,,,OK
DC01878,PT00337,DR008,Dr. Anil Joshi,Emergency,Diabetes Type 2,40.0,2024-05-12,2024-05-28,16.0,No,,,OK
DC01879,PT00313,DR004,Dr. Rajan Mehta,Oncology,Stroke Recovery,65.0,2024-03-06,2024-03-21,15.0,Yes,2024-04-14,24.0,OK
DC01880,PT00532,DR009,Dr. Meera Pillai,Cardiology,Stroke Recovery,54.0,2024-02-12,2024-02-28,16.0,No,,,OK
DC01881,PT01636,DR002,Dr. Suresh Patil,Orthopedics,Appendicitis,83.0,2024-02-11,2024-02-25,14.0,No,,,OK
DC01882,PT01508,DR001,Dr. Priya Nair,Cardiology,Cataract Surgery,77.0,2024-09-05,2024-09-12,7.0,Yes,2024-10-11,29.0,OK
DC01883,PT00536,DR009,Dr. Meera Pillai,Cardiology,Stroke Recovery,33.0,2024-07-25,2024-08-01,7.0,No,,,OK
DC01884,PT01259,DR009,Dr. Meera Pillai,Cardiology,Anemia,36.0,2024-02-22,2024-02-23,1.0,No,,,OK
DC01885,PT01378,DR004,Dr. Rajan Mehta,Oncology,Cataract Surgery,85.0,2024-04-28,2024-05-09,11.0,No,,,OK
DC01886,PT00269,DR004,Dr. Rajan Mehta,Oncology,Hernia Repair,36.0,2024-05-29,2024-06-03,5.0,No,,,OK
DC01887,PT01952,DR003,Dr. Aarti Deshmukh,Neurology,Stroke Recovery,66.0,2024-01-03,2024-01-15,12.0,No,,,OK
DC01888,PT00026,DR007,Dr. Deepak Sharma,Gynecology,Diabetes Type 2,37.0,2024-11-19,2024-12-10,21.0,No,,,OK
DC01889,PT00256,DR001,Dr. Priya Nair,Cardiology,Anemia,83.0,2024-06-08,2024-06-16,8.0,No,,,OK
DC01891,PT01692,DR007,Dr. Deepak Sharma,Gynecology,Asthma,55.0,2024-10-11,2024-10-27,16.0,No,,,OK
DC01892,PT01694,DR007,Dr. Deepak Sharma,Gynecology,Asthma,36.0,2024-08-06,2024-08-10,4.0,No,,,OK
DC01893,PT01316,DR009,Dr. Meera Pillai,Cardiology,Chest Infection,66.0,2024-10-26,2024-11-10,15.0,No,,,OK
DC01894,PT00753,DR010,Dr. Rohit Verma,Orthopedics,Asthma,41.0,2024-11-22,2024-11-24,2.0,No,,,OK
DC01895,PT00610,DR007,Dr. Deepak Sharma,Gynecology,Dengue Fever,41.0,2024-05-22,2024-06-09,18.0,No,,,OK
DC01896,PT00604,DR005,Dr. Sunita Kulkarni,General Medicine,Migraine,39.0,2024-08-19,2024-09-06,18.0,Yes,2024-09-12,6.0,OK
DC01897,PT00742,DR003,Dr. Aarti Deshmukh,Neurology,Heart Attack,48.0,2024-09-24,2024-09-27,3.0,No,,,OK
DC01898,PT01943,DR005,Dr. Sunita Kulkarni,General Medicine,Appendicitis,58.0,2024-07-06,2024-07-14,8.0,No,,,OK
DC01899,PT01659,DR008,Dr. Anil Joshi,Emergency,Knee Replacement,76.0,2024-07-12,2024-07-28,16.0,No,,,OK
DC01900,PT00298,DR001,Dr. Priya Nair,Cardiology,Stroke Recovery,42.0,2024-01-20,2024-01-29,9.0,Yes,2024-02-26,28.0,OK
DC01901,PT00058,DR002,Dr. Suresh Patil,Orthopedics,Knee Replacement,42.0,2024-02-15,2024-02-27,12.0,No,,,OK
DC01902,PT01254,DR006,Dr. Kavya Iyer,Pediatrics,Chest Infection,72.0,2024-06-22,2024-06-23,1.0,No,,,OK
DC01903,PT00410,DR002,Dr. Suresh Patil,Orthopedics,Dengue Fever,54.0,2024-09-30,2024-10-12,12.0,No,,,OK
DC01904,PT01496,DR007,Dr. Deepak Sharma,Gynecology,Lung Cancer - Stage 2,22.0,2024-08-09,2024-08-14,5.0,No,,,OK
DC01905,PT00818,DR006,Dr. Kavya Iyer,Pediatrics,Diabetes Type 2,58.0,2024-03-08,2024-03-21,13.0,No,,,OK
DC01906,PT00077,DR005,Dr. Sunita Kulkarni,General Medicine,Knee Replacement,56.0,2024-11-28,2024-12-01,3.0,No,,,OK
DC01907,PT01642,DR009,Dr. Meera Pillai,Cardiology,Fracture - Femur,18.0,2024-01-31,2024-02-01,1.0,No,,,OK
DC01908,PT01305,DR010,Dr. Rohit Verma,Orthopedics,Stroke Recovery,78.0,2024-06-23,2024-07-14,21.0,No,,,OK
DC01909,PT00382,DR004,Dr. Rajan Mehta,Oncology,Cataract Surgery,42.0,2024-06-14,2024-06-24,10.0,No,,,OK
DC01910,PT00317,DR001,Dr. Priya Nair,Cardiology,Stroke Recovery,25.0,2024-09-09,2024-09-23,14.0,Yes,2024-10-21,28.0,OK
DC01911,PT00963,DR004,Dr. Rajan Mehta,Oncology,Cataract Surgery,23.0,2024-07-21,2024-08-04,14.0,No,,,OK
DC01912,PT00034,DR008,Dr. Anil Joshi,Emergency,Heart Attack,52.0,2024-11-06,2024-11-07,1.0,No,,,OK
DC01913,PT01212,DR004,Dr. Rajan Mehta,Oncology,Heart Attack,53.0,2024-02-03,2024-02-22,19.0,No,,,OK
DC01914,PT01245,DR002,Dr. Suresh Patil,Orthopedics,Asthma,28.0,2024-11-29,2024-12-12,13.0,No,,,OK
DC01915,PT01432,DR009,Dr. Meera Pillai,Cardiology,Cataract Surgery,40.0,2024-03-18,2024-04-01,14.0,Yes,2024-04-14,13.0,OK
DC01916,PT01805,DR002,Dr. Suresh Patil,Orthopedics,Dengue Fever,23.0,2024-05-13,2024-05-25,12.0,No,,,OK
DC01917,PT00476,DR007,Dr. Deepak Sharma,Gynecology,Stroke Recovery,29.0,2024-05-16,2024-05-17,1.0,No,,,OK
DC01918,PT01159,DR004,Dr. Rajan Mehta,Oncology,Diabetes Type 2,49.0,2024-05-05,2024-05-12,7.0,No,,,OK
DC01919,PT00064,DR005,Dr. Sunita Kulkarni,General Medicine,Asthma,40.0,2024-04-22,2024-04-29,7.0,No,,,OK
DC01920,PT01605,DR009,Dr. Meera Pillai,Cardiology,Diabetes Type 2,52.0,2024-07-26,2024-08-05,10.0,No,,,OK
DC01921,PT01033,DR007,Dr. Deepak Sharma,Gynecology,Anemia,31.0,2024-02-28,2024-03-10,11.0,No,,,OK
DC01922,PT00997,DR010,Dr. Rohit Verma,Orthopedics,Lung Cancer - Stage 2,74.0,2024-10-19,2024-10-23,4.0,No,,,OK
DC01923,PT00034,DR009,Dr. Meera Pillai,Cardiology,Diabetes Type 2,74.0,2024-03-12,2024-03-24,12.0,No,,,OK
DC01924,PT01479,DR003,Dr. Aarti Deshmukh,Neurology,Knee Replacement,74.0,2024-05-15,2024-06-02,18.0,Yes,2024-06-20,18.0,OK
DC01925,PT00804,DR006,Dr. Kavya Iyer,Pediatrics,Hypertension,41.0,2024-01-10,2024-01-11,1.0,No,,,OK
DC01926,PT01881,DR007,Dr. Deepak Sharma,Gynecology,Lung Cancer - Stage 2,18.0,2024-11-26,2024-12-11,15.0,No,,,OK
DC01927,PT00827,DR006,Dr. Kavya Iyer,Pediatrics,Appendicitis,57.0,2024-02-05,2024-02-10,5.0,No,,,OK
DC01928,PT00132,DR003,Dr. Aarti Deshmukh,Neurology,Hernia Repair,72.0,2024-07-09,2024-07-12,3.0,No,,,OK
DC01929,PT00359,DR007,Dr. Deepak Sharma,Gynecology,Cataract Surgery,40.0,2024-02-25,2024-03-05,9.0,No,,,OK
DC01930,PT01023,DR005,Dr. Sunita Kulkarni,General Medicine,Appendicitis,84.0,2024-10-27,2024-11-12,16.0,No,,,OK
DC01931,PT01244,DR005,Dr. Sunita Kulkarni,General Medicine,Cataract Surgery,53.0,2024-10-03,2024-10-04,1.0,No,,,OK
DC01932,PT01969,DR001,Dr. Priya Nair,Cardiology,Hernia Repair,35.0,2024-01-22,2024-02-12,21.0,No,,,OK
DC01933,PT00915,DR002,Dr. Suresh Patil,Orthopedics,Lung Cancer - Stage 2,35.0,2024-03-04,2024-03-08,4.0,No,,,OK
DC01934,PT01070,DR009,Dr. Meera Pillai,Cardiology,Cataract Surgery,26.0,2024-09-14,2024-09-24,10.0,No,,,OK
DC01935,PT01898,DR003,Dr. Aarti Deshmukh,Neurology,Appendicitis,29.0,2024-11-18,2024-11-25,7.0,No,,,OK
DC01936,PT00057,DR008,Dr. Anil Joshi,Emergency,Anemia,38.0,2024-02-05,2024-02-22,17.0,No,,,OK
DC01937,PT01208,DR004,Dr. Rajan Mehta,Oncology,Anemia,35.0,2024-06-24,2024-06-30,6.0,No,,,OK
DC01938,PT01915,DR003,Dr. Aarti Deshmukh,Neurology,Hernia Repair,28.0,2024-04-25,2024-04-28,3.0,No,,,OK
DC01939,PT01417,DR008,Dr. Anil Joshi,Emergency,Asthma,83.0,2024-01-05,2024-01-14,9.0,No,,,OK
DC01940,PT01911,DR003,Dr. Aarti Deshmukh,Neurology,Hypertension,58.0,2024-07-12,2024-07-14,2.0,No,,,OK
DC01941,PT01552,DR003,Dr. Aarti Deshmukh,Neurology,Cataract Surgery,62.0,2024-09-20,2024-09-29,9.0,No,,,OK
DC01942,PT01554,DR010,Dr. Rohit Verma,Orthopedics,Stroke Recovery,84.0,2024-10-01,2024-10-16,15.0,No,,,OK
DC01943,PT01172,DR002,Dr. Suresh Patil,Orthopedics,Lung Cancer - Stage 2,71.0,2024-09-27,2024-10-12,15.0,No,,,OK
DC01944,PT01198,DR003,Dr. Aarti Deshmukh,Neurology,Hypertension,80.0,2024-02-21,2024-03-10,18.0,Yes,2024-04-06,27.0,OK
DC01945,PT01115,DR004,Dr. Rajan Mehta,Oncology,Knee Replacement,52.0,2024-10-19,2024-10-24,5.0,Yes,2024-10-30,6.0,OK
DC01946,PT00180,DR007,Dr. Deepak Sharma,Gynecology,Anemia,48.0,2024-01-18,2024-02-02,15.0,No,,,OK
DC01947,PT01809,DR006,Dr. Kavya Iyer,Pediatrics,Asthma,22.0,2024-11-26,2024-12-17,21.0,No,,,OK
DC01948,PT01272,DR001,Dr. Priya Nair,Cardiology,Appendicitis,25.0,2024-08-02,2024-08-14,12.0,No,,,OK
DC01949,PT01998,DR001,Dr. Priya Nair,Cardiology,Hypertension,81.0,2024-03-17,2024-03-31,14.0,Yes,2024-04-05,5.0,OK
DC01950,PT00480,DR010,Dr. Rohit Verma,Orthopedics,Hernia Repair,51.0,2024-10-16,2024-10-27,11.0,No,,,OK
DC01951,PT00877,DR002,Dr. Suresh Patil,Orthopedics,Hernia Repair,70.0,2024-02-07,2024-02-25,18.0,No,,,OK
DC01952,PT00353,DR002,Dr. Suresh Patil,Orthopedics,Anemia,41.0,2024-07-08,2024-07-27,19.0,No,,,OK
DC01953,PT01385,DR005,Dr. Sunita Kulkarni,General Medicine,Dengue Fever,52.0,2024-03-15,2024-03-21,6.0,No,,,OK
DC01954,PT00209,DR007,Dr. Deepak Sharma,Gynecology,Hernia Repair,32.0,2024-07-29,2024-08-02,4.0,No,,,OK
DC01955,PT00042,DR010,Dr. Rohit Verma,Orthopedics,Knee Replacement,47.0,2024-01-31,2024-02-16,16.0,No,,,OK
DC01956,PT01369,DR008,Dr. Anil Joshi,Emergency,Cataract Surgery,61.0,2024-02-29,2024-03-20,20.0,No,,,OK
DC01957,PT00544,DR002,Dr. Suresh Patil,Orthopedics,Asthma,71.0,2024-04-27,2024-05-15,18.0,No,,,OK
DC01958,PT01390,DR004,Dr. Rajan Mehta,Oncology,Asthma,80.0,2024-09-01,2024-09-06,5.0,No,,,OK
DC01959,PT01931,DR004,Dr. Rajan Mehta,Oncology,Chest Infection,33.0,2024-11-09,2024-11-17,8.0,No,,,OK
DC01960,PT00096,DR001,Dr. Priya Nair,Cardiology,Dengue Fever,31.0,2024-11-02,2024-11-22,20.0,Yes,2024-12-13,21.0,OK
DC01961,PT01071,DR007,Dr. Deepak Sharma,Gynecology,Diabetes Type 2,30.0,2024-04-21,2024-04-24,3.0,Yes,2024-05-07,13.0,OK
DC01962,PT01409,DR002,Dr. Suresh Patil,Orthopedics,Hypertension,39.0,2024-10-29,2024-11-01,3.0,Yes,2024-11-25,24.0,OK
DC01963,PT00471,DR009,Dr. Meera Pillai,Cardiology,Fracture - Femur,66.0,2024-11-07,2024-11-19,12.0,Yes,2024-12-13,24.0,OK
DC01964,PT01765,DR007,Dr. Deepak Sharma,Gynecology,Anemia,71.0,2024-02-28,2024-03-19,20.0,No,,,OK
DC01965,PT00097,DR001,Dr. Priya Nair,Cardiology,Stroke Recovery,68.0,2024-08-15,2024-08-23,8.0,Yes,2024-09-19,27.0,OK
DC01966,PT01910,DR001,Dr. Priya Nair,Cardiology,Anemia,26.0,2024-02-05,2024-02-16,11.0,No,,,OK
DC01967,PT01616,DR008,Dr. Anil Joshi,Emergency,Fracture - Femur,45.0,2024-10-03,2024-10-11,8.0,No,,,OK
DC01968,PT01716,DR005,Dr. Sunita Kulkarni,General Medicine,Appendicitis,64.0,2024-05-15,2024-05-27,12.0,No,,,OK
DC01969,PT01913,DR003,Dr. Aarti Deshmukh,Neurology,Appendicitis,74.0,2024-08-07,2024-08-25,18.0,No,,,OK
DC01970,PT00146,DR005,Dr. Sunita Kulkarni,General Medicine,Anemia,40.0,2024-10-31,2024-11-03,3.0,No,,,OK
DC01971,PT00707,DR004,Dr. Rajan Mehta,Oncology,Migraine,50.0,2024-11-07,2024-11-23,16.0,No,,,OK
DC01972,PT01807,DR006,Dr. Kavya Iyer,Pediatrics,Anemia,71.0,2024-11-27,2024-12-11,14.0,No,,,OK
DC01973,PT00911,DR003,Dr. Aarti Deshmukh,Neurology,Chest Infection,39.0,2024-05-11,2024-05-22,11.0,No,,,OK
DC01974,PT00306,DR005,Dr. Sunita Kulkarni,General Medicine,Hypertension,22.0,2024-03-11,2024-03-18,7.0,No,,,OK
DC01975,PT00280,DR003,Dr. Aarti Deshmukh,Neurology,Cataract Surgery,42.0,2024-10-24,2024-11-03,10.0,No,,,OK
DC01976,PT00075,DR002,Dr. Suresh Patil,Orthopedics,Hypertension,56.0,2024-03-17,2024-03-25,8.0,No,,,OK
DC01977,PT00127,DR010,Dr. Rohit Verma,Orthopedics,Lung Cancer - Stage 2,74.0,2024-01-21,2024-01-25,4.0,No,,,OK
DC01979,PT01466,DR007,Dr. Deepak Sharma,Gynecology,Cataract Surgery,40.0,2024-08-19,2024-08-20,1.0,No,,,OK
DC01980,PT01768,DR010,Dr. Rohit Verma,Orthopedics,Stroke Recovery,75.0,2024-06-01,2024-06-16,15.0,No,,,OK
DC01981,PT01874,DR007,Dr. Deepak Sharma,Gynecology,Fracture - Femur,18.0,2024-11-06,2024-11-13,7.0,No,,,OK
DC01982,PT01836,DR008,Dr. Anil Joshi,Emergency,Hernia Repair,27.0,2024-10-10,2024-10-16,6.0,No,,,OK
DC01983,PT01609,DR001,Dr. Priya Nair,Cardiology,Heart Attack,83.0,2024-01-29,2024-02-11,13.0,No,,,OK
DC01984,PT01024,DR004,Dr. Rajan Mehta,Oncology,Lung Cancer - Stage 2,67.0,2024-07-06,2024-07-21,15.0,No,,,OK
DC01985,PT00396,DR002,Dr. Suresh Patil,Orthopedics,Diabetes Type 2,64.0,2024-02-13,2024-02-20,7.0,No,,,OK
DC01986,PT00562,DR006,Dr. Kavya Iyer,Pediatrics,Appendicitis,46.0,2024-05-28,2024-06-07,10.0,No,,,OK
DC01987,PT00766,DR007,Dr. Deepak Sharma,Gynecology,Diabetes Type 2,82.0,2024-04-13,2024-04-27,14.0,No,,,OK
DC01988,PT01276,DR001,Dr. Priya Nair,Cardiology,Heart Attack,18.0,2024-05-29,2024-06-12,14.0,No,,,OK
DC01989,PT00906,DR005,Dr. Sunita Kulkarni,General Medicine,Hypertension,54.0,2024-08-28,2024-09-02,5.0,No,,,OK
DC01990,PT01466,DR002,Dr. Suresh Patil,Orthopedics,Anemia,79.0,2024-09-01,2024-09-21,20.0,No,,,OK
DC01991,PT01108,DR005,Dr. Sunita Kulkarni,General Medicine,Anemia,38.0,2024-02-11,2024-02-22,11.0,No,,,OK
DC01992,PT00333,DR008,Dr. Anil Joshi,Emergency,Chest Infection,44.0,2024-01-08,2024-01-23,15.0,No,,,OK
DC01993,PT00384,DR001,Dr. Priya Nair,Cardiology,Lung Cancer - Stage 2,49.0,2024-01-30,2024-02-12,13.0,No,,,OK
DC01994,PT01038,DR002,Dr. Suresh Patil,Orthopedics,Asthma,28.0,2024-10-24,2024-11-08,15.0,No,,,OK
DC01995,PT00862,DR007,Dr. Deepak Sharma,Gynecology,Diabetes Type 2,76.0,2024-11-02,2024-11-15,13.0,No,,,OK
DC01996,PT01612,DR010,Dr. Rohit Verma,Orthopedics,Fracture - Femur,66.0,2024-09-25,2024-09-28,3.0,No,,,OK
DC01997,PT00888,DR009,Dr. Meera Pillai,Cardiology,Knee Replacement,81.0,2024-07-27,2024-08-08,12.0,Yes,2024-08-25,17.0,OK
DC01998,PT00228,DR003,Dr. Aarti Deshmukh,Neurology,Fracture - Femur,28.0,2024-02-07,2024-02-12,5.0,No,,,OK
DC01999,PT01333,DR001,Dr. Priya Nair,Cardiology,Dengue Fever,76.0,2024-07-25,2024-07-30,5.0,Yes,2024-08-27,28.0,OK
DC02000,PT01163,DR010,Dr. Rohit Verma,Orthopedics,Knee Replacement,36.0,2024-10-10,2024-10-19,9.0,No,,,OK
DC02001,PT01025,DR005,Dr. Sunita Kulkarni,General Medicine,Hypertension,62.0,2024-06-14,2024-06-24,10.0,No,,,OK
DC02002,PT00260,DR007,Dr. Deepak Sharma,Gynecology,Anemia,78.0,2024-08-31,2024-09-08,8.0,Yes,2024-09-19,11.0,OK
DC02003,PT01029,DR008,Dr. Anil Joshi,Emergency,Fracture - Femur,85.0,2024-02-21,2024-03-04,12.0,No,,,OK
DC02004,PT01938,DR008,Dr. Anil Joshi,Emergency,Anemia,63.0,2024-02-20,2024-02-25,5.0,No,,,OK
DC02005,PT01153,DR002,Dr. Suresh Patil,Orthopedics,Dengue Fever,45.0,2024-09-08,2024-09-27,19.0,No,,,OK
DC02006,PT00648,DR002,Dr. Suresh Patil,Orthopedics,Diabetes Type 2,26.0,2024-03-09,2024-03-22,13.0,No,,,OK
DC02007,PT01458,DR003,Dr. Aarti Deshmukh,Neurology,Fracture - Femur,66.0,2024-09-06,2024-09-17,11.0,No,,,OK
DC02008,PT01440,DR004,Dr. Rajan Mehta,Oncology,Fracture - Femur,77.0,2024-08-07,2024-08-28,21.0,No,,,OK
DC02009,PT00629,DR003,Dr. Aarti Deshmukh,Neurology,Appendicitis,74.0,2024-07-31,2024-08-15,15.0,No,,,OK
DC02010,PT00697,DR003,Dr. Aarti Deshmukh,Neurology,Fracture - Femur,48.0,2024-11-10,2024-11-19,9.0,No,,,OK
DC02011,PT01843,DR007,Dr. Deepak Sharma,Gynecology,Knee Replacement,73.0,2024-09-05,2024-09-18,13.0,No,,,OK
DC02012,PT00890,DR001,Dr. Priya Nair,Cardiology,Asthma,50.0,2024-06-10,2024-06-23,13.0,No,,,OK
DC02013,PT00823,DR007,Dr. Deepak Sharma,Gynecology,Cataract Surgery,81.0,2024-01-23,2024-01-28,5.0,No,,,OK
DC02014,PT00727,DR007,Dr. Deepak Sharma,Gynecology,Hypertension,24.0,2024-11-03,2024-11-22,19.0,No,,,OK
DC02016,PT00418,DR007,Dr. Deepak Sharma,Gynecology,Hernia Repair,73.0,2024-04-21,2024-04-26,5.0,No,,,OK
DC02017,PT01512,DR005,Dr. Sunita Kulkarni,General Medicine,Stroke Recovery,71.0,2024-03-19,2024-03-25,6.0,Yes,2024-04-02,8.0,OK
DC02018,PT01437,DR003,Dr. Aarti Deshmukh,Neurology,Lung Cancer - Stage 2,84.0,2024-01-29,2024-02-11,13.0,No,,,OK
DC02019,PT00531,DR006,Dr. Kavya Iyer,Pediatrics,Anemia,36.0,2024-09-04,2024-09-06,2.0,No,,,OK
DC02020,PT01536,DR006,Dr. Kavya Iyer,Pediatrics,Appendicitis,20.0,2024-06-05,2024-06-07,2.0,No,,,OK
DC02021,PT01015,DR010,Dr. Rohit Verma,Orthopedics,Chest Infection,20.0,2024-03-08,2024-03-18,10.0,No,,,OK
DC02022,PT01548,DR006,Dr. Kavya Iyer,Pediatrics,Cataract Surgery,60.0,2024-01-09,2024-01-24,15.0,No,,,OK
DC02023,PT00508,DR010,Dr. Rohit Verma,Orthopedics,Knee Replacement,33.0,2024-02-19,2024-02-29,10.0,No,,,OK
DC02024,PT00127,DR005,Dr. Sunita Kulkarni,General Medicine,Migraine,64.0,2024-04-10,2024-04-23,13.0,No,,,OK
DC02025,PT01928,DR007,Dr. Deepak Sharma,Gynecology,Hypertension,40.0,2024-01-26,2024-02-16,21.0,No,,,OK
DC02026,PT01862,DR007,Dr. Deepak Sharma,Gynecology,Fracture - Femur,38.0,2024-11-01,2024-11-21,20.0,No,,,OK
DC02027,PT01470,DR002,Dr. Suresh Patil,Orthopedics,Cataract Surgery,26.0,2024-08-25,2024-09-12,18.0,No,,,OK
DC02028,PT01444,DR007,Dr. Deepak Sharma,Gynecology,Chest Infection,66.0,2024-11-28,2024-12-16,18.0,No,,,OK
DC02029,PT01689,DR002,Dr. Suresh Patil,Orthopedics,Heart Attack,46.0,2024-02-09,2024-02-28,19.0,No,,,OK
DC02030,PT00564,DR002,Dr. Suresh Patil,Orthopedics,Knee Replacement,78.0,2024-03-29,2024-04-15,17.0,No,,,OK
DC02031,PT00972,DR002,Dr. Suresh Patil,Orthopedics,Anemia,55.0,2024-07-17,2024-08-05,19.0,No,,,OK
DC02032,PT01106,DR001,Dr. Priya Nair,Cardiology,Anemia,84.0,2024-07-27,2024-08-01,5.0,No,,,OK
DC02033,PT01300,DR008,Dr. Anil Joshi,Emergency,Diabetes Type 2,77.0,2024-05-24,2024-05-30,6.0,Yes,2024-06-08,9.0,OK
DC02034,PT01904,DR002,Dr. Suresh Patil,Orthopedics,Knee Replacement,60.0,2024-06-20,2024-07-11,21.0,No,,,OK
DC02035,PT00591,DR002,Dr. Suresh Patil,Orthopedics,Knee Replacement,69.0,2024-08-05,2024-08-19,14.0,No,,,OK
DC02036,PT00669,DR007,Dr. Deepak Sharma,Gynecology,Appendicitis,18.0,2024-01-23,2024-02-12,20.0,No,,,OK
DC02037,PT00144,DR002,Dr. Suresh Patil,Orthopedics,Heart Attack,34.0,2024-03-01,2024-03-22,21.0,Yes,2024-04-05,14.0,OK
DC02038,PT01765,DR006,Dr. Kavya Iyer,Pediatrics,Chest Infection,77.0,2024-05-10,2024-05-15,5.0,No,,,OK
DC02039,PT00560,DR002,Dr. Suresh Patil,Orthopedics,Cataract Surgery,63.0,2024-01-27,2024-02-06,10.0,No,,,OK
DC02040,PT00885,DR009,Dr. Meera Pillai,Cardiology,Anemia,21.0,2024-01-11,2024-01-31,20.0,No,,,OK
DC02041,PT00780,DR001,Dr. Priya Nair,Cardiology,Chest Infection,65.0,2024-02-25,2024-03-13,17.0,No,,,OK
DC02042,PT01776,DR004,Dr. Rajan Mehta,Oncology,Fracture - Femur,31.0,2024-03-15,2024-04-02,18.0,Yes,2024-04-10,8.0,OK
DC02043,PT00832,DR004,Dr. Rajan Mehta,Oncology,Appendicitis,22.0,2024-08-04,2024-08-21,17.0,No,,,OK
DC02044,PT01547,DR010,Dr. Rohit Verma,Orthopedics,Heart Attack,75.0,2024-11-20,2024-12-10,20.0,No,,,OK
DC02045,PT01792,DR008,Dr. Anil Joshi,Emergency,Hypertension,70.0,2024-01-30,2024-02-11,12.0,Yes,2024-03-07,25.0,OK
DC02046,PT01601,DR003,Dr. Aarti Deshmukh,Neurology,Dengue Fever,29.0,2024-11-24,2024-11-26,2.0,No,,,OK
DC02047,PT00842,DR003,Dr. Aarti Deshmukh,Neurology,Dengue Fever,59.0,2024-05-06,2024-05-25,19.0,No,,,OK
DC02048,PT00783,DR002,Dr. Suresh Patil,Orthopedics,Chest Infection,18.0,2024-02-22,2024-02-23,1.0,No,,,OK
DC02049,PT00304,DR002,Dr. Suresh Patil,Orthopedics,Migraine,71.0,2024-03-17,2024-03-18,1.0,No,,,OK
DC02050,PT01421,DR008,Dr. Anil Joshi,Emergency,Fracture - Femur,29.0,2024-06-16,2024-07-01,15.0,No,,,OK
DC02051,PT01414,DR004,Dr. Rajan Mehta,Oncology,Dengue Fever,71.0,2024-05-25,2024-06-10,16.0,No,,,OK
DC02052,PT01509,DR005,Dr. Sunita Kulkarni,General Medicine,Hernia Repair,83.0,2024-06-21,2024-07-06,15.0,No,,,OK
DC02053,PT01499,DR001,Dr. Priya Nair,Cardiology,Dengue Fever,21.0,2024-06-21,2024-06-25,4.0,No,,,OK
DC02054,PT00771,DR001,Dr. Priya Nair,Cardiology,Hernia Repair,67.0,2024-04-20,2024-04-25,5.0,No,,,OK
DC02055,PT01423,DR006,Dr. Kavya Iyer,Pediatrics,Heart Attack,47.0,2024-02-19,2024-02-21,2.0,No,,,OK
DC02056,PT00069,DR004,Dr. Rajan Mehta,Oncology,Stroke Recovery,53.0,2024-01-01,2024-01-07,6.0,No,,,OK
DC02057,PT00861,DR009,Dr. Meera Pillai,Cardiology,Asthma,18.0,2024-10-11,2024-10-26,15.0,No,,,OK
DC02058,PT01276,DR002,Dr. Suresh Patil,Orthopedics,Hypertension,37.0,2024-08-28,2024-09-18,21.0,No,,,OK
DC02059,PT00582,DR009,Dr. Meera Pillai,Cardiology,Chest Infection,61.0,2024-06-28,2024-07-02,4.0,No,,,OK
DC02060,PT00580,DR010,Dr. Rohit Verma,Orthopedics,Diabetes Type 2,24.0,2024-08-12,2024-08-15,3.0,Yes,2024-09-07,23.0,OK
DC02061,PT01282,DR001,Dr. Priya Nair,Cardiology,Chest Infection,46.0,2024-09-30,2024-10-08,8.0,No,,,OK
DC02062,PT00576,DR004,Dr. Rajan Mehta,Oncology,Asthma,80.0,2024-09-06,2024-09-16,10.0,No,,,OK
DC02063,PT00691,DR004,Dr. Rajan Mehta,Oncology,Dengue Fever,82.0,2024-11-15,2024-11-21,6.0,No,,,OK
DC02064,PT01876,DR004,Dr. Rajan Mehta,Oncology,Lung Cancer - Stage 2,64.0,2024-02-10,2024-02-13,3.0,No,,,OK
DC02065,PT00725,DR001,Dr. Priya Nair,Cardiology,Appendicitis,47.0,2024-05-31,2024-06-07,7.0,No,,,OK
DC02066,PT00828,DR010,Dr. Rohit Verma,Orthopedics,Appendicitis,53.0,2024-07-08,2024-07-12,4.0,No,,,OK
DC02067,PT00290,DR006,Dr. Kavya Iyer,Pediatrics,Appendicitis,49.0,2024-05-06,2024-05-26,20.0,Yes,2024-06-16,21.0,OK
DC02068,PT00571,DR002,Dr. Suresh Patil,Orthopedics,Diabetes Type 2,33.0,2024-08-30,2024-09-15,16.0,No,,,OK
DC02069,PT00231,DR008,Dr. Anil Joshi,Emergency,Migraine,26.0,2024-05-28,2024-06-03,6.0,Yes,2024-06-10,7.0,OK
DC02070,PT01889,DR003,Dr. Aarti Deshmukh,Neurology,Hernia Repair,48.0,2024-08-09,2024-08-29,20.0,No,,,OK
DC02071,PT01773,DR010,Dr. Rohit Verma,Orthopedics,Dengue Fever,30.0,2024-07-08,2024-07-20,12.0,No,,,OK
DC02072,PT01103,DR007,Dr. Deepak Sharma,Gynecology,Migraine,72.0,2024-10-04,2024-10-21,17.0,No,,,OK
DC02073,PT01376,DR008,Dr. Anil Joshi,Emergency,Hernia Repair,75.0,2024-07-01,2024-07-14,13.0,Yes,2024-07-24,10.0,OK
DC02074,PT00810,DR005,Dr. Sunita Kulkarni,General Medicine,Knee Replacement,70.0,2024-03-10,2024-03-22,12.0,No,,,OK
DC02075,PT00407,DR002,Dr. Suresh Patil,Orthopedics,Knee Replacement,28.0,2024-02-02,2024-02-22,20.0,No,,,OK
DC02076,PT00639,DR006,Dr. Kavya Iyer,Pediatrics,Hernia Repair,49.0,2024-05-21,2024-05-23,2.0,No,,,OK
DC02077,PT00515,DR003,Dr. Aarti Deshmukh,Neurology,Knee Replacement,35.0,2024-07-05,2024-07-17,12.0,No,,,OK
DC02078,PT01291,DR001,Dr. Priya Nair,Cardiology,Fracture - Femur,28.0,2024-06-03,2024-06-12,9.0,No,,,OK
DC02079,PT01690,DR008,Dr. Anil Joshi,Emergency,Anemia,82.0,2024-04-06,2024-04-11,5.0,No,,,OK
DC02080,PT01565,DR010,Dr. Rohit Verma,Orthopedics,Heart Attack,73.0,2024-03-04,2024-03-25,21.0,No,,,OK
DC02081,PT01410,DR001,Dr. Priya Nair,Cardiology,Heart Attack,46.0,2024-10-23,2024-11-10,18.0,No,,,OK
DC02082,PT00297,DR002,Dr. Suresh Patil,Orthopedics,Chest Infection,51.0,2024-02-14,2024-03-03,18.0,No,,,OK
DC02083,PT00580,DR005,Dr. Sunita Kulkarni,General Medicine,Migraine,25.0,2024-01-22,2024-01-24,2.0,No,,,OK
DC02084,PT01958,DR003,Dr. Aarti Deshmukh,Neurology,Knee Replacement,56.0,2024-03-24,2024-04-07,14.0,No,,,OK
DC02085,PT01300,DR005,Dr. Sunita Kulkarni,General Medicine,Migraine,22.0,2024-11-20,2024-12-02,12.0,No,,,OK
DC02086,PT00986,DR007,Dr. Deepak Sharma,Gynecology,Asthma,59.0,2024-05-23,2024-06-12,20.0,No,,,OK
DC02087,PT01492,DR008,Dr. Anil Joshi,Emergency,Fracture - Femur,41.0,2024-11-26,2024-12-06,10.0,Yes,2024-12-22,16.0,OK
DC02088,PT00524,DR004,Dr. Rajan Mehta,Oncology,Migraine,54.0,2024-06-25,2024-06-29,4.0,No,,,OK
DC02089,PT00082,DR006,Dr. Kavya Iyer,Pediatrics,Chest Infection,64.0,2024-04-27,2024-05-14,17.0,No,,,OK
DC02090,PT01208,DR002,Dr. Suresh Patil,Orthopedics,Heart Attack,25.0,2024-11-21,2024-12-08,17.0,No,,,OK
DC02091,PT00561,DR010,Dr. Rohit Verma,Orthopedics,Dengue Fever,60.0,2024-06-27,2024-07-15,18.0,No,,,OK
DC02092,PT01543,DR002,Dr. Suresh Patil,Orthopedics,Stroke Recovery,44.0,2024-01-28,2024-02-15,18.0,No,,,OK
DC02093,PT01752,DR007,Dr. Deepak Sharma,Gynecology,Diabetes Type 2,71.0,2024-11-27,2024-12-12,15.0,No,,,OK
DC02094,PT00424,DR002,Dr. Suresh Patil,Orthopedics,Asthma,84.0,2024-01-16,2024-01-21,5.0,No,,,OK
DC02095,PT00668,DR003,Dr. Aarti Deshmukh,Neurology,Asthma,18.0,2024-09-13,2024-09-17,4.0,No,,,OK
DC02096,PT01792,DR010,Dr. Rohit Verma,Orthopedics,Anemia,79.0,2024-10-07,2024-10-28,21.0,No,,,OK
DC02097,PT00562,DR004,Dr. Rajan Mehta,Oncology,Hernia Repair,25.0,2024-10-11,2024-10-13,2.0,No,,,OK
DC02098,PT01343,DR002,Dr. Suresh Patil,Orthopedics,Chest Infection,49.0,2024-04-16,2024-05-06,20.0,No,,,OK
DC02099,PT01579,DR004,Dr. Rajan Mehta,Oncology,Cataract Surgery,67.0,2024-11-10,2024-11-17,7.0,No,,,OK
DC02100,PT00637,DR007,Dr. Deepak Sharma,Gynecology,Cataract Surgery,36.0,2024-07-03,2024-07-22,19.0,Yes,2024-08-03,12.0,OK
DC02101,PT01847,DR004,Dr. Rajan Mehta,Oncology,Knee Replacement,29.0,2024-07-07,2024-07-22,15.0,No,,,OK
DC02102,PT00985,DR008,Dr. Anil Joshi,Emergency,Knee Replacement,34.0,2024-07-31,2024-08-20,20.0,No,,,OK
DC02104,PT00077,DR001,Dr. Priya Nair,Cardiology,Hernia Repair,23.0,2024-10-08,2024-10-18,10.0,No,,,OK
DC02105,PT00299,DR008,Dr. Anil Joshi,Emergency,Knee Replacement,59.0,2024-06-08,2024-06-25,17.0,No,,,OK
DC02106,PT00685,DR009,Dr. Meera Pillai,Cardiology,Fracture - Femur,44.0,2024-09-15,2024-10-01,16.0,Yes,2024-10-15,14.0,OK
DC02107,PT01421,DR007,Dr. Deepak Sharma,Gynecology,Fracture - Femur,42.0,2024-08-21,2024-08-22,1.0,No,,,OK
DC02108,PT01674,DR007,Dr. Deepak Sharma,Gynecology,Cataract Surgery,23.0,2024-08-31,2024-09-05,5.0,No,,,OK
DC02109,PT01895,DR010,Dr. Rohit Verma,Orthopedics,Dengue Fever,65.0,2024-05-08,2024-05-21,13.0,No,,,OK
DC02110,PT01078,DR003,Dr. Aarti Deshmukh,Neurology,Knee Replacement,52.0,2024-04-10,2024-05-01,21.0,No,,,OK
DC02111,PT01111,DR004,Dr. Rajan Mehta,Oncology,Lung Cancer - Stage 2,37.0,2024-01-25,2024-02-08,14.0,No,,,OK
DC02112,PT00633,DR002,Dr. Suresh Patil,Orthopedics,Lung Cancer - Stage 2,80.0,2024-10-02,2024-10-18,16.0,No,,,OK
DC02113,PT00565,DR002,Dr. Suresh Patil,Orthopedics,Anemia,66.0,2024-10-01,2024-10-09,8.0,No,,,OK
DC02114,PT01888,DR009,Dr. Meera Pillai,Cardiology,Cataract Surgery,42.0,2024-02-01,2024-02-20,19.0,Yes,2024-03-08,17.0,OK
DC02115,PT01568,DR002,Dr. Suresh Patil,Orthopedics,Fracture - Femur,34.0,2024-06-30,2024-07-12,12.0,No,,,OK
DC02116,PT01283,DR003,Dr. Aarti Deshmukh,Neurology,Migraine,35.0,2024-06-28,2024-07-09,11.0,No,,,OK
DC02117,PT00105,DR009,Dr. Meera Pillai,Cardiology,Dengue Fever,78.0,2024-08-26,2024-09-02,7.0,No,,,OK
DC02118,PT00971,DR001,Dr. Priya Nair,Cardiology,Stroke Recovery,32.0,2024-05-07,2024-05-12,5.0,No,,,OK
DC02119,PT01289,DR007,Dr. Deepak Sharma,Gynecology,Stroke Recovery,34.0,2024-01-21,2024-01-28,7.0,No,,,OK
DC02120,PT00556,DR004,Dr. Rajan Mehta,Oncology,Asthma,55.0,2024-07-15,2024-07-16,1.0,No,,,OK
DC02121,PT00282,DR009,Dr. Meera Pillai,Cardiology,Asthma,74.0,2024-11-28,2024-12-02,4.0,No,,,OK
DC02122,PT01409,DR010,Dr. Rohit Verma,Orthopedics,Lung Cancer - Stage 2,83.0,2024-08-25,2024-08-28,3.0,No,,,OK
DC02123,PT01412,DR006,Dr. Kavya Iyer,Pediatrics,Diabetes Type 2,33.0,2024-04-29,2024-05-02,3.0,No,,,OK
DC02124,PT00411,DR001,Dr. Priya Nair,Cardiology,Fracture - Femur,67.0,2024-05-09,2024-05-22,13.0,No,,,OK
DC02125,PT00157,DR001,Dr. Priya Nair,Cardiology,Cataract Surgery,30.0,2024-08-21,2024-09-08,18.0,Yes,2024-09-25,17.0,OK
DC02126,PT00870,DR006,Dr. Kavya Iyer,Pediatrics,Hernia Repair,83.0,2024-06-12,2024-06-29,17.0,No,,,OK
DC02127,PT00989,DR001,Dr. Priya Nair,Cardiology,Lung Cancer - Stage 2,54.0,2024-11-15,2024-11-19,4.0,No,,,OK
DC02128,PT00853,DR003,Dr. Aarti Deshmukh,Neurology,Stroke Recovery,48.0,2024-05-01,2024-05-08,7.0,Yes,2024-05-26,18.0,OK
DC02129,PT00288,DR005,Dr. Sunita Kulkarni,General Medicine,Asthma,50.0,2024-09-08,2024-09-10,2.0,No,,,OK
DC02131,PT01778,DR003,Dr. Aarti Deshmukh,Neurology,Asthma,79.0,2024-01-11,2024-01-23,12.0,No,,,OK
DC02132,PT01397,DR003,Dr. Aarti Deshmukh,Neurology,Hernia Repair,48.0,2024-03-20,2024-04-03,14.0,No,,,OK
DC02133,PT01034,DR004,Dr. Rajan Mehta,Oncology,Asthma,70.0,2024-09-11,2024-09-14,3.0,No,,,OK
DC02134,PT00825,DR002,Dr. Suresh Patil,Orthopedics,Knee Replacement,80.0,2024-11-18,2024-11-30,12.0,No,,,OK
DC02135,PT00340,DR004,Dr. Rajan Mehta,Oncology,Stroke Recovery,21.0,2024-03-01,2024-03-15,14.0,No,,,OK
DC02136,PT01391,DR006,Dr. Kavya Iyer,Pediatrics,Appendicitis,29.0,2024-05-03,2024-05-06,3.0,No,,,OK
DC02137,PT00430,DR001,Dr. Priya Nair,Cardiology,Anemia,25.0,2024-01-08,2024-01-18,10.0,Yes,2024-02-16,29.0,OK
DC02138,PT01931,DR002,Dr. Suresh Patil,Orthopedics,Knee Replacement,49.0,2024-09-19,2024-10-08,19.0,No,,,OK
DC02139,PT01355,DR003,Dr. Aarti Deshmukh,Neurology,Migraine,79.0,2024-04-15,2024-04-18,3.0,No,,,OK
DC02140,PT00229,DR005,Dr. Sunita Kulkarni,General Medicine,Knee Replacement,64.0,2024-08-31,2024-09-14,14.0,No,,,OK
DC02141,PT00309,DR002,Dr. Suresh Patil,Orthopedics,Heart Attack,70.0,2024-05-10,2024-05-14,4.0,No,,,OK
DC02142,PT00384,DR002,Dr. Suresh Patil,Orthopedics,Cataract Surgery,33.0,2024-01-12,2024-01-25,13.0,No,,,OK
DC02143,PT00799,DR005,Dr. Sunita Kulkarni,General Medicine,Chest Infection,41.0,2024-06-21,2024-07-08,17.0,Yes,2024-08-01,24.0,OK
DC02144,PT01612,DR005,Dr. Sunita Kulkarni,General Medicine,Lung Cancer - Stage 2,66.0,2024-07-02,2024-07-06,4.0,No,,,OK
DC02145,PT01604,DR008,Dr. Anil Joshi,Emergency,Hypertension,45.0,2024-11-15,2024-11-20,5.0,No,,,OK
DC02146,PT00481,DR003,Dr. Aarti Deshmukh,Neurology,Asthma,49.0,2024-04-24,2024-04-30,6.0,No,,,OK
DC02147,PT01129,DR010,Dr. Rohit Verma,Orthopedics,Hernia Repair,56.0,2024-07-08,2024-07-15,7.0,No,,,OK
DC02148,PT00250,DR004,Dr. Rajan Mehta,Oncology,Migraine,29.0,2024-06-11,2024-06-28,17.0,No,,,OK
DC02149,PT00718,DR003,Dr. Aarti Deshmukh,Neurology,Lung Cancer - Stage 2,49.0,2024-10-13,2024-11-01,19.0,No,,,OK
DC02150,PT00027,DR002,Dr. Suresh Patil,Orthopedics,Appendicitis,84.0,2024-02-16,2024-03-05,18.0,No,,,OK
DC02151,PT00213,DR003,Dr. Aarti Deshmukh,Neurology,Cataract Surgery,67.0,2024-02-03,2024-02-08,5.0,Yes,2024-02-29,21.0,OK
DC02152,PT00243,DR001,Dr. Priya Nair,Cardiology,Heart Attack,67.0,2024-03-11,2024-03-30,19.0,No,,,OK
DC02153,PT00899,DR009,Dr. Meera Pillai,Cardiology,Hypertension,42.0,2024-04-09,2024-04-19,10.0,Yes,2024-05-17,28.0,OK
DC02154,PT01719,DR005,Dr. Sunita Kulkarni,General Medicine,Anemia,64.0,2024-04-30,2024-05-12,12.0,No,,,OK
DC02155,PT01819,DR008,Dr. Anil Joshi,Emergency,Diabetes Type 2,31.0,2024-09-08,2024-09-23,15.0,Yes,2024-10-09,16.0,OK
DC02156,PT00483,DR003,Dr. Aarti Deshmukh,Neurology,Knee Replacement,67.0,2024-05-14,2024-05-27,13.0,No,,,OK
DC02157,PT01885,DR009,Dr. Meera Pillai,Cardiology,Dengue Fever,18.0,2024-11-09,2024-11-23,14.0,No,,,OK
DC02158,PT00795,DR004,Dr. Rajan Mehta,Oncology,Lung Cancer - Stage 2,37.0,2024-04-10,2024-04-12,2.0,No,,,OK
DC02159,PT00041,DR002,Dr. Suresh Patil,Orthopedics,Migraine,26.0,2024-06-26,2024-07-01,5.0,No,,,OK
DC02160,PT01069,DR010,Dr. Rohit Verma,Orthopedics,Fracture - Femur,41.0,2024-05-02,2024-05-09,7.0,No,,,OK
DC02161,PT01141,DR010,Dr. Rohit Verma,Orthopedics,Dengue Fever,78.0,2024-11-06,2024-11-19,13.0,No,,,OK
DC02162,PT00795,DR010,Dr. Rohit Verma,Orthopedics,Fracture - Femur,31.0,2024-03-31,2024-04-17,17.0,No,,,OK
DC02163,PT01094,DR005,Dr. Sunita Kulkarni,General Medicine,Hypertension,55.0,2024-08-22,2024-08-30,8.0,No,,,OK
DC02164,PT01125,DR006,Dr. Kavya Iyer,Pediatrics,Asthma,53.0,2024-08-17,2024-08-24,7.0,No,,,OK
DC02165,PT01800,DR007,Dr. Deepak Sharma,Gynecology,Heart Attack,78.0,2024-08-24,2024-09-04,11.0,No,,,OK
DC02166,PT01893,DR003,Dr. Aarti Deshmukh,Neurology,Cataract Surgery,81.0,2024-03-09,2024-03-30,21.0,Yes,2024-04-25,26.0,OK
DC02167,PT01335,DR003,Dr. Aarti Deshmukh,Neurology,Hypertension,47.0,2024-01-25,2024-02-05,11.0,No,,,OK
DC02168,PT00107,DR009,Dr. Meera Pillai,Cardiology,Dengue Fever,46.0,2024-08-09,2024-08-18,9.0,No,,,OK
DC02169,PT00361,DR001,Dr. Priya Nair,Cardiology,Diabetes Type 2,80.0,2024-10-03,2024-10-19,16.0,No,,,OK
DC02170,PT00551,DR005,Dr. Sunita Kulkarni,General Medicine,Heart Attack,65.0,2024-02-09,2024-02-12,3.0,No,,,OK
DC02171,PT01012,DR001,Dr. Priya Nair,Cardiology,Migraine,67.0,2024-08-15,2024-08-22,7.0,No,,,OK
DC02172,PT01574,DR003,Dr. Aarti Deshmukh,Neurology,Fracture - Femur,53.0,2024-03-05,2024-03-14,9.0,No,,,OK
DC02173,PT01949,DR007,Dr. Deepak Sharma,Gynecology,Fracture - Femur,19.0,2024-05-13,2024-05-25,12.0,No,,,OK
DC02174,PT01826,DR006,Dr. Kavya Iyer,Pediatrics,Knee Replacement,64.0,2024-08-10,2024-08-22,12.0,No,,,OK
DC02175,PT00836,DR009,Dr. Meera Pillai,Cardiology,Diabetes Type 2,18.0,2024-02-26,2024-03-03,6.0,Yes,2024-03-17,14.0,OK
DC02176,PT01918,DR004,Dr. Rajan Mehta,Oncology,Hypertension,79.0,2024-05-09,2024-05-10,1.0,No,,,OK
DC02177,PT01088,DR008,Dr. Anil Joshi,Emergency,Knee Replacement,78.0,2024-08-18,2024-08-19,1.0,No,,,OK
DC02178,PT01269,DR003,Dr. Aarti Deshmukh,Neurology,Lung Cancer - Stage 2,56.0,2024-03-26,2024-04-02,7.0,No,,,OK
DC02179,PT01116,DR010,Dr. Rohit Verma,Orthopedics,Hypertension,26.0,2024-02-19,2024-03-06,16.0,Yes,2024-03-15,9.0,OK
DC02180,PT01953,DR002,Dr. Suresh Patil,Orthopedics,Anemia,49.0,2024-08-08,2024-08-25,17.0,No,,,OK
DC02181,PT00704,DR005,Dr. Sunita Kulkarni,General Medicine,Stroke Recovery,60.0,2024-05-21,2024-06-11,21.0,No,,,OK
DC02182,PT01145,DR005,Dr. Sunita Kulkarni,General Medicine,Hypertension,51.0,2024-04-21,2024-05-08,17.0,No,,,OK
DC02183,PT01604,DR001,Dr. Priya Nair,Cardiology,Lung Cancer - Stage 2,43.0,2024-11-10,2024-11-13,3.0,No,,,OK
DC02184,PT01516,DR004,Dr. Rajan Mehta,Oncology,Chest Infection,60.0,2024-02-22,2024-03-12,19.0,Yes,2024-03-28,16.0,OK
DC02185,PT00560,DR001,Dr. Priya Nair,Cardiology,Asthma,49.0,2024-07-05,2024-07-24,19.0,No,,,OK
DC02186,PT01981,DR004,Dr. Rajan Mehta,Oncology,Stroke Recovery,80.0,2024-08-16,2024-09-02,17.0,No,,,OK
DC02187,PT00669,DR009,Dr. Meera Pillai,Cardiology,Knee Replacement,85.0,2024-11-09,2024-11-30,21.0,No,,,OK
DC02188,PT01955,DR009,Dr. Meera Pillai,Cardiology,Anemia,60.0,2024-01-07,2024-01-18,11.0,Yes,2024-01-31,13.0,OK
DC02189,PT01732,DR003,Dr. Aarti Deshmukh,Neurology,Fracture - Femur,22.0,2024-04-11,2024-04-13,2.0,No,,,OK
DC02190,PT01074,DR008,Dr. Anil Joshi,Emergency,Hypertension,85.0,2024-05-30,2024-06-04,5.0,No,,,OK
DC02191,PT01839,DR010,Dr. Rohit Verma,Orthopedics,Diabetes Type 2,55.0,2024-11-05,2024-11-10,5.0,No,,,OK
DC02192,PT01349,DR008,Dr. Anil Joshi,Emergency,Fracture - Femur,48.0,2024-11-04,2024-11-23,19.0,No,,,OK
DC02193,PT00233,DR004,Dr. Rajan Mehta,Oncology,Hernia Repair,76.0,2024-01-05,2024-01-12,7.0,No,,,OK
DC02194,PT01836,DR002,Dr. Suresh Patil,Orthopedics,Heart Attack,77.0,2024-09-09,2024-09-29,20.0,Yes,2024-10-12,13.0,OK
DC02195,PT00444,DR002,Dr. Suresh Patil,Orthopedics,Hypertension,40.0,2024-09-15,2024-09-17,2.0,No,,,OK
DC02196,PT01681,DR003,Dr. Aarti Deshmukh,Neurology,Cataract Surgery,80.0,2024-06-11,2024-06-23,12.0,No,,,OK
DC02197,PT00263,DR003,Dr. Aarti Deshmukh,Neurology,Diabetes Type 2,82.0,2024-02-29,2024-03-08,8.0,No,,,OK
DC02198,PT00830,DR007,Dr. Deepak Sharma,Gynecology,Hernia Repair,19.0,2024-01-16,2024-02-01,16.0,No,,,OK
DC02199,PT01016,DR003,Dr. Aarti Deshmukh,Neurology,Migraine,70.0,2024-05-09,2024-05-12,3.0,No,,,OK
DC02200,PT00718,DR004,Dr. Rajan Mehta,Oncology,Heart Attack,83.0,2024-07-18,2024-08-06,19.0,No,,,OK
DC02201,PT00409,DR005,Dr. Sunita Kulkarni,General Medicine,Hypertension,55.0,2024-07-05,2024-07-13,8.0,No,,,OK
DC02202,PT01691,DR004,Dr. Rajan Mehta,Oncology,Hypertension,24.0,2024-10-03,2024-10-06,3.0,No,,,OK
DC02203,PT00554,DR006,Dr. Kavya Iyer,Pediatrics,Appendicitis,46.0,2024-07-02,2024-07-05,3.0,No,,,OK
DC02204,PT00796,DR008,Dr. Anil Joshi,Emergency,Hernia Repair,49.0,2024-06-02,2024-06-13,11.0,No,,,OK
DC02205,PT01216,DR010,Dr. Rohit Verma,Orthopedics,Diabetes Type 2,21.0,2024-08-13,2024-08-31,18.0,No,,,OK
DC02206,PT01787,DR003,Dr. Aarti Deshmukh,Neurology,Fracture - Femur,38.0,2024-04-30,2024-05-16,16.0,No,,,OK
DC02207,PT01082,DR007,Dr. Deepak Sharma,Gynecology,Diabetes Type 2,66.0,2024-08-27,2024-08-31,4.0,No,,,OK
DC02208,PT00695,DR009,Dr. Meera Pillai,Cardiology,Diabetes Type 2,30.0,2024-09-09,2024-09-26,17.0,Yes,2024-10-10,14.0,OK
DC02209,PT00385,DR006,Dr. Kavya Iyer,Pediatrics,Fracture - Femur,45.0,2024-11-25,2024-12-13,18.0,No,,,OK
DC02210,PT01792,DR004,Dr. Rajan Mehta,Oncology,Cataract Surgery,61.0,2024-11-29,2024-12-20,21.0,No,,,OK
DC02211,PT00608,DR001,Dr. Priya Nair,Cardiology,Hypertension,80.0,2024-06-17,2024-07-02,15.0,No,,,OK
DC02212,PT00334,DR008,Dr. Anil Joshi,Emergency,Heart Attack,32.0,2024-11-14,2024-11-17,3.0,Yes,2024-12-04,17.0,OK
DC02213,PT00832,DR006,Dr. Kavya Iyer,Pediatrics,Migraine,40.0,2024-05-01,2024-05-02,1.0,No,,,OK
DC02214,PT00830,DR006,Dr. Kavya Iyer,Pediatrics,Asthma,38.0,2024-03-24,2024-03-31,7.0,Yes,2024-04-07,7.0,OK
DC02215,PT01814,DR005,Dr. Sunita Kulkarni,General Medicine,Fracture - Femur,38.0,2024-01-05,2024-01-14,9.0,No,,,OK
DC02216,PT00100,DR002,Dr. Suresh Patil,Orthopedics,Stroke Recovery,35.0,2024-07-25,2024-08-10,16.0,No,,,OK
DC02217,PT00110,DR001,Dr. Priya Nair,Cardiology,Anemia,74.0,2024-06-11,2024-06-29,18.0,No,,,OK
DC02218,PT01242,DR005,Dr. Sunita Kulkarni,General Medicine,Lung Cancer - Stage 2,46.0,2024-07-11,2024-07-21,10.0,No,,,OK
DC02219,PT00276,DR001,Dr. Priya Nair,Cardiology,Dengue Fever,61.0,2024-09-07,2024-09-21,14.0,No,,,OK
DC02220,PT01438,DR008,Dr. Anil Joshi,Emergency,Cataract Surgery,35.0,2024-09-23,2024-10-07,14.0,Yes,2024-11-02,26.0,OK
DC02221,PT01262,DR004,Dr. Rajan Mehta,Oncology,Lung Cancer - Stage 2,40.0,2024-10-11,2024-10-18,7.0,No,,,OK
DC02222,PT01030,DR010,Dr. Rohit Verma,Orthopedics,Hypertension,63.0,2024-03-02,2024-03-17,15.0,Yes,2024-04-03,17.0,OK
DC02223,PT00067,DR004,Dr. Rajan Mehta,Oncology,Asthma,83.0,2024-02-08,2024-02-22,14.0,No,,,OK
DC02224,PT00029,DR010,Dr. Rohit Verma,Orthopedics,Heart Attack,18.0,2024-08-01,2024-08-19,18.0,No,,,OK
DC02225,PT01769,DR009,Dr. Meera Pillai,Cardiology,Asthma,76.0,2024-03-03,2024-03-23,20.0,No,,,OK
DC02226,PT01275,DR006,Dr. Kavya Iyer,Pediatrics,Lung Cancer - Stage 2,82.0,2024-05-27,2024-05-29,2.0,No,,,OK
DC02227,PT01878,DR010,Dr. Rohit Verma,Orthopedics,Stroke Recovery,29.0,2024-01-14,2024-01-24,10.0,No,,,OK
DC02228,PT01201,DR007,Dr. Deepak Sharma,Gynecology,Hypertension,38.0,2024-05-25,2024-06-08,14.0,No,,,OK
DC02229,PT00625,DR004,Dr. Rajan Mehta,Oncology,Knee Replacement,64.0,2024-03-26,2024-03-30,4.0,No,,,OK
DC02230,PT01239,DR008,Dr. Anil Joshi,Emergency,Appendicitis,62.0,2024-09-14,2024-09-19,5.0,Yes,2024-09-29,10.0,OK
DC02231,PT00629,DR004,Dr. Rajan Mehta,Oncology,Heart Attack,63.0,2024-03-28,2024-04-18,21.0,No,,,OK
DC02232,PT01725,DR009,Dr. Meera Pillai,Cardiology,Stroke Recovery,73.0,2024-07-04,2024-07-05,1.0,No,,,OK
DC02233,PT01178,DR001,Dr. Priya Nair,Cardiology,Cataract Surgery,53.0,2024-08-29,2024-09-19,21.0,No,,,OK
DC02234,PT01414,DR001,Dr. Priya Nair,Cardiology,Knee Replacement,33.0,2024-03-11,2024-03-17,6.0,No,,,OK
DC02235,PT00017,DR004,Dr. Rajan Mehta,Oncology,Knee Replacement,35.0,2024-11-20,2024-12-11,21.0,No,,,OK
DC02236,PT00122,DR003,Dr. Aarti Deshmukh,Neurology,Asthma,25.0,2024-08-10,2024-08-11,1.0,No,,,OK
DC02237,PT00063,DR009,Dr. Meera Pillai,Cardiology,Lung Cancer - Stage 2,67.0,2024-02-25,2024-02-26,1.0,No,,,OK
DC02238,PT01317,DR008,Dr. Anil Joshi,Emergency,Chest Infection,49.0,2024-04-06,2024-04-11,5.0,No,,,OK
DC02239,PT01893,DR007,Dr. Deepak Sharma,Gynecology,Heart Attack,32.0,2024-05-31,2024-06-05,5.0,No,,,OK
DC02240,PT00966,DR003,Dr. Aarti Deshmukh,Neurology,Hernia Repair,20.0,2024-03-27,2024-04-13,17.0,No,,,OK
DC02241,PT00184,DR008,Dr. Anil Joshi,Emergency,Heart Attack,45.0,2024-05-30,2024-06-05,6.0,No,,,OK
DC02242,PT01235,DR002,Dr. Suresh Patil,Orthopedics,Dengue Fever,24.0,2024-02-12,2024-02-29,17.0,No,,,OK
DC02243,PT00675,DR003,Dr. Aarti Deshmukh,Neurology,Heart Attack,43.0,2024-08-18,2024-08-29,11.0,No,,,OK
DC02244,PT01878,DR001,Dr. Priya Nair,Cardiology,Knee Replacement,67.0,2024-04-12,2024-04-20,8.0,No,,,OK
DC02245,PT00804,DR010,Dr. Rohit Verma,Orthopedics,Knee Replacement,24.0,2024-09-08,2024-09-24,16.0,No,,,OK
DC02246,PT01373,DR004,Dr. Rajan Mehta,Oncology,Heart Attack,51.0,2024-08-06,2024-08-27,21.0,No,,,OK
DC02247,PT00155,DR007,Dr. Deepak Sharma,Gynecology,Anemia,80.0,2024-09-22,2024-10-12,20.0,No,,,OK
DC02248,PT00080,DR002,Dr. Suresh Patil,Orthopedics,Anemia,52.0,2024-06-27,2024-07-09,12.0,Yes,2024-08-05,27.0,OK
DC02249,PT01783,DR001,Dr. Priya Nair,Cardiology,Cataract Surgery,28.0,2024-04-22,2024-05-10,18.0,No,,,OK
DC02250,PT00596,DR010,Dr. Rohit Verma,Orthopedics,Cataract Surgery,41.0,2024-01-12,2024-01-28,16.0,No,,,OK
DC02251,PT00509,DR007,Dr. Deepak Sharma,Gynecology,Knee Replacement,60.0,2024-04-11,2024-04-12,1.0,No,,,OK
DC02252,PT00103,DR008,Dr. Anil Joshi,Emergency,Knee Replacement,49.0,2024-07-16,2024-07-30,14.0,Yes,2024-08-19,20.0,OK
DC02253,PT00355,DR002,Dr. Suresh Patil,Orthopedics,Anemia,65.0,2024-08-10,2024-08-15,5.0,No,,,OK
DC02254,PT01929,DR009,Dr. Meera Pillai,Cardiology,Fracture - Femur,35.0,2024-05-24,2024-05-30,6.0,Yes,2024-06-25,26.0,OK
DC02255,PT01766,DR004,Dr. Rajan Mehta,Oncology,Migraine,67.0,2024-05-10,2024-05-15,5.0,No,,,OK
DC02256,PT01875,DR005,Dr. Sunita Kulkarni,General Medicine,Lung Cancer - Stage 2,44.0,2024-06-02,2024-06-20,18.0,Yes,2024-06-26,6.0,OK
DC02257,PT00691,DR009,Dr. Meera Pillai,Cardiology,Dengue Fever,26.0,2024-07-18,2024-07-19,1.0,No,,,OK
DC02258,PT01129,DR007,Dr. Deepak Sharma,Gynecology,Fracture - Femur,73.0,2024-06-11,2024-07-02,21.0,No,,,OK
DC02259,PT00635,DR006,Dr. Kavya Iyer,Pediatrics,Heart Attack,20.0,2024-08-23,2024-08-27,4.0,No,,,OK
DC02260,PT00663,DR001,Dr. Priya Nair,Cardiology,Knee Replacement,78.0,2024-08-06,2024-08-16,10.0,Yes,2024-08-25,9.0,OK
DC02261,PT01618,DR003,Dr. Aarti Deshmukh,Neurology,Hypertension,75.0,2024-03-18,2024-03-19,1.0,No,,,OK
DC02262,PT01549,DR008,Dr. Anil Joshi,Emergency,Chest Infection,44.0,2024-09-24,2024-09-27,3.0,Yes,2024-10-24,27.0,OK
DC02263,PT00905,DR007,Dr. Deepak Sharma,Gynecology,Heart Attack,68.0,2024-03-27,2024-04-04,8.0,No,,,OK
DC02264,PT01126,DR007,Dr. Deepak Sharma,Gynecology,Diabetes Type 2,51.0,2024-04-03,2024-04-04,1.0,No,,,OK
DC02265,PT00987,DR005,Dr. Sunita Kulkarni,General Medicine,Hypertension,62.0,2024-05-09,2024-05-29,20.0,No,,,OK
DC02266,PT01226,DR003,Dr. Aarti Deshmukh,Neurology,Chest Infection,33.0,2024-02-13,2024-03-04,20.0,Yes,2024-03-28,24.0,OK
DC02267,PT01969,DR003,Dr. Aarti Deshmukh,Neurology,Dengue Fever,33.0,2024-03-13,2024-03-28,15.0,No,,,OK
DC02268,PT01582,DR005,Dr. Sunita Kulkarni,General Medicine,Appendicitis,46.0,2024-09-03,2024-09-19,16.0,No,,,OK
DC02269,PT00111,DR003,Dr. Aarti Deshmukh,Neurology,Asthma,67.0,2024-08-25,2024-09-12,18.0,No,,,OK
DC02270,PT01733,DR002,Dr. Suresh Patil,Orthopedics,Lung Cancer - Stage 2,58.0,2024-02-15,2024-02-23,8.0,No,,,OK
DC02271,PT01073,DR006,Dr. Kavya Iyer,Pediatrics,Diabetes Type 2,40.0,2024-06-02,2024-06-05,3.0,Yes,2024-06-10,5.0,OK
DC02272,PT01944,DR008,Dr. Anil Joshi,Emergency,Stroke Recovery,58.0,2024-08-01,2024-08-19,18.0,Yes,2024-08-29,10.0,OK
DC02273,PT01900,DR008,Dr. Anil Joshi,Emergency,Appendicitis,60.0,2024-03-03,2024-03-07,4.0,No,,,OK
DC02274,PT00979,DR004,Dr. Rajan Mehta,Oncology,Anemia,18.0,2024-06-04,2024-06-05,1.0,No,,,OK
DC02275,PT00187,DR003,Dr. Aarti Deshmukh,Neurology,Lung Cancer - Stage 2,72.0,2024-01-11,2024-01-27,16.0,No,,,OK
DC02276,PT01258,DR009,Dr. Meera Pillai,Cardiology,Appendicitis,63.0,2024-07-14,2024-07-24,10.0,Yes,2024-08-12,19.0,OK
DC02277,PT01649,DR008,Dr. Anil Joshi,Emergency,Hernia Repair,74.0,2024-11-18,2024-11-28,10.0,No,,,OK
DC02278,PT00938,DR004,Dr. Rajan Mehta,Oncology,Asthma,48.0,2024-07-07,2024-07-15,8.0,No,,,OK
DC02279,PT00338,DR008,Dr. Anil Joshi,Emergency,Migraine,19.0,2024-07-08,2024-07-24,16.0,Yes,2024-08-20,27.0,OK
DC02280,PT00404,DR006,Dr. Kavya Iyer,Pediatrics,Knee Replacement,37.0,2024-07-05,2024-07-08,3.0,Yes,2024-07-30,22.0,OK
DC02281,PT00640,DR007,Dr. Deepak Sharma,Gynecology,Fracture - Femur,54.0,2024-01-29,2024-01-30,1.0,No,,,OK
DC02282,PT00204,DR003,Dr. Aarti Deshmukh,Neurology,Migraine,76.0,2024-09-22,2024-09-23,1.0,Yes,2024-10-04,11.0,OK
DC02283,PT00402,DR009,Dr. Meera Pillai,Cardiology,Appendicitis,29.0,2024-02-07,2024-02-09,2.0,Yes,2024-02-18,9.0,OK
DC02284,PT01909,DR003,Dr. Aarti Deshmukh,Neurology,Hernia Repair,20.0,2024-08-17,2024-09-04,18.0,Yes,2024-09-30,26.0,OK
DC02285,PT00836,DR004,Dr. Rajan Mehta,Oncology,Migraine,28.0,2024-10-12,2024-10-22,10.0,No,,,OK
DC02286,PT00217,DR010,Dr. Rohit Verma,Orthopedics,Lung Cancer - Stage 2,54.0,2024-05-14,2024-05-29,15.0,No,,,OK
DC02287,PT00510,DR003,Dr. Aarti Deshmukh,Neurology,Asthma,43.0,2024-02-02,2024-02-20,18.0,No,,,OK
DC02288,PT00706,DR004,Dr. Rajan Mehta,Oncology,Anemia,42.0,2024-11-06,2024-11-14,8.0,No,,,OK
DC02289,PT00170,DR008,Dr. Anil Joshi,Emergency,Cataract Surgery,48.0,2024-10-11,2024-10-24,13.0,Yes,2024-11-16,23.0,OK
DC02290,PT01268,DR009,Dr. Meera Pillai,Cardiology,Asthma,83.0,2024-07-06,2024-07-20,14.0,No,,,OK
DC02291,PT01438,DR004,Dr. Rajan Mehta,Oncology,Fracture - Femur,64.0,2024-11-01,2024-11-21,20.0,No,,,OK
DC02292,PT00661,DR010,Dr. Rohit Verma,Orthopedics,Asthma,62.0,2024-07-27,2024-08-10,14.0,No,,,OK
DC02293,PT01410,DR005,Dr. Sunita Kulkarni,General Medicine,Anemia,66.0,2024-08-31,2024-09-18,18.0,No,,,OK
DC02294,PT00256,DR001,Dr. Priya Nair,Cardiology,Chest Infection,29.0,2024-02-29,2024-03-21,21.0,No,,,OK
DC02295,PT00769,DR005,Dr. Sunita Kulkarni,General Medicine,Diabetes Type 2,36.0,2024-01-03,2024-01-09,6.0,No,,,OK
DC02296,PT01718,DR006,Dr. Kavya Iyer,Pediatrics,Asthma,84.0,2024-08-31,2024-09-18,18.0,Yes,2024-10-08,20.0,OK
DC02297,PT01488,DR008,Dr. Anil Joshi,Emergency,Stroke Recovery,74.0,2024-10-02,2024-10-08,6.0,No,,,OK
DC02298,PT00074,DR007,Dr. Deepak Sharma,Gynecology,Knee Replacement,28.0,2024-07-06,2024-07-07,1.0,No,,,OK
DC02299,PT00827,DR002,Dr. Suresh Patil,Orthopedics,Diabetes Type 2,25.0,2024-11-12,2024-11-30,18.0,No,,,OK
DC02300,PT00771,DR010,Dr. Rohit Verma,Orthopedics,Dengue Fever,49.0,2024-05-01,2024-05-07,6.0,No,,,OK
DC02301,PT00819,DR006,Dr. Kavya Iyer,Pediatrics,Asthma,28.0,2024-05-10,2024-05-12,2.0,No,,,OK
DC02302,PT00184,DR003,Dr. Aarti Deshmukh,Neurology,Hypertension,39.0,2024-03-13,2024-03-28,15.0,No,,,OK
DC02303,PT01370,DR002,Dr. Suresh Patil,Orthopedics,Dengue Fever,34.0,2024-10-31,2024-11-08,8.0,No,,,OK
DC02304,PT00033,DR010,Dr. Rohit Verma,Orthopedics,Heart Attack,68.0,2024-06-20,2024-07-08,18.0,No,,,OK
DC02305,PT00286,DR007,Dr. Deepak Sharma,Gynecology,Migraine,50.0,2024-08-07,2024-08-12,5.0,No,,,OK
DC02306,PT01825,DR007,Dr. Deepak Sharma,Gynecology,Hernia Repair,20.0,2024-04-24,2024-05-13,19.0,No,,,OK
DC02308,PT01688,DR004,Dr. Rajan Mehta,Oncology,Asthma,70.0,2024-08-29,2024-08-31,2.0,Yes,2024-09-28,28.0,OK
DC02309,PT00147,DR005,Dr. Sunita Kulkarni,General Medicine,Diabetes Type 2,49.0,2024-08-22,2024-08-30,8.0,No,,,OK
DC02310,PT00187,DR009,Dr. Meera Pillai,Cardiology,Dengue Fever,53.0,2024-05-11,2024-05-22,11.0,No,,,OK
DC02311,PT00167,DR006,Dr. Kavya Iyer,Pediatrics,Knee Replacement,61.0,2024-05-03,2024-05-20,17.0,No,,,OK
DC02312,PT01584,DR007,Dr. Deepak Sharma,Gynecology,Fracture - Femur,36.0,2024-02-08,2024-02-16,8.0,No,,,OK
DC02313,PT01442,DR001,Dr. Priya Nair,Cardiology,Dengue Fever,31.0,2024-01-09,2024-01-17,8.0,Yes,2024-02-01,15.0,OK
DC02314,PT01439,DR002,Dr. Suresh Patil,Orthopedics,Chest Infection,60.0,2024-04-26,2024-05-04,8.0,No,,,OK
DC02315,PT01666,DR007,Dr. Deepak Sharma,Gynecology,Chest Infection,19.0,2024-01-21,2024-02-10,20.0,No,,,OK
DC02316,PT01611,DR009,Dr. Meera Pillai,Cardiology,Dengue Fever,67.0,2024-04-23,2024-05-14,21.0,No,,,OK
DC02317,PT01745,DR001,Dr. Priya Nair,Cardiology,Migraine,77.0,2024-01-30,2024-02-12,13.0,No,,,OK
DC02318,PT01797,DR004,Dr. Rajan Mehta,Oncology,Lung Cancer - Stage 2,23.0,2024-07-28,2024-08-15,18.0,No,,,OK
DC02319,PT00297,DR002,Dr. Suresh Patil,Orthopedics,Asthma,78.0,2024-09-09,2024-09-19,10.0,No,,,OK
DC02320,PT00080,DR007,Dr. Deepak Sharma,Gynecology,Anemia,81.0,2024-10-06,2024-10-21,15.0,No,,,OK
DC02321,PT00407,DR009,Dr. Meera Pillai,Cardiology,Appendicitis,80.0,2024-07-18,2024-08-05,18.0,No,,,OK
DC02322,PT01325,DR003,Dr. Aarti Deshmukh,Neurology,Diabetes Type 2,83.0,2024-10-02,2024-10-03,1.0,No,,,OK
DC02323,PT01240,DR009,Dr. Meera Pillai,Cardiology,Knee Replacement,65.0,2024-04-12,2024-04-28,16.0,Yes,2024-05-23,25.0,OK
DC02324,PT00675,DR007,Dr. Deepak Sharma,Gynecology,Appendicitis,76.0,2024-09-14,2024-09-15,1.0,No,,,OK
DC02325,PT00650,DR007,Dr. Deepak Sharma,Gynecology,Chest Infection,18.0,2024-03-31,2024-04-20,20.0,No,,,OK
DC02326,PT00814,DR002,Dr. Suresh Patil,Orthopedics,Hypertension,73.0,2024-01-09,2024-01-18,9.0,No,,,OK
DC02327,PT00005,DR001,Dr. Priya Nair,Cardiology,Diabetes Type 2,61.0,2024-10-15,2024-11-04,20.0,Yes,2024-11-26,22.0,OK
DC02328,PT00810,DR005,Dr. Sunita Kulkarni,General Medicine,Hernia Repair,75.0,2024-08-02,2024-08-07,5.0,No,,,OK
DC02329,PT00020,DR006,Dr. Kavya Iyer,Pediatrics,Dengue Fever,51.0,2024-05-05,2024-05-16,11.0,No,,,OK
DC02330,PT01016,DR005,Dr. Sunita Kulkarni,General Medicine,Knee Replacement,54.0,2024-05-08,2024-05-23,15.0,No,,,OK
DC02331,PT01191,DR006,Dr. Kavya Iyer,Pediatrics,Dengue Fever,72.0,2024-09-08,2024-09-18,10.0,No,,,OK
DC02332,PT01688,DR006,Dr. Kavya Iyer,Pediatrics,Appendicitis,68.0,2024-04-18,2024-04-22,4.0,Yes,2024-05-01,9.0,OK
DC02333,PT01207,DR005,Dr. Sunita Kulkarni,General Medicine,Asthma,79.0,2024-09-30,2024-10-19,19.0,No,,,OK
DC02334,PT01871,DR008,Dr. Anil Joshi,Emergency,Knee Replacement,63.0,2024-08-08,2024-08-16,8.0,Yes,2024-09-05,20.0,OK
DC02335,PT01404,DR009,Dr. Meera Pillai,Cardiology,Knee Replacement,57.0,2024-04-19,2024-04-23,4.0,Yes,2024-05-17,24.0,OK
DC02336,PT00716,DR003,Dr. Aarti Deshmukh,Neurology,Hypertension,34.0,2024-01-06,2024-01-27,21.0,No,,,OK
DC02337,PT00063,DR005,Dr. Sunita Kulkarni,General Medicine,Knee Replacement,23.0,2024-07-31,2024-08-19,19.0,No,,,OK
DC02338,PT00773,DR008,Dr. Anil Joshi,Emergency,Asthma,74.0,2024-01-01,2024-01-20,19.0,No,,,OK
DC02339,PT00892,DR002,Dr. Suresh Patil,Orthopedics,Appendicitis,33.0,2024-02-04,2024-02-12,8.0,No,,,OK
DC02340,PT01357,DR009,Dr. Meera Pillai,Cardiology,Heart Attack,29.0,2024-09-23,2024-10-14,21.0,No,,,OK
DC02341,PT01041,DR008,Dr. Anil Joshi,Emergency,Lung Cancer - Stage 2,48.0,2024-03-12,2024-03-18,6.0,No,,,OK
DC02342,PT01659,DR005,Dr. Sunita Kulkarni,General Medicine,Lung Cancer - Stage 2,26.0,2024-06-08,2024-06-21,13.0,No,,,OK
DC02343,PT01217,DR006,Dr. Kavya Iyer,Pediatrics,Cataract Surgery,28.0,2024-08-22,2024-08-25,3.0,No,,,OK
DC02344,PT01436,DR005,Dr. Sunita Kulkarni,General Medicine,Asthma,64.0,2024-11-20,2024-11-23,3.0,No,,,OK
DC02345,PT00148,DR009,Dr. Meera Pillai,Cardiology,Cataract Surgery,47.0,2024-04-21,2024-04-24,3.0,Yes,2024-05-23,29.0,OK
DC02346,PT00970,DR001,Dr. Priya Nair,Cardiology,Lung Cancer - Stage 2,64.0,2024-10-25,2024-10-29,4.0,No,,,OK
DC02347,PT00262,DR007,Dr. Deepak Sharma,Gynecology,Hypertension,83.0,2024-08-26,2024-09-08,13.0,No,,,OK
DC02348,PT01524,DR001,Dr. Priya Nair,Cardiology,Asthma,22.0,2024-08-05,2024-08-15,10.0,No,,,OK
DC02349,PT01989,DR005,Dr. Sunita Kulkarni,General Medicine,Lung Cancer - Stage 2,35.0,2024-06-26,2024-06-30,4.0,No,,,OK
DC02350,PT01274,DR005,Dr. Sunita Kulkarni,General Medicine,Migraine,27.0,2024-03-22,2024-04-09,18.0,No,,,OK
DC02351,PT00582,DR010,Dr. Rohit Verma,Orthopedics,Fracture - Femur,85.0,2024-03-24,2024-04-02,9.0,No,,,OK
DC02352,PT01015,DR005,Dr. Sunita Kulkarni,General Medicine,Heart Attack,31.0,2024-10-09,2024-10-21,12.0,No,,,OK
DC02353,PT01190,DR010,Dr. Rohit Verma,Orthopedics,Migraine,50.0,2024-04-11,2024-04-19,8.0,No,,,OK
DC02354,PT01092,DR002,Dr. Suresh Patil,Orthopedics,Anemia,68.0,2024-09-07,2024-09-11,4.0,No,,,OK
DC02355,PT01151,DR010,Dr. Rohit Verma,Orthopedics,Asthma,41.0,2024-03-10,2024-03-30,20.0,No,,,OK
DC02356,PT00279,DR006,Dr. Kavya Iyer,Pediatrics,Fracture - Femur,63.0,2024-10-19,2024-11-03,15.0,No,,,OK
DC02357,PT00857,DR004,Dr. Rajan Mehta,Oncology,Appendicitis,72.0,2024-09-12,2024-10-03,21.0,No,,,OK
DC02358,PT00888,DR003,Dr. Aarti Deshmukh,Neurology,Dengue Fever,53.0,2024-05-25,2024-06-13,19.0,No,,,OK
DC02359,PT00277,DR005,Dr. Sunita Kulkarni,General Medicine,Chest Infection,67.0,2024-06-14,2024-06-30,16.0,No,,,OK
DC02360,PT00138,DR002,Dr. Suresh Patil,Orthopedics,Dengue Fever,49.0,2024-05-26,2024-06-12,17.0,No,,,OK
DC02361,PT00430,DR010,Dr. Rohit Verma,Orthopedics,Dengue Fever,26.0,2024-08-08,2024-08-09,1.0,No,,,OK
DC02362,PT01516,DR010,Dr. Rohit Verma,Orthopedics,Dengue Fever,27.0,2024-08-22,2024-09-07,16.0,No,,,OK
DC02363,PT01427,DR010,Dr. Rohit Verma,Orthopedics,Appendicitis,22.0,2024-02-10,2024-02-19,9.0,No,,,OK
DC02364,PT00173,DR009,Dr. Meera Pillai,Cardiology,Lung Cancer - Stage 2,66.0,2024-02-22,2024-02-27,5.0,Yes,2024-03-01,3.0,OK
DC02365,PT00277,DR010,Dr. Rohit Verma,Orthopedics,Stroke Recovery,77.0,2024-03-30,2024-04-04,5.0,No,,,OK
DC02366,PT00667,DR008,Dr. Anil Joshi,Emergency,Knee Replacement,73.0,2024-03-02,2024-03-19,17.0,Yes,2024-04-17,29.0,OK
DC02367,PT00892,DR002,Dr. Suresh Patil,Orthopedics,Hernia Repair,27.0,2024-07-24,2024-08-13,20.0,No,,,OK
DC02368,PT01452,DR010,Dr. Rohit Verma,Orthopedics,Lung Cancer - Stage 2,38.0,2024-06-25,2024-07-16,21.0,No,,,OK
DC02369,PT01641,DR001,Dr. Priya Nair,Cardiology,Chest Infection,80.0,2024-06-09,2024-06-18,9.0,Yes,2024-07-13,25.0,OK
DC02370,PT01145,DR009,Dr. Meera Pillai,Cardiology,Fracture - Femur,35.0,2024-05-01,2024-05-02,1.0,No,,,OK
DC02371,PT01509,DR007,Dr. Deepak Sharma,Gynecology,Asthma,68.0,2024-05-06,2024-05-14,8.0,No,,,OK
DC02372,PT01541,DR009,Dr. Meera Pillai,Cardiology,Hernia Repair,28.0,2024-03-23,2024-04-07,15.0,No,,,OK
DC02373,PT01896,DR007,Dr. Deepak Sharma,Gynecology,Stroke Recovery,69.0,2024-03-03,2024-03-04,1.0,No,,,OK
DC02374,PT00614,DR001,Dr. Priya Nair,Cardiology,Fracture - Femur,85.0,2024-09-09,2024-09-18,9.0,No,,,OK
DC02375,PT00851,DR009,Dr. Meera Pillai,Cardiology,Knee Replacement,45.0,2024-01-06,2024-01-15,9.0,Yes,2024-02-03,19.0,OK
DC02376,PT00232,DR008,Dr. Anil Joshi,Emergency,Migraine,39.0,2024-08-25,2024-09-04,10.0,No,,,OK
DC02377,PT00388,DR008,Dr. Anil Joshi,Emergency,Anemia,38.0,2024-10-12,2024-10-28,16.0,Yes,2024-11-14,17.0,OK
DC02378,PT01421,DR007,Dr. Deepak Sharma,Gynecology,Chest Infection,19.0,2024-01-30,2024-02-10,11.0,No,,,OK
DC02379,PT00876,DR005,Dr. Sunita Kulkarni,General Medicine,Fracture - Femur,51.0,2024-01-25,2024-02-06,12.0,No,,,OK
DC02380,PT01438,DR005,Dr. Sunita Kulkarni,General Medicine,Hypertension,45.0,2024-09-04,2024-09-25,21.0,No,,,OK
DC02381,PT01048,DR010,Dr. Rohit Verma,Orthopedics,Stroke Recovery,85.0,2024-03-14,2024-03-19,5.0,Yes,2024-04-06,18.0,OK
DC02382,PT00383,DR003,Dr. Aarti Deshmukh,Neurology,Cataract Surgery,52.0,2024-10-06,2024-10-10,4.0,Yes,2024-10-19,9.0,OK
DC02383,PT01307,DR010,Dr. Rohit Verma,Orthopedics,Migraine,67.0,2024-05-06,2024-05-13,7.0,No,,,OK
DC02384,PT00578,DR006,Dr. Kavya Iyer,Pediatrics,Lung Cancer - Stage 2,70.0,2024-10-24,2024-10-26,2.0,No,,,OK
DC02385,PT01644,DR003,Dr. Aarti Deshmukh,Neurology,Migraine,30.0,2024-04-28,2024-05-02,4.0,No,,,OK
DC02386,PT01376,DR005,Dr. Sunita Kulkarni,General Medicine,Fracture - Femur,49.0,2024-06-10,2024-06-27,17.0,No,,,OK
DC02387,PT01375,DR003,Dr. Aarti Deshmukh,Neurology,Cataract Surgery,41.0,2024-09-18,2024-09-24,6.0,No,,,OK
DC02388,PT01189,DR008,Dr. Anil Joshi,Emergency,Fracture - Femur,48.0,2024-08-21,2024-09-06,16.0,Yes,2024-10-05,29.0,OK
DC02389,PT00642,DR001,Dr. Priya Nair,Cardiology,Fracture - Femur,35.0,2024-08-12,2024-08-14,2.0,Yes,2024-09-03,20.0,OK
DC02390,PT01782,DR007,Dr. Deepak Sharma,Gynecology,Migraine,49.0,2024-04-28,2024-05-11,13.0,No,,,OK
DC02391,PT00613,DR007,Dr. Deepak Sharma,Gynecology,Diabetes Type 2,50.0,2024-03-07,2024-03-10,3.0,No,,,OK
DC02392,PT01311,DR003,Dr. Aarti Deshmukh,Neurology,Anemia,71.0,2024-11-30,2024-12-21,21.0,No,,,OK
DC02393,PT00248,DR010,Dr. Rohit Verma,Orthopedics,Hernia Repair,37.0,2024-05-11,2024-05-30,19.0,No,,,OK
DC02394,PT00242,DR009,Dr. Meera Pillai,Cardiology,Chest Infection,40.0,2024-09-15,2024-09-17,2.0,Yes,2024-10-10,23.0,OK
DC02395,PT00341,DR002,Dr. Suresh Patil,Orthopedics,Asthma,19.0,2024-11-25,2024-12-13,18.0,No,,,OK
DC02396,PT00317,DR001,Dr. Priya Nair,Cardiology,Diabetes Type 2,47.0,2024-10-08,2024-10-18,10.0,No,,,OK
DC02397,PT01582,DR010,Dr. Rohit Verma,Orthopedics,Anemia,58.0,2024-01-28,2024-02-11,14.0,No,,,OK
DC02398,PT00853,DR006,Dr. Kavya Iyer,Pediatrics,Anemia,71.0,2024-06-06,2024-06-18,12.0,No,,,OK
DC02399,PT00015,DR006,Dr. Kavya Iyer,Pediatrics,Stroke Recovery,69.0,2024-08-09,2024-08-10,1.0,No,,,OK
DC02400,PT00018,DR010,Dr. Rohit Verma,Orthopedics,Anemia,30.0,2024-07-05,2024-07-11,6.0,No,,,OK
DC02401,PT00267,DR003,Dr. Aarti Deshmukh,Neurology,Dengue Fever,54.0,2024-04-05,2024-04-13,8.0,No,,,OK
DC02402,PT00854,DR002,Dr. Suresh Patil,Orthopedics,Asthma,35.0,2024-08-13,2024-08-20,7.0,No,,,OK
DC02403,PT01375,DR007,Dr. Deepak Sharma,Gynecology,Fracture - Femur,18.0,2024-11-30,2024-12-09,9.0,No,,,OK
DC02404,PT00615,DR008,Dr. Anil Joshi,Emergency,Migraine,67.0,2024-11-27,2024-12-11,14.0,No,,,OK
DC02405,PT00770,DR001,Dr. Priya Nair,Cardiology,Fracture - Femur,53.0,2024-02-14,2024-02-19,5.0,No,,,OK
DC02406,PT01375,DR008,Dr. Anil Joshi,Emergency,Appendicitis,21.0,2024-07-02,2024-07-07,5.0,No,,,OK
DC02407,PT01560,DR008,Dr. Anil Joshi,Emergency,Diabetes Type 2,42.0,2024-09-29,2024-10-01,2.0,No,,,OK
DC02408,PT01651,DR005,Dr. Sunita Kulkarni,General Medicine,Asthma,31.0,2024-05-02,2024-05-17,15.0,Yes,2024-05-29,12.0,OK
DC02409,PT00778,DR001,Dr. Priya Nair,Cardiology,Dengue Fever,21.0,2024-07-24,2024-07-26,2.0,No,,,OK
DC02410,PT00930,DR006,Dr. Kavya Iyer,Pediatrics,Migraine,27.0,2024-03-15,2024-03-21,6.0,No,,,OK
DC02411,PT00624,DR009,Dr. Meera Pillai,Cardiology,Diabetes Type 2,43.0,2024-09-18,2024-10-07,19.0,Yes,2024-10-30,23.0,OK
DC02412,PT01609,DR007,Dr. Deepak Sharma,Gynecology,Anemia,72.0,2024-05-19,2024-05-24,5.0,No,,,OK
DC02413,PT01121,DR010,Dr. Rohit Verma,Orthopedics,Diabetes Type 2,61.0,2024-05-01,2024-05-12,11.0,No,,,OK
DC02414,PT00333,DR008,Dr. Anil Joshi,Emergency,Knee Replacement,32.0,2024-10-08,2024-10-24,16.0,No,,,OK
DC02415,PT01483,DR005,Dr. Sunita Kulkarni,General Medicine,Hernia Repair,41.0,2024-08-25,2024-09-07,13.0,No,,,OK
DC02416,PT01667,DR008,Dr. Anil Joshi,Emergency,Hypertension,70.0,2024-10-31,2024-11-10,10.0,Yes,2024-11-26,16.0,OK
DC02417,PT00834,DR005,Dr. Sunita Kulkarni,General Medicine,Diabetes Type 2,51.0,2024-09-22,2024-09-26,4.0,No,,,OK
DC02418,PT01186,DR002,Dr. Suresh Patil,Orthopedics,Knee Replacement,72.0,2024-10-27,2024-11-04,8.0,No,,,OK
DC02419,PT01510,DR003,Dr. Aarti Deshmukh,Neurology,Dengue Fever,83.0,2024-08-17,2024-09-06,20.0,Yes,2024-10-05,29.0,OK
DC02420,PT01531,DR001,Dr. Priya Nair,Cardiology,Dengue Fever,49.0,2024-08-10,2024-08-26,16.0,No,,,OK
DC02421,PT01278,DR007,Dr. Deepak Sharma,Gynecology,Chest Infection,67.0,2024-04-17,2024-05-02,15.0,No,,,OK
DC02422,PT01478,DR003,Dr. Aarti Deshmukh,Neurology,Fracture - Femur,28.0,2024-06-03,2024-06-23,20.0,No,,,OK
DC02423,PT01381,DR006,Dr. Kavya Iyer,Pediatrics,Hernia Repair,46.0,2024-01-01,2024-01-12,11.0,Yes,2024-02-04,23.0,OK
DC02424,PT01790,DR001,Dr. Priya Nair,Cardiology,Cataract Surgery,72.0,2024-02-22,2024-03-03,10.0,No,,,OK
DC02425,PT00170,DR009,Dr. Meera Pillai,Cardiology,Asthma,41.0,2024-10-14,2024-10-31,17.0,No,,,OK
DC02426,PT00608,DR009,Dr. Meera Pillai,Cardiology,Dengue Fever,66.0,2024-02-02,2024-02-10,8.0,Yes,2024-02-19,9.0,OK
DC02427,PT00810,DR007,Dr. Deepak Sharma,Gynecology,Migraine,56.0,2024-05-06,2024-05-25,19.0,Yes,2024-05-30,5.0,OK
DC02428,PT01039,DR005,Dr. Sunita Kulkarni,General Medicine,Heart Attack,80.0,2024-09-23,2024-09-29,6.0,No,,,OK
DC02429,PT00381,DR003,Dr. Aarti Deshmukh,Neurology,Fracture - Femur,37.0,2024-01-27,2024-01-30,3.0,No,,,OK
DC02430,PT01710,DR010,Dr. Rohit Verma,Orthopedics,Asthma,49.0,2024-07-15,2024-07-22,7.0,No,,,OK
DC02431,PT00412,DR006,Dr. Kavya Iyer,Pediatrics,Diabetes Type 2,76.0,2024-08-25,2024-08-26,1.0,No,,,OK
DC02432,PT00225,DR008,Dr. Anil Joshi,Emergency,Hypertension,68.0,2024-04-14,2024-04-29,15.0,Yes,2024-05-12,13.0,OK
DC02433,PT00877,DR010,Dr. Rohit Verma,Orthopedics,Cataract Surgery,48.0,2024-05-20,2024-05-31,11.0,No,,,OK
DC02434,PT00333,DR008,Dr. Anil Joshi,Emergency,Knee Replacement,74.0,2024-05-22,2024-05-31,9.0,No,,,OK
DC02435,PT00917,DR010,Dr. Rohit Verma,Orthopedics,Heart Attack,29.0,2024-03-09,2024-03-11,2.0,No,,,OK
DC02436,PT00344,DR004,Dr. Rajan Mehta,Oncology,Fracture - Femur,64.0,2024-11-08,2024-11-14,6.0,No,,,OK
DC02437,PT00841,DR006,Dr. Kavya Iyer,Pediatrics,Hypertension,21.0,2024-07-13,2024-07-27,14.0,No,,,OK
DC02438,PT01915,DR007,Dr. Deepak Sharma,Gynecology,Chest Infection,62.0,2024-02-18,2024-02-21,3.0,No,,,OK
DC02439,PT00211,DR009,Dr. Meera Pillai,Cardiology,Asthma,71.0,2024-01-29,2024-01-31,2.0,No,,,OK
DC02440,PT01560,DR008,Dr. Anil Joshi,Emergency,Fracture - Femur,31.0,2024-04-05,2024-04-26,21.0,Yes,2024-05-12,16.0,OK
DC02441,PT01476,DR004,Dr. Rajan Mehta,Oncology,Anemia,72.0,2024-01-18,2024-01-19,1.0,No,,,OK
DC02442,PT01085,DR003,Dr. Aarti Deshmukh,Neurology,Migraine,32.0,2024-05-04,2024-05-18,14.0,Yes,2024-06-11,24.0,OK
DC02444,PT01257,DR002,Dr. Suresh Patil,Orthopedics,Appendicitis,71.0,2024-06-18,2024-06-21,3.0,No,,,OK
DC02445,PT00669,DR004,Dr. Rajan Mehta,Oncology,Chest Infection,20.0,2024-08-29,2024-08-31,2.0,No,,,OK
DC02446,PT01856,DR001,Dr. Priya Nair,Cardiology,Cataract Surgery,24.0,2024-04-05,2024-04-06,1.0,No,,,OK
DC02447,PT00030,DR002,Dr. Suresh Patil,Orthopedics,Heart Attack,85.0,2024-10-05,2024-10-20,15.0,No,,,OK
DC02448,PT00384,DR010,Dr. Rohit Verma,Orthopedics,Dengue Fever,46.0,2024-05-14,2024-05-19,5.0,No,,,OK
DC02449,PT01324,DR004,Dr. Rajan Mehta,Oncology,Lung Cancer - Stage 2,44.0,2024-11-07,2024-11-13,6.0,No,,,OK
DC02450,PT00408,DR001,Dr. Priya Nair,Cardiology,Knee Replacement,43.0,2024-06-18,2024-07-05,17.0,Yes,2024-07-08,3.0,OK
DC02451,PT00287,DR008,Dr. Anil Joshi,Emergency,Cataract Surgery,19.0,2024-08-04,2024-08-23,19.0,No,,,OK
DC02452,PT01342,DR005,Dr. Sunita Kulkarni,General Medicine,Lung Cancer - Stage 2,47.0,2024-09-11,2024-10-02,21.0,Yes,2024-10-25,23.0,OK
DC02453,PT01720,DR008,Dr. Anil Joshi,Emergency,Cataract Surgery,19.0,2024-11-23,2024-12-11,18.0,No,,,OK
DC02454,PT00985,DR009,Dr. Meera Pillai,Cardiology,Lung Cancer - Stage 2,43.0,2024-06-22,2024-06-29,7.0,No,,,OK
DC02455,PT01590,DR008,Dr. Anil Joshi,Emergency,Anemia,76.0,2024-06-01,2024-06-09,8.0,Yes,2024-06-14,5.0,OK
DC02456,PT00094,DR004,Dr. Rajan Mehta,Oncology,Stroke Recovery,44.0,2024-07-23,2024-07-26,3.0,No,,,OK
DC02457,PT00045,DR006,Dr. Kavya Iyer,Pediatrics,Hypertension,65.0,2024-04-22,2024-04-30,8.0,No,,,OK
DC02458,PT01638,DR008,Dr. Anil Joshi,Emergency,Anemia,75.0,2024-05-27,2024-06-08,12.0,No,,,OK
DC02460,PT00484,DR003,Dr. Aarti Deshmukh,Neurology,Cataract Surgery,34.0,2024-03-06,2024-03-19,13.0,No,,,OK
DC02461,PT00267,DR003,Dr. Aarti Deshmukh,Neurology,Dengue Fever,20.0,2024-06-03,2024-06-04,1.0,No,,,OK
DC02462,PT00008,DR003,Dr. Aarti Deshmukh,Neurology,Dengue Fever,51.0,2024-05-01,2024-05-21,20.0,No,,,OK
DC02463,PT00857,DR008,Dr. Anil Joshi,Emergency,Hernia Repair,63.0,2024-10-12,2024-10-31,19.0,No,,,OK
DC02464,PT01382,DR009,Dr. Meera Pillai,Cardiology,Asthma,26.0,2024-02-16,2024-03-02,15.0,Yes,2024-03-06,4.0,OK
DC02465,PT01149,DR005,Dr. Sunita Kulkarni,General Medicine,Lung Cancer - Stage 2,31.0,2024-03-29,2024-04-04,6.0,No,,,OK
DC02466,PT01579,DR004,Dr. Rajan Mehta,Oncology,Cataract Surgery,25.0,2024-04-27,2024-04-29,2.0,No,,,OK
DC02467,PT00769,DR001,Dr. Priya Nair,Cardiology,Stroke Recovery,43.0,2024-01-15,2024-01-20,5.0,No,,,OK
DC02468,PT00375,DR001,Dr. Priya Nair,Cardiology,Knee Replacement,63.0,2024-01-13,2024-01-28,15.0,Yes,2024-01-31,3.0,OK
DC02469,PT01217,DR004,Dr. Rajan Mehta,Oncology,Diabetes Type 2,18.0,2024-09-18,2024-10-02,14.0,No,,,OK
DC02471,PT00722,DR010,Dr. Rohit Verma,Orthopedics,Appendicitis,70.0,2024-03-08,2024-03-24,16.0,No,,,OK
DC02472,PT00783,DR004,Dr. Rajan Mehta,Oncology,Cataract Surgery,59.0,2024-11-20,2024-11-26,6.0,No,,,OK
DC02474,PT01991,DR008,Dr. Anil Joshi,Emergency,Chest Infection,57.0,2024-07-20,2024-08-09,20.0,Yes,2024-08-21,12.0,OK
DC02475,PT00481,DR010,Dr. Rohit Verma,Orthopedics,Anemia,57.0,2024-10-14,2024-10-30,16.0,No,,,OK
DC02476,PT01476,DR008,Dr. Anil Joshi,Emergency,Diabetes Type 2,50.0,2024-09-20,2024-10-09,19.0,No,,,OK
DC02477,PT01623,DR009,Dr. Meera Pillai,Cardiology,Heart Attack,82.0,2024-11-17,2024-12-05,18.0,No,,,OK
DC02478,PT01117,DR006,Dr. Kavya Iyer,Pediatrics,Knee Replacement,24.0,2024-02-05,2024-02-10,5.0,Yes,2024-02-22,12.0,OK
DC02479,PT01822,DR006,Dr. Kavya Iyer,Pediatrics,Heart Attack,63.0,2024-02-17,2024-02-29,12.0,No,,,OK
DC02480,PT00065,DR004,Dr. Rajan Mehta,Oncology,Hernia Repair,84.0,2024-03-10,2024-03-14,4.0,No,,,OK
DC02481,PT01366,DR009,Dr. Meera Pillai,Cardiology,Migraine,84.0,2024-10-08,2024-10-26,18.0,Yes,2024-11-23,28.0,OK
DC02482,PT00018,DR003,Dr. Aarti Deshmukh,Neurology,Heart Attack,23.0,2024-02-05,2024-02-19,14.0,No,,,OK
DC02483,PT00418,DR007,Dr. Deepak Sharma,Gynecology,Hernia Repair,52.0,2024-03-15,2024-03-20,5.0,No,,,OK
DC02484,PT00746,DR007,Dr. Deepak Sharma,Gynecology,Diabetes Type 2,75.0,2024-07-05,2024-07-21,16.0,No,,,OK
DC02485,PT01743,DR002,Dr. Suresh Patil,Orthopedics,Fracture - Femur,53.0,2024-03-08,2024-03-23,15.0,No,,,OK
DC02486,PT00381,DR008,Dr. Anil Joshi,Emergency,Hypertension,51.0,2024-06-29,2024-07-18,19.0,No,,,OK
DC02488,PT01482,DR008,Dr. Anil Joshi,Emergency,Lung Cancer - Stage 2,26.0,2024-01-03,2024-01-23,20.0,No,,,OK
DC02489,PT01878,DR001,Dr. Priya Nair,Cardiology,Hypertension,31.0,2024-08-17,2024-08-20,3.0,Yes,2024-09-01,12.0,OK
DC02490,PT00399,DR003,Dr. Aarti Deshmukh,Neurology,Chest Infection,83.0,2024-09-17,2024-09-30,13.0,No,,,OK
DC02491,PT01985,DR002,Dr. Suresh Patil,Orthopedics,Lung Cancer - Stage 2,57.0,2024-09-25,2024-10-05,10.0,No,,,OK
DC02492,PT00140,DR003,Dr. Aarti Deshmukh,Neurology,Lung Cancer - Stage 2,70.0,2024-03-30,2024-04-04,5.0,No,,,OK
DC02493,PT01611,DR009,Dr. Meera Pillai,Cardiology,Knee Replacement,38.0,2024-03-02,2024-03-18,16.0,No,,,OK
DC02494,PT01144,DR007,Dr. Deepak Sharma,Gynecology,Appendicitis,36.0,2024-08-15,2024-09-01,17.0,No,,,OK
DC02495,PT00881,DR008,Dr. Anil Joshi,Emergency,Appendicitis,55.0,2024-07-08,2024-07-27,19.0,No,,,OK
DC02496,PT01687,DR009,Dr. Meera Pillai,Cardiology,Chest Infection,74.0,2024-06-20,2024-07-09,19.0,No,,,OK
DC02497,PT01271,DR008,Dr. Anil Joshi,Emergency,Heart Attack,84.0,2024-03-08,2024-03-18,10.0,No,,,OK
DC02498,PT00408,DR004,Dr. Rajan Mehta,Oncology,Fracture - Femur,76.0,2024-11-18,2024-12-06,18.0,No,,,OK
DC02499,PT00907,DR004,Dr. Rajan Mehta,Oncology,Knee Replacement,32.0,2024-07-16,2024-08-02,17.0,No,,,OK
DC02500,PT00456,DR007,Dr. Deepak Sharma,Gynecology,Lung Cancer - Stage 2,68.0,2024-01-25,2024-02-10,16.0,No,,,OK
DC02501,PT01378,DR009,Dr. Meera Pillai,Cardiology,Knee Replacement,57.0,2024-01-15,2024-01-31,16.0,No,,,OK
DC02502,PT00837,DR003,Dr. Aarti Deshmukh,Neurology,Heart Attack,49.0,2024-05-22,2024-05-25,3.0,No,,,OK
DC02503,PT00223,DR003,Dr. Aarti Deshmukh,Neurology,Stroke Recovery,28.0,2024-02-07,2024-02-17,10.0,No,,,OK
DC02504,PT01742,DR005,Dr. Sunita Kulkarni,General Medicine,Migraine,50.0,2024-06-24,2024-06-28,4.0,No,,,OK
DC02505,PT00116,DR009,Dr. Meera Pillai,Cardiology,Cataract Surgery,34.0,2024-07-14,2024-08-03,20.0,No,,,OK
DC02506,PT01590,DR002,Dr. Suresh Patil,Orthopedics,Chest Infection,35.0,2024-10-30,2024-11-09,10.0,No,,,OK
DC02507,PT01060,DR004,Dr. Rajan Mehta,Oncology,Chest Infection,25.0,2024-03-10,2024-03-25,15.0,No,,,OK
DC02508,PT00564,DR010,Dr. Rohit Verma,Orthopedics,Hernia Repair,55.0,2024-09-02,2024-09-15,13.0,No,,,OK
DC02509,PT01713,DR001,Dr. Priya Nair,Cardiology,Stroke Recovery,40.0,2024-03-08,2024-03-18,10.0,Yes,2024-03-30,12.0,OK
DC02510,PT01203,DR003,Dr. Aarti Deshmukh,Neurology,Migraine,76.0,2024-02-10,2024-02-14,4.0,Yes,2024-02-28,14.0,OK
DC02511,PT00028,DR010,Dr. Rohit Verma,Orthopedics,Hypertension,78.0,2024-02-18,2024-02-24,6.0,No,,,OK
DC02512,PT01102,DR005,Dr. Sunita Kulkarni,General Medicine,Cataract Surgery,74.0,2024-01-09,2024-01-15,6.0,No,,,OK
DC02513,PT00187,DR006,Dr. Kavya Iyer,Pediatrics,Knee Replacement,80.0,2024-02-29,2024-03-03,3.0,No,,,OK
DC02514,PT00707,DR007,Dr. Deepak Sharma,Gynecology,Heart Attack,70.0,2024-02-16,2024-02-28,12.0,No,,,OK
DC02516,PT01531,DR007,Dr. Deepak Sharma,Gynecology,Cataract Surgery,62.0,2024-03-22,2024-04-08,17.0,No,,,OK
DC02517,PT01000,DR005,Dr. Sunita Kulkarni,General Medicine,Dengue Fever,26.0,2024-03-28,2024-04-15,18.0,No,,,OK
DC02518,PT01567,DR002,Dr. Suresh Patil,Orthopedics,Hernia Repair,47.0,2024-04-13,2024-04-27,14.0,No,,,OK
DC02519,PT01945,DR002,Dr. Suresh Patil,Orthopedics,Diabetes Type 2,24.0,2024-03-13,2024-03-29,16.0,No,,,OK
DC02520,PT01802,DR009,Dr. Meera Pillai,Cardiology,Migraine,20.0,2024-04-14,2024-05-03,19.0,Yes,2024-05-24,21.0,OK
DC02522,PT01262,DR008,Dr. Anil Joshi,Emergency,Appendicitis,72.0,2024-08-12,2024-08-14,2.0,Yes,2024-08-17,3.0,OK
DC02523,PT00656,DR008,Dr. Anil Joshi,Emergency,Fracture - Femur,29.0,2024-08-05,2024-08-26,21.0,Yes,2024-08-29,3.0,OK
DC02524,PT00090,DR006,Dr. Kavya Iyer,Pediatrics,Lung Cancer - Stage 2,71.0,2024-03-20,2024-04-07,18.0,No,,,OK
DC02525,PT01032,DR006,Dr. Kavya Iyer,Pediatrics,Diabetes Type 2,51.0,2024-08-14,2024-08-24,10.0,No,,,OK
DC02526,PT01906,DR009,Dr. Meera Pillai,Cardiology,Hernia Repair,41.0,2024-03-07,2024-03-18,11.0,No,,,OK
DC02527,PT00468,DR008,Dr. Anil Joshi,Emergency,Stroke Recovery,25.0,2024-05-05,2024-05-23,18.0,No,,,OK
DC02528,PT01231,DR009,Dr. Meera Pillai,Cardiology,Dengue Fever,44.0,2024-01-23,2024-02-02,10.0,No,,,OK
DC02529,PT00221,DR001,Dr. Priya Nair,Cardiology,Chest Infection,63.0,2024-11-01,2024-11-22,21.0,Yes,2024-12-20,28.0,OK
DC02530,PT01054,DR007,Dr. Deepak Sharma,Gynecology,Anemia,73.0,2024-08-27,2024-08-31,4.0,No,,,OK
DC02531,PT00462,DR009,Dr. Meera Pillai,Cardiology,Knee Replacement,41.0,2024-02-24,2024-02-26,2.0,Yes,2024-03-19,22.0,OK
DC02532,PT01233,DR003,Dr. Aarti Deshmukh,Neurology,Diabetes Type 2,62.0,2024-07-14,2024-08-01,18.0,No,,,OK
DC02533,PT01721,DR010,Dr. Rohit Verma,Orthopedics,Lung Cancer - Stage 2,42.0,2024-08-24,2024-09-13,20.0,No,,,OK
DC02534,PT01991,DR005,Dr. Sunita Kulkarni,General Medicine,Cataract Surgery,19.0,2024-07-19,2024-08-08,20.0,No,,,OK
DC02535,PT00073,DR004,Dr. Rajan Mehta,Oncology,Cataract Surgery,37.0,2024-04-29,2024-05-16,17.0,No,,,OK
DC02536,PT01293,DR003,Dr. Aarti Deshmukh,Neurology,Knee Replacement,45.0,2024-05-02,2024-05-14,12.0,No,,,OK
DC02537,PT01418,DR001,Dr. Priya Nair,Cardiology,Chest Infection,58.0,2024-11-09,2024-11-14,5.0,Yes,2024-11-19,5.0,OK
DC02538,PT01097,DR008,Dr. Anil Joshi,Emergency,Knee Replacement,69.0,2024-01-24,2024-02-07,14.0,No,,,OK
DC02539,PT00998,DR008,Dr. Anil Joshi,Emergency,Anemia,33.0,2024-09-15,2024-10-01,16.0,Yes,2024-10-04,3.0,OK
DC02540,PT00432,DR010,Dr. Rohit Verma,Orthopedics,Fracture - Femur,23.0,2024-03-08,2024-03-09,1.0,No,,,OK
DC02541,PT01041,DR010,Dr. Rohit Verma,Orthopedics,Anemia,74.0,2024-07-11,2024-07-23,12.0,No,,,OK
DC02542,PT00497,DR007,Dr. Deepak Sharma,Gynecology,Fracture - Femur,73.0,2024-11-23,2024-11-24,1.0,No,,,OK
DC02543,PT00734,DR001,Dr. Priya Nair,Cardiology,Hypertension,27.0,2024-04-21,2024-05-08,17.0,No,,,OK
DC02545,PT01541,DR006,Dr. Kavya Iyer,Pediatrics,Heart Attack,65.0,2024-09-29,2024-10-06,7.0,No,,,OK
DC02546,PT01137,DR005,Dr. Sunita Kulkarni,General Medicine,Migraine,60.0,2024-04-04,2024-04-15,11.0,No,,,OK
DC02547,PT01505,DR008,Dr. Anil Joshi,Emergency,Anemia,75.0,2024-06-03,2024-06-10,7.0,No,,,OK
DC02548,PT00383,DR006,Dr. Kavya Iyer,Pediatrics,Fracture - Femur,33.0,2024-10-19,2024-11-05,17.0,No,,,OK
DC02549,PT00474,DR006,Dr. Kavya Iyer,Pediatrics,Knee Replacement,42.0,2024-05-13,2024-05-27,14.0,No,,,OK
DC02550,PT00672,DR010,Dr. Rohit Verma,Orthopedics,Cataract Surgery,51.0,2024-10-24,2024-10-25,1.0,No,,,OK
DC02551,PT01906,DR004,Dr. Rajan Mehta,Oncology,Cataract Surgery,83.0,2024-10-20,2024-10-31,11.0,Yes,2024-11-26,26.0,OK
DC02552,PT00573,DR005,Dr. Sunita Kulkarni,General Medicine,Cataract Surgery,57.0,2024-07-04,2024-07-20,16.0,No,,,OK
DC02553,PT01291,DR002,Dr. Suresh Patil,Orthopedics,Knee Replacement,69.0,2024-03-20,2024-04-07,18.0,No,,,OK
DC02554,PT01792,DR009,Dr. Meera Pillai,Cardiology,Knee Replacement,73.0,2024-02-22,2024-02-24,2.0,Yes,2024-03-10,15.0,OK
DC02555,PT00088,DR001,Dr. Priya Nair,Cardiology,Heart Attack,61.0,2024-08-22,2024-08-30,8.0,No,,,OK
DC02556,PT00722,DR008,Dr. Anil Joshi,Emergency,Hypertension,54.0,2024-11-26,2024-12-06,10.0,No,,,OK
DC02557,PT00572,DR004,Dr. Rajan Mehta,Oncology,Migraine,61.0,2024-01-10,2024-01-16,6.0,No,,,OK
DC02558,PT01694,DR006,Dr. Kavya Iyer,Pediatrics,Cataract Surgery,46.0,2024-08-15,2024-08-22,7.0,No,,,OK
DC02559,PT01114,DR006,Dr. Kavya Iyer,Pediatrics,Chest Infection,68.0,2024-01-23,2024-01-28,5.0,No,,,OK
DC02560,PT00225,DR005,Dr. Sunita Kulkarni,General Medicine,Migraine,45.0,2024-05-01,2024-05-12,11.0,No,,,OK
DC02561,PT00835,DR010,Dr. Rohit Verma,Orthopedics,Hernia Repair,38.0,2024-03-03,2024-03-18,15.0,No,,,OK
DC02562,PT01267,DR009,Dr. Meera Pillai,Cardiology,Hernia Repair,44.0,2024-09-14,2024-10-04,20.0,No,,,OK
DC02563,PT00707,DR003,Dr. Aarti Deshmukh,Neurology,Fracture - Femur,77.0,2024-09-04,2024-09-11,7.0,No,,,OK
DC02564,PT00617,DR005,Dr. Sunita Kulkarni,General Medicine,Anemia,20.0,2024-09-10,2024-09-28,18.0,No,,,OK
DC02565,PT00103,DR010,Dr. Rohit Verma,Orthopedics,Hypertension,61.0,2024-02-01,2024-02-07,6.0,No,,,OK
DC02566,PT01776,DR008,Dr. Anil Joshi,Emergency,Stroke Recovery,20.0,2024-02-26,2024-03-04,7.0,Yes,2024-04-01,28.0,OK
DC02568,PT01992,DR002,Dr. Suresh Patil,Orthopedics,Appendicitis,64.0,2024-05-22,2024-06-06,15.0,No,,,OK
DC02569,PT01831,DR004,Dr. Rajan Mehta,Oncology,Stroke Recovery,66.0,2024-09-12,2024-09-15,3.0,No,,,OK
DC02570,PT01810,DR002,Dr. Suresh Patil,Orthopedics,Hernia Repair,59.0,2024-05-27,2024-06-09,13.0,No,,,OK
DC02571,PT00422,DR003,Dr. Aarti Deshmukh,Neurology,Migraine,68.0,2024-03-26,2024-03-27,1.0,No,,,OK
DC02572,PT00061,DR002,Dr. Suresh Patil,Orthopedics,Dengue Fever,79.0,2024-02-10,2024-02-25,15.0,No,,,OK
DC02573,PT01735,DR005,Dr. Sunita Kulkarni,General Medicine,Fracture - Femur,19.0,2024-11-23,2024-11-25,2.0,No,,,OK
DC02574,PT01879,DR001,Dr. Priya Nair,Cardiology,Diabetes Type 2,60.0,2024-08-19,2024-09-04,16.0,No,,,OK
DC02575,PT01216,DR001,Dr. Priya Nair,Cardiology,Dengue Fever,46.0,2024-04-01,2024-04-08,7.0,No,,,OK
DC02576,PT00037,DR008,Dr. Anil Joshi,Emergency,Heart Attack,71.0,2024-11-18,2024-11-19,1.0,No,,,OK
DC02577,PT00658,DR003,Dr. Aarti Deshmukh,Neurology,Fracture - Femur,49.0,2024-04-15,2024-05-04,19.0,No,,,OK
DC02579,PT00885,DR003,Dr. Aarti Deshmukh,Neurology,Asthma,52.0,2024-05-29,2024-06-07,9.0,No,,,OK
DC02580,PT01001,DR001,Dr. Priya Nair,Cardiology,Stroke Recovery,54.0,2024-05-13,2024-05-14,1.0,No,,,OK
DC02581,PT00091,DR003,Dr. Aarti Deshmukh,Neurology,Asthma,55.0,2024-08-21,2024-09-11,21.0,No,,,OK
DC02582,PT01756,DR010,Dr. Rohit Verma,Orthopedics,Diabetes Type 2,53.0,2024-07-13,2024-07-25,12.0,No,,,OK
DC02583,PT00113,DR010,Dr. Rohit Verma,Orthopedics,Asthma,81.0,2024-06-10,2024-06-15,5.0,No,,,OK
DC02584,PT00920,DR003,Dr. Aarti Deshmukh,Neurology,Chest Infection,42.0,2024-02-01,2024-02-21,20.0,No,,,OK
DC02585,PT00045,DR003,Dr. Aarti Deshmukh,Neurology,Hypertension,41.0,2024-08-01,2024-08-19,18.0,No,,,OK
DC02586,PT01045,DR005,Dr. Sunita Kulkarni,General Medicine,Chest Infection,32.0,2024-03-23,2024-04-10,18.0,No,,,OK
DC02587,PT00916,DR006,Dr. Kavya Iyer,Pediatrics,Hernia Repair,36.0,2024-03-17,2024-03-25,8.0,No,,,OK
DC02588,PT00232,DR002,Dr. Suresh Patil,Orthopedics,Anemia,18.0,2024-07-30,2024-08-05,6.0,No,,,OK
DC02589,PT01625,DR006,Dr. Kavya Iyer,Pediatrics,Diabetes Type 2,68.0,2024-05-04,2024-05-06,2.0,No,,,OK
DC02590,PT00835,DR005,Dr. Sunita Kulkarni,General Medicine,Asthma,80.0,2024-11-09,2024-11-25,16.0,Yes,2024-11-28,3.0,OK
DC02591,PT00730,DR006,Dr. Kavya Iyer,Pediatrics,Chest Infection,50.0,2024-03-10,2024-03-26,16.0,No,,,OK
DC02593,PT01730,DR010,Dr. Rohit Verma,Orthopedics,Hypertension,56.0,2024-08-10,2024-08-21,11.0,No,,,OK
DC02594,PT00301,DR005,Dr. Sunita Kulkarni,General Medicine,Hypertension,84.0,2024-11-10,2024-11-27,17.0,No,,,OK
DC02595,PT00222,DR009,Dr. Meera Pillai,Cardiology,Hernia Repair,19.0,2024-08-15,2024-08-17,2.0,No,,,OK
DC02596,PT00026,DR001,Dr. Priya Nair,Cardiology,Appendicitis,23.0,2024-02-16,2024-03-05,18.0,Yes,2024-03-09,4.0,OK
DC02597,PT01844,DR008,Dr. Anil Joshi,Emergency,Fracture - Femur,32.0,2024-06-11,2024-06-17,6.0,No,,,OK
DC02598,PT00323,DR005,Dr. Sunita Kulkarni,General Medicine,Heart Attack,63.0,2024-05-23,2024-06-02,10.0,No,,,OK
DC02599,PT00935,DR009,Dr. Meera Pillai,Cardiology,Cataract Surgery,30.0,2024-09-19,2024-10-08,19.0,No,,,OK
DC02600,PT01198,DR008,Dr. Anil Joshi,Emergency,Fracture - Femur,57.0,2024-07-04,2024-07-08,4.0,Yes,2024-08-02,25.0,OK
DC02602,PT00660,DR003,Dr. Aarti Deshmukh,Neurology,Cataract Surgery,49.0,2024-05-03,2024-05-09,6.0,Yes,2024-05-31,22.0,OK
DC02603,PT00070,DR005,Dr. Sunita Kulkarni,General Medicine,Migraine,45.0,2024-02-21,2024-03-08,16.0,No,,,OK
DC02604,PT01797,DR008,Dr. Anil Joshi,Emergency,Diabetes Type 2,70.0,2024-09-18,2024-09-28,10.0,No,,,OK
DC02605,PT01330,DR005,Dr. Sunita Kulkarni,General Medicine,Dengue Fever,44.0,2024-01-27,2024-02-17,21.0,No,,,OK
DC02606,PT01815,DR007,Dr. Deepak Sharma,Gynecology,Heart Attack,78.0,2024-01-19,2024-01-31,12.0,No,,,OK
DC02607,PT00146,DR006,Dr. Kavya Iyer,Pediatrics,Hernia Repair,70.0,2024-07-30,2024-08-15,16.0,No,,,OK
DC02608,PT01090,DR003,Dr. Aarti Deshmukh,Neurology,Appendicitis,30.0,2024-04-29,2024-04-30,1.0,No,,,OK
DC02610,PT00726,DR005,Dr. Sunita Kulkarni,General Medicine,Migraine,65.0,2024-09-09,2024-09-21,12.0,Yes,2024-10-20,29.0,OK
DC02611,PT01920,DR003,Dr. Aarti Deshmukh,Neurology,Knee Replacement,27.0,2024-11-07,2024-11-26,19.0,No,,,OK
DC02612,PT01287,DR001,Dr. Priya Nair,Cardiology,Dengue Fever,28.0,2024-02-04,2024-02-23,19.0,No,,,OK
DC02613,PT01078,DR003,Dr. Aarti Deshmukh,Neurology,Hernia Repair,32.0,2024-09-06,2024-09-21,15.0,No,,,OK
DC02614,PT01298,DR009,Dr. Meera Pillai,Cardiology,Fracture - Femur,33.0,2024-07-22,2024-08-05,14.0,Yes,2024-08-30,25.0,OK
DC02615,PT01490,DR005,Dr. Sunita Kulkarni,General Medicine,Lung Cancer - Stage 2,66.0,2024-02-25,2024-03-08,12.0,No,,,OK
DC02616,PT01805,DR008,Dr. Anil Joshi,Emergency,Cataract Surgery,85.0,2024-06-20,2024-07-10,20.0,Yes,2024-07-30,20.0,OK
DC02617,PT01942,DR002,Dr. Suresh Patil,Orthopedics,Anemia,41.0,2024-01-08,2024-01-12,4.0,No,,,OK
DC02618,PT00649,DR008,Dr. Anil Joshi,Emergency,Cataract Surgery,39.0,2024-04-06,2024-04-17,11.0,No,,,OK
DC02619,PT01960,DR005,Dr. Sunita Kulkarni,General Medicine,Hernia Repair,28.0,2024-11-17,2024-12-06,19.0,No,,,OK
DC02620,PT00294,DR008,Dr. Anil Joshi,Emergency,Lung Cancer - Stage 2,63.0,2024-01-29,2024-02-07,9.0,No,,,OK
DC02621,PT00365,DR010,Dr. Rohit Verma,Orthopedics,Hypertension,40.0,2024-05-01,2024-05-18,17.0,No,,,OK
DC02622,PT00380,DR010,Dr. Rohit Verma,Orthopedics,Dengue Fever,46.0,2024-03-08,2024-03-21,13.0,No,,,OK
DC02623,PT01227,DR006,Dr. Kavya Iyer,Pediatrics,Diabetes Type 2,28.0,2024-02-05,2024-02-12,7.0,No,,,OK
DC02624,PT01947,DR007,Dr. Deepak Sharma,Gynecology,Diabetes Type 2,50.0,2024-06-28,2024-07-16,18.0,No,,,OK
DC02625,PT01109,DR008,Dr. Anil Joshi,Emergency,Heart Attack,38.0,2024-05-31,2024-06-06,6.0,Yes,2024-06-26,20.0,OK
DC02626,PT01431,DR004,Dr. Rajan Mehta,Oncology,Knee Replacement,62.0,2024-11-15,2024-12-01,16.0,No,,,OK
DC02627,PT00907,DR002,Dr. Suresh Patil,Orthopedics,Heart Attack,52.0,2024-10-01,2024-10-04,3.0,No,,,OK
DC02628,PT01308,DR008,Dr. Anil Joshi,Emergency,Asthma,31.0,2024-05-16,2024-06-02,17.0,No,,,OK
DC02629,PT01571,DR006,Dr. Kavya Iyer,Pediatrics,Knee Replacement,73.0,2024-10-30,2024-11-15,16.0,No,,,OK
DC02630,PT01539,DR007,Dr. Deepak Sharma,Gynecology,Anemia,37.0,2024-06-11,2024-06-15,4.0,No,,,OK
DC02631,PT01406,DR009,Dr. Meera Pillai,Cardiology,Hernia Repair,37.0,2024-07-23,2024-08-12,20.0,No,,,OK
DC02632,PT01699,DR001,Dr. Priya Nair,Cardiology,Stroke Recovery,68.0,2024-11-13,2024-11-17,4.0,Yes,2024-11-24,7.0,OK
DC02633,PT00208,DR008,Dr. Anil Joshi,Emergency,Hypertension,55.0,2024-06-02,2024-06-03,1.0,No,,,OK
DC02634,PT00962,DR004,Dr. Rajan Mehta,Oncology,Fracture - Femur,24.0,2024-06-02,2024-06-19,17.0,No,,,OK
DC02635,PT00263,DR001,Dr. Priya Nair,Cardiology,Fracture - Femur,79.0,2024-05-03,2024-05-22,19.0,No,,,OK
DC02636,PT01979,DR002,Dr. Suresh Patil,Orthopedics,Appendicitis,58.0,2024-03-07,2024-03-26,19.0,No,,,OK
DC02637,PT00981,DR002,Dr. Suresh Patil,Orthopedics,Dengue Fever,73.0,2024-07-21,2024-08-06,16.0,No,,,OK
DC02638,PT00788,DR001,Dr. Priya Nair,Cardiology,Appendicitis,61.0,2024-05-16,2024-06-03,18.0,No,,,OK
DC02639,PT01108,DR005,Dr. Sunita Kulkarni,General Medicine,Migraine,52.0,2024-11-19,2024-11-29,10.0,No,,,OK
DC02640,PT01263,DR009,Dr. Meera Pillai,Cardiology,Anemia,63.0,2024-07-25,2024-08-04,10.0,Yes,2024-08-20,16.0,OK
DC02641,PT00219,DR003,Dr. Aarti Deshmukh,Neurology,Appendicitis,81.0,2024-06-17,2024-06-23,6.0,No,,,OK
DC02642,PT00487,DR002,Dr. Suresh Patil,Orthopedics,Chest Infection,58.0,2024-07-07,2024-07-13,6.0,No,,,OK
DC02643,PT00436,DR003,Dr. Aarti Deshmukh,Neurology,Diabetes Type 2,66.0,2024-02-10,2024-02-15,5.0,No,,,OK
DC02644,PT00049,DR007,Dr. Deepak Sharma,Gynecology,Stroke Recovery,85.0,2024-06-01,2024-06-12,11.0,No,,,OK
DC02645,PT00993,DR002,Dr. Suresh Patil,Orthopedics,Hypertension,66.0,2024-05-27,2024-06-08,12.0,No,,,OK
DC02646,PT01879,DR004,Dr. Rajan Mehta,Oncology,Lung Cancer - Stage 2,41.0,2024-03-31,2024-04-10,10.0,No,,,OK
DC02647,PT00972,DR001,Dr. Priya Nair,Cardiology,Cataract Surgery,35.0,2024-01-09,2024-01-20,11.0,No,,,OK
DC02648,PT01972,DR003,Dr. Aarti Deshmukh,Neurology,Chest Infection,33.0,2024-09-30,2024-10-13,13.0,No,,,OK
DC02649,PT01124,DR005,Dr. Sunita Kulkarni,General Medicine,Heart Attack,51.0,2024-09-13,2024-09-28,15.0,No,,,OK
DC02650,PT00240,DR003,Dr. Aarti Deshmukh,Neurology,Diabetes Type 2,78.0,2024-07-11,2024-07-16,5.0,No,,,OK
DC02651,PT00068,DR001,Dr. Priya Nair,Cardiology,Appendicitis,46.0,2024-02-18,2024-02-22,4.0,No,,,OK
DC02652,PT01368,DR008,Dr. Anil Joshi,Emergency,Migraine,19.0,2024-05-25,2024-06-12,18.0,Yes,2024-07-07,25.0,OK
DC02653,PT00492,DR006,Dr. Kavya Iyer,Pediatrics,Hernia Repair,50.0,2024-09-21,2024-10-12,21.0,No,,,OK
DC02654,PT01988,DR009,Dr. Meera Pillai,Cardiology,Lung Cancer - Stage 2,75.0,2024-07-19,2024-07-21,2.0,No,,,OK
DC02655,PT01070,DR002,Dr. Suresh Patil,Orthopedics,Chest Infection,73.0,2024-06-16,2024-06-27,11.0,No,,,OK
DC02656,PT01627,DR005,Dr. Sunita Kulkarni,General Medicine,Fracture - Femur,32.0,2024-11-26,2024-12-07,11.0,No,,,OK
DC02657,PT00657,DR009,Dr. Meera Pillai,Cardiology,Lung Cancer - Stage 2,84.0,2024-07-20,2024-08-01,12.0,No,,,OK
DC02658,PT00694,DR008,Dr. Anil Joshi,Emergency,Diabetes Type 2,64.0,2024-08-17,2024-08-31,14.0,Yes,2024-09-29,29.0,OK
DC02659,PT00554,DR001,Dr. Priya Nair,Cardiology,Anemia,77.0,2024-05-18,2024-06-02,15.0,No,,,OK
DC02661,PT01760,DR005,Dr. Sunita Kulkarni,General Medicine,Migraine,24.0,2024-07-11,2024-07-20,9.0,No,,,OK
DC02662,PT00885,DR002,Dr. Suresh Patil,Orthopedics,Anemia,75.0,2024-09-25,2024-10-06,11.0,No,,,OK
DC02663,PT00235,DR007,Dr. Deepak Sharma,Gynecology,Lung Cancer - Stage 2,22.0,2024-03-25,2024-04-15,21.0,No,,,OK
DC02664,PT01076,DR003,Dr. Aarti Deshmukh,Neurology,Migraine,50.0,2024-11-05,2024-11-16,11.0,No,,,OK
DC02665,PT01929,DR002,Dr. Suresh Patil,Orthopedics,Asthma,64.0,2024-03-11,2024-03-15,4.0,No,,,OK
DC02666,PT01152,DR002,Dr. Suresh Patil,Orthopedics,Migraine,50.0,2024-08-30,2024-09-18,19.0,No,,,OK
DC02667,PT00208,DR008,Dr. Anil Joshi,Emergency,Fracture - Femur,24.0,2024-01-14,2024-01-27,13.0,No,,,OK
DC02668,PT00126,DR002,Dr. Suresh Patil,Orthopedics,Dengue Fever,66.0,2024-11-20,2024-11-28,8.0,No,,,OK
DC02669,PT01416,DR007,Dr. Deepak Sharma,Gynecology,Heart Attack,51.0,2024-06-22,2024-06-25,3.0,No,,,OK
DC02670,PT00377,DR010,Dr. Rohit Verma,Orthopedics,Appendicitis,62.0,2024-10-19,2024-10-21,2.0,No,,,OK
DC02671,PT01194,DR003,Dr. Aarti Deshmukh,Neurology,Appendicitis,41.0,2024-08-30,2024-09-03,4.0,No,,,OK
DC02672,PT00605,DR008,Dr. Anil Joshi,Emergency,Appendicitis,49.0,2024-01-30,2024-02-16,17.0,No,,,OK
DC02673,PT00861,DR001,Dr. Priya Nair,Cardiology,Hypertension,76.0,2024-09-06,2024-09-25,19.0,No,,,OK
DC02674,PT01673,DR007,Dr. Deepak Sharma,Gynecology,Anemia,52.0,2024-06-28,2024-07-11,13.0,No,,,OK
DC02675,PT00696,DR010,Dr. Rohit Verma,Orthopedics,Stroke Recovery,82.0,2024-05-06,2024-05-15,9.0,No,,,OK
DC02676,PT00257,DR003,Dr. Aarti Deshmukh,Neurology,Hypertension,72.0,2024-11-09,2024-11-24,15.0,No,,,OK
DC02677,PT01841,DR006,Dr. Kavya Iyer,Pediatrics,Heart Attack,71.0,2024-11-11,2024-11-22,11.0,No,,,OK
DC02678,PT00443,DR004,Dr. Rajan Mehta,Oncology,Lung Cancer - Stage 2,48.0,2024-03-03,2024-03-08,5.0,No,,,OK
DC02679,PT00494,DR008,Dr. Anil Joshi,Emergency,Chest Infection,71.0,2024-04-05,2024-04-18,13.0,No,,,OK
DC02680,PT00784,DR010,Dr. Rohit Verma,Orthopedics,Diabetes Type 2,51.0,2024-04-06,2024-04-26,20.0,No,,,OK
DC02681,PT00802,DR007,Dr. Deepak Sharma,Gynecology,Cataract Surgery,45.0,2024-02-15,2024-02-28,13.0,No,,,OK
DC02682,PT00311,DR003,Dr. Aarti Deshmukh,Neurology,Chest Infection,59.0,2024-03-01,2024-03-07,6.0,No,,,OK
DC02683,PT00368,DR005,Dr. Sunita Kulkarni,General Medicine,Appendicitis,66.0,2024-11-20,2024-11-22,2.0,No,,,OK
DC02684,PT01079,DR006,Dr. Kavya Iyer,Pediatrics,Chest Infection,22.0,2024-05-19,2024-05-25,6.0,No,,,OK
DC02685,PT01250,DR007,Dr. Deepak Sharma,Gynecology,Hypertension,51.0,2024-01-29,2024-02-14,16.0,No,,,OK
DC02686,PT00822,DR002,Dr. Suresh Patil,Orthopedics,Cataract Surgery,41.0,2024-09-06,2024-09-21,15.0,No,,,OK
DC02687,PT00149,DR002,Dr. Suresh Patil,Orthopedics,Stroke Recovery,73.0,2024-06-02,2024-06-20,18.0,No,,,OK
DC02688,PT00231,DR001,Dr. Priya Nair,Cardiology,Stroke Recovery,35.0,2024-04-05,2024-04-07,2.0,Yes,2024-04-10,3.0,OK
DC02689,PT00170,DR006,Dr. Kavya Iyer,Pediatrics,Dengue Fever,57.0,2024-11-17,2024-11-28,11.0,No,,,OK
DC02690,PT00513,DR001,Dr. Priya Nair,Cardiology,Heart Attack,54.0,2024-01-03,2024-01-23,20.0,Yes,2024-02-04,12.0,OK
DC02691,PT00144,DR002,Dr. Suresh Patil,Orthopedics,Dengue Fever,77.0,2024-07-10,2024-07-27,17.0,No,,,OK
DC02692,PT01934,DR007,Dr. Deepak Sharma,Gynecology,Heart Attack,23.0,2024-04-28,2024-05-07,9.0,No,,,OK
DC02693,PT00075,DR001,Dr. Priya Nair,Cardiology,Chest Infection,47.0,2024-08-24,2024-08-30,6.0,No,,,OK
DC02694,PT01040,DR003,Dr. Aarti Deshmukh,Neurology,Stroke Recovery,70.0,2024-04-22,2024-04-26,4.0,No,,,OK
DC02695,PT00851,DR009,Dr. Meera Pillai,Cardiology,Diabetes Type 2,57.0,2024-08-27,2024-09-07,11.0,No,,,OK
DC02696,PT01466,DR004,Dr. Rajan Mehta,Oncology,Stroke Recovery,30.0,2024-06-25,2024-06-30,5.0,No,,,OK
DC02697,PT00345,DR005,Dr. Sunita Kulkarni,General Medicine,Cataract Surgery,68.0,2024-09-10,2024-09-20,10.0,No,,,OK
DC02698,PT00272,DR008,Dr. Anil Joshi,Emergency,Diabetes Type 2,63.0,2024-10-09,2024-10-21,12.0,No,,,OK
DC02699,PT01456,DR010,Dr. Rohit Verma,Orthopedics,Fracture - Femur,20.0,2024-11-02,2024-11-17,15.0,No,,,OK
DC02700,PT01049,DR007,Dr. Deepak Sharma,Gynecology,Cataract Surgery,46.0,2024-08-29,2024-09-18,20.0,No,,,OK
DC02701,PT00617,DR010,Dr. Rohit Verma,Orthopedics,Dengue Fever,41.0,2024-06-17,2024-07-03,16.0,Yes,2024-07-07,4.0,OK
DC02702,PT00620,DR009,Dr. Meera Pillai,Cardiology,Cataract Surgery,51.0,2024-02-19,2024-02-23,4.0,No,,,OK
DC02703,PT01737,DR010,Dr. Rohit Verma,Orthopedics,Heart Attack,27.0,2024-04-26,2024-05-04,8.0,No,,,OK
DC02704,PT00592,DR010,Dr. Rohit Verma,Orthopedics,Knee Replacement,35.0,2024-04-20,2024-05-01,11.0,No,,,OK
DC02705,PT00091,DR005,Dr. Sunita Kulkarni,General Medicine,Diabetes Type 2,41.0,2024-08-25,2024-09-07,13.0,No,,,OK
DC02706,PT01935,DR002,Dr. Suresh Patil,Orthopedics,Hernia Repair,18.0,2024-01-04,2024-01-12,8.0,No,,,OK
DC02707,PT00086,DR005,Dr. Sunita Kulkarni,General Medicine,Hypertension,77.0,2024-04-26,2024-05-16,20.0,No,,,OK
DC02708,PT01862,DR009,Dr. Meera Pillai,Cardiology,Hypertension,22.0,2024-08-11,2024-08-31,20.0,Yes,2024-09-29,29.0,OK
DC02709,PT01325,DR009,Dr. Meera Pillai,Cardiology,Knee Replacement,32.0,2024-02-05,2024-02-25,20.0,Yes,2024-03-11,15.0,OK
DC02710,PT00131,DR009,Dr. Meera Pillai,Cardiology,Chest Infection,71.0,2024-01-11,2024-01-14,3.0,No,,,OK
DC02711,PT01684,DR001,Dr. Priya Nair,Cardiology,Dengue Fever,81.0,2024-11-09,2024-11-21,12.0,No,,,OK
DC02712,PT00152,DR004,Dr. Rajan Mehta,Oncology,Lung Cancer - Stage 2,61.0,2024-04-23,2024-04-26,3.0,No,,,OK
DC02713,PT01198,DR004,Dr. Rajan Mehta,Oncology,Dengue Fever,37.0,2024-03-09,2024-03-26,17.0,No,,,OK
DC02714,PT00497,DR005,Dr. Sunita Kulkarni,General Medicine,Cataract Surgery,72.0,2024-09-01,2024-09-07,6.0,No,,,OK
DC02715,PT01563,DR004,Dr. Rajan Mehta,Oncology,Dengue Fever,58.0,2024-02-18,2024-03-03,14.0,No,,,OK
DC02716,PT00906,DR004,Dr. Rajan Mehta,Oncology,Hypertension,35.0,2024-10-05,2024-10-21,16.0,No,,,OK
DC02717,PT01538,DR001,Dr. Priya Nair,Cardiology,Hypertension,54.0,2024-03-25,2024-04-06,12.0,Yes,2024-05-01,25.0,OK
DC02718,PT01956,DR007,Dr. Deepak Sharma,Gynecology,Asthma,64.0,2024-08-20,2024-09-03,14.0,No,,,OK
DC02719,PT01449,DR006,Dr. Kavya Iyer,Pediatrics,Migraine,32.0,2024-04-22,2024-04-28,6.0,No,,,OK
DC02721,PT01901,DR009,Dr. Meera Pillai,Cardiology,Knee Replacement,48.0,2024-05-10,2024-05-11,1.0,Yes,2024-05-19,8.0,OK
DC02722,PT00634,DR004,Dr. Rajan Mehta,Oncology,Appendicitis,65.0,2024-05-19,2024-05-29,10.0,No,,,OK
DC02723,PT01332,DR001,Dr. Priya Nair,Cardiology,Appendicitis,58.0,2024-08-06,2024-08-25,19.0,No,,,OK
DC02724,PT00039,DR007,Dr. Deepak Sharma,Gynecology,Appendicitis,70.0,2024-06-03,2024-06-13,10.0,No,,,OK
DC02725,PT01183,DR003,Dr. Aarti Deshmukh,Neurology,Heart Attack,19.0,2024-04-28,2024-04-30,2.0,No,,,OK
DC02726,PT01184,DR003,Dr. Aarti Deshmukh,Neurology,Cataract Surgery,55.0,2024-10-01,2024-10-10,9.0,No,,,OK
DC02727,PT01723,DR003,Dr. Aarti Deshmukh,Neurology,Hernia Repair,36.0,2024-11-12,2024-11-29,17.0,No,,,OK
DC02728,PT01402,DR005,Dr. Sunita Kulkarni,General Medicine,Lung Cancer - Stage 2,19.0,2024-01-16,2024-01-18,2.0,Yes,2024-01-31,13.0,OK
DC02729,PT00991,DR008,Dr. Anil Joshi,Emergency,Dengue Fever,73.0,2024-01-26,2024-02-03,8.0,No,,,OK
DC02730,PT00276,DR003,Dr. Aarti Deshmukh,Neurology,Hernia Repair,70.0,2024-02-28,2024-03-12,13.0,No,,,OK
DC02731,PT00886,DR010,Dr. Rohit Verma,Orthopedics,Fracture - Femur,47.0,2024-10-25,2024-11-09,15.0,No,,,OK
DC02732,PT01982,DR004,Dr. Rajan Mehta,Oncology,Hernia Repair,34.0,2024-07-03,2024-07-19,16.0,No,,,OK
DC02733,PT00260,DR007,Dr. Deepak Sharma,Gynecology,Hypertension,54.0,2024-07-03,2024-07-18,15.0,No,,,OK
DC02734,PT00049,DR001,Dr. Priya Nair,Cardiology,Diabetes Type 2,57.0,2024-07-07,2024-07-17,10.0,No,,,OK
DC02735,PT00482,DR008,Dr. Anil Joshi,Emergency,Asthma,52.0,2024-10-18,2024-11-05,18.0,No,,,OK
DC02736,PT01656,DR004,Dr. Rajan Mehta,Oncology,Knee Replacement,24.0,2024-09-22,2024-10-08,16.0,No,,,OK
DC02737,PT00139,DR008,Dr. Anil Joshi,Emergency,Anemia,35.0,2024-04-30,2024-05-05,5.0,No,,,OK
DC02738,PT01475,DR006,Dr. Kavya Iyer,Pediatrics,Fracture - Femur,40.0,2024-04-27,2024-05-03,6.0,No,,,OK
DC02739,PT00076,DR002,Dr. Suresh Patil,Orthopedics,Fracture - Femur,36.0,2024-07-02,2024-07-12,10.0,No,,,OK
DC02740,PT01957,DR004,Dr. Rajan Mehta,Oncology,Knee Replacement,28.0,2024-01-31,2024-02-20,20.0,No,,,OK
DC02741,PT01272,DR001,Dr. Priya Nair,Cardiology,Heart Attack,84.0,2024-08-02,2024-08-05,3.0,Yes,2024-08-18,13.0,OK
DC02742,PT01047,DR006,Dr. Kavya Iyer,Pediatrics,Fracture - Femur,35.0,2024-04-10,2024-04-11,1.0,No,,,OK
DC02743,PT00596,DR009,Dr. Meera Pillai,Cardiology,Lung Cancer - Stage 2,28.0,2024-09-02,2024-09-17,15.0,Yes,2024-10-05,18.0,OK
DC02744,PT00100,DR010,Dr. Rohit Verma,Orthopedics,Knee Replacement,74.0,2024-03-03,2024-03-11,8.0,Yes,2024-03-30,19.0,OK
DC02745,PT01864,DR004,Dr. Rajan Mehta,Oncology,Diabetes Type 2,54.0,2024-08-11,2024-08-30,19.0,No,,,OK
DC02746,PT00176,DR009,Dr. Meera Pillai,Cardiology,Anemia,75.0,2024-02-26,2024-03-09,12.0,No,,,OK
DC02747,PT00761,DR002,Dr. Suresh Patil,Orthopedics,Chest Infection,30.0,2024-02-01,2024-02-06,5.0,No,,,OK
DC02748,PT00285,DR002,Dr. Suresh Patil,Orthopedics,Dengue Fever,64.0,2024-06-04,2024-06-08,4.0,No,,,OK
DC02749,PT00182,DR009,Dr. Meera Pillai,Cardiology,Asthma,62.0,2024-11-08,2024-11-09,1.0,No,,,OK
DC02750,PT00399,DR003,Dr. Aarti Deshmukh,Neurology,Chest Infection,59.0,2024-04-23,2024-05-05,12.0,No,,,OK
DC02751,PT00371,DR001,Dr. Priya Nair,Cardiology,Migraine,20.0,2024-06-15,2024-06-29,14.0,Yes,2024-07-15,16.0,OK
DC02752,PT00005,DR010,Dr. Rohit Verma,Orthopedics,Knee Replacement,80.0,2024-03-13,2024-03-25,12.0,No,,,OK
DC02753,PT00913,DR002,Dr. Suresh Patil,Orthopedics,Hypertension,30.0,2024-07-18,2024-07-19,1.0,No,,,OK
DC02754,PT00459,DR003,Dr. Aarti Deshmukh,Neurology,Knee Replacement,49.0,2024-04-18,2024-04-24,6.0,No,,,OK
DC02755,PT01869,DR005,Dr. Sunita Kulkarni,General Medicine,Chest Infection,60.0,2024-04-16,2024-04-30,14.0,No,,,OK
DC02756,PT01807,DR002,Dr. Suresh Patil,Orthopedics,Hernia Repair,68.0,2024-03-29,2024-04-01,3.0,No,,,OK
DC02757,PT00784,DR003,Dr. Aarti Deshmukh,Neurology,Knee Replacement,80.0,2024-04-26,2024-05-16,20.0,No,,,OK
DC02758,PT01172,DR007,Dr. Deepak Sharma,Gynecology,Heart Attack,66.0,2024-01-26,2024-02-15,20.0,No,,,OK
DC02759,PT00163,DR001,Dr. Priya Nair,Cardiology,Chest Infection,21.0,2024-02-18,2024-03-01,12.0,No,,,OK
DC02760,PT01088,DR002,Dr. Suresh Patil,Orthopedics,Appendicitis,61.0,2024-07-08,2024-07-15,7.0,No,,,OK
DC02761,PT01585,DR006,Dr. Kavya Iyer,Pediatrics,Asthma,37.0,2024-04-12,2024-05-03,21.0,No,,,OK
DC02762,PT00487,DR005,Dr. Sunita Kulkarni,General Medicine,Knee Replacement,60.0,2024-11-29,2024-12-08,9.0,Yes,2024-12-13,5.0,OK
DC02763,PT01399,DR009,Dr. Meera Pillai,Cardiology,Hypertension,51.0,2024-01-28,2024-02-11,14.0,No,,,OK
DC02764,PT00916,DR008,Dr. Anil Joshi,Emergency,Migraine,45.0,2024-10-28,2024-11-16,19.0,No,,,OK
DC02765,PT01336,DR007,Dr. Deepak Sharma,Gynecology,Heart Attack,39.0,2024-05-16,2024-06-05,20.0,No,,,OK
DC02766,PT01266,DR010,Dr. Rohit Verma,Orthopedics,Dengue Fever,19.0,2024-07-29,2024-08-15,17.0,No,,,OK
DC02767,PT00395,DR001,Dr. Priya Nair,Cardiology,Hypertension,75.0,2024-06-12,2024-06-22,10.0,No,,,OK
DC02768,PT01266,DR005,Dr. Sunita Kulkarni,General Medicine,Lung Cancer - Stage 2,40.0,2024-03-13,2024-03-31,18.0,No,,,OK
DC02769,PT00691,DR006,Dr. Kavya Iyer,Pediatrics,Diabetes Type 2,68.0,2024-03-22,2024-04-04,13.0,No,,,OK
DC02770,PT01100,DR003,Dr. Aarti Deshmukh,Neurology,Hernia Repair,76.0,2024-08-12,2024-08-18,6.0,No,,,OK
DC02771,PT01141,DR007,Dr. Deepak Sharma,Gynecology,Appendicitis,34.0,2024-01-10,2024-01-16,6.0,No,,,OK
DC02772,PT00240,DR003,Dr. Aarti Deshmukh,Neurology,Lung Cancer - Stage 2,19.0,2024-01-31,2024-02-10,10.0,No,,,OK
DC02773,PT00984,DR007,Dr. Deepak Sharma,Gynecology,Hypertension,32.0,2024-11-11,2024-11-27,16.0,No,,,OK
DC02774,PT01065,DR007,Dr. Deepak Sharma,Gynecology,Lung Cancer - Stage 2,77.0,2024-01-12,2024-01-21,9.0,No,,,OK
DC02775,PT01114,DR007,Dr. Deepak Sharma,Gynecology,Migraine,81.0,2024-07-25,2024-08-04,10.0,No,,,OK
DC02776,PT00550,DR004,Dr. Rajan Mehta,Oncology,Hypertension,34.0,2024-02-08,2024-02-13,5.0,No,,,OK
DC02777,PT00515,DR004,Dr. Rajan Mehta,Oncology,Diabetes Type 2,19.0,2024-09-15,2024-10-01,16.0,No,,,OK
DC02778,PT01677,DR003,Dr. Aarti Deshmukh,Neurology,Cataract Surgery,70.0,2024-03-16,2024-03-19,3.0,No,,,OK
DC02779,PT00356,DR003,Dr. Aarti Deshmukh,Neurology,Lung Cancer - Stage 2,55.0,2024-01-05,2024-01-22,17.0,No,,,OK
DC02780,PT01088,DR004,Dr. Rajan Mehta,Oncology,Lung Cancer - Stage 2,35.0,2024-02-10,2024-02-24,14.0,No,,,OK
DC02781,PT00273,DR009,Dr. Meera Pillai,Cardiology,Fracture - Femur,21.0,2024-05-21,2024-05-31,10.0,Yes,2024-06-06,6.0,OK
DC02782,PT00867,DR001,Dr. Priya Nair,Cardiology,Hernia Repair,41.0,2024-04-15,2024-05-04,19.0,No,,,OK
DC02783,PT01639,DR006,Dr. Kavya Iyer,Pediatrics,Anemia,51.0,2024-01-20,2024-02-02,13.0,No,,,OK
DC02784,PT01517,DR002,Dr. Suresh Patil,Orthopedics,Knee Replacement,82.0,2024-11-10,2024-11-29,19.0,No,,,OK
DC02785,PT00062,DR006,Dr. Kavya Iyer,Pediatrics,Anemia,75.0,2024-05-05,2024-05-06,1.0,No,,,OK
DC02786,PT00410,DR006,Dr. Kavya Iyer,Pediatrics,Hypertension,47.0,2024-09-11,2024-09-27,16.0,No,,,OK
DC02787,PT01273,DR004,Dr. Rajan Mehta,Oncology,Hernia Repair,64.0,2024-08-27,2024-09-11,15.0,No,,,OK
DC02788,PT00092,DR010,Dr. Rohit Verma,Orthopedics,Migraine,49.0,2024-06-10,2024-07-01,21.0,No,,,OK
DC02789,PT01392,DR004,Dr. Rajan Mehta,Oncology,Stroke Recovery,68.0,2024-06-16,2024-06-17,1.0,No,,,OK
DC02790,PT00447,DR009,Dr. Meera Pillai,Cardiology,Dengue Fever,59.0,2024-01-11,2024-01-17,6.0,No,,,OK
DC02791,PT00970,DR009,Dr. Meera Pillai,Cardiology,Hypertension,50.0,2024-07-20,2024-08-02,13.0,No,,,OK
DC02792,PT01661,DR008,Dr. Anil Joshi,Emergency,Migraine,83.0,2024-10-07,2024-10-20,13.0,No,,,OK
DC02793,PT00648,DR002,Dr. Suresh Patil,Orthopedics,Knee Replacement,30.0,2024-09-02,2024-09-04,2.0,No,,,OK
DC02794,PT01947,DR004,Dr. Rajan Mehta,Oncology,Migraine,59.0,2024-09-11,2024-09-12,1.0,No,,,OK
DC02795,PT00559,DR002,Dr. Suresh Patil,Orthopedics,Hernia Repair,46.0,2024-05-22,2024-05-28,6.0,No,,,OK
DC02796,PT00044,DR010,Dr. Rohit Verma,Orthopedics,Lung Cancer - Stage 2,39.0,2024-03-04,2024-03-12,8.0,No,,,OK
DC02797,PT00070,DR002,Dr. Suresh Patil,Orthopedics,Asthma,33.0,2024-01-05,2024-01-09,4.0,No,,,OK
DC02798,PT01502,DR003,Dr. Aarti Deshmukh,Neurology,Asthma,71.0,2024-10-04,2024-10-08,4.0,No,,,OK
DC02799,PT01329,DR009,Dr. Meera Pillai,Cardiology,Diabetes Type 2,68.0,2024-01-18,2024-02-08,21.0,No,,,OK
DC02800,PT01602,DR003,Dr. Aarti Deshmukh,Neurology,Appendicitis,52.0,2024-04-07,2024-04-17,10.0,No,,,OK
DC02801,PT01012,DR007,Dr. Deepak Sharma,Gynecology,Anemia,50.0,2024-03-10,2024-03-21,11.0,No,,,OK
DC02802,PT00248,DR002,Dr. Suresh Patil,Orthopedics,Appendicitis,35.0,2024-01-12,2024-01-13,1.0,No,,,OK
DC02803,PT01798,DR008,Dr. Anil Joshi,Emergency,Appendicitis,40.0,2024-03-03,2024-03-22,19.0,Yes,2024-04-12,21.0,OK
DC02804,PT00700,DR006,Dr. Kavya Iyer,Pediatrics,Hernia Repair,56.0,2024-07-03,2024-07-18,15.0,No,,,OK
DC02805,PT00785,DR007,Dr. Deepak Sharma,Gynecology,Fracture - Femur,69.0,2024-02-17,2024-02-20,3.0,No,,,OK
DC02806,PT01243,DR004,Dr. Rajan Mehta,Oncology,Migraine,39.0,2024-10-13,2024-10-26,13.0,No,,,OK
DC02807,PT01198,DR004,Dr. Rajan Mehta,Oncology,Cataract Surgery,61.0,2024-11-24,2024-12-09,15.0,No,,,OK
DC02808,PT00980,DR006,Dr. Kavya Iyer,Pediatrics,Diabetes Type 2,59.0,2024-04-20,2024-04-23,3.0,No,,,OK
DC02809,PT01998,DR004,Dr. Rajan Mehta,Oncology,Hernia Repair,50.0,2024-09-25,2024-10-14,19.0,No,,,OK
DC02810,PT01304,DR001,Dr. Priya Nair,Cardiology,Fracture - Femur,62.0,2024-10-26,2024-11-04,9.0,Yes,2024-11-13,9.0,OK
DC02811,PT01802,DR007,Dr. Deepak Sharma,Gynecology,Lung Cancer - Stage 2,59.0,2024-07-27,2024-08-02,6.0,Yes,2024-08-23,21.0,OK
DC02813,PT00026,DR002,Dr. Suresh Patil,Orthopedics,Cataract Surgery,59.0,2024-07-28,2024-07-29,1.0,No,,,OK
DC02814,PT01754,DR008,Dr. Anil Joshi,Emergency,Asthma,47.0,2024-02-02,2024-02-07,5.0,No,,,OK
DC02815,PT00741,DR008,Dr. Anil Joshi,Emergency,Appendicitis,73.0,2024-09-22,2024-10-04,12.0,Yes,2024-10-26,22.0,OK
DC02816,PT01751,DR010,Dr. Rohit Verma,Orthopedics,Asthma,58.0,2024-10-29,2024-10-31,2.0,No,,,OK
DC02817,PT01801,DR002,Dr. Suresh Patil,Orthopedics,Appendicitis,80.0,2024-09-26,2024-10-10,14.0,No,,,OK
DC02818,PT01413,DR006,Dr. Kavya Iyer,Pediatrics,Hernia Repair,73.0,2024-02-22,2024-03-14,21.0,Yes,2024-04-03,20.0,OK
DC02819,PT01509,DR009,Dr. Meera Pillai,Cardiology,Stroke Recovery,18.0,2024-06-24,2024-06-28,4.0,Yes,2024-07-22,24.0,OK
DC02820,PT00915,DR007,Dr. Deepak Sharma,Gynecology,Hypertension,64.0,2024-05-06,2024-05-15,9.0,No,,,OK
DC02821,PT00388,DR005,Dr. Sunita Kulkarni,General Medicine,Diabetes Type 2,79.0,2024-07-03,2024-07-08,5.0,No,,,OK
DC02822,PT01101,DR002,Dr. Suresh Patil,Orthopedics,Stroke Recovery,55.0,2024-04-12,2024-04-14,2.0,No,,,OK
DC02823,PT01774,DR001,Dr. Priya Nair,Cardiology,Anemia,42.0,2024-09-08,2024-09-20,12.0,No,,,OK
DC02824,PT00856,DR001,Dr. Priya Nair,Cardiology,Hypertension,74.0,2024-03-23,2024-04-06,14.0,Yes,2024-04-30,24.0,OK
DC02825,PT01167,DR005,Dr. Sunita Kulkarni,General Medicine,Knee Replacement,37.0,2024-01-16,2024-01-29,13.0,No,,,OK
DC02826,PT01818,DR001,Dr. Priya Nair,Cardiology,Hernia Repair,36.0,2024-03-23,2024-04-10,18.0,No,,,OK
DC02827,PT00652,DR003,Dr. Aarti Deshmukh,Neurology,Knee Replacement,42.0,2024-01-12,2024-01-23,11.0,No,,,OK
DC02828,PT00357,DR006,Dr. Kavya Iyer,Pediatrics,Diabetes Type 2,32.0,2024-06-25,2024-07-10,15.0,No,,,OK
DC02829,PT00610,DR007,Dr. Deepak Sharma,Gynecology,Fracture - Femur,19.0,2024-03-18,2024-03-25,7.0,No,,,OK
DC02830,PT00752,DR001,Dr. Priya Nair,Cardiology,Fracture - Femur,44.0,2024-02-05,2024-02-08,3.0,No,,,OK
DC02831,PT00533,DR007,Dr. Deepak Sharma,Gynecology,Stroke Recovery,77.0,2024-07-03,2024-07-13,10.0,No,,,OK
DC02832,PT01136,DR006,Dr. Kavya Iyer,Pediatrics,Cataract Surgery,70.0,2024-06-02,2024-06-17,15.0,No,,,OK
DC02833,PT01326,DR005,Dr. Sunita Kulkarni,General Medicine,Migraine,80.0,2024-09-18,2024-10-01,13.0,No,,,OK
DC02834,PT01223,DR008,Dr. Anil Joshi,Emergency,Appendicitis,51.0,2024-03-02,2024-03-18,16.0,Yes,2024-04-15,28.0,OK
DC02835,PT00328,DR003,Dr. Aarti Deshmukh,Neurology,Chest Infection,55.0,2024-07-04,2024-07-08,4.0,No,,,OK
DC02836,PT01112,DR003,Dr. Aarti Deshmukh,Neurology,Dengue Fever,19.0,2024-10-26,2024-11-14,19.0,No,,,OK
DC02837,PT00503,DR010,Dr. Rohit Verma,Orthopedics,Asthma,31.0,2024-01-21,2024-01-22,1.0,No,,,OK
DC02839,PT01345,DR008,Dr. Anil Joshi,Emergency,Hernia Repair,77.0,2024-02-03,2024-02-21,18.0,Yes,2024-03-14,22.0,OK
DC02840,PT01385,DR006,Dr. Kavya Iyer,Pediatrics,Anemia,39.0,2024-11-18,2024-12-05,17.0,No,,,OK
DC02841,PT01569,DR010,Dr. Rohit Verma,Orthopedics,Lung Cancer - Stage 2,78.0,2024-11-17,2024-11-24,7.0,No,,,OK
DC02842,PT01492,DR009,Dr. Meera Pillai,Cardiology,Stroke Recovery,34.0,2024-01-05,2024-01-15,10.0,Yes,2024-01-28,13.0,OK
DC02843,PT00492,DR003,Dr. Aarti Deshmukh,Neurology,Diabetes Type 2,26.0,2024-04-20,2024-04-22,2.0,No,,,OK
DC02844,PT01304,DR009,Dr. Meera Pillai,Cardiology,Migraine,68.0,2024-03-24,2024-03-29,5.0,No,,,OK
DC02845,PT01224,DR005,Dr. Sunita Kulkarni,General Medicine,Stroke Recovery,54.0,2024-07-29,2024-08-02,4.0,No,,,OK
DC02846,PT01113,DR003,Dr. Aarti Deshmukh,Neurology,Stroke Recovery,44.0,2024-07-01,2024-07-12,11.0,No,,,OK
DC02847,PT01299,DR005,Dr. Sunita Kulkarni,General Medicine,Lung Cancer - Stage 2,23.0,2024-06-06,2024-06-19,13.0,No,,,OK
DC02848,PT00584,DR008,Dr. Anil Joshi,Emergency,Diabetes Type 2,85.0,2024-08-08,2024-08-26,18.0,Yes,2024-09-24,29.0,OK
DC02849,PT01510,DR007,Dr. Deepak Sharma,Gynecology,Dengue Fever,51.0,2024-07-19,2024-07-31,12.0,Yes,2024-08-14,14.0,OK
DC02850,PT00825,DR005,Dr. Sunita Kulkarni,General Medicine,Migraine,22.0,2024-02-12,2024-02-22,10.0,No,,,OK
DC02851,PT01456,DR001,Dr. Priya Nair,Cardiology,Chest Infection,60.0,2024-06-06,2024-06-14,8.0,No,,,OK
DC02852,PT00479,DR005,Dr. Sunita Kulkarni,General Medicine,Cataract Surgery,80.0,2024-10-29,2024-11-19,21.0,No,,,OK
DC02853,PT00121,DR009,Dr. Meera Pillai,Cardiology,Hernia Repair,75.0,2024-01-22,2024-02-06,15.0,No,,,OK
DC02854,PT00663,DR010,Dr. Rohit Verma,Orthopedics,Migraine,28.0,2024-11-17,2024-12-07,20.0,No,,,OK
DC02855,PT00242,DR008,Dr. Anil Joshi,Emergency,Appendicitis,25.0,2024-10-27,2024-11-10,14.0,No,,,OK
DC02856,PT01006,DR009,Dr. Meera Pillai,Cardiology,Appendicitis,53.0,2024-03-17,2024-03-31,14.0,No,,,OK
DC02857,PT01326,DR001,Dr. Priya Nair,Cardiology,Diabetes Type 2,20.0,2024-09-29,2024-10-13,14.0,No,,,OK
DC02858,PT01794,DR010,Dr. Rohit Verma,Orthopedics,Hypertension,69.0,2024-09-12,2024-09-30,18.0,Yes,2024-10-06,6.0,OK
DC02859,PT00951,DR007,Dr. Deepak Sharma,Gynecology,Fracture - Femur,56.0,2024-01-11,2024-01-19,8.0,No,,,OK
DC02860,PT00392,DR008,Dr. Anil Joshi,Emergency,Lung Cancer - Stage 2,66.0,2024-07-28,2024-08-07,10.0,Yes,2024-08-31,24.0,OK
DC02861,PT00937,DR007,Dr. Deepak Sharma,Gynecology,Knee Replacement,49.0,2024-02-17,2024-03-07,19.0,No,,,OK
DC02862,PT01169,DR004,Dr. Rajan Mehta,Oncology,Hypertension,82.0,2024-02-08,2024-02-21,13.0,No,,,OK
DC02863,PT01203,DR003,Dr. Aarti Deshmukh,Neurology,Chest Infection,33.0,2024-09-04,2024-09-15,11.0,Yes,2024-09-20,5.0,OK
DC02864,PT00394,DR005,Dr. Sunita Kulkarni,General Medicine,Knee Replacement,58.0,2024-10-01,2024-10-16,15.0,No,,,OK
DC02865,PT01497,DR002,Dr. Suresh Patil,Orthopedics,Migraine,77.0,2024-01-25,2024-01-29,4.0,No,,,OK
DC02866,PT00188,DR003,Dr. Aarti Deshmukh,Neurology,Appendicitis,53.0,2024-02-08,2024-02-20,12.0,Yes,2024-03-13,22.0,OK
DC02867,PT01233,DR002,Dr. Suresh Patil,Orthopedics,Hypertension,43.0,2024-04-27,2024-05-16,19.0,No,,,OK
DC02868,PT01310,DR006,Dr. Kavya Iyer,Pediatrics,Stroke Recovery,32.0,2024-10-20,2024-10-27,7.0,No,,,OK
DC02869,PT00742,DR010,Dr. Rohit Verma,Orthopedics,Anemia,64.0,2024-02-19,2024-02-22,3.0,No,,,OK
DC02870,PT01548,DR002,Dr. Suresh Patil,Orthopedics,Stroke Recovery,84.0,2024-07-17,2024-08-01,15.0,No,,,OK
DC02871,PT01243,DR003,Dr. Aarti Deshmukh,Neurology,Anemia,48.0,2024-01-31,2024-02-13,13.0,No,,,OK
DC02872,PT00153,DR008,Dr. Anil Joshi,Emergency,Migraine,81.0,2024-11-21,2024-11-27,6.0,Yes,2024-12-02,5.0,OK
DC02873,PT00346,DR006,Dr. Kavya Iyer,Pediatrics,Hypertension,45.0,2024-10-02,2024-10-12,10.0,No,,,OK
DC02874,PT00328,DR002,Dr. Suresh Patil,Orthopedics,Heart Attack,85.0,2024-10-06,2024-10-12,6.0,No,,,OK
DC02875,PT01803,DR008,Dr. Anil Joshi,Emergency,Hypertension,54.0,2024-11-26,2024-12-07,11.0,No,,,OK
DC02876,PT01439,DR006,Dr. Kavya Iyer,Pediatrics,Asthma,36.0,2024-05-30,2024-06-06,7.0,No,,,OK
DC02877,PT00376,DR003,Dr. Aarti Deshmukh,Neurology,Hypertension,32.0,2024-08-26,2024-09-12,17.0,No,,,OK
DC02878,PT01196,DR009,Dr. Meera Pillai,Cardiology,Heart Attack,24.0,2024-11-01,2024-11-10,9.0,No,,,OK
DC02879,PT00945,DR003,Dr. Aarti Deshmukh,Neurology,Stroke Recovery,49.0,2024-04-19,2024-05-02,13.0,No,,,OK
DC02880,PT00766,DR002,Dr. Suresh Patil,Orthopedics,Chest Infection,45.0,2024-04-21,2024-05-01,10.0,No,,,OK
DC02881,PT00707,DR005,Dr. Sunita Kulkarni,General Medicine,Cataract Surgery,56.0,2024-01-04,2024-01-24,20.0,No,,,OK
DC02882,PT01626,DR008,Dr. Anil Joshi,Emergency,Anemia,84.0,2024-01-20,2024-01-24,4.0,No,,,OK
DC02883,PT01783,DR001,Dr. Priya Nair,Cardiology,Hypertension,55.0,2024-07-21,2024-07-28,7.0,Yes,2024-08-13,16.0,OK
DC02884,PT01896,DR010,Dr. Rohit Verma,Orthopedics,Dengue Fever,37.0,2024-03-25,2024-04-07,13.0,No,,,OK
DC02885,PT01113,DR002,Dr. Suresh Patil,Orthopedics,Chest Infection,77.0,2024-08-12,2024-08-31,19.0,No,,,OK
DC02886,PT01087,DR009,Dr. Meera Pillai,Cardiology,Chest Infection,21.0,2024-01-19,2024-02-03,15.0,No,,,OK
DC02887,PT00404,DR001,Dr. Priya Nair,Cardiology,Migraine,58.0,2024-05-04,2024-05-11,7.0,No,,,OK
DC02888,PT00012,DR001,Dr. Priya Nair,Cardiology,Migraine,38.0,2024-02-22,2024-02-26,4.0,No,,,OK
DC02889,PT00727,DR009,Dr. Meera Pillai,Cardiology,Cataract Surgery,28.0,2024-03-18,2024-03-23,5.0,No,,,OK
DC02890,PT00212,DR001,Dr. Priya Nair,Cardiology,Anemia,61.0,2024-10-03,2024-10-04,1.0,No,,,OK
DC02891,PT01443,DR004,Dr. Rajan Mehta,Oncology,Chest Infection,52.0,2024-07-21,2024-07-25,4.0,No,,,OK
DC02892,PT00718,DR003,Dr. Aarti Deshmukh,Neurology,Cataract Surgery,68.0,2024-11-24,2024-12-12,18.0,Yes,2025-01-01,20.0,OK
DC02893,PT00629,DR005,Dr. Sunita Kulkarni,General Medicine,Fracture - Femur,50.0,2024-01-09,2024-01-25,16.0,No,,,OK
DC02894,PT01911,DR010,Dr. Rohit Verma,Orthopedics,Lung Cancer - Stage 2,74.0,2024-11-06,2024-11-27,21.0,No,,,OK
DC02895,PT00920,DR007,Dr. Deepak Sharma,Gynecology,Dengue Fever,71.0,2024-05-27,2024-05-30,3.0,No,,,OK
DC02896,PT00714,DR003,Dr. Aarti Deshmukh,Neurology,Cataract Surgery,24.0,2024-11-13,2024-11-25,12.0,No,,,OK
DC02897,PT00226,DR007,Dr. Deepak Sharma,Gynecology,Fracture - Femur,60.0,2024-09-26,2024-10-17,21.0,No,,,OK
DC02898,PT01809,DR006,Dr. Kavya Iyer,Pediatrics,Asthma,26.0,2024-10-23,2024-11-09,17.0,No,,,OK
DC02899,PT01311,DR005,Dr. Sunita Kulkarni,General Medicine,Migraine,58.0,2024-04-17,2024-04-24,7.0,Yes,2024-05-14,20.0,OK
DC02900,PT00236,DR003,Dr. Aarti Deshmukh,Neurology,Cataract Surgery,83.0,2024-08-25,2024-09-03,9.0,No,,,OK
DC02902,PT01155,DR010,Dr. Rohit Verma,Orthopedics,Heart Attack,26.0,2024-04-09,2024-04-14,5.0,No,,,OK
DC02903,PT00424,DR009,Dr. Meera Pillai,Cardiology,Knee Replacement,23.0,2024-07-09,2024-07-23,14.0,Yes,2024-08-11,19.0,OK
DC02904,PT01274,DR008,Dr. Anil Joshi,Emergency,Heart Attack,29.0,2024-07-30,2024-08-17,18.0,Yes,2024-09-07,21.0,OK
DC02905,PT00267,DR001,Dr. Priya Nair,Cardiology,Anemia,22.0,2024-09-12,2024-09-22,10.0,Yes,2024-10-12,20.0,OK
DC02906,PT01321,DR001,Dr. Priya Nair,Cardiology,Hypertension,20.0,2024-05-07,2024-05-10,3.0,No,,,OK
DC02907,PT00649,DR009,Dr. Meera Pillai,Cardiology,Lung Cancer - Stage 2,20.0,2024-03-13,2024-03-19,6.0,No,,,OK
DC02908,PT00930,DR008,Dr. Anil Joshi,Emergency,Lung Cancer - Stage 2,24.0,2024-09-24,2024-10-07,13.0,Yes,2024-11-03,27.0,OK
DC02909,PT01950,DR002,Dr. Suresh Patil,Orthopedics,Diabetes Type 2,24.0,2024-11-18,2024-12-01,13.0,No,,,OK
DC02910,PT01344,DR009,Dr. Meera Pillai,Cardiology,Chest Infection,77.0,2024-07-09,2024-07-25,16.0,No,,,OK
DC02911,PT01754,DR001,Dr. Priya Nair,Cardiology,Anemia,41.0,2024-07-03,2024-07-09,6.0,No,,,OK
DC02912,PT00302,DR007,Dr. Deepak Sharma,Gynecology,Migraine,61.0,2024-01-04,2024-01-17,13.0,No,,,OK
DC02913,PT01232,DR007,Dr. Deepak Sharma,Gynecology,Fracture - Femur,40.0,2024-03-16,2024-04-02,17.0,No,,,OK
DC02914,PT01431,DR010,Dr. Rohit Verma,Orthopedics,Fracture - Femur,82.0,2024-09-13,2024-09-26,13.0,No,,,OK
DC02915,PT01397,DR010,Dr. Rohit Verma,Orthopedics,Knee Replacement,85.0,2024-06-16,2024-07-05,19.0,No,,,OK
DC02916,PT01847,DR010,Dr. Rohit Verma,Orthopedics,Chest Infection,64.0,2024-05-27,2024-05-31,4.0,No,,,OK
DC02917,PT00948,DR003,Dr. Aarti Deshmukh,Neurology,Migraine,35.0,2024-09-30,2024-10-19,19.0,No,,,OK
DC02918,PT00689,DR002,Dr. Suresh Patil,Orthopedics,Lung Cancer - Stage 2,82.0,2024-08-08,2024-08-20,12.0,No,,,OK
DC02919,PT01218,DR006,Dr. Kavya Iyer,Pediatrics,Stroke Recovery,48.0,2024-03-22,2024-03-26,4.0,No,,,OK
DC02920,PT00096,DR006,Dr. Kavya Iyer,Pediatrics,Asthma,65.0,2024-09-18,2024-10-01,13.0,No,,,OK
DC02921,PT00092,DR007,Dr. Deepak Sharma,Gynecology,Fracture - Femur,31.0,2024-02-25,2024-03-16,20.0,No,,,OK
DC02922,PT01350,DR007,Dr. Deepak Sharma,Gynecology,Dengue Fever,70.0,2024-08-26,2024-09-06,11.0,No,,,OK
DC02923,PT01592,DR008,Dr. Anil Joshi,Emergency,Asthma,56.0,2024-07-05,2024-07-10,5.0,No,,,OK
DC02924,PT01059,DR007,Dr. Deepak Sharma,Gynecology,Diabetes Type 2,47.0,2024-05-06,2024-05-27,21.0,No,,,OK
DC02925,PT01679,DR001,Dr. Priya Nair,Cardiology,Hypertension,26.0,2024-06-01,2024-06-11,10.0,No,,,OK
DC02926,PT00879,DR001,Dr. Priya Nair,Cardiology,Stroke Recovery,84.0,2024-01-05,2024-01-21,16.0,No,,,OK
DC02927,PT00819,DR002,Dr. Suresh Patil,Orthopedics,Chest Infection,83.0,2024-08-07,2024-08-18,11.0,No,,,OK
DC02928,PT00064,DR005,Dr. Sunita Kulkarni,General Medicine,Anemia,49.0,2024-07-20,2024-08-09,20.0,No,,,OK
DC02929,PT00034,DR008,Dr. Anil Joshi,Emergency,Anemia,47.0,2024-08-28,2024-08-29,1.0,No,,,OK
DC02930,PT00573,DR002,Dr. Suresh Patil,Orthopedics,Diabetes Type 2,67.0,2024-09-16,2024-09-21,5.0,No,,,OK
DC02931,PT00343,DR002,Dr. Suresh Patil,Orthopedics,Fracture - Femur,71.0,2024-11-13,2024-11-28,15.0,No,,,OK
DC02932,PT01935,DR006,Dr. Kavya Iyer,Pediatrics,Cataract Surgery,39.0,2024-09-11,2024-09-21,10.0,Yes,2024-09-25,4.0,OK
DC02933,PT01961,DR001,Dr. Priya Nair,Cardiology,Diabetes Type 2,37.0,2024-09-27,2024-10-18,21.0,No,,,OK
DC02934,PT00242,DR002,Dr. Suresh Patil,Orthopedics,Dengue Fever,67.0,2024-11-04,2024-11-05,1.0,No,,,OK
DC02935,PT01243,DR001,Dr. Priya Nair,Cardiology,Dengue Fever,38.0,2024-01-28,2024-02-07,10.0,Yes,2024-02-23,16.0,OK
DC02936,PT00575,DR006,Dr. Kavya Iyer,Pediatrics,Appendicitis,22.0,2024-06-07,2024-06-18,11.0,No,,,OK
DC02938,PT00467,DR010,Dr. Rohit Verma,Orthopedics,Asthma,21.0,2024-06-16,2024-06-21,5.0,No,,,OK
DC02939,PT00509,DR006,Dr. Kavya Iyer,Pediatrics,Dengue Fever,64.0,2024-04-20,2024-04-25,5.0,No,,,OK
DC02940,PT01673,DR004,Dr. Rajan Mehta,Oncology,Heart Attack,33.0,2024-08-28,2024-08-30,2.0,No,,,OK
DC02941,PT00175,DR007,Dr. Deepak Sharma,Gynecology,Cataract Surgery,32.0,2024-08-04,2024-08-09,5.0,No,,,OK
DC02942,PT01342,DR009,Dr. Meera Pillai,Cardiology,Hernia Repair,79.0,2024-11-16,2024-11-25,9.0,No,,,OK
DC02943,PT00458,DR007,Dr. Deepak Sharma,Gynecology,Heart Attack,59.0,2024-02-20,2024-03-07,16.0,No,,,OK
DC02944,PT01096,DR002,Dr. Suresh Patil,Orthopedics,Cataract Surgery,64.0,2024-05-12,2024-05-16,4.0,No,,,OK
DC02945,PT01792,DR008,Dr. Anil Joshi,Emergency,Hypertension,20.0,2024-01-07,2024-01-17,10.0,No,,,OK
DC02946,PT00685,DR010,Dr. Rohit Verma,Orthopedics,Diabetes Type 2,39.0,2024-02-22,2024-03-14,21.0,No,,,OK
DC02947,PT01785,DR009,Dr. Meera Pillai,Cardiology,Anemia,61.0,2024-04-17,2024-05-07,20.0,No,,,OK
DC02948,PT00177,DR010,Dr. Rohit Verma,Orthopedics,Dengue Fever,56.0,2024-07-08,2024-07-27,19.0,No,,,OK
DC02949,PT01786,DR006,Dr. Kavya Iyer,Pediatrics,Stroke Recovery,56.0,2024-08-18,2024-08-19,1.0,No,,,OK
DC02950,PT01199,DR010,Dr. Rohit Verma,Orthopedics,Cataract Surgery,53.0,2024-06-14,2024-07-05,21.0,No,,,OK
DC02951,PT01192,DR006,Dr. Kavya Iyer,Pediatrics,Anemia,84.0,2024-11-06,2024-11-11,5.0,No,,,OK
DC02952,PT01661,DR010,Dr. Rohit Verma,Orthopedics,Migraine,42.0,2024-11-25,2024-12-09,14.0,No,,,OK
DC02953,PT00980,DR003,Dr. Aarti Deshmukh,Neurology,Asthma,82.0,2024-06-22,2024-06-26,4.0,No,,,OK
DC02954,PT00619,DR010,Dr. Rohit Verma,Orthopedics,Diabetes Type 2,67.0,2024-01-18,2024-01-24,6.0,No,,,OK
DC02955,PT00754,DR005,Dr. Sunita Kulkarni,General Medicine,Lung Cancer - Stage 2,80.0,2024-10-30,2024-11-19,20.0,Yes,2024-12-02,13.0,OK
DC02956,PT01120,DR003,Dr. Aarti Deshmukh,Neurology,Knee Replacement,52.0,2024-05-03,2024-05-24,21.0,Yes,2024-05-30,6.0,OK
DC02957,PT01160,DR006,Dr. Kavya Iyer,Pediatrics,Cataract Surgery,45.0,2024-09-05,2024-09-15,10.0,No,,,OK
DC02958,PT00326,DR008,Dr. Anil Joshi,Emergency,Chest Infection,75.0,2024-10-24,2024-11-10,17.0,No,,,OK
DC02959,PT00141,DR001,Dr. Priya Nair,Cardiology,Hernia Repair,47.0,2024-07-01,2024-07-05,4.0,Yes,2024-07-21,16.0,OK
DC02960,PT00449,DR004,Dr. Rajan Mehta,Oncology,Asthma,45.0,2024-09-13,2024-09-26,13.0,No,,,OK
DC02961,PT00509,DR007,Dr. Deepak Sharma,Gynecology,Knee Replacement,82.0,2024-09-25,2024-10-06,11.0,No,,,OK
DC02962,PT01682,DR005,Dr. Sunita Kulkarni,General Medicine,Hernia Repair,64.0,2024-07-09,2024-07-25,16.0,No,,,OK
DC02963,PT01924,DR009,Dr. Meera Pillai,Cardiology,Anemia,24.0,2024-01-16,2024-01-28,12.0,No,,,OK
DC02965,PT01554,DR004,Dr. Rajan Mehta,Oncology,Hypertension,61.0,2024-01-27,2024-02-04,8.0,No,,,OK
DC02966,PT00950,DR003,Dr. Aarti Deshmukh,Neurology,Anemia,34.0,2024-07-20,2024-07-28,8.0,No,,,OK
DC02967,PT01595,DR009,Dr. Meera Pillai,Cardiology,Cataract Surgery,22.0,2024-05-02,2024-05-16,14.0,No,,,OK
DC02968,PT01475,DR006,Dr. Kavya Iyer,Pediatrics,Asthma,41.0,2024-07-02,2024-07-20,18.0,No,,,OK
DC02969,PT00954,DR003,Dr. Aarti Deshmukh,Neurology,Hernia Repair,28.0,2024-08-28,2024-08-29,1.0,No,,,OK
DC02970,PT00257,DR002,Dr. Suresh Patil,Orthopedics,Fracture - Femur,49.0,2024-03-08,2024-03-26,18.0,No,,,OK
DC02971,PT01035,DR005,Dr. Sunita Kulkarni,General Medicine,Migraine,81.0,2024-05-08,2024-05-26,18.0,No,,,OK
DC02972,PT01903,DR003,Dr. Aarti Deshmukh,Neurology,Knee Replacement,40.0,2024-01-15,2024-01-29,14.0,No,,,OK
DC02973,PT01794,DR008,Dr. Anil Joshi,Emergency,Lung Cancer - Stage 2,83.0,2024-04-21,2024-05-02,11.0,No,,,OK
DC02974,PT00262,DR009,Dr. Meera Pillai,Cardiology,Fracture - Femur,55.0,2024-05-15,2024-05-23,8.0,Yes,2024-05-27,4.0,OK
DC02975,PT00114,DR010,Dr. Rohit Verma,Orthopedics,Hernia Repair,23.0,2024-01-03,2024-01-15,12.0,No,,,OK
DC02976,PT00713,DR001,Dr. Priya Nair,Cardiology,Stroke Recovery,65.0,2024-08-19,2024-08-27,8.0,Yes,2024-09-04,8.0,OK
DC02977,PT01164,DR003,Dr. Aarti Deshmukh,Neurology,Chest Infection,72.0,2024-11-26,2024-12-02,6.0,Yes,2024-12-16,14.0,OK
DC02978,PT01900,DR009,Dr. Meera Pillai,Cardiology,Asthma,82.0,2024-03-10,2024-03-16,6.0,No,,,OK
DC02979,PT01537,DR002,Dr. Suresh Patil,Orthopedics,Stroke Recovery,39.0,2024-11-04,2024-11-23,19.0,No,,,OK
DC02980,PT00910,DR005,Dr. Sunita Kulkarni,General Medicine,Asthma,60.0,2024-11-25,2024-12-05,10.0,No,,,OK
DC02981,PT01334,DR001,Dr. Priya Nair,Cardiology,Hernia Repair,71.0,2024-08-18,2024-09-05,18.0,No,,,OK
DC02982,PT00592,DR003,Dr. Aarti Deshmukh,Neurology,Migraine,22.0,2024-01-02,2024-01-17,15.0,No,,,OK
DC02983,PT01173,DR010,Dr. Rohit Verma,Orthopedics,Knee Replacement,29.0,2024-04-30,2024-05-08,8.0,No,,,OK
DC02984,PT01041,DR007,Dr. Deepak Sharma,Gynecology,Heart Attack,52.0,2024-01-02,2024-01-14,12.0,No,,,OK
DC02985,PT00773,DR003,Dr. Aarti Deshmukh,Neurology,Chest Infection,83.0,2024-08-18,2024-08-27,9.0,No,,,OK
DC02986,PT01013,DR005,Dr. Sunita Kulkarni,General Medicine,Appendicitis,21.0,2024-06-15,2024-06-26,11.0,No,,,OK
DC02987,PT00522,DR003,Dr. Aarti Deshmukh,Neurology,Chest Infection,36.0,2024-05-21,2024-06-07,17.0,No,,,OK
DC02988,PT01538,DR002,Dr. Suresh Patil,Orthopedics,Diabetes Type 2,51.0,2024-07-03,2024-07-13,10.0,No,,,OK
DC02989,PT00018,DR005,Dr. Sunita Kulkarni,General Medicine,Appendicitis,50.0,2024-07-08,2024-07-15,7.0,No,,,OK
DC02990,PT01557,DR009,Dr. Meera Pillai,Cardiology,Anemia,47.0,2024-01-12,2024-02-02,21.0,No,,,OK
DC02991,PT01517,DR005,Dr. Sunita Kulkarni,General Medicine,Migraine,59.0,2024-10-14,2024-10-15,1.0,No,,,OK
DC02992,PT00921,DR004,Dr. Rajan Mehta,Oncology,Cataract Surgery,38.0,2024-04-16,2024-04-28,12.0,Yes,2024-05-17,19.0,OK
DC02993,PT00175,DR001,Dr. Priya Nair,Cardiology,Asthma,73.0,2024-11-02,2024-11-17,15.0,No,,,OK
DC02994,PT01936,DR007,Dr. Deepak Sharma,Gynecology,Appendicitis,62.0,2024-11-25,2024-12-16,21.0,No,,,OK
DC02995,PT01704,DR010,Dr. Rohit Verma,Orthopedics,Hernia Repair,77.0,2024-10-08,2024-10-20,12.0,No,,,OK
DC02996,PT01066,DR007,Dr. Deepak Sharma,Gynecology,Anemia,48.0,2024-10-01,2024-10-07,6.0,No,,,OK
DC02997,PT00209,DR001,Dr. Priya Nair,Cardiology,Migraine,50.0,2024-10-26,2024-11-03,8.0,No,,,OK
DC02998,PT01928,DR001,Dr. Priya Nair,Cardiology,Lung Cancer - Stage 2,85.0,2024-10-04,2024-10-05,1.0,Yes,2024-10-31,26.0,OK
DC02999,PT01426,DR005,Dr. Sunita Kulkarni,General Medicine,Appendicitis,28.0,2024-01-08,2024-01-10,2.0,No,,,OK
DC03000,PT00851,DR004,Dr. Rajan Mehta,Oncology,Asthma,21.0,2024-03-02,2024-03-05,3.0,No,,,OK
