patient_id,patient_name,age,city,department,insurance_company,claim_status,bill_amount,admission_date,phone_number
PAT0240,lakshmi Patil,57,PUNE,GENERAL,hdfc ergo,  Approved,32751.05,"September 03, 2024",
PAT0269,PRIYA joshi,67,solapur,emergency,reliance health,Rejected,48891.21,2025-01-03,9336182414
PAT2593,Meera verma,27,THANE,GYNAECOLOGY,bajaj allianz,PENDING,24304.87,07/04/2023,9375834273
PAT0978,geeta nair,68,Solapur,Gynaecology,BAJAJ ALLIANZ,Under Review,,23/03/2023,9901700901
PAT0072,  riya iyer,,aurangabad,Orthopaedics,  Star Health,PENDING,11963.61,18-07-2025,9680027275
PAT2606,lakshmi MEHTA,75,thane,Emergency,  Star Health,approved,63521.64,2024-08-23,9436909473
PAT1733,rekha Rao,34,Thane,general,Star Health,REJECTED,19114.33,2023-06-30,9327730919
PAT1325,sneha KUMAR,49,nashik,cardiology,Reliance Health,PENDING,30288.09,30-05-2024,9920680315
PAT2911,deepa Gupta  ,70,aurangabad,Paediatrics,New India  ,APPROVED,36245.3,"July 14, 2023",9253005984
PAT1131,RIYA VERMA,52,NAGPUR,Neurology,New India,Pending,,22 Nov 2024,9818671253
PAT0961,Priya SHARMA,74,  Mumbai,neurology,UNITED INDIA,pending,2562.89,10/07/2024,9102092274
PAT0479,Pooja desai,49,  Mumbai,paediatrics,United India,Rejected,22741.78,24 Jun 2024,9438811626
PAT0667,sneha joshi,64,thane,Paediatrics,Star Health,Approved  ,79407.74,19-10-2025,9536354332
PAT1524,rekha kumar,41,  Mumbai,PAEDIATRICS,United India,Approved  ,81681.7,"April 17, 2024",
PAT0282,sneha patil,58,pune,Emergency,BAJAJ ALLIANZ,  Rejected,18478.28,17 Mar 2023,9679473892
PAT1435,meera gupta,43,Pune,neurology,  Bajaj Allianz,Under Review,,"May 05, 2024",9789191955
PAT2967,  DIVYA Iyer,49,mumbai,cardiology,Reliance Health,Rejected,59321.14,"January 15, 2023",9840768135
PAT0599,deepa Verma,31,THANE,gynaecology,Reliance Health,Approved,72843.94,28/07/2023,9829548792
PAT2724,Aisha PATIL,45,thane,orthopaedics,STAR HEALTH,pending,79833.17,07-01-2025,
PAT0152,DIVYA rao,52,solapur,paediatrics,New India,  Pending,75097.61,2025-08-12,9917792874
PAT1904,SNEHA Sharma,74,THANE,Paediatrics,STAR HEALTH,UNDER REVIEW,78094.35,11 Feb 2025,9470613971
PAT0386,Priya verma,50,  Mumbai,General,bajaj allianz,REJECTED,,19 Mar 2023,9723058861
PAT2984,Anjali sharma,74,AURANGABAD,Gynaecology,BAJAJ ALLIANZ,Under Review,82938.27,2025-06-07,9001122334
PAT2904,RIYA sharma,62,thane,Orthopaedics,Star Health  ,Pending,,2023-07-26,9263411295
PAT0413,sneha gupta,38,Nagpur,gynaecology,reliance health,rejected,9806.23,2024-04-11,9314700940
PAT0855,Deepa singh,67,NASHIK,Cardiology,Star Health  ,under review,,2025-02-07,9894475285
PAT2097,pooja mehta,26,solapur,EMERGENCY,united india,UNDER REVIEW,65306.99,26-05-2023,9563312504
PAT2153,Geeta nair,25,aurangabad,General,BAJAJ ALLIANZ,  Rejected,76013.04,01-03-2025,9429813964
PAT0114,Sunita mehta  ,75,  Solapur,general,STAR HEALTH,rejected,60456.17,17-08-2024,9851854702
PAT0023,Priya RAO,34,mumbai,general,bajaj allianz,Under Review,9953.34,02 Nov 2023,
PAT1296,riya patil,66,  Solapur,General,  Bajaj Allianz,  Rejected,48371.74,"July 18, 2025",
PAT0962,PRIYA Kumar,68,MUMBAI,cardiology,New India,REJECTED,,"January 22, 2025",9500792887
PAT0697,Anjali joshi,25,MUMBAI,Cardiology,united india,Pending,40742.32,"December 23, 2025",9690884707
PAT2721,AISHA SINGH,23,Solapur,Emergency,  Star Health,PENDING,69604.2,02-04-2023,9560175187
PAT2463,Lakshmi Patil,46,pune,orthopaedics,UNITED INDIA,Approved  ,16248.73,09-03-2023,
PAT2227,Geeta RAO,40,Aurangabad,PAEDIATRICS,UNITED INDIA,Rejected,80681.43,"February 03, 2024",9154825634
PAT2472,deepa gupta,29,kolhapur,Cardiology,  Star Health,PENDING,,2025-01-09,9987358543
PAT1777,lakshmi joshi,42,  Pune,emergency,HDFC Ergo,under review,7111.9,"June 18, 2025",9838840227
PAT2507,Priya Patil,39,kolhapur,CARDIOLOGY,Star Health  ,Rejected,,"October 17, 2024",9845959665
PAT2206,Lakshmi sharma  ,68,solapur,neurology,HDFC ERGO,Rejected,51170.45,16 Jan 2025,9869809710
PAT0061,kavya verma,55,Nashik,Orthopaedics,united india,  Approved,39110.42,"October 23, 2023",9180346223
PAT2498,RIYA Verma,66,aurangabad,emergency,Bajaj Allianz,Pending,2926.4,"October 05, 2024",9981321516
PAT1361,Deepa Verma  ,29,mumbai,Orthopaedics,  Bajaj Allianz,Approved,18705.94,"August 26, 2024",9429964279
PAT2373,geeta joshi,59,Kolhapur,paediatrics,star health,  Approved,52217.45,2024-09-28,9309222487
PAT1485,sunita singh,55,Thane,Gynaecology,NEW INDIA,Rejected,73361.27,15-10-2024,9281218634
PAT1498,divya NAIR,53,kolhapur,cardiology,  HDFC Ergo,under review,44078.15,2024-06-29,9103449831
PAT2730,Priya RAO,75,NAGPUR,EMERGENCY,Bajaj Allianz,pending,3182.75,"June 04, 2023",9934336371
PAT2201,  priya RAO,32,AURANGABAD,Dermatology,HDFC Ergo,UNDER REVIEW,83902.46,"June 22, 2025",9506801683
PAT1903,priya VERMA,50,pune,orthopaedics,  Bajaj Allianz,PENDING,84463.82,17 Apr 2024,9767392388
PAT0937,RIYA NAIR,43,NASHIK,Cardiology,United India,Pending,80440.63,2024-03-20,
PAT2466,Lakshmi Nair,75,thane,gynaecology,HDFC Ergo,  Rejected,2745.36,"June 20, 2023",9962434506
PAT2797,Rekha joshi,26,Nashik,general,United India,approved,,30 Jan 2024,
PAT0500,sneha RAO,25,AURANGABAD,GYNAECOLOGY,UNITED INDIA,  Pending,66822.85,06 Apr 2023,9841027438
PAT2349,Geeta Singh,58,AURANGABAD,GENERAL,bajaj allianz,under review,53932.38,2024-01-12,9613514110
PAT0730,rekha gupta,50,nashik,PAEDIATRICS,  Bajaj Allianz,approved,75857.81,22-08-2025,9001122334
PAT0499,Anjali iyer,33,Mumbai,dermatology,star health,Approved,22538.28,21/11/2023,9134327534
PAT2739,kavya sharma,68,thane,PAEDIATRICS,HDFC Ergo,  Rejected,41260.76,30-12-2023,9450433138
PAT1034,geeta KUMAR,57,  Mumbai,CARDIOLOGY,NEW INDIA,APPROVED,33275.92,23 Jan 2024,9766087112
PAT0515,Priya desai,20,Nagpur,GENERAL,BAJAJ ALLIANZ,Rejected,76574.28,"February 11, 2025",9242603228
PAT0641,Sneha singh,70,Pune,Orthopaedics,bajaj allianz,Rejected,,30/04/2025,
PAT0350,kavya JOSHI,64,  Pune,Gynaecology,new india,Approved  ,65179.26,"April 27, 2025",9982292061
PAT1956,sunita SHARMA,24,Pune,CARDIOLOGY,New India,Under Review,72289.44,19 Mar 2024,9663118528
PAT2223,rekha NAIR,46,mumbai,cardiology,BAJAJ ALLIANZ,  Rejected,,07/01/2024,9340218578
PAT0449,pooja singh,43,NASHIK,GENERAL,reliance health,  Rejected,43714.53,"October 29, 2023",9633943662
PAT2059,rekha PATIL,34,AURANGABAD,Cardiology,Bajaj Allianz,under review,,"August 31, 2023",
PAT2543,sunita gupta,18,  Solapur,CARDIOLOGY,new india,  Approved,39945.02,"October 14, 2025",9001122334
PAT0813,pooja Nair,33,thane,Dermatology,BAJAJ ALLIANZ,under review,,30-10-2024,
PAT1753,Neha sharma,24,nashik,gynaecology,new india,PENDING,12268.25,08 Aug 2025,9821914900
PAT2837,Pooja VERMA,27,Nashik,GENERAL,NEW INDIA,Approved,14792.41,"September 26, 2024",9515312617
PAT2369,Neha MEHTA,74,solapur,orthopaedics,hdfc ergo,  Approved,,20-11-2024,9876543210
PAT2639,Pooja rao,42,pune,Emergency,Star Health  ,Approved,7178.45,"June 15, 2024",9480052581
PAT2557,kavya Desai,,nashik,orthopaedics,reliance health,  Pending,60471.91,2025-01-04,9725910526
PAT1084,Neha Verma,64,nashik,emergency,  Star Health,Under Review,75052.77,"March 13, 2024",9243802269
PAT2077,Kavya MEHTA,18,  Solapur,Paediatrics,  Bajaj Allianz,Under Review,38835.83,12 May 2023,9367571874
PAT1229,Rekha Patil  ,57,mumbai,general,  Star Health,APPROVED,36615.61,31-03-2023,9952492051
PAT2245,REKHA MEHTA  ,20,NAGPUR,EMERGENCY,NEW INDIA,Under Review,,01/12/2024,9158073404
PAT0135,meera iyer,20,nagpur,GENERAL,HDFC Ergo,Rejected,1283.08,08-08-2023,9683364453
PAT0464,SNEHA Iyer,26,MUMBAI,Orthopaedics,BAJAJ ALLIANZ,  Approved,70548.94,11-12-2025,9876543210
PAT0904,RIYA patil,54,solapur,emergency,Star Health,approved,17909.52,27-08-2023,
PAT1806,MEERA sharma,68,THANE,neurology,Star Health  ,  Pending,73056.92,2024-08-25,9650171664
PAT0071,Lakshmi nair,55,nagpur,EMERGENCY,NEW INDIA,  Approved,40339.8,02 Nov 2024,9001122334
PAT0189,  deepa Sharma,73,Nagpur,orthopaedics,UNITED INDIA,APPROVED,8048.48,2023-07-29,9247241457
PAT1245,geeta Nair,41,Solapur,Emergency,new india,Approved  ,,2025-03-05,
PAT0128,priya Verma,67,kolhapur,Emergency,HDFC ERGO,approved,14908.27,17/02/2025,9714792641
PAT0909,Aisha Mehta  ,45,Kolhapur,paediatrics,united india,Approved  ,65491.19,28/10/2025,9146984680
PAT0132,kavya SINGH  ,46,solapur,Neurology,UNITED INDIA,pending,46009.83,10/07/2024,9356927167
PAT1201,Aisha Patil,70,solapur,Gynaecology,NEW INDIA,  Pending,15273.0,2023-09-19,9349710178
PAT2628,geeta Kumar,38,AURANGABAD,PAEDIATRICS,  Bajaj Allianz,Approved  ,21330.03,2025-06-01,
PAT2786,Sneha Iyer,23,  Pune,Emergency,STAR HEALTH,Under Review,84907.02,11-11-2024,9123456789
PAT1622,Deepa Rao  ,25,AURANGABAD,PAEDIATRICS,HDFC ERGO,UNDER REVIEW,32577.05,17 May 2023,9889269065
PAT2777,  DIVYA MEHTA,41,Thane,cardiology,HDFC Ergo,  Pending,49237.25,11-12-2025,9283105861
PAT0923,rekha Nair,74,NASHIK,CARDIOLOGY,HDFC Ergo,Approved  ,57738.03,2023-11-03,9818230059
PAT1008,sneha Nair,50,mumbai,Cardiology,  Star Health,Approved  ,47954.36,2023-05-03,9498644301
PAT1913,neha iyer,54,THANE,general,Star Health  ,Pending,49223.99,29 Aug 2024,9830466821
PAT0955,Anjali MEHTA,65,nashik,gynaecology,BAJAJ ALLIANZ,Rejected,5094.06,15 Apr 2024,9332793730
PAT0014,AISHA KUMAR,59,solapur,Orthopaedics,star health,  Rejected,68150.07,12/08/2023,9250519597
PAT1144,  Sunita desai,73,kolhapur,general,Star Health,Pending,37691.97,2023-11-28,9739838225
PAT1565,kavya Verma,31,kolhapur,PAEDIATRICS,New India,  Pending,,01-10-2023,9523895116
PAT2590,rekha JOSHI,29,mumbai,Cardiology,HDFC Ergo,APPROVED,55727.13,08 Apr 2023,9480335615
PAT0614,AISHA rao,22,thane,GYNAECOLOGY,STAR HEALTH,Pending,7647.44,08 Aug 2024,9111483320
PAT0574,meera kumar,49,PUNE,gynaecology,star health,Approved  ,11109.9,22 Dec 2023,9319444197
PAT2457,priya desai,35,aurangabad,General,BAJAJ ALLIANZ,APPROVED,55036.42,"February 21, 2024",9942940210
PAT0309,rekha Gupta,69,MUMBAI,dermatology,United India,  Rejected,68103.17,"November 03, 2023",9636439085
PAT0254,Pooja rao  ,65,kolhapur,Emergency,HDFC ERGO,rejected,58656.42,"July 15, 2023",9471245687
PAT1600,deepa iyer,55,Aurangabad,CARDIOLOGY,bajaj allianz,approved,63786.02,05 Aug 2025,
PAT2891,Rekha VERMA,70,Mumbai,cardiology,UNITED INDIA,pending,35285.8,23-03-2025,9711549995
PAT0498,AISHA nair,72,mumbai,emergency,hdfc ergo,Rejected,7783.22,15/09/2025,9628480415
PAT2441,Priya SHARMA,60,Nagpur,gynaecology,Reliance Health,Approved  ,62259.72,"May 18, 2025",9404605838
PAT0025,kavya gupta,69,mumbai,General,Star Health,Pending,28569.67,23/04/2025,9216066793
PAT2062,SNEHA SHARMA,18,Pune,GENERAL,star health,  Approved,62768.83,27/02/2023,
PAT2966,sneha MEHTA,29,pune,Emergency,Reliance Health,APPROVED,26841.7,03-06-2023,9856469341
PAT1919,Neha kumar,67,Pune  ,emergency,New India,APPROVED,,04/12/2024,9135440208
PAT1713,  REKHA VERMA,27,  Pune,general,RELIANCE HEALTH,UNDER REVIEW,4160.06,07 Nov 2024,9559300570
PAT2540,meera singh,,MUMBAI,GENERAL,NEW INDIA,pending,58677.84,09/08/2023,9468239658
PAT1617,Divya verma,65,Pune  ,Emergency,Star Health  ,  Rejected,54319.9,09/05/2024,9123456789
PAT2338,REKHA Mehta,38,MUMBAI,neurology,RELIANCE HEALTH,under review,29752.29,2025-08-19,9876545398
PAT0372,PRIYA PATIL,24,Aurangabad,neurology,Star Health,Rejected,18231.96,15/02/2024,9929773829
PAT1055,Neha Nair,39,aurangabad,GYNAECOLOGY,United India,Approved,9219.76,08/10/2023,9001122334
PAT2621,sneha rao,35,aurangabad,orthopaedics,new india,Under Review,,"August 02, 2024",9650156157
PAT1639,divya gupta,41,mumbai,neurology,united india,  Pending,33776.66,12/10/2024,9850268628
PAT1977,kavya Rao,53,Solapur,gynaecology,New India,APPROVED,19127.56,10-06-2023,9653695027
PAT0116,SNEHA patil,64,aurangabad,Dermatology,United India,Under Review,6731.94,2024-10-11,9469919929
PAT2735,kavya Rao,58,Kolhapur,orthopaedics,Star Health  ,rejected,,"October 27, 2023",9123456789
PAT0572,Aisha MEHTA,64,Kolhapur,general,new india,Approved  ,54884.38,23 Mar 2023,9972641299
PAT1523,Deepa Singh,52,NAGPUR,paediatrics,  HDFC Ergo,Approved,74327.98,11 Jul 2024,9869711410
PAT2595,Kavya SHARMA,39,Pune,Neurology,reliance health,UNDER REVIEW,28772.0,26-02-2023,9326992964
PAT0405,anjali MEHTA,47,Solapur,dermatology,Star Health  ,PENDING,3616.16,"October 17, 2023",9763971973
PAT0867,aisha kumar,34,AURANGABAD,general,  Star Health,  Pending,43974.48,21-11-2024,9466127696
PAT0770,Sneha MEHTA,28,AURANGABAD,PAEDIATRICS,RELIANCE HEALTH,PENDING,14138.65,04-02-2025,9367043613
PAT1657,Rekha PATIL  ,25,Solapur,PAEDIATRICS,  Star Health,Rejected,54699.61,01-09-2023,9123456789
PAT2311,REKHA Gupta  ,39,pune,GYNAECOLOGY,BAJAJ ALLIANZ,  Pending,69039.31,18-06-2025,9159572195
PAT0777,  Geeta Gupta,65,Nashik,orthopaedics,star health,rejected,51092.69,12-01-2023,9953298111
PAT1336,Aisha Rao,71,Solapur,Cardiology,star health,  Rejected,78921.8,"October 16, 2025",9993254743
PAT2615,lakshmi mehta,70,Nashik,Neurology,united india,REJECTED,71126.11,"May 13, 2024",9852533654
PAT1614,geeta gupta,19,NAGPUR,gynaecology,New India,Rejected,72034.24,"June 05, 2024",9897801414
PAT2029,Anjali Nair,29,  Pune,gynaecology,hdfc ergo,  Rejected,50787.02,2025-02-08,
PAT0886,priya verma,32,MUMBAI,GYNAECOLOGY,united india,pending,,30/08/2024,9618910736
PAT2825,kavya singh,37,Solapur,Dermatology,HDFC ERGO,under review,,"August 02, 2025",9647823593
PAT1063,priya mehta,52,NAGPUR,CARDIOLOGY,BAJAJ ALLIANZ,  Approved,11212.82,21/04/2023,9221509873
PAT2532,SNEHA Kumar,25,Pune  ,GENERAL,New India,  Rejected,61212.4,2023-01-21,9215877320
PAT1859,meera JOSHI,52,pune,Orthopaedics,Bajaj Allianz,pending,32062.15,"March 27, 2023",9558588596
PAT0465,RIYA RAO,69,thane,GYNAECOLOGY,United India,pending,,25/12/2023,9373058902
PAT0975,  meera NAIR,61,kolhapur,GENERAL,HDFC ERGO,under review,80609.48,2023-08-26,9749834963
PAT2203,Divya NAIR,24,NASHIK,orthopaedics,New India  ,Approved  ,,"March 12, 2023",9188261058
PAT1778,sunita VERMA,45,MUMBAI,Emergency,NEW INDIA,  Rejected,,"April 02, 2025",9334890347
PAT1393,deepa Nair,32,Mumbai,PAEDIATRICS,New India,UNDER REVIEW,70584.31,13/07/2023,9768606852
PAT0506,Rekha Rao,40,pune,Neurology,Bajaj Allianz,Approved  ,38202.97,25 Feb 2024,9574748306
PAT0226,sunita joshi  ,28,Mumbai,gynaecology,Star Health  ,approved,84009.65,10/06/2025,9995616775
PAT1891,  REKHA Desai,30,THANE,Gynaecology,STAR HEALTH,  Pending,14560.06,"November 22, 2023",9625308720
PAT0662,rekha Iyer,73,NAGPUR,CARDIOLOGY,NEW INDIA,under review,45717.28,2025-08-10,9526216314
PAT2818,lakshmi Patil,31,Pune,GENERAL,reliance health,approved,,10/05/2023,9430577081
PAT2365,lakshmi Singh,21,Thane,gynaecology,Reliance Health,approved,81662.78,2025-11-17,9738662864
PAT2737,sneha SHARMA,59,NASHIK,Gynaecology,United India,  Rejected,32117.29,28/12/2025,9001122334
PAT0725,Pooja desai  ,41,Kolhapur,EMERGENCY,Star Health,Pending,59542.32,12/02/2025,9314463212
PAT0602,  anjali desai,50,MUMBAI,Cardiology,BAJAJ ALLIANZ,UNDER REVIEW,63482.86,"January 06, 2024",9565635101
PAT2447,  aisha iyer,45,nashik,gynaecology,star health,Pending,40372.51,08/06/2023,9733870046
PAT1638,pooja verma,28,NASHIK,GYNAECOLOGY,Reliance Health,approved,35698.96,2024-09-06,9496719597
PAT0223,  lakshmi mehta,23,aurangabad,Orthopaedics,New India,  Rejected,76117.15,2024-06-26,9498380251
PAT1595,Deepa sharma,53,nagpur,emergency,  HDFC Ergo,Pending,71365.39,22 Aug 2024,9576153570
PAT2471,deepa Iyer,20,Nashik,Dermatology,HDFC ERGO,rejected,76194.93,"June 22, 2023",9588082687
PAT0866,Priya joshi,33,mumbai,PAEDIATRICS,new india,Approved,41384.89,05/12/2024,9719765375
PAT2941,Kavya joshi,62,Thane,GENERAL,star health,rejected,72353.22,"December 05, 2023",9807295914
PAT0019,Geeta rao,63,Nashik,GYNAECOLOGY,  HDFC Ergo,  Rejected,,"September 06, 2024",9177892576
PAT1376,geeta patil,52,Mumbai,EMERGENCY,  Bajaj Allianz,under review,39549.32,03 Nov 2024,9382063522
PAT1553,Geeta PATIL,71,pune,emergency,bajaj allianz,  Approved,,19 Mar 2024,
PAT0689,Kavya Iyer  ,39,solapur,Cardiology,STAR HEALTH,UNDER REVIEW,,30-04-2025,9529866466
PAT1848,rekha Gupta  ,58,NASHIK,GENERAL,Star Health  ,Approved  ,39020.6,17/02/2024,9001122334
PAT1069,Riya SINGH,70,Pune  ,emergency,reliance health,UNDER REVIEW,44627.77,06/06/2023,9638390709
PAT0591,SNEHA Desai,28,Nashik,PAEDIATRICS,  HDFC Ergo,PENDING,56771.31,10/09/2023,9628236720
PAT2222,Pooja KUMAR,,solapur,emergency,BAJAJ ALLIANZ,APPROVED,77034.71,04 Apr 2024,9001122334
PAT2808,Divya desai,49,pune,Dermatology,NEW INDIA,Under Review,38313.72,2023-08-28,9568227904
PAT1842,MEERA Patil,20,Mumbai,cardiology,New India,Rejected,,22 Jun 2025,9150951873
PAT0491,Pooja RAO,29,Mumbai,Gynaecology,STAR HEALTH,  Pending,9484.94,2025-12-30,
PAT1418,Priya patil,33,  Mumbai,General,United India,Approved,32192.72,27-05-2024,9534244788
PAT1469,Meera Rao,49,  Mumbai,emergency,Reliance Health,REJECTED,,02 Jan 2023,9976242620
PAT2250,riya SINGH,51,NASHIK,general,UNITED INDIA,under review,50094.13,12/12/2025,9785138280
PAT0555,aisha Rao,,THANE,cardiology,Star Health  ,Approved  ,84514.75,"March 11, 2025",9673904893
PAT2529,divya MEHTA,30,mumbai,orthopaedics,  HDFC Ergo,REJECTED,43659.2,"February 03, 2025",9123456789
PAT0374,  rekha gupta,52,NAGPUR,cardiology,Star Health  ,Approved,57579.41,"August 05, 2023",
PAT0882,RIYA Iyer,29,aurangabad,CARDIOLOGY,new india,REJECTED,63018.11,11-04-2024,9875177891
PAT0833,aisha Verma,40,solapur,orthopaedics,BAJAJ ALLIANZ,rejected,32439.2,20/09/2025,9619689345
PAT0364,Riya Kumar,51,kolhapur,emergency,NEW INDIA,Approved  ,42445.54,"October 16, 2025",9349882959
PAT2548,  Riya PATIL,24,AURANGABAD,Paediatrics,reliance health,PENDING,60112.49,06 Oct 2025,
PAT0788,MEERA NAIR,18,Mumbai,general,NEW INDIA,pending,,27-09-2024,9372473079
PAT1674,divya kumar,75,Pune,CARDIOLOGY,New India  ,rejected,,2025-04-28,9701444428
PAT1825,AISHA KUMAR,46,NASHIK,gynaecology,New India,APPROVED,,22/08/2025,9767856972
PAT2817,MEERA Kumar,,Solapur,GENERAL,HDFC Ergo,rejected,29590.69,"July 22, 2023",9758256405
PAT2242,Geeta MEHTA,37,NAGPUR,Dermatology,  HDFC Ergo,pending,19765.83,25-11-2025,9452792099
PAT1398,  AISHA MEHTA,71,nashik,orthopaedics,HDFC Ergo,Rejected,,14/03/2024,9989527695
PAT1049,DIVYA verma,21,  Mumbai,Cardiology,United India,under review,66527.72,"May 03, 2023",9218558797
PAT2017,Kavya Joshi,,thane,EMERGENCY,Bajaj Allianz,PENDING,,25-01-2024,9786920911
PAT2796,AISHA Singh,47,nagpur,Dermatology,hdfc ergo,Rejected,45748.86,21-06-2025,9402853143
PAT2254,Riya VERMA,25,  Solapur,Paediatrics,Star Health,Approved  ,24845.03,2024-08-17,9576333044
PAT1893,NEHA rao,25,Aurangabad,Orthopaedics,RELIANCE HEALTH,rejected,,"February 21, 2025",9837821099
PAT2395,MEERA Sharma,52,Pune,General,Star Health,Rejected,39780.41,25/01/2023,9230743131
PAT1874,geeta Mehta,33,Aurangabad,EMERGENCY,new india,UNDER REVIEW,38097.54,"December 18, 2024",9139406767
PAT1529,Geeta mehta,27,Pune  ,PAEDIATRICS,Star Health,Approved,,17-05-2023,9806763027
PAT0782,  riya mehta,24,Pune,emergency,united india,Pending,,07-04-2024,9394828690
PAT1789,NEHA Nair,73,Thane,General,  Star Health,Under Review,51943.8,"March 22, 2024",9195219382
PAT1906,rekha Sharma,66,Kolhapur,general,  Star Health,UNDER REVIEW,7382.18,2025-09-22,9637211316
PAT0469,PRIYA singh,49,aurangabad,General,new india,Under Review,69810.39,25-11-2023,9746517065
PAT1776,  RIYA Desai,23,Thane,Orthopaedics,BAJAJ ALLIANZ,APPROVED,67977.27,14-09-2024,9750159178
PAT2603,MEERA Mehta,47,MUMBAI,neurology,RELIANCE HEALTH,Approved,,04 Jun 2024,9872887880
PAT1010,PRIYA VERMA  ,42,Nashik,general,Reliance Health,  Pending,,2024-02-07,9336478266
PAT2635,Priya RAO,50,Pune,dermatology,  Star Health,  Pending,,19-03-2024,9876543210
PAT0355,PRIYA NAIR,21,Mumbai,neurology,united india,  Rejected,65875.71,"August 08, 2024",9158569033
PAT2421,aisha Desai,44,Kolhapur,general,  HDFC Ergo,REJECTED,81087.53,08-03-2024,
PAT0185,SNEHA Iyer,74,NASHIK,general,UNITED INDIA,rejected,73922.71,"July 10, 2023",9168000803
PAT1479,REKHA JOSHI,75,  Mumbai,Paediatrics,Star Health  ,  Pending,,2023-12-07,
PAT2969,Aisha desai,,NASHIK,CARDIOLOGY,new india,  Approved,56060.99,02 Mar 2023,9729739821
PAT1432,aisha singh,23,Thane,Orthopaedics,  Star Health,UNDER REVIEW,46696.32,14 Jun 2023,9818000528
PAT0421,Rekha patil,26,Nashik,GYNAECOLOGY,bajaj allianz,  Approved,62808.62,05/03/2024,9640699840
PAT1190,  Sneha desai,29,Pune,GENERAL,NEW INDIA,PENDING,32735.9,02-04-2023,9553636760
PAT0831,Kavya joshi,,NASHIK,Emergency,NEW INDIA,Rejected,60988.2,"September 16, 2024",9265830066
PAT2716,geeta SINGH,29,AURANGABAD,Orthopaedics,NEW INDIA,approved,,31-05-2024,9264781461
PAT0750,AISHA desai,21,Kolhapur,GENERAL,reliance health,under review,16979.49,23/08/2024,9488656916
PAT1938,REKHA iyer,64,Pune,Emergency,New India,Approved,35901.29,"December 26, 2024",9409220321
PAT0383,anjali SINGH,62,kolhapur,PAEDIATRICS,Reliance Health,rejected,34809.76,10 Jun 2025,9249324059
PAT2623,  lakshmi Gupta,61,Pune,General,New India  ,under review,82476.92,2024-08-09,9291942054
PAT0481,Pooja JOSHI,75,aurangabad,cardiology,united india,REJECTED,47892.21,"July 26, 2025",9258971462
PAT0593,  divya Singh,65,kolhapur,gynaecology,  Star Health,REJECTED,,"October 03, 2024",9876543210
PAT0575,DIVYA VERMA  ,64,Mumbai,GYNAECOLOGY,United India,Pending,26112.01,07/07/2025,9185916488
PAT1743,PRIYA verma,19,nagpur,EMERGENCY,  Bajaj Allianz,REJECTED,,07/01/2024,9749321858
PAT2211,deepa NAIR,72,AURANGABAD,orthopaedics,  Star Health,Pending,55004.09,2023-09-18,9640570280
PAT1095,sunita Rao,72,Mumbai,Gynaecology,hdfc ergo,  Approved,66438.3,01-04-2024,9561574330
PAT1225,Pooja nair,70,AURANGABAD,paediatrics,reliance health,Rejected,70925.59,03-04-2023,9103098968
PAT2178,Deepa PATIL  ,26,PUNE,gynaecology,  HDFC Ergo,REJECTED,11887.99,2024-06-27,9987816714
PAT1792,sneha Verma,35,kolhapur,cardiology,star health,Rejected,71040.08,"May 11, 2024",9905021918
PAT1778,sunita VERMA,45,MUMBAI,Emergency,NEW INDIA,  Rejected,,"April 02, 2025",9334890347
PAT0335,RIYA gupta,67,AURANGABAD,Neurology,NEW INDIA,under review,34054.15,12-03-2023,9424100009
PAT2293,deepa kumar  ,47,pune,Neurology,united india,approved,,12-01-2024,9282124849
PAT1678,  priya NAIR,18,mumbai,Neurology,HDFC Ergo,REJECTED,20709.17,12/03/2024,9462857214
PAT1700,Divya Gupta,23,nashik,general,bajaj allianz,Approved  ,16814.23,2023-11-16,9389616289
PAT1280,anjali singh,20,Thane,EMERGENCY,RELIANCE HEALTH,REJECTED,69255.23,2023-05-09,9796941292
PAT2486,Lakshmi RAO,36,kolhapur,Paediatrics,UNITED INDIA,Rejected,69194.38,24-12-2025,9422396183
PAT1920,Aisha Singh,53,Nashik,neurology,bajaj allianz,UNDER REVIEW,29284.31,2023-08-07,9921056754
PAT1605,divya Gupta,60,Nagpur,neurology,  Bajaj Allianz,under review,21000.58,2024-10-09,9648716955
PAT0581,  Meera Sharma,42,nagpur,Emergency,STAR HEALTH,pending,14512.09,24-05-2025,9672520551
PAT2036,rekha Patil,68,kolhapur,General,NEW INDIA,rejected,64409.71,14-10-2025,9692881571
PAT2033,DIVYA Patil,18,solapur,Cardiology,UNITED INDIA,PENDING,24545.92,31-08-2024,9789954518
PAT1520,Aisha Mehta,51,Solapur,GENERAL,Star Health,APPROVED,62673.81,27/08/2024,9501509647
PAT2073,Meera Verma,24,  Solapur,emergency,Star Health  ,APPROVED,68468.88,21-08-2025,9579808455
PAT0526,deepa singh,39,Mumbai,general,  Bajaj Allianz,rejected,,2023-10-01,9876543210
PAT1800,divya Patil,29,thane,GYNAECOLOGY,United India,rejected,1718.15,24-07-2023,9916880487
PAT1764,anjali RAO,,nashik,EMERGENCY,  HDFC Ergo,pending,44553.0,20-02-2024,9499981886
PAT0713,Lakshmi Nair,44,NAGPUR,Cardiology,bajaj allianz,Approved,36067.62,15 Oct 2023,9723116455
PAT2044,geeta gupta,41,nagpur,neurology,New India,Under Review,30303.25,09-01-2023,9465189653
PAT1900,divya sharma,68,THANE,Emergency,star health,UNDER REVIEW,19890.05,25-09-2023,9857167893
PAT1199,Kavya mehta,56,NASHIK,general,Star Health,  Pending,84511.25,16-04-2025,9556327580
PAT2651,SNEHA kumar,57,Thane,paediatrics,Reliance Health,PENDING,79354.97,01/08/2024,9342640759
PAT0191,  SNEHA Desai,40,Nagpur,Paediatrics,Star Health  ,PENDING,7619.02,2024-08-06,9423893509
PAT2533,SNEHA VERMA,61,solapur,Cardiology,Bajaj Allianz,REJECTED,19615.78,2025-03-06,9306854402
PAT1602,Divya sharma,61,aurangabad,PAEDIATRICS,STAR HEALTH,Approved  ,34228.02,11/08/2023,9817152257
PAT0009,Pooja VERMA,24,solapur,neurology,Reliance Health,pending,64932.16,2025-12-22,9220117054
PAT0719,Meera VERMA,48,aurangabad,neurology,New India,  Approved,42155.47,"July 17, 2024",9598177231
PAT1867,sunita SHARMA,30,nashik,dermatology,Star Health,APPROVED,28692.91,"March 24, 2024",9665844292
PAT1633,Divya joshi  ,20,Nashik,GYNAECOLOGY,BAJAJ ALLIANZ,Approved  ,15380.51,"February 01, 2025",9876543210
PAT0490,SNEHA VERMA  ,68,mumbai,PAEDIATRICS,star health,APPROVED,60019.99,04 Oct 2024,9583127884
PAT0480,Sunita joshi,58,THANE,general,star health,pending,,15/04/2024,
PAT2112,Deepa sharma,75,Aurangabad,GENERAL,New India  ,REJECTED,,"October 12, 2025",9484513349
PAT1466,DIVYA Sharma,20,thane,PAEDIATRICS,new india,  Pending,,17 Dec 2024,9690602772
PAT0863,geeta kumar  ,37,aurangabad,GENERAL,  HDFC Ergo,Approved  ,46128.82,"July 17, 2023",9713363781
PAT0699,  MEERA Iyer,51,Nagpur,Orthopaedics,reliance health,approved,81533.11,2024-03-25,
PAT0626,divya Gupta,50,Nagpur,EMERGENCY,star health,Rejected,,14-01-2025,9365180555
PAT2487,Aisha gupta,22,mumbai,emergency,  Star Health,  Approved,34965.05,02 Oct 2025,9515962401
PAT2759,anjali Singh,74,nashik,PAEDIATRICS,United India,Approved  ,64119.56,26/10/2023,9791726804
PAT1455,Rekha Rao,45,  Mumbai,orthopaedics,Star Health,under review,32377.37,28/02/2024,9123456789
PAT1803,sneha mehta,71,solapur,orthopaedics,New India,rejected,58329.87,25 Apr 2023,9181704545
PAT1363,SNEHA Joshi,31,  Pune,Gynaecology,RELIANCE HEALTH,approved,,"May 25, 2024",9198144918
PAT0892,AISHA joshi,55,Nashik,Cardiology,  Bajaj Allianz,approved,30780.53,2023-09-03,9884239926
PAT2833,Riya JOSHI,69,AURANGABAD,emergency,HDFC Ergo,Pending,57729.08,2024-06-18,9324107194
PAT0459,RIYA mehta,50,NAGPUR,dermatology,HDFC Ergo,Approved,44120.94,18 Jan 2024,9984664477
PAT2674,lakshmi JOSHI,55,thane,dermatology,New India  ,under review,59394.22,16-11-2024,9866895666
PAT0321,  MEERA rao,29,  Pune,neurology,  HDFC Ergo,Approved  ,61940.55,2024-04-21,9467126134
PAT2511,  SNEHA NAIR,65,THANE,GYNAECOLOGY,star health,REJECTED,7837.74,09/09/2024,9561585794
PAT1531,RIYA joshi,48,Pune  ,cardiology,BAJAJ ALLIANZ,Under Review,70873.56,24-02-2025,9848714553
PAT1124,aisha Gupta,51,Kolhapur,paediatrics,  Star Health,PENDING,79894.46,06 Aug 2023,9127551431
PAT0113,NEHA Iyer,25,pune,Gynaecology,UNITED INDIA,  Rejected,10450.8,"June 17, 2024",9845156039
PAT0966,Anjali Sharma,28,thane,GYNAECOLOGY,reliance health,rejected,28003.68,03 Feb 2025,9979782070
PAT0757,REKHA singh,37,aurangabad,Paediatrics,star health,Under Review,32953.72,01/01/2024,
PAT0227,Pooja rao,22,PUNE,PAEDIATRICS,bajaj allianz,  Rejected,72884.74,"November 30, 2025",9001122334
PAT1673,AISHA Kumar,,nashik,paediatrics,Star Health  ,Under Review,,2023-05-17,9358334487
PAT1691,  riya mehta,47,Nashik,GYNAECOLOGY,BAJAJ ALLIANZ,Approved  ,59906.8,30/05/2023,9743641875
PAT0773,AISHA sharma  ,27,  Pune,Emergency,New India  ,pending,73111.11,"October 24, 2024",9988776655
PAT1381,SNEHA Sharma,26,kolhapur,GENERAL,New India,Approved  ,27130.1,06/09/2023,9876543210
PAT1960,neha iyer,32,thane,Cardiology,bajaj allianz,PENDING,,30 Mar 2025,9916296170
PAT0790,priya Verma,49,mumbai,GENERAL,Reliance Health,  Approved,,01 Mar 2023,9890484616
PAT1121,Neha KUMAR,,  Pune,Gynaecology,  HDFC Ergo,Pending,29452.36,06-02-2025,9522166686
PAT0160,sneha singh,20,mumbai,Paediatrics,Star Health,pending,64065.5,2025-03-26,9708485104
PAT1532,Kavya SINGH,63,solapur,orthopaedics,star health,Pending,70774.5,05 Mar 2023,9559676548
PAT0627,  RIYA Patil,38,Mumbai,neurology,UNITED INDIA,  Pending,9014.36,14-01-2024,9426800512
PAT1162,Deepa SHARMA,69,thane,paediatrics,united india,  Approved,,2023-03-04,9597631383
PAT0944,DIVYA Gupta,70,Kolhapur,GENERAL,bajaj allianz,Approved  ,81338.41,19-09-2025,9984909762
PAT1986,Lakshmi Sharma,69,  Pune,Cardiology,star health,under review,831.98,"May 28, 2023",9338288579
PAT2995,kavya VERMA,53,PUNE,EMERGENCY,Reliance Health,Under Review,,2024-12-26,9107982031
PAT1787,RIYA JOSHI,49,  Pune,Orthopaedics,  HDFC Ergo,Under Review,83972.88,29 Dec 2024,9673954902
PAT0625,  kavya Gupta,30,Pune  ,General,Star Health,pending,,"April 15, 2023",9780011404
PAT2452,Deepa JOSHI,42,nagpur,Emergency,Star Health  ,pending,66246.19,"November 01, 2024",9363117858
PAT0558,aisha JOSHI,44,aurangabad,CARDIOLOGY,New India  ,pending,,26-02-2024,9609791168
PAT1927,Geeta verma,62,PUNE,cardiology,  HDFC Ergo,  Rejected,74390.7,2024-10-16,9535674804
PAT0985,Pooja singh,56,Aurangabad,GYNAECOLOGY,new india,rejected,48328.26,14-12-2024,9825956975
PAT1914,priya MEHTA,34,Solapur,PAEDIATRICS,Bajaj Allianz,REJECTED,1463.96,"June 07, 2025",9295417054
PAT1413,priya sharma,68,nashik,PAEDIATRICS,united india,PENDING,52229.75,07 Jan 2023,9710022933
PAT1241,  AISHA Patil,64,mumbai,paediatrics,Reliance Health,  Pending,75755.43,2024-11-26,9001122334
PAT0621,aisha iyer,28,Solapur,gynaecology,UNITED INDIA,  Pending,,28 Sep 2025,9236831207
PAT0754,Anjali Joshi,19,  Solapur,Gynaecology,STAR HEALTH,Approved  ,45226.67,"March 05, 2025",9698010612
PAT1136,  Riya iyer,50,thane,Gynaecology,NEW INDIA,Rejected,81509.44,12/12/2025,9683433416
PAT0311,Pooja nair,69,  Mumbai,paediatrics,Star Health,Under Review,,12 Feb 2024,9287409640
PAT1275,DIVYA nair,25,  Mumbai,Gynaecology,New India  ,  Approved,24659.84,26 Jun 2024,9269021101
PAT1338,kavya Kumar,30,mumbai,Cardiology,New India,APPROVED,,01 Dec 2023,9221083610
PAT0363,Kavya desai,51,Nagpur,Dermatology,hdfc ergo,pending,9736.04,2025-12-19,9946307028
PAT0918,  Aisha Kumar,42,kolhapur,Gynaecology,  HDFC Ergo,Approved  ,49093.34,10/02/2024,9892921493
PAT2312,RIYA rao,49,thane,GENERAL,BAJAJ ALLIANZ,APPROVED,17724.48,15-09-2023,9321615848
PAT2367,DIVYA Joshi,40,  Solapur,PAEDIATRICS,NEW INDIA,  Approved,11037.02,07-08-2025,9609629597
PAT0856,  Divya NAIR,67,nagpur,Emergency,  Star Health,APPROVED,43316.43,2025-11-23,9625176174
PAT0085,NEHA Rao,54,Kolhapur,CARDIOLOGY,star health,Approved  ,52707.33,17-06-2023,9751842899
PAT1227,pooja Patil,26,  Mumbai,GENERAL,HDFC Ergo,Pending,52131.74,2024-07-27,
PAT0455,DIVYA Rao,22,nashik,Orthopaedics,new india,Pending,,2024-10-29,9709938401
PAT2060,sunita Iyer,41,mumbai,cardiology,UNITED INDIA,under review,61722.88,"April 23, 2023",9123456789
PAT0222,geeta Singh,24,Pune,PAEDIATRICS,BAJAJ ALLIANZ,UNDER REVIEW,30990.04,2025-05-25,9744476518
PAT1727,kavya joshi,34,kolhapur,Gynaecology,UNITED INDIA,Approved  ,3829.11,12/03/2023,
PAT0546,NEHA rao,33,Pune,emergency,BAJAJ ALLIANZ,pending,25358.44,01-11-2023,9400726419
PAT2944,Priya VERMA,33,  Pune,general,new india,Pending,13145.72,27/03/2024,9255418912
PAT0704,deepa verma,34,Solapur,GENERAL,  HDFC Ergo,REJECTED,70444.83,08-09-2024,9739674758
PAT0100,Lakshmi SINGH,44,mumbai,gynaecology,  Bajaj Allianz,Approved  ,4909.19,11-09-2025,9653953485
PAT2798,lakshmi RAO,50,  Pune,Gynaecology,reliance health,  Approved,32952.82,29-12-2023,
PAT2712,aisha MEHTA,49,Pune  ,Gynaecology,New India,REJECTED,43593.91,"July 19, 2023",
PAT2741,DIVYA SINGH,36,MUMBAI,EMERGENCY,STAR HEALTH,  Rejected,31005.14,"July 03, 2024",9123456789
PAT0101,  anjali SINGH,50,Pune  ,General,STAR HEALTH,PENDING,75251.22,"February 24, 2023",
PAT2460,SNEHA JOSHI,25,AURANGABAD,emergency,United India,UNDER REVIEW,70951.36,10 Jan 2024,9123456789
PAT2194,Priya nair,39,Mumbai,CARDIOLOGY,hdfc ergo,  Approved,31888.95,2025-04-27,9769667310
PAT1310,sneha joshi,21,pune,orthopaedics,NEW INDIA,  Approved,,24/08/2023,9522498407
PAT0902,Aisha Rao,36,Thane,cardiology,Bajaj Allianz,approved,8036.34,22-12-2023,9150688714
PAT0280,riya joshi,38,Nagpur,Gynaecology,Star Health,rejected,19218.92,12-06-2025,9887023544
PAT2082,geeta Patil,38,  Solapur,neurology,NEW INDIA,rejected,32331.91,"December 25, 2024",9185797204
PAT1224,Rekha joshi,55,nagpur,orthopaedics,United India,  Pending,12407.17,04-09-2025,9876543210
PAT0150,SNEHA kumar,64,Mumbai,cardiology,  HDFC Ergo,  Rejected,51446.91,30/05/2023,9820964511
PAT1447,priya Sharma,45,Kolhapur,CARDIOLOGY,Star Health,rejected,4458.89,26-07-2023,9872766784
PAT1277,priya desai,40,mumbai,orthopaedics,  Star Health,APPROVED,46889.05,09 Jul 2023,9489497809
PAT1355,Sneha sharma,52,  Mumbai,paediatrics,Bajaj Allianz,  Approved,546.03,2024-01-25,9974888608
PAT1478,aisha Singh,27,  Solapur,Cardiology,  Bajaj Allianz,Under Review,,2024-04-13,
PAT0819,Pooja Iyer  ,58,aurangabad,dermatology,NEW INDIA,APPROVED,83721.4,26-01-2025,9824240334
PAT2728,sunita VERMA,72,nashik,PAEDIATRICS,bajaj allianz,under review,39184.48,25 Aug 2024,9410879140
PAT2710,  deepa Nair,39,AURANGABAD,neurology,star health,Approved  ,,2025-09-05,9768909528
PAT2261,Sneha RAO,53,MUMBAI,neurology,NEW INDIA,REJECTED,28909.9,"January 14, 2025",9555226448
PAT2210,Lakshmi Verma,18,NAGPUR,Cardiology,HDFC ERGO,  Rejected,73138.59,"December 24, 2024",
PAT1497,neha Kumar,50,nagpur,Emergency,  HDFC Ergo,under review,84783.11,05-12-2023,9496987182
PAT1683,rekha gupta,57,MUMBAI,GENERAL,  Bajaj Allianz,UNDER REVIEW,,2023-05-07,
PAT1626,MEERA joshi,62,THANE,Emergency,united india,under review,27270.88,11/05/2023,9876543210
PAT2744,sneha Gupta,63,Aurangabad,Cardiology,New India,pending,9794.26,"February 06, 2025",9224051337
PAT1401,  priya Patil,69,kolhapur,Cardiology,Star Health,under review,39494.99,2024-01-24,9200420837
PAT0392,AISHA NAIR,58,mumbai,gynaecology,BAJAJ ALLIANZ,REJECTED,,2024-06-25,
PAT0066,neha Rao,34,NAGPUR,neurology,hdfc ergo,  Rejected,9512.2,20 Feb 2025,9850845198
PAT2273,meera Joshi,33,Solapur,EMERGENCY,Reliance Health,Approved  ,47835.63,09/10/2023,9323111470
PAT0370,  Geeta Rao,,Mumbai,CARDIOLOGY,united india,Approved,76968.77,12/11/2023,9662241242
PAT0885,  aisha Singh,26,nagpur,Orthopaedics,New India,APPROVED,19497.7,25/03/2023,9393977947
PAT1200,sneha joshi,21,Mumbai,Dermatology,  HDFC Ergo,PENDING,75240.08,01/12/2024,9883290610
PAT2658,deepa Mehta,58,Pune,CARDIOLOGY,  Bajaj Allianz,  Pending,42270.83,15/05/2025,9939599250
PAT1060,  Riya KUMAR,20,  Pune,gynaecology,NEW INDIA,Rejected,36989.0,10/05/2023,9988776655
PAT2953,kavya JOSHI  ,31,THANE,Neurology,United India,  Pending,68098.48,27 Sep 2023,9231022172
PAT0739,PRIYA singh,70,PUNE,cardiology,  HDFC Ergo,  Rejected,73404.3,"February 26, 2025",
PAT0239,Rekha Mehta,59,PUNE,GYNAECOLOGY,NEW INDIA,PENDING,26448.71,09-11-2024,9226466892
PAT1278,pooja Mehta,69,NAGPUR,Neurology,  HDFC Ergo,UNDER REVIEW,,15/10/2025,9795897174
PAT0765,riya Gupta,49,THANE,EMERGENCY,New India  ,REJECTED,25462.76,2024-03-24,9920270702
PAT0623,DIVYA Patil,56,thane,Cardiology,United India,UNDER REVIEW,41561.02,28/05/2025,9300639654
PAT0283,lakshmi joshi,67,kolhapur,neurology,Star Health  ,under review,8151.82,15 Jan 2025,
PAT1013,NEHA Verma,53,AURANGABAD,Paediatrics,Reliance Health,rejected,56925.03,01-12-2025,9363385154
PAT0570,Kavya RAO  ,72,Solapur,GENERAL,STAR HEALTH,rejected,,"July 08, 2025",9640543154
PAT1187,lakshmi patil,34,Kolhapur,dermatology,BAJAJ ALLIANZ,approved,81318.01,"January 06, 2023",9204043553
PAT2230,NEHA gupta,59,pune,dermatology,  HDFC Ergo,  Rejected,19680.71,13-06-2024,9964071749
PAT2382,Rekha Nair  ,68,aurangabad,Emergency,  HDFC Ergo,Under Review,28902.42,19 Sep 2024,9863703626
PAT2225,NEHA kumar,74,aurangabad,general,Star Health,  Approved,,18-11-2024,9001122334
PAT1775,neha Joshi  ,21,aurangabad,Cardiology,united india,  Approved,23230.01,2025-01-17,9999741821
PAT2672,MEERA NAIR  ,21,NASHIK,CARDIOLOGY,New India  ,  Pending,,"November 11, 2025",9969532459
PAT2922,Kavya Verma,66,Pune,Paediatrics,Star Health,Under Review,52409.01,08/11/2023,9418862964
PAT0939,Sneha Nair,38,  Solapur,GENERAL,  Bajaj Allianz,Rejected,,"November 28, 2025",9113923840
PAT1703,Deepa kumar,68,Aurangabad,Gynaecology,RELIANCE HEALTH,  Rejected,63035.59,25/06/2023,9787318239
PAT2228,Meera NAIR,71,aurangabad,General,NEW INDIA,  Rejected,67972.93,16 Nov 2024,9513402278
PAT0147,Sneha Joshi,70,thane,Emergency,new india,rejected,74543.83,03/12/2025,9697771523
PAT1872,NEHA Iyer,36,thane,PAEDIATRICS,Star Health,under review,66136.35,"February 15, 2023",9876543210
PAT2450,Riya verma,19,Pune,general,Bajaj Allianz,Approved  ,34235.66,"March 14, 2025",9338350311
PAT1766,kavya desai,56,Pune  ,PAEDIATRICS,new india,APPROVED,18551.69,28 Nov 2023,9835844228
PAT2687,  rekha Kumar,55,aurangabad,general,HDFC ERGO,Under Review,48845.86,11 Oct 2024,9571462546
PAT0141,Rekha VERMA,28,Nashik,Dermatology,united india,  Approved,61079.57,2025-09-28,9159738492
PAT1244,Deepa SHARMA,66,nashik,CARDIOLOGY,STAR HEALTH,Rejected,77382.94,29-03-2024,9287112846
PAT0702,Lakshmi joshi,45,Nashik,Cardiology,HDFC Ergo,  Pending,14926.27,20 Jan 2023,9101080693
PAT0440,anjali iyer,70,Pune  ,Cardiology,UNITED INDIA,REJECTED,31137.04,24 Jun 2025,9284906027
PAT0732,SNEHA Verma,20,  Pune,cardiology,UNITED INDIA,PENDING,36963.07,13/09/2024,
PAT2429,pooja Sharma,38,Nashik,emergency,Bajaj Allianz,Rejected,,14/07/2024,
PAT2332,PRIYA kumar,,Thane,orthopaedics,  Bajaj Allianz,pending,54113.6,"October 07, 2025",9424682272
PAT1424,SNEHA sharma  ,30,Pune  ,Emergency,Reliance Health,Under Review,,03/07/2023,
PAT2336,Rekha Desai,50,kolhapur,gynaecology,New India  ,pending,53444.18,29 Jul 2025,9613360315
PAT2346,DIVYA verma,23,nashik,emergency,hdfc ergo,PENDING,9385.61,03 Feb 2023,9358490261
PAT1383,Neha verma,26,NAGPUR,CARDIOLOGY,hdfc ergo,REJECTED,51164.84,17/05/2024,9164804229
PAT1679,  Riya Nair,58,AURANGABAD,orthopaedics,Bajaj Allianz,  Rejected,24120.63,14 Oct 2023,9841052105
PAT1161,  anjali VERMA,65,THANE,General,bajaj allianz,PENDING,,27-03-2025,9123456789
PAT0419,aisha Mehta,47,  Solapur,EMERGENCY,Star Health,APPROVED,58868.43,2025-12-23,9849530830
PAT2402,pooja MEHTA,65,  Mumbai,paediatrics,reliance health,Approved  ,22358.48,"May 20, 2024",9102945231
PAT1464,geeta sharma,74,Thane,Cardiology,hdfc ergo,APPROVED,16894.53,22-03-2023,9412679306
PAT2683,Priya iyer,34,  Mumbai,GENERAL,United India,APPROVED,38232.35,"May 24, 2025",9780752195
PAT1767,SNEHA Patil,70,Kolhapur,orthopaedics,HDFC Ergo,  Approved,21302.68,04-06-2023,9567238191
PAT0120,geeta SINGH,33,THANE,PAEDIATRICS,New India,under review,,03/05/2023,9319068042
PAT0946,  priya iyer,27,NAGPUR,EMERGENCY,New India  ,Pending,64590.0,09-08-2023,9751270017
PAT2500,divya Patil,69,Nagpur,Cardiology,Star Health  ,REJECTED,53960.9,"February 23, 2025",9550052223
PAT1850,PRIYA RAO,69,solapur,Cardiology,RELIANCE HEALTH,Approved  ,80582.78,2025-03-29,9876543210
PAT1892,geeta joshi,73,nashik,PAEDIATRICS,new india,under review,53665.45,"July 12, 2024",9294200673
PAT1500,PRIYA Gupta,61,Nagpur,cardiology,New India,UNDER REVIEW,54165.19,12-07-2023,9661084098
PAT0721,Lakshmi KUMAR,40,Aurangabad,Dermatology,hdfc ergo,REJECTED,44867.2,2025-11-16,9804303106
PAT0505,  Priya patil,28,Nagpur,cardiology,New India  ,approved,54703.86,29 Apr 2023,9831079302
PAT2749,NEHA PATIL,41,mumbai,Neurology,  Star Health,PENDING,2877.05,16 Jan 2024,9205027777
PAT2115,pooja Iyer,43,nagpur,emergency,HDFC ERGO,Approved  ,21440.67,2025-08-02,
PAT0807,Aisha Mehta,42,Solapur,GENERAL,star health,  Pending,36136.77,"December 01, 2023",9599206945
PAT1012,  Priya patil,68,PUNE,GYNAECOLOGY,united india,Pending,42199.25,"June 13, 2023",9881600177
PAT0828,geeta desai,52,  Solapur,Cardiology,united india,UNDER REVIEW,5551.94,2025-03-26,9649283044
PAT0728,Kavya patil,73,PUNE,Emergency,STAR HEALTH,Approved  ,25700.18,"August 30, 2023",9455322430
PAT0338,Anjali Rao  ,67,Pune,Paediatrics,NEW INDIA,Under Review,73831.73,09 Apr 2024,9778812730
PAT0279,sneha Singh  ,39,NASHIK,orthopaedics,reliance health,PENDING,,23/05/2023,9761792646
PAT2483,DIVYA Rao,58,mumbai,cardiology,  Star Health,Under Review,21273.75,2023-05-02,9198640578
PAT1080,anjali Iyer,69,  Pune,CARDIOLOGY,  Star Health,under review,61445.77,11 Sep 2023,
PAT1388,  AISHA Singh,30,Solapur,dermatology,bajaj allianz,Approved,,2024-03-14,9323908049
PAT0917,AISHA nair,27,aurangabad,Orthopaedics,bajaj allianz,under review,70879.03,2025-04-24,9268276118
PAT0742,  Geeta Singh,33,Pune  ,Cardiology,  HDFC Ergo,  Pending,,26 May 2024,9141453097
PAT1099,rekha NAIR,71,Mumbai,Cardiology,bajaj allianz,UNDER REVIEW,8802.36,26/10/2023,9461692600
PAT1590,neha NAIR,50,pune,Emergency,new india,UNDER REVIEW,81057.3,2024-05-29,9774242552
PAT1740,Aisha RAO,54,PUNE,orthopaedics,BAJAJ ALLIANZ,REJECTED,30152.64,10 Jul 2023,9876543210
PAT0008,Pooja Sharma,74,AURANGABAD,Neurology,Reliance Health,rejected,,09/06/2025,9872751234
PAT2919,kavya Nair  ,30,PUNE,EMERGENCY,bajaj allianz,Under Review,84764.87,03-09-2025,9989779280
PAT0905,DIVYA RAO,70,MUMBAI,paediatrics,New India  ,approved,51094.51,"June 12, 2024",9772366837
PAT2896,Geeta JOSHI,,  Pune,PAEDIATRICS,  HDFC Ergo,PENDING,,19/05/2024,9856888706
PAT2553,geeta verma,60,Pune,paediatrics,Bajaj Allianz,Under Review,5412.27,26-11-2023,9123456789
PAT0735,geeta SHARMA,,thane,GYNAECOLOGY,star health,APPROVED,,17/06/2025,9746839271
PAT0722,rekha RAO,26,  Mumbai,neurology,New India  ,APPROVED,55013.82,"February 10, 2025",9860746273
PAT2990,Lakshmi Iyer,73,PUNE,Emergency,Reliance Health,  Approved,28248.26,2025-09-29,9988776655
PAT0012,divya patil,32,kolhapur,GYNAECOLOGY,Star Health,APPROVED,5474.83,2023-05-19,9123456789
PAT0503,anjali mehta,67,pune,GYNAECOLOGY,UNITED INDIA,rejected,14971.62,28-06-2024,9775856484
PAT2863,MEERA SHARMA,41,mumbai,gynaecology,  Bajaj Allianz,approved,4829.28,25/04/2025,9876543210
PAT2996,  Meera singh,46,  Mumbai,gynaecology,united india,PENDING,6193.83,04 Jun 2023,9180606758
PAT2865,Deepa NAIR,45,nashik,gynaecology,United India,REJECTED,16974.02,19-09-2024,9950615691
PAT2881,PRIYA Nair,44,Nagpur,orthopaedics,star health,Rejected,78374.15,21 Jun 2025,9371728202
PAT0378,Anjali rao,37,AURANGABAD,general,New India  ,Under Review,21091.89,"November 22, 2023",9973935331
PAT0615,Deepa VERMA,49,Aurangabad,dermatology,RELIANCE HEALTH,  Approved,52576.22,"January 15, 2023",9362235929
PAT0075,priya Patil,26,THANE,Emergency,hdfc ergo,APPROVED,47330.56,18/03/2024,9739930411
PAT1608,PRIYA Rao,31,  Pune,CARDIOLOGY,New India,APPROVED,41347.07,2023-04-16,9795974304
PAT2893,AISHA singh  ,68,  Mumbai,GYNAECOLOGY,New India,Rejected,35474.33,"October 15, 2023",9165361069
PAT0169,Rekha sharma,63,Mumbai,general,New India,APPROVED,67733.0,"April 17, 2025",9371314895
PAT2046,MEERA Patil,20,pune,Dermatology,HDFC Ergo,PENDING,32359.01,"October 19, 2023",9297291147
PAT0755,DIVYA SINGH  ,55,Kolhapur,emergency,  Star Health,approved,,"December 27, 2024",9895317860
PAT0865,Neha KUMAR,54,  Mumbai,orthopaedics,new india,Under Review,12771.17,"March 12, 2023",9295606203
PAT2065,kavya NAIR,66,thane,Neurology,reliance health,Pending,,"June 20, 2023",9871804245
PAT0564,Lakshmi patil  ,46,Pune  ,GENERAL,  HDFC Ergo,Pending,2026.59,25/07/2023,9519671459
PAT1682,REKHA JOSHI,67,NASHIK,Cardiology,HDFC Ergo,Approved  ,,15 Jul 2023,
PAT0580,lakshmi SHARMA,63,Solapur,Cardiology,RELIANCE HEALTH,Approved  ,38987.28,29-10-2023,9811466339
PAT2789,meera singh,26,nashik,General,bajaj allianz,  Pending,21104.01,07-01-2025,
PAT2271,Aisha MEHTA,63,Nashik,GYNAECOLOGY,STAR HEALTH,rejected,37440.22,28/09/2024,9263849042
PAT1794,Neha Desai,71,Kolhapur,Gynaecology,new india,APPROVED,71737.11,"June 04, 2024",9214131975
PAT2584,Lakshmi NAIR  ,66,  Pune,EMERGENCY,Star Health,Rejected,7243.0,"February 22, 2025",9948665942
PAT2838,REKHA Singh,44,Thane,Orthopaedics,UNITED INDIA,rejected,74843.94,27/11/2025,9951836381
PAT0284,DIVYA JOSHI,28,mumbai,Emergency,BAJAJ ALLIANZ,Approved  ,41356.04,2025-01-04,9167496657
PAT1889,pooja sharma  ,60,pune,cardiology,united india,PENDING,65918.16,13-06-2025,9985152033
PAT1476,riya nair,18,nagpur,Gynaecology,  Bajaj Allianz,  Pending,48357.18,06-07-2025,9729166384
PAT0074,Anjali nair,40,Pune,PAEDIATRICS,  HDFC Ergo,pending,80691.41,2025-07-20,9741180590
PAT0418,  AISHA MEHTA,23,pune,GENERAL,reliance health,Rejected,39309.4,"February 19, 2023",9854985336
PAT0752,divya kumar,70,Pune  ,dermatology,HDFC ERGO,Under Review,56768.77,17-06-2024,9538626530
PAT2610,rekha patil,58,Aurangabad,neurology,  Star Health,REJECTED,47841.91,16-11-2024,9166262401
PAT0204,Pooja rao,71,thane,Paediatrics,new india,under review,6811.09,20/02/2024,9266870811
PAT0646,Neha Joshi,33,nagpur,General,bajaj allianz,UNDER REVIEW,42124.82,"April 16, 2024",9665803901
PAT0798,sunita MEHTA,20,  Pune,Dermatology,reliance health,Pending,39982.36,23-10-2024,9136345929
PAT2542,Sneha KUMAR,72,Thane,PAEDIATRICS,new india,Approved  ,72689.73,21 Aug 2024,9271770317
PAT2164,Rekha mehta,57,NASHIK,EMERGENCY,  HDFC Ergo,APPROVED,36897.99,30 Apr 2023,9632198890
PAT0427,rekha Joshi,31,AURANGABAD,cardiology,reliance health,rejected,13001.29,07 Jul 2025,9230448918
PAT2541,Kavya kumar,46,  Pune,Emergency,Reliance Health,rejected,,2024-05-26,9696408730
PAT0368,Rekha sharma,69,THANE,paediatrics,STAR HEALTH,Approved  ,3134.13,07 Feb 2025,9518293601
PAT1702,Kavya joshi  ,,thane,Dermatology,New India,  Pending,,02 Jun 2024,9328187609
PAT2204,Pooja Singh,25,pune,PAEDIATRICS,STAR HEALTH,  Pending,30537.38,21-02-2025,9391221257
PAT0590,Kavya verma,61,AURANGABAD,general,HDFC Ergo,under review,41243.24,08/05/2024,9808395905
PAT2162,Divya Mehta  ,50,NAGPUR,Neurology,BAJAJ ALLIANZ,pending,6018.85,2025-03-12,9135847163
PAT0409,  Aisha JOSHI,,mumbai,CARDIOLOGY,RELIANCE HEALTH,Rejected,68726.3,01/09/2025,9661660243
PAT2663,Kavya Rao,20,NASHIK,Orthopaedics,united india,  Approved,13621.88,2024-11-10,9374898391
PAT0613,DIVYA iyer,40,THANE,general,Bajaj Allianz,Rejected,36646.15,13-04-2024,9988776655
PAT0041,riya desai,20,NASHIK,dermatology,United India,REJECTED,,2024-11-29,9213321496
PAT0303,divya Gupta,40,Aurangabad,dermatology,Star Health,  Pending,8359.3,2024-12-01,9437018334
PAT2778,Divya Joshi,32,mumbai,cardiology,bajaj allianz,UNDER REVIEW,44754.56,"October 20, 2024",
PAT1843,AISHA nair,67,Nashik,Paediatrics,united india,Under Review,60319.28,01-05-2024,9228504725
PAT1746,pooja Rao,56,NASHIK,General,reliance health,UNDER REVIEW,61370.51,06/10/2025,9500159634
PAT1655,priya Joshi,73,pune,Gynaecology,Bajaj Allianz,APPROVED,10575.03,"December 28, 2025",9246799231
PAT1588,geeta Gupta  ,65,PUNE,gynaecology,  HDFC Ergo,Approved,37110.33,16 May 2023,9981830988
PAT2921,SNEHA Sharma,41,Nashik,general,New India  ,Rejected,35926.9,19-03-2025,9878588980
PAT2690,RIYA Mehta,48,aurangabad,Neurology,HDFC ERGO,under review,7205.83,31 Mar 2024,9496415414
PAT1981,pooja Patil,32,Mumbai,general,  HDFC Ergo,  Pending,49562.77,"December 11, 2025",
PAT1327,Aisha Mehta,69,  Mumbai,Emergency,Reliance Health,  Rejected,16754.22,2024-02-04,9317278817
PAT2256,deepa kumar,67,NAGPUR,EMERGENCY,UNITED INDIA,UNDER REVIEW,49038.82,04-01-2024,9235496587
PAT0241,kavya Joshi,54,NAGPUR,orthopaedics,new india,Pending,41700.58,29-12-2023,9988776655
PAT1154,priya mehta,40,thane,PAEDIATRICS,STAR HEALTH,Approved,18635.24,08/12/2024,9984219571
PAT0932,MEERA Singh  ,62,  Pune,CARDIOLOGY,hdfc ergo,Pending,64406.19,11/04/2024,9418600131
PAT0964,geeta iyer,56,  Mumbai,orthopaedics,new india,REJECTED,38589.96,2023-12-03,9771156085
PAT1628,DIVYA PATIL,38,PUNE,CARDIOLOGY,  HDFC Ergo,PENDING,45695.73,2023-12-16,9876543210
PAT0020,Priya KUMAR,24,PUNE,dermatology,hdfc ergo,  Pending,,2024-12-15,9269379374
PAT2108,PRIYA JOSHI,21,AURANGABAD,dermatology,Reliance Health,APPROVED,57742.59,10-09-2024,9714480042
PAT2714,PRIYA SHARMA,63,AURANGABAD,Cardiology,  HDFC Ergo,Under Review,14503.07,2024-10-09,9504241975
PAT0887,deepa iyer,30,Nagpur,Gynaecology,Bajaj Allianz,  Rejected,75587.05,03-03-2025,9962672189
PAT0033,  Geeta KUMAR,47,Pune  ,general,reliance health,rejected,75825.49,"October 30, 2025",9270894498
PAT0029,RIYA desai,37,Solapur,General,new india,  Rejected,47347.85,"January 28, 2024",9903303363
PAT1270,divya gupta,70,Pune,GYNAECOLOGY,STAR HEALTH,APPROVED,31413.85,"December 19, 2025",9871771232
PAT2957,  riya patil,52,Kolhapur,Emergency,reliance health,Approved,80204.12,19 Nov 2025,9664020341
PAT1969,AISHA rao,42,Pune  ,Dermatology,  Bajaj Allianz,UNDER REVIEW,30854.62,04 Dec 2025,9461661757
PAT2149,  Divya mehta,34,Pune  ,orthopaedics,bajaj allianz,REJECTED,13964.3,30/11/2025,9994319108
PAT1888,Meera verma,32,Nagpur,PAEDIATRICS,reliance health,PENDING,60686.6,"April 27, 2025",9845718080
PAT0130,lakshmi NAIR,52,Nashik,dermatology,NEW INDIA,  Pending,16746.32,19-05-2024,9419561201
PAT0022,kavya singh,39,Mumbai,EMERGENCY,  HDFC Ergo,UNDER REVIEW,77239.44,2023-04-15,9147337803
PAT0094,RIYA Verma,46,  Pune,Paediatrics,RELIANCE HEALTH,APPROVED,15081.23,"May 22, 2024",9754773573
PAT1662,Aisha Iyer  ,19,  Mumbai,PAEDIATRICS,Star Health,UNDER REVIEW,,2023-03-29,9394693152
PAT1091,  Riya SHARMA,68,Aurangabad,general,hdfc ergo,rejected,40796.94,18/12/2025,9792709053
PAT2246,anjali nair  ,75,Pune  ,emergency,  Bajaj Allianz,  Rejected,19000.84,05/12/2023,9478627379
PAT2732,  Anjali VERMA,70,pune,Gynaecology,HDFC ERGO,Under Review,,2023-04-30,9667478880
PAT2748,  rekha nair,18,pune,Paediatrics,United India,under review,20167.4,03/01/2025,9491702725
PAT1332,AISHA MEHTA  ,60,  Solapur,Emergency,New India  ,PENDING,39646.51,"November 12, 2023",9418535146
PAT2926,rekha Patil,60,kolhapur,EMERGENCY,reliance health,UNDER REVIEW,36897.68,2024-02-20,9542820309
PAT2723,Sunita SINGH,45,  Mumbai,Neurology,Star Health,Pending,10975.82,22/12/2024,9466668424
PAT0635,Rekha Singh,57,nashik,Paediatrics,star health,Approved,19029.13,26/07/2024,9876543210
PAT2750,Sneha Iyer,19,mumbai,neurology,BAJAJ ALLIANZ,Pending,31455.09,"July 01, 2025",9988776655
PAT0331,MEERA Desai  ,49,Aurangabad,emergency,RELIANCE HEALTH,  Pending,,28 Mar 2024,9123456789
PAT0685,REKHA iyer,59,Aurangabad,paediatrics,New India  ,Approved,,"October 22, 2024",9177996967
PAT2026,REKHA Verma  ,74,nashik,orthopaedics,HDFC Ergo,PENDING,59862.79,27-08-2024,9450023708
PAT2348,NEHA PATIL,26,PUNE,Dermatology,Star Health  ,Rejected,,2024-06-01,9244650169
PAT0921,Meera iyer  ,53,AURANGABAD,EMERGENCY,UNITED INDIA,  Pending,76858.56,21/08/2023,9876543210
PAT0974,meera kumar,36,Kolhapur,Paediatrics,United India,  Approved,82343.72,07/06/2023,9515864153
PAT2479,Lakshmi Joshi,27,Pune,emergency,NEW INDIA,Pending,44789.36,29/08/2025,9287530774
PAT0466,REKHA Patil,25,Nashik,dermatology,United India,UNDER REVIEW,81900.15,24-10-2023,9430896521
PAT2350,Priya MEHTA,35,Mumbai,EMERGENCY,New India,UNDER REVIEW,61698.01,20-09-2024,9988776655
PAT2755,geeta Nair,30,  Mumbai,Cardiology,  Star Health,APPROVED,34580.28,"July 02, 2023",
PAT2277,Lakshmi SHARMA,45,NASHIK,gynaecology,  HDFC Ergo,  Pending,5692.67,2023-11-06,9575750110
PAT0971,Aisha Desai,74,NASHIK,GENERAL,Star Health,  Rejected,,2025-09-25,9189082650
PAT1541,pooja Iyer,60,  Pune,PAEDIATRICS,star health,UNDER REVIEW,727.55,2024-08-06,9960238348
PAT2868,divya gupta  ,,Pune  ,Paediatrics,Star Health,Approved  ,22343.73,19-02-2023,9567632349
PAT2291,sneha rao,20,Thane,Paediatrics,  Star Health,approved,16585.53,12-03-2025,9547371963
PAT1085,Sneha patil,25,Aurangabad,EMERGENCY,BAJAJ ALLIANZ,Rejected,,21/08/2024,9468240070
PAT2355,REKHA Singh,44,Aurangabad,CARDIOLOGY,Reliance Health,under review,19372.78,21 Aug 2023,9635401161
PAT2864,kavya Rao,31,aurangabad,gynaecology,  Bajaj Allianz,Rejected,12068.35,02 Oct 2024,9123456789
PAT2524,priya Patil,22,NAGPUR,GENERAL,RELIANCE HEALTH,approved,42351.75,"July 06, 2024",
PAT2199,Deepa MEHTA,48,NAGPUR,neurology,NEW INDIA,Approved  ,65332.17,07 Sep 2024,9309832426
PAT0818,Aisha Verma,,Nashik,Paediatrics,NEW INDIA,under review,72693.08,18/10/2025,9518825082
PAT2899,sunita MEHTA,54,THANE,Cardiology,United India,under review,67444.06,2023-06-02,
PAT2570,Pooja Kumar,66,aurangabad,Paediatrics,Bajaj Allianz,Under Review,,04-09-2024,9321801499
PAT2915,meera Mehta,57,aurangabad,Paediatrics,hdfc ergo,APPROVED,,13/12/2024,9321626653
PAT2474,pooja Verma,47,Pune,PAEDIATRICS,  HDFC Ergo,REJECTED,72984.72,11 Jun 2025,9777268327
PAT2477,Kavya singh,24,aurangabad,cardiology,BAJAJ ALLIANZ,Approved  ,38512.36,19-09-2024,
PAT2163,Priya Rao,64,thane,Cardiology,united india,pending,63527.26,26-04-2025,9930592387
PAT1630,kavya Kumar,33,THANE,CARDIOLOGY,NEW INDIA,  Pending,63287.39,"January 26, 2023",
PAT1123,geeta Desai,23,Solapur,Paediatrics,HDFC Ergo,rejected,79267.61,31-12-2023,9284530250
PAT1899,Meera NAIR,68,nagpur,Neurology,  Bajaj Allianz,Under Review,9726.41,"June 20, 2023",
PAT2426,sneha Patil,38,thane,orthopaedics,Star Health,pending,56304.54,2023-11-22,9960766644
PAT1444,Aisha Nair,60,aurangabad,Cardiology,New India  ,under review,30624.87,13 Jun 2025,9491569078
PAT1172,Pooja JOSHI,60,Pune  ,Cardiology,hdfc ergo,under review,,01 Aug 2025,9541030781
PAT2513,AISHA verma,47,MUMBAI,General,new india,under review,30673.3,03-09-2024,9988776655
PAT0884,RIYA sharma  ,62,solapur,dermatology,New India,Pending,59281.25,2024-02-11,9812095032
PAT0267,  RIYA Patil,67,NAGPUR,GYNAECOLOGY,Reliance Health,REJECTED,46688.98,07/02/2024,9832999366
PAT2313,neha gupta,22,  Solapur,Paediatrics,UNITED INDIA,REJECTED,,"October 16, 2023",9653588249
PAT1762,Geeta SHARMA,23,Solapur,neurology,Reliance Health,Approved  ,,26 Jan 2025,9493277039
PAT0065,Aisha gupta,32,NAGPUR,EMERGENCY,  HDFC Ergo,under review,1294.08,10-08-2025,9574303740
PAT2103,NEHA gupta  ,65,nashik,neurology,Star Health,Pending,84887.47,12/06/2025,9943947050
PAT2842,meera iyer,46,Pune,neurology,Star Health  ,  Pending,,2025-10-31,9105989283
PAT0246,PRIYA NAIR,52,Kolhapur,cardiology,  Bajaj Allianz,approved,55726.46,2023-02-10,9508294370
PAT2766,RIYA Patil,,kolhapur,gynaecology,UNITED INDIA,Approved,,25 Aug 2023,9714500620
PAT1358,rekha mehta,60,nashik,General,united india,approved,41047.53,2023-02-09,9790135801
PAT0582,Aisha Rao,64,PUNE,Orthopaedics,Reliance Health,REJECTED,23232.3,"March 05, 2024",9123456789
PAT0868,Sunita KUMAR,39,Thane,Dermatology,  HDFC Ergo,APPROVED,36540.48,22 Feb 2023,9591165414
PAT2442,aisha nair,28,AURANGABAD,neurology,united india,Approved,23671.4,12/05/2025,9980517039
PAT0231,MEERA kumar,65,aurangabad,Dermatology,NEW INDIA,approved,13933.17,29 Sep 2024,9662948033
PAT0429,deepa RAO,75,Pune,orthopaedics,reliance health,  Approved,34437.73,"March 27, 2024",9752997384
PAT1681,neha gupta,42,Kolhapur,gynaecology,UNITED INDIA,Approved,83834.11,2024-12-27,9347635067
PAT0594,REKHA mehta,38,Thane,paediatrics,reliance health,Approved  ,51336.69,2024-03-30,9594568456
PAT2304,Divya nair,64,kolhapur,general,New India,Pending,4615.82,2024-12-31,9970239388
PAT0519,REKHA SHARMA,39,Nagpur,Gynaecology,United India,Approved,27318.82,2024-06-10,9123456789
PAT0603,  riya Joshi,68,AURANGABAD,Gynaecology,New India  ,Approved,69575.61,"December 21, 2025",
PAT2041,  Sneha mehta,49,PUNE,neurology,United India,rejected,49946.02,01-01-2025,9144991551
PAT2853,  Aisha singh,47,Mumbai,EMERGENCY,bajaj allianz,UNDER REVIEW,69555.42,14-02-2024,9154646653
PAT2005,Pooja Singh,66,MUMBAI,EMERGENCY,United India,Under Review,74193.14,2023-08-26,9337067647
PAT2260,  kavya verma,69,PUNE,neurology,NEW INDIA,  Approved,17565.47,"July 31, 2023",9153070025
PAT1738,geeta Sharma,33,THANE,Paediatrics,BAJAJ ALLIANZ,  Approved,,30 Nov 2024,9565825826
PAT1183,divya SHARMA,34,nagpur,GENERAL,Star Health  ,under review,6258.66,15 Feb 2023,9876543210
PAT2537,DIVYA Sharma,70,Solapur,Emergency,new india,Under Review,56381.23,16/11/2024,9168799954
PAT2779,rekha Rao,24,MUMBAI,GENERAL,Star Health,REJECTED,37646.75,29/11/2025,9341797148
PAT0273,geeta Sharma,58,Thane,gynaecology,reliance health,Under Review,17871.47,2025-06-10,9593089342
PAT0281,Neha Verma,37,aurangabad,dermatology,  Star Health,Pending,7426.78,28/07/2024,9887637532
PAT2792,AISHA Singh,63,NAGPUR,dermatology,STAR HEALTH,under review,84666.5,10-03-2023,9782730453
PAT1228,  Sunita Mehta,23,Pune  ,General,STAR HEALTH,  Rejected,46319.7,2025-02-03,9988776655
PAT1518,pooja PATIL  ,55,Solapur,Orthopaedics,  Bajaj Allianz,  Rejected,14990.95,"August 25, 2025",9876543210
PAT0836,deepa gupta,29,  Solapur,EMERGENCY,HDFC ERGO,PENDING,39037.58,24 Mar 2023,9897908769
PAT0416,Meera Gupta  ,31,kolhapur,GENERAL,united india,  Pending,,26/05/2025,9338807279
PAT0916,Lakshmi nair,26,thane,Dermatology,hdfc ergo,PENDING,16636.55,03 Feb 2024,9920313601
PAT2696,DIVYA Patil,32,kolhapur,EMERGENCY,Bajaj Allianz,PENDING,71948.44,2025-04-23,9635357271
PAT1410,  rekha Joshi,54,thane,Dermatology,hdfc ergo,  Rejected,62215.61,19/09/2023,9399147144
PAT2994,rekha SHARMA,38,Solapur,Orthopaedics,  HDFC Ergo,APPROVED,26542.15,"February 13, 2023",9347687039
PAT2886,meera iyer,21,MUMBAI,paediatrics,New India  ,REJECTED,54700.42,17 Apr 2023,9799889834
PAT1209,Lakshmi VERMA,52,thane,PAEDIATRICS,  Bajaj Allianz,Under Review,45090.13,14 Nov 2023,
PAT0173,kavya Nair,31,Aurangabad,GENERAL,NEW INDIA,UNDER REVIEW,,15-07-2025,
PAT1239,Anjali sharma  ,46,Solapur,PAEDIATRICS,star health,Pending,2510.51,29/01/2025,9387815690
PAT2950,Anjali SINGH,39,Thane,PAEDIATRICS,RELIANCE HEALTH,Under Review,41698.28,"April 29, 2024",9607385222
PAT1536,sneha verma,32,Nagpur,CARDIOLOGY,BAJAJ ALLIANZ,Pending,12888.78,14 Nov 2024,9875492318
PAT1014,divya sharma,50,nashik,GENERAL,New India  ,approved,25878.94,2024-06-11,9941251439
PAT0727,NEHA iyer,39,mumbai,EMERGENCY,Bajaj Allianz,UNDER REVIEW,18031.62,28 Aug 2025,9699896664
PAT1107,  Meera Desai,32,Thane,General,HDFC ERGO,rejected,,12 Oct 2025,9230206457
PAT1610,divya Rao,40,Nagpur,Dermatology,New India,  Pending,40470.93,2024-08-23,9979827024
PAT0649,priya Kumar,60,kolhapur,CARDIOLOGY,UNITED INDIA,Pending,,18/01/2025,
PAT0174,  PRIYA desai,69,mumbai,GYNAECOLOGY,Bajaj Allianz,Pending,28468.63,"May 23, 2025",9298053584
PAT2592,Kavya singh,32,Kolhapur,neurology,HDFC ERGO,approved,81976.13,12-12-2023,
PAT0194,PRIYA Patil,36,solapur,Dermatology,United India,Under Review,7465.15,09-11-2023,9123456789
PAT2186,Rekha gupta,34,  Mumbai,Emergency,NEW INDIA,Approved,1476.39,11 Nov 2024,
PAT0270,meera patil,52,AURANGABAD,PAEDIATRICS,STAR HEALTH,REJECTED,18528.4,10-11-2024,9908157894
PAT2701,aisha RAO,45,Aurangabad,gynaecology,  Bajaj Allianz,REJECTED,,2025-07-17,9148792867
PAT1989,divya Gupta,37,Solapur,Emergency,United India,rejected,14168.6,"August 12, 2023",9123456789
PAT2068,Geeta Rao,50,PUNE,Neurology,  HDFC Ergo,approved,18366.59,22 Nov 2024,9148460931
PAT1204,Divya gupta,61,thane,Gynaecology,UNITED INDIA,Pending,,16/02/2025,9479707524
PAT1560,  MEERA Sharma,23,Nagpur,GENERAL,  Star Health,rejected,29809.75,20 Jun 2025,
PAT0134,AISHA Verma,36,Nashik,neurology,Reliance Health,approved,8059.43,20 Apr 2024,9140048684
PAT1623,Aisha RAO,58,mumbai,GENERAL,reliance health,under review,74927.49,09-07-2023,9988776655
PAT2515,NEHA MEHTA,,Kolhapur,orthopaedics,hdfc ergo,PENDING,80453.62,18/06/2023,9174982640
PAT0360,lakshmi KUMAR,56,pune,GYNAECOLOGY,bajaj allianz,  Pending,47612.86,2024-03-01,9988776655
PAT0234,rekha MEHTA,61,Mumbai,Neurology,Reliance Health,Under Review,73561.23,"January 19, 2023",9745471251
PAT1299,  meera Gupta,22,NASHIK,Cardiology,NEW INDIA,UNDER REVIEW,23508.29,02 Aug 2024,9405041898
PAT1093,deepa Singh,66,Kolhapur,Emergency,  Bajaj Allianz,Under Review,48894.44,08-02-2025,9915501167
PAT2146,kavya Patil  ,32,Pune,gynaecology,Star Health  ,  Rejected,76890.41,08/12/2024,9575991269
PAT1441,sunita desai,71,Pune  ,orthopaedics,hdfc ergo,  Rejected,41939.65,05 Sep 2023,9343401206
PAT1821,  DIVYA Gupta,30,MUMBAI,paediatrics,united india,Under Review,,"April 08, 2023",9579426375
PAT0339,Aisha Patil,,AURANGABAD,Emergency,Star Health  ,rejected,19157.36,"April 14, 2023",9717675194
PAT2343,DIVYA verma,27,MUMBAI,Neurology,Star Health  ,Under Review,41640.04,"October 25, 2025",9861680312
PAT0039,  priya gupta,26,aurangabad,Orthopaedics,BAJAJ ALLIANZ,pending,22152.59,25/01/2025,9871330207
PAT0666,riya JOSHI  ,52,  Solapur,Gynaecology,RELIANCE HEALTH,Under Review,59050.17,2025-03-07,9313202153
PAT0561,AISHA gupta  ,42,Solapur,Gynaecology,RELIANCE HEALTH,  Approved,80410.58,05/05/2024,9413414056
PAT0607,kavya Rao,26,Kolhapur,dermatology,hdfc ergo,REJECTED,62109.32,2025-05-14,9797684086
PAT2220,Sunita Iyer  ,,PUNE,CARDIOLOGY,HDFC ERGO,  Approved,44920.79,01-01-2023,9543131261
PAT1666,  riya SHARMA,53,  Mumbai,general,  Bajaj Allianz,  Approved,75697.13,2023-07-28,9131891477
PAT2197,geeta joshi,66,Pune  ,Orthopaedics,  Star Health,Under Review,12944.52,09/07/2023,9831707525
PAT1458,Priya Nair,71,Kolhapur,orthopaedics,UNITED INDIA,pending,63216.21,01 Nov 2024,9376351483
PAT2079,  AISHA Iyer,73,Pune,general,Star Health,Under Review,21821.31,03-03-2023,9137713268
PAT0376,rekha Joshi  ,24,NAGPUR,neurology,reliance health,under review,80559.38,22 Oct 2023,9296873862
PAT0252,aisha Iyer,42,  Solapur,GENERAL,United India,Pending,,01/05/2023,9618268171
PAT2019,Deepa NAIR,61,nashik,Cardiology,HDFC ERGO,pending,21983.21,24-07-2024,
PAT0385,Deepa Joshi  ,47,THANE,emergency,United India,Pending,36338.54,"July 10, 2025",9749155592
PAT0687,  Divya MEHTA,74,THANE,CARDIOLOGY,BAJAJ ALLIANZ,Under Review,37274.87,17/10/2024,9635422402
PAT1609,RIYA Patil  ,38,solapur,PAEDIATRICS,bajaj allianz,APPROVED,49744.85,"June 15, 2025",9252604094
PAT1781,Lakshmi iyer,29,solapur,Orthopaedics,NEW INDIA,Pending,19661.58,23 Mar 2025,9546309587
PAT1234,meera patil,74,THANE,paediatrics,united india,  Pending,74970.61,10-05-2024,9669018400
PAT1804,sneha sharma,38,Kolhapur,Neurology,HDFC Ergo,Pending,,24/12/2023,9564696381
PAT2155,Deepa nair,26,Aurangabad,dermatology,hdfc ergo,approved,39100.8,17 Aug 2025,9186224320
PAT0281,Neha Verma,37,aurangabad,dermatology,  Star Health,Pending,7426.78,28/07/2024,9887637532
PAT2527,  aisha VERMA,62,Nashik,paediatrics,United India,Under Review,,"May 12, 2025",9423750485
PAT2158,kavya Nair,64,pune,GYNAECOLOGY,Bajaj Allianz,rejected,12890.77,"August 19, 2025",9478461422
PAT0398,Sneha NAIR,34,  Mumbai,Gynaecology,united india,APPROVED,78965.54,15/03/2025,9680499353
PAT0497,Riya mehta,50,MUMBAI,Emergency,reliance health,rejected,72616.85,17/08/2025,9519157914
PAT1796,Pooja rao,31,Thane,cardiology,  Bajaj Allianz,PENDING,,21 Aug 2025,9462575670
PAT0028,RIYA Kumar,42,kolhapur,gynaecology,  HDFC Ergo,approved,642.91,08-02-2024,9454549587
PAT0390,  Sunita PATIL,34,Pune  ,emergency,  HDFC Ergo,  Pending,1700.15,17 Aug 2023,9262280626
PAT1086,priya Joshi,28,thane,Gynaecology,hdfc ergo,Approved  ,,13-07-2025,9199025561
PAT2898,Sneha SINGH,47,Pune  ,Neurology,Reliance Health,  Rejected,77691.68,11/09/2025,9964867380
PAT0844,RIYA kumar,66,Nagpur,Cardiology,New India  ,approved,30380.21,"October 14, 2023",9123456789
PAT1723,anjali PATIL,65,  Solapur,Orthopaedics,star health,APPROVED,70533.94,"November 07, 2023",
PAT2916,geeta verma  ,46,Kolhapur,gynaecology,  Star Health,Rejected,25831.94,2024-07-02,9808411421
PAT1191,Sneha Gupta,67,AURANGABAD,PAEDIATRICS,hdfc ergo,Under Review,35211.72,2023-09-15,9499848971
PAT0263,deepa Joshi  ,50,nashik,dermatology,new india,pending,53242.16,18-08-2024,9862782374
PAT0476,Kavya rao,31,  Solapur,PAEDIATRICS,RELIANCE HEALTH,Under Review,22151.06,15 Jul 2023,
PAT2169,pooja Iyer,28,  Mumbai,GYNAECOLOGY,New India,PENDING,45148.93,06/11/2024,9209653681
PAT1473,divya RAO,61,Pune,GYNAECOLOGY,New India  ,Rejected,18088.78,01/02/2024,9364451634
PAT2578,sunita Kumar,27,Thane,paediatrics,star health,Under Review,46121.1,"October 04, 2024",9420035497
PAT2914,Sunita NAIR,64,AURANGABAD,general,Reliance Health,Pending,78706.74,16-10-2025,9931836264
PAT1087,Pooja SHARMA,36,Pune  ,Dermatology,bajaj allianz,Under Review,4121.12,2025-01-21,9628684193
PAT2544,SNEHA iyer,71,NASHIK,orthopaedics,Bajaj Allianz,Pending,59915.19,2025-03-03,9804964006
PAT2625,Priya nair,51,Pune,Paediatrics,united india,PENDING,19392.34,27 Jun 2025,9701393140
PAT1490,  geeta Mehta,23,kolhapur,GYNAECOLOGY,New India  ,Approved,35979.19,13 Feb 2023,9140020363
PAT1880,Sunita Rao,50,  Pune,EMERGENCY,United India,  Rejected,,23-12-2025,9307679625
PAT2229,Pooja Singh,40,NASHIK,EMERGENCY,HDFC ERGO,  Pending,77152.01,2024-10-16,9125252144
PAT0612,neha Iyer,18,Solapur,Dermatology,RELIANCE HEALTH,Approved  ,12555.63,2024-07-01,9497446283
PAT0290,Riya PATIL,48,aurangabad,Gynaecology,HDFC ERGO,Under Review,67645.06,08 Jan 2024,9877589651
PAT0843,Meera rao,59,Kolhapur,General,  HDFC Ergo,PENDING,40382.45,13-09-2024,9480033278
PAT1624,Priya Mehta,22,thane,gynaecology,  HDFC Ergo,Rejected,22116.62,"March 28, 2025",9675465143
PAT2769,Anjali PATIL,20,THANE,EMERGENCY,New India  ,Pending,43831.56,23 Feb 2023,9900074792
PAT1984,PRIYA PATIL  ,39,nashik,General,  Star Health,Pending,33975.93,06-03-2025,
PAT2680,Anjali nair,69,Kolhapur,EMERGENCY,United India,Rejected,13736.81,13-12-2025,9542768323
PAT1736,Geeta MEHTA,52,Aurangabad,paediatrics,Star Health,APPROVED,34005.29,"November 27, 2023",9270634009
PAT0957,Rekha SINGH,33,PUNE,emergency,  Star Health,Approved,52828.88,23-01-2023,9509547590
PAT1205,Priya Patil,68,nagpur,GYNAECOLOGY,star health,  Pending,54186.37,"March 09, 2023",9346471425
PAT0080,divya iyer,44,thane,Orthopaedics,new india,Under Review,22038.19,"November 09, 2023",
PAT2861,Kavya sharma,18,aurangabad,Neurology,Reliance Health,approved,62605.51,2025-02-04,9999643846
PAT0830,Neha patil,66,MUMBAI,Neurology,new india,Rejected,28440.87,11-07-2025,9917464065
PAT2425,geeta SINGH  ,25,aurangabad,Emergency,united india,pending,48207.81,2023-04-10,9001122334
PAT1526,meera Joshi,29,Kolhapur,Dermatology,New India  ,Pending,35206.6,2023-09-21,9587161920
PAT1958,geeta Nair  ,44,Kolhapur,cardiology,NEW INDIA,approved,32762.9,30 Mar 2025,9613928223
PAT2139,  Sunita KUMAR,25,solapur,orthopaedics,new india,PENDING,79205.11,2023-11-18,9695848512
PAT0736,  DIVYA SINGH,60,PUNE,CARDIOLOGY,  HDFC Ergo,pending,62625.97,01/01/2025,9493991984
PAT0379,REKHA Kumar,68,Nashik,dermatology,RELIANCE HEALTH,PENDING,57081.64,2025-09-23,9696020884
PAT0181,geeta MEHTA,71,solapur,GYNAECOLOGY,New India,approved,29954.75,"June 28, 2023",9971759086
PAT1647,sunita PATIL,59,Nagpur,PAEDIATRICS,RELIANCE HEALTH,Rejected,7972.44,"April 19, 2025",9123456789
PAT2582,Sunita SINGH,45,THANE,GYNAECOLOGY,  HDFC Ergo,PENDING,57944.13,2024-04-13,
PAT0874,Kavya Iyer  ,27,Mumbai,general,Star Health  ,  Pending,1409.98,29 Aug 2023,9774895842
PAT2482,  aisha Nair,64,AURANGABAD,General,reliance health,under review,67173.38,"November 15, 2023",9342394731
PAT1627,REKHA rao,59,Nagpur,General,  Star Health,pending,,18-12-2025,9001122334
PAT1890,priya VERMA  ,60,Nagpur,GYNAECOLOGY,UNITED INDIA,  Pending,68093.18,17 Oct 2023,9560811579
PAT2718,REKHA Nair,58,kolhapur,neurology,UNITED INDIA,  Pending,47429.02,01 Nov 2025,9348614327
PAT2193,PRIYA Sharma,51,Kolhapur,neurology,  Bajaj Allianz,  Rejected,38746.07,10-08-2023,9123456789
PAT0768,deepa Kumar,35,aurangabad,GYNAECOLOGY,new india,approved,35129.08,08 Dec 2023,9758530127
PAT0459,RIYA mehta,50,NAGPUR,dermatology,HDFC Ergo,Approved,44120.94,18 Jan 2024,9984664477
PAT2001,Kavya patil,26,Pune  ,Cardiology,United India,pending,44969.75,25-03-2025,9785127808
PAT2793,NEHA PATIL,62,Solapur,Paediatrics,United India,UNDER REVIEW,24211.39,2023-12-23,9635168496
PAT0808,SNEHA Nair,73,nagpur,Cardiology,HDFC Ergo,rejected,,"November 04, 2025",9001122334
PAT2368,Sneha sharma,66,NAGPUR,Neurology,hdfc ergo,Approved  ,32722.64,18-08-2025,
PAT1871,RIYA MEHTA,61,aurangabad,general,new india,rejected,8049.3,"November 22, 2023",9752126276
PAT1731,divya RAO,39,AURANGABAD,emergency,HDFC Ergo,approved,19944.73,21/06/2024,9195048123
PAT1808,Aisha Kumar,20,Aurangabad,General,NEW INDIA,Rejected,21548.05,"December 28, 2023",9695373815
PAT0531,  rekha Mehta,34,kolhapur,GYNAECOLOGY,Bajaj Allianz,  Pending,57789.2,27 Dec 2025,9587399464
PAT1979,REKHA Sharma,50,NASHIK,General,Star Health,  Pending,68663.8,"March 02, 2025",9640444929
PAT2832,  divya Sharma,72,NAGPUR,gynaecology,united india,pending,50825.21,2023-04-01,9204911710
PAT0233,anjali sharma,46,mumbai,GENERAL,BAJAJ ALLIANZ,REJECTED,71281.74,2024-06-13,9274920492
PAT0775,Aisha sharma,41,Thane,dermatology,RELIANCE HEALTH,  Approved,49330.82,"February 20, 2023",9611966881
PAT1722,Pooja gupta,47,pune,paediatrics,RELIANCE HEALTH,Rejected,21054.34,2023-04-13,9730011407
PAT0799,RIYA Desai,18,mumbai,General,UNITED INDIA,rejected,76801.8,19-01-2024,9299888553
PAT2255,AISHA nair,62,THANE,gynaecology,NEW INDIA,rejected,7074.35,07 May 2023,9263792239
PAT2130,rekha RAO,65,Thane,GENERAL,RELIANCE HEALTH,REJECTED,11521.39,03/12/2024,9220523211
PAT1005,Sunita mehta,67,solapur,orthopaedics,united india,Approved  ,26016.65,15/05/2024,
PAT1809,  Neha RAO,71,pune,Emergency,NEW INDIA,Pending,72541.72,07 Dec 2025,9614971107
PAT1050,Riya joshi,67,pune,GENERAL,Bajaj Allianz,APPROVED,29892.73,"April 04, 2024",9611997917
PAT0767,Sunita iyer,,  Mumbai,Dermatology,hdfc ergo,Under Review,,23-10-2024,9968689928
PAT2959,priya VERMA,60,Aurangabad,neurology,  HDFC Ergo,  Pending,70859.42,2023-10-03,9948560070
PAT0434,Sunita SHARMA,55,nashik,GENERAL,bajaj allianz,under review,67358.05,12-11-2023,9783501986
PAT0821,anjali Desai,25,kolhapur,neurology,HDFC Ergo,Pending,83680.34,01 Apr 2025,9549017351
PAT0551,sunita PATIL,24,  Pune,CARDIOLOGY,NEW INDIA,approved,28702.54,05-11-2024,9833944764
PAT1090,  Neha Nair,45,kolhapur,Orthopaedics,UNITED INDIA,UNDER REVIEW,47935.84,20 Oct 2023,9383234901
PAT2121,  lakshmi singh,26,Pune,PAEDIATRICS,HDFC ERGO,  Approved,29670.01,12 Dec 2023,9230812114
PAT0345,  PRIYA Singh,57,  Mumbai,cardiology,united india,Approved,,09-07-2024,9001122334
PAT2435,Divya Singh,33,kolhapur,cardiology,United India,Pending,72720.29,07 Nov 2024,9579386121
PAT1016,sneha rao,43,Nagpur,orthopaedics,United India,UNDER REVIEW,28704.9,2025-01-28,9628131485
PAT0644,Riya Nair,49,Solapur,paediatrics,  HDFC Ergo,APPROVED,73314.83,01/11/2023,9874536641
PAT0144,Aisha PATIL,52,Pune  ,EMERGENCY,NEW INDIA,  Approved,45898.34,19/12/2025,9103729417
PAT0064,PRIYA rao,41,Nagpur,orthopaedics,HDFC ERGO,Under Review,67467.9,15/12/2023,
PAT1128,lakshmi Desai,72,Nashik,cardiology,Star Health,  Pending,13148.51,12-08-2023,9137787327
PAT1788,Anjali Sharma,58,THANE,Paediatrics,United India,PENDING,,15/04/2025,9594993208
PAT0787,deepa verma,25,AURANGABAD,General,Reliance Health,REJECTED,73688.7,12-08-2025,9701074248
PAT2057,  Geeta Kumar,52,Aurangabad,Cardiology,hdfc ergo,APPROVED,81932.24,"April 02, 2025",9719794377
PAT1755,priya singh,40,mumbai,general,  HDFC Ergo,Approved  ,71521.64,17/02/2025,9842922742
PAT1203,  sneha desai,46,nashik,dermatology,  Bajaj Allianz,UNDER REVIEW,52956.76,"June 23, 2023",9920507628
PAT0430,MEERA Gupta,30,pune,CARDIOLOGY,bajaj allianz,under review,81419.2,"November 14, 2025",9749697362
PAT2286,Neha VERMA  ,38,Nashik,Paediatrics,Star Health  ,Under Review,12232.48,21/04/2023,9902503617
PAT1318,anjali Kumar,70,pune,general,United India,Approved  ,52017.33,12-12-2024,9286359466
PAT0680,sneha MEHTA,38,solapur,general,HDFC Ergo,Pending,76857.43,2023-03-06,9619595468
PAT0816,sunita SHARMA,61,nashik,Neurology,Star Health,Under Review,66583.27,23-09-2023,9781672153
PAT1982,divya gupta,43,thane,emergency,New India,APPROVED,53741.22,2024-09-07,
PAT2364,  divya gupta,,nashik,neurology,HDFC ERGO,Approved,11874.02,"February 09, 2025",9758809746
PAT1237,Sneha Iyer,40,PUNE,paediatrics,New India  ,Pending,15944.26,20 Jan 2023,
PAT1132,pooja RAO,41,THANE,Paediatrics,RELIANCE HEALTH,Rejected,11391.78,2023-09-01,9456798806
PAT0849,NEHA RAO  ,56,thane,Cardiology,Star Health  ,  Approved,36609.46,2025-09-23,9988776655
PAT1983,Aisha sharma,69,NAGPUR,paediatrics,HDFC ERGO,APPROVED,47526.04,"December 13, 2024",9194048095
PAT0823,deepa JOSHI,36,pune,dermatology,new india,under review,58243.23,"July 21, 2023",9549113543
PAT2647,Meera Joshi,,NAGPUR,GENERAL,STAR HEALTH,Approved,48160.4,2025-01-13,9914326328
PAT2602,divya Gupta  ,40,MUMBAI,emergency,NEW INDIA,Approved  ,75068.89,2025-03-24,9471220371
PAT0167,Aisha RAO,70,solapur,emergency,Star Health  ,Rejected,80545.07,"February 16, 2024",9442671456
PAT2371,riya Singh  ,46,solapur,GYNAECOLOGY,NEW INDIA,pending,57095.96,"October 09, 2024",9216681129
PAT2894,RIYA mehta,61,  Mumbai,CARDIOLOGY,STAR HEALTH,Under Review,,07-11-2025,9306422478
PAT0425,RIYA verma,71,AURANGABAD,general,united india,Rejected,76404.82,19/09/2024,9499327067
PAT1331,AISHA PATIL,23,Pune  ,emergency,Star Health  ,Approved,48893.54,19/11/2023,9446367983
PAT1053,Rekha Mehta,18,Pune  ,Cardiology,new india,Under Review,623.41,01/02/2024,9920512930
PAT1482,geeta desai,18,nashik,dermatology,UNITED INDIA,UNDER REVIEW,,"October 06, 2025",9324379394
PAT0300,MEERA Sharma,23,AURANGABAD,neurology,bajaj allianz,REJECTED,69411.01,08 Apr 2024,9533744956
PAT0553,Priya Verma,27,nagpur,GYNAECOLOGY,HDFC ERGO,pending,44087.24,"August 17, 2025",9123456789
PAT0058,Riya VERMA,48,aurangabad,GYNAECOLOGY,united india,Approved  ,78397.86,06/11/2025,9948262678
PAT1828,Priya SHARMA,,kolhapur,CARDIOLOGY,STAR HEALTH,approved,69361.82,"January 10, 2025",
PAT1323,REKHA RAO,36,  Solapur,Neurology,Bajaj Allianz,Approved  ,41522.03,"January 20, 2024",9953011821
PAT2827,Riya sharma,72,THANE,Gynaecology,  Bajaj Allianz,  Rejected,81383.21,19-02-2025,9207730597
PAT0745,pooja Singh,58,mumbai,orthopaedics,  Bajaj Allianz,approved,55813.77,13 Jan 2024,9145049471
PAT2049,MEERA gupta,55,thane,EMERGENCY,STAR HEALTH,Pending,32434.62,2023-10-28,
PAT2320,Meera joshi,18,aurangabad,CARDIOLOGY,united india,PENDING,19856.74,"February 27, 2025",9960537767
PAT2887,SNEHA Rao,44,Pune  ,GENERAL,HDFC ERGO,REJECTED,,2025-03-27,
PAT2745,Sneha PATIL,,Kolhapur,gynaecology,hdfc ergo,rejected,72258.03,09/06/2025,9511476020
PAT0842,riya VERMA,48,  Pune,neurology,  Bajaj Allianz,pending,13563.5,17/11/2023,9269590180
PAT1110,  Sunita VERMA,,mumbai,EMERGENCY,STAR HEALTH,UNDER REVIEW,50269.91,2024-01-09,9550829541
PAT1858,Rekha Singh,43,solapur,Dermatology,United India,rejected,56340.1,08-12-2023,9674232978
PAT0093,NEHA SINGH  ,57,Kolhapur,Dermatology,New India  ,under review,81132.56,"March 26, 2023",9302120588
PAT0756,Deepa SINGH,64,mumbai,Emergency,Bajaj Allianz,APPROVED,1157.73,"January 27, 2025",9646177238
PAT2594,Divya singh  ,65,Aurangabad,Cardiology,hdfc ergo,PENDING,44671.26,2024-06-05,9363917137
PAT0401,Deepa Iyer,68,PUNE,dermatology,HDFC ERGO,Approved,58742.58,2025-09-14,9485385619
PAT0084,Neha Nair  ,43,PUNE,orthopaedics,Reliance Health,Approved,,22/12/2025,9269016920
PAT2295,deepa nair  ,65,MUMBAI,Emergency,HDFC ERGO,Approved,6346.5,28-04-2023,9733144678
PAT0986,AISHA singh,60,Mumbai,emergency,Star Health  ,Rejected,58465.28,19/10/2024,9286203599
PAT0733,Sneha sharma,52,Kolhapur,PAEDIATRICS,reliance health,Approved,4905.87,11/02/2025,9247929877
PAT0875,lakshmi Gupta,25,AURANGABAD,emergency,united india,Approved  ,,30-11-2024,9988776655
PAT1544,RIYA JOSHI,75,nagpur,neurology,RELIANCE HEALTH,Under Review,17961.64,22/02/2024,9314842361
PAT0547,Kavya VERMA,31,thane,CARDIOLOGY,UNITED INDIA,APPROVED,33295.79,08-11-2025,9445554954
PAT0530,pooja verma,31,pune,gynaecology,Reliance Health,  Rejected,,22 Jul 2024,9308059226
PAT1141,rekha Mehta,38,mumbai,Gynaecology,Star Health  ,pending,74991.71,"July 26, 2023",9728328736
PAT1215,SNEHA VERMA,35,Nagpur,dermatology,Reliance Health,Approved  ,26638.39,2024-10-09,
PAT2740,  deepa JOSHI,25,Nashik,Gynaecology,Star Health  ,pending,49078.78,24-12-2023,9736362638
PAT0314,REKHA kumar,19,Pune  ,GYNAECOLOGY,reliance health,  Pending,59708.89,13/06/2023,9168496565
PAT2138,riya Mehta,49,Mumbai,Dermatology,bajaj allianz,rejected,16109.23,"October 14, 2025",9881693722
PAT2749,NEHA PATIL,41,mumbai,Neurology,  Star Health,PENDING,2877.05,16 Jan 2024,9205027777
PAT1040,riya iyer  ,63,PUNE,orthopaedics,Bajaj Allianz,  Approved,8540.79,25-06-2024,9718916987
PAT2876,Rekha SHARMA,35,AURANGABAD,GYNAECOLOGY,hdfc ergo,  Pending,67754.89,"February 11, 2025",9515419694
PAT1845,AISHA Desai,59,nagpur,emergency,STAR HEALTH,Approved,,14/12/2025,9959059825
PAT2335,sneha Kumar,52,kolhapur,gynaecology,BAJAJ ALLIANZ,Pending,71818.27,24 Apr 2024,9335719022
PAT0989,Deepa verma,42,Nashik,Orthopaedics,Star Health  ,Pending,,2023-04-22,9688937402
PAT2383,neha KUMAR,29,NAGPUR,gynaecology,  Star Health,UNDER REVIEW,24827.29,"October 22, 2023",9242509972
PAT1223,Lakshmi verma,60,thane,orthopaedics,UNITED INDIA,Rejected,16122.21,2023-06-02,9792543112
PAT0701,Riya SINGH,50,  Solapur,emergency,UNITED INDIA,Rejected,58630.59,15-12-2023,9456649049
PAT0229,  lakshmi SHARMA,61,  Solapur,PAEDIATRICS,star health,  Rejected,28511.25,2024-05-01,9499905152
PAT1411,geeta singh,20,Aurangabad,Gynaecology,  Star Health,PENDING,45097.75,14-10-2024,9110445729
PAT0102,sunita nair,41,MUMBAI,Cardiology,new india,  Approved,55421.68,27/10/2023,
PAT0450,divya Joshi  ,49,Solapur,Cardiology,HDFC Ergo,  Rejected,28127.77,12 Sep 2024,9809829892
PAT0159,Meera PATIL,68,Nashik,Emergency,  Star Health,approved,76657.57,31-08-2025,
PAT1463,meera iyer,68,AURANGABAD,Cardiology,  Star Health,  Pending,34090.5,2025-10-11,
PAT2657,Divya iyer,32,kolhapur,Paediatrics,  Bajaj Allianz,Rejected,28218.5,2023-10-04,9903505178
PAT2961,PRIYA Verma,67,nagpur,Dermatology,RELIANCE HEALTH,  Pending,47424.88,2023-03-09,9607368884
PAT1933,NEHA rao,71,Mumbai,emergency,Reliance Health,under review,,2023-12-04,9991731789
PAT2202,PRIYA Joshi,37,Nashik,Dermatology,united india,APPROVED,11432.77,25-08-2025,9982133541
PAT0639,Priya Desai,,pune,EMERGENCY,star health,Approved  ,7563.82,20 Oct 2023,
PAT0559,Meera Rao,61,NAGPUR,Neurology,hdfc ergo,Approved,38164.32,28 Mar 2025,9711205057
PAT2142,Priya mehta,18,Thane,Emergency,Star Health,under review,,"May 18, 2024",9001122334
PAT1072,Meera NAIR,20,solapur,GENERAL,star health,Under Review,35160.5,31 Jul 2025,9929322190
PAT0389,Riya JOSHI  ,64,THANE,Emergency,  HDFC Ergo,approved,49352.92,16-04-2023,9407965966
PAT1263,AISHA patil,56,Pune,Gynaecology,BAJAJ ALLIANZ,pending,,01-03-2023,9681122229
PAT2555,  Lakshmi Sharma,21,Pune,general,hdfc ergo,rejected,37766.86,19-04-2024,9531520593
PAT0832,Kavya joshi,34,solapur,GYNAECOLOGY,Star Health,pending,13036.7,25-01-2023,9654929058
PAT0803,kavya mehta,23,mumbai,GYNAECOLOGY,hdfc ergo,Under Review,,16/05/2024,9501856265
PAT2398,anjali SINGH,37,THANE,GYNAECOLOGY,Reliance Health,  Pending,27874.0,05-04-2023,9622905752
PAT2962,  pooja KUMAR,75,MUMBAI,Orthopaedics,  Star Health,Pending,30650.03,21-06-2025,9240816149
PAT0387,lakshmi PATIL  ,66,Thane,Neurology,united india,APPROVED,52050.97,"May 17, 2024",9818029567
PAT2431,  REKHA KUMAR,,THANE,gynaecology,STAR HEALTH,Approved,1516.08,2025-09-18,9827651614
PAT0731,Pooja mehta,26,Mumbai,dermatology,new india,approved,6661.06,14-03-2023,9742256122
PAT2424,REKHA desai,45,Pune  ,Neurology,United India,Rejected,36066.48,11 Dec 2023,9834443628
PAT1179,anjali Singh,55,Nagpur,Orthopaedics,NEW INDIA,Under Review,,23/05/2024,9968098708
PAT1375,Sunita RAO,66,Aurangabad,orthopaedics,Bajaj Allianz,  Approved,4838.41,2023-10-21,9885042792
PAT0987,anjali SINGH,68,solapur,Paediatrics,HDFC Ergo,UNDER REVIEW,33592.75,08 Jul 2024,9373509648
PAT1286,Aisha verma,50,THANE,Gynaecology,hdfc ergo,  Rejected,,"January 29, 2023",9480341647
PAT2560,Aisha JOSHI,38,PUNE,gynaecology,New India,Approved,48172.79,21 Aug 2025,9411596208
PAT0474,Sunita desai,73,THANE,Neurology,New India,UNDER REVIEW,36945.58,28 Feb 2024,9880296841
PAT1073,  Geeta Mehta,25,nagpur,Neurology,Bajaj Allianz,  Approved,77837.35,11-01-2023,9791250747
PAT1648,Divya RAO,24,nagpur,Orthopaedics,HDFC Ergo,REJECTED,48768.02,"August 21, 2023",9745997398
PAT2857,Deepa Singh,18,Solapur,cardiology,new india,approved,10493.68,"November 02, 2024",9682092538
PAT0631,priya JOSHI,26,nashik,cardiology,BAJAJ ALLIANZ,approved,59126.38,"March 25, 2025",9180515099
PAT1912,REKHA Rao,25,  Pune,Orthopaedics,star health,UNDER REVIEW,49183.01,14-03-2025,9823284212
PAT2845,neha desai,18,pune,general,UNITED INDIA,  Pending,24493.64,23-01-2025,9771230434
PAT2143,  Deepa Gupta,66,  Solapur,cardiology,BAJAJ ALLIANZ,PENDING,23426.53,"November 13, 2023",9572723510
PAT1827,Neha gupta,39,solapur,General,NEW INDIA,PENDING,15734.79,15/02/2024,9134243421
PAT2243,Riya Sharma,57,Pune  ,GENERAL,HDFC Ergo,approved,16482.52,14 Jul 2025,9950253920
PAT2151,  REKHA Rao,20,Mumbai,general,Star Health,  Pending,20207.22,2024-02-07,9970480134
PAT1374,AISHA SINGH,36,nagpur,Neurology,Bajaj Allianz,Rejected,79859.28,26 Jul 2025,9498288692
PAT0106,priya NAIR,,nagpur,paediatrics,  HDFC Ergo,Approved,6208.78,2024-05-08,9457039137
PAT1660,Geeta Nair,50,kolhapur,emergency,HDFC ERGO,approved,,06 Aug 2023,9465859402
PAT1705,NEHA PATIL,41,Pune,EMERGENCY,Star Health,APPROVED,,10-11-2024,9945124106
PAT0183,pooja JOSHI,36,kolhapur,Neurology,Bajaj Allianz,  Approved,,2025-04-22,9236245128
PAT2351,sneha SHARMA,43,pune,CARDIOLOGY,Star Health,Rejected,,07/09/2023,9900151004
PAT2187,Kavya KUMAR,56,AURANGABAD,GYNAECOLOGY,reliance health,REJECTED,3932.52,12/06/2024,9427543978
PAT2910,lakshmi SINGH,71,thane,GENERAL,  Star Health,REJECTED,62571.54,31/01/2024,
PAT0334,  Deepa Desai,39,Solapur,Gynaecology,bajaj allianz,under review,76759.98,26-10-2024,9987077148
PAT1875,lakshmi sharma,57,  Mumbai,EMERGENCY,RELIANCE HEALTH,pending,26350.04,03 Jun 2025,9461083934
PAT1037,MEERA Sharma,,Solapur,paediatrics,Reliance Health,rejected,71270.37,"October 07, 2024",9738498957
PAT0671,Aisha SINGH,45,solapur,neurology,RELIANCE HEALTH,  Approved,68601.91,2023-08-01,9541608179
PAT1412,Meera patil,64,aurangabad,orthopaedics,Star Health,REJECTED,625.91,02/03/2024,
PAT0452,Aisha kumar,47,Pune,cardiology,HDFC Ergo,Rejected,14370.19,01/06/2025,9920350718
PAT2825,kavya singh,37,Solapur,Dermatology,HDFC ERGO,under review,,"August 02, 2025",9647823593
PAT0548,NEHA Verma,35,kolhapur,PAEDIATRICS,Reliance Health,approved,76117.75,14/07/2025,9504889751
PAT1745,Deepa Joshi,46,NASHIK,GYNAECOLOGY,UNITED INDIA,Rejected,59420.68,"October 30, 2024",9966251541
PAT1699,Priya SINGH,64,kolhapur,general,Star Health  ,REJECTED,,30-11-2025,9876543210
PAT1255,anjali verma,54,  Pune,General,  Star Health,  Approved,18366.34,30-01-2025,9988776655
PAT0404,priya gupta,52,solapur,neurology,UNITED INDIA,under review,1887.35,2024-11-25,9535410744
PAT2836,RIYA iyer  ,56,Thane,gynaecology,RELIANCE HEALTH,  Pending,83408.73,"October 09, 2025",9451472868
PAT2362,NEHA verma,,  Mumbai,Orthopaedics,Star Health,Rejected,35048.23,17 Jun 2023,9259917600
PAT1264,pooja patil,27,kolhapur,CARDIOLOGY,hdfc ergo,  Approved,1682.33,25-04-2023,9548484824
PAT1257,Divya patil,27,Aurangabad,Emergency,UNITED INDIA,Pending,23831.38,2024-09-28,9248286010
PAT1155,priya Desai,27,  Mumbai,gynaecology,United India,REJECTED,46099.52,04-03-2025,9129036288
PAT0665,  Pooja Mehta,37,  Solapur,general,United India,pending,22423.29,2023-04-21,9908716628
PAT1189,DIVYA Iyer,37,Aurangabad,PAEDIATRICS,BAJAJ ALLIANZ,Rejected,73738.87,01-11-2024,9962836693
PAT1950,RIYA verma  ,58,  Solapur,cardiology,  HDFC Ergo,Approved  ,55224.76,04-09-2024,9123456789
PAT0438,Anjali JOSHI,70,Solapur,neurology,  HDFC Ergo,REJECTED,,21/12/2024,
PAT0042,Deepa nair,63,Pune  ,General,HDFC Ergo,  Pending,78207.69,"September 17, 2025",9388187517
PAT2784,rekha Gupta,69,Pune  ,dermatology,  HDFC Ergo,UNDER REVIEW,82911.7,06-12-2023,9335344677
PAT0201,DIVYA KUMAR,67,Thane,gynaecology,bajaj allianz,PENDING,79287.59,18/02/2023,9844597866
PAT2410,Priya rao,50,Nagpur,General,  Star Health,Approved  ,46063.57,19-10-2025,
PAT2416,Neha Joshi,74,Nashik,Gynaecology,STAR HEALTH,UNDER REVIEW,24795.28,"November 29, 2025",9638244493
PAT1742,neha KUMAR,59,pune,orthopaedics,BAJAJ ALLIANZ,pending,,28/07/2023,9001122334
PAT0764,sneha verma,29,Pune,General,RELIANCE HEALTH,  Pending,53821.73,25-04-2024,9293342602
PAT0683,Pooja Mehta  ,43,  Pune,Emergency,BAJAJ ALLIANZ,Rejected,17892.79,"September 26, 2025",9902170256
PAT2738,  Rekha JOSHI,48,Mumbai,cardiology,Bajaj Allianz,under review,,28/07/2024,9110750082
PAT0037,aisha JOSHI,57,AURANGABAD,Cardiology,New India  ,Approved,,27/05/2025,9379340713
PAT1632,kavya sharma,24,Nashik,CARDIOLOGY,  HDFC Ergo,rejected,48359.94,2023-02-09,9368273078
PAT2262,Rekha MEHTA,60,aurangabad,General,United India,approved,66605.97,2024-12-30,9723338459
PAT1773,NEHA gupta  ,61,thane,CARDIOLOGY,reliance health,  Rejected,61649.68,21/04/2025,9876543210
PAT2025,  meera Iyer,52,kolhapur,Cardiology,HDFC ERGO,Approved,81944.56,28 Dec 2025,
PAT1181,DIVYA Singh,35,NAGPUR,Dermatology,New India,Approved  ,,24/01/2023,9252836083
PAT1171,meera rao,62,Aurangabad,Emergency,  Bajaj Allianz,Rejected,77561.43,2025-07-02,
PAT1884,Lakshmi Nair,,Pune,Orthopaedics,united india,approved,39371.01,06 Jul 2024,
PAT0007,divya Joshi,21,  Pune,orthopaedics,Reliance Health,Pending,36172.52,"May 11, 2023",9668132202
PAT0467,priya SHARMA,21,  Solapur,GYNAECOLOGY,  HDFC Ergo,  Rejected,81491.87,2025-01-13,9575026390
PAT2569,AISHA verma,21,Solapur,General,bajaj allianz,Approved,46518.37,29/10/2025,9339808863
PAT2937,pooja JOSHI,73,aurangabad,cardiology,bajaj allianz,Approved,44345.24,06 Dec 2024,9112508192
PAT0521,Pooja NAIR,21,Mumbai,GYNAECOLOGY,  Bajaj Allianz,PENDING,64076.95,2025-02-27,9693909246
PAT1951,NEHA nair,32,Aurangabad,cardiology,UNITED INDIA,APPROVED,71858.6,2024-12-08,9883000444
PAT1648,Divya RAO,24,nagpur,Orthopaedics,HDFC Ergo,REJECTED,48768.02,"August 21, 2023",9745997398
PAT1294,Neha RAO,,Solapur,CARDIOLOGY,BAJAJ ALLIANZ,  Rejected,18373.44,"October 19, 2024",9298494887
PAT1385,rekha Mehta,25,  Pune,PAEDIATRICS,New India,PENDING,57862.21,29/03/2023,9606308772
PAT2159,rekha Iyer,36,Mumbai,Emergency,reliance health,Under Review,51514.12,20 Nov 2024,9704390162
PAT0358,sunita JOSHI,67,mumbai,Paediatrics,BAJAJ ALLIANZ,Approved  ,12719.32,"April 16, 2023",9579166131
PAT1366,deepa patil  ,58,Pune,paediatrics,New India,APPROVED,38872.13,"July 05, 2024",9330665449
PAT1641,Neha Verma  ,62,Nagpur,gynaecology,Reliance Health,PENDING,18456.46,"August 09, 2024",9560813379
PAT1314,aisha sharma  ,59,Nashik,orthopaedics,BAJAJ ALLIANZ,  Pending,49726.89,13/04/2023,9794317061
PAT0293,Geeta Kumar,68,Thane,PAEDIATRICS,NEW INDIA,  Approved,22006.77,2024-04-21,9538781057
PAT0245,Sunita Nair,69,nagpur,Cardiology,HDFC ERGO,PENDING,11586.89,14 Feb 2023,9863548641
PAT1750,Deepa RAO,,pune,neurology,new india,approved,61401.77,25 Dec 2023,9886855574
PAT1197,Deepa Verma,43,Pune  ,Paediatrics,  Bajaj Allianz,APPROVED,9258.96,29-12-2023,9988776655
PAT1822,riya singh,74,Nagpur,Gynaecology,reliance health,Under Review,33296.49,"March 14, 2025",9647007301
PAT2859,NEHA Joshi,38,NASHIK,cardiology,  Star Health,pending,21869.38,2023-06-15,9608935764
PAT1027,lakshmi VERMA,61,Solapur,Dermatology,  HDFC Ergo,  Rejected,84461.83,"February 07, 2024",9142332523
PAT1921,Geeta Sharma,37,Pune  ,Dermatology,Star Health,rejected,38023.61,11/09/2024,9615043106
PAT1430,sunita Rao,37,Pune  ,orthopaedics,HDFC ERGO,rejected,69088.23,2024-09-21,9893410057
PAT2976,Riya mehta,40,Nagpur,dermatology,Reliance Health,UNDER REVIEW,14414.42,2023-10-19,9696688781
PAT0352,lakshmi Joshi,63,solapur,paediatrics,HDFC Ergo,  Rejected,12119.83,31/01/2024,
PAT0180,  divya SINGH,67,NAGPUR,Emergency,UNITED INDIA,  Approved,23136.61,21 Jan 2025,9001122334
PAT1019,neha PATIL  ,20,kolhapur,CARDIOLOGY,star health,Approved,16744.97,"December 15, 2023",9387043716
PAT1226,rekha joshi  ,18,  Solapur,Emergency,Star Health,approved,,28/03/2025,9540243542
PAT2045,REKHA RAO  ,39,Nagpur,Cardiology,UNITED INDIA,UNDER REVIEW,46039.89,30/09/2024,9540172435
PAT0230,priya RAO,35,aurangabad,Orthopaedics,HDFC ERGO,Approved  ,63344.65,19-10-2024,9195871030
PAT1465,REKHA mehta,47,mumbai,Neurology,  HDFC Ergo,  Rejected,72562.58,21/06/2025,9565178496
PAT2522,riya joshi,65,Aurangabad,PAEDIATRICS,UNITED INDIA,REJECTED,42218.54,2023-01-20,9624058818
PAT2244,Aisha Singh,45,aurangabad,Dermatology,new india,  Pending,84480.09,27 Mar 2023,9438712661
PAT2337,PRIYA singh  ,47,Thane,EMERGENCY,HDFC ERGO,APPROVED,51376.19,2024-04-26,9831961371
PAT2902,Geeta Singh,40,nagpur,paediatrics,  Star Health,Approved  ,19339.64,23-02-2024,9601864916
PAT1966,Riya RAO,39,nashik,Emergency,star health,approved,50029.6,03 Mar 2024,9592039671
PAT0155,geeta Patil,22,Solapur,cardiology,Star Health,Under Review,,2024-04-18,9001122334
PAT2826,Geeta singh,28,Aurangabad,General,united india,Pending,41070.73,16 Oct 2025,9155844451
PAT1142,sneha Rao,33,mumbai,Paediatrics,Reliance Health,REJECTED,21162.04,21-02-2024,9548690291
PAT1882,deepa Desai,60,kolhapur,GENERAL,RELIANCE HEALTH,PENDING,11019.03,16-12-2024,9656414665
PAT1304,Divya Kumar,72,Nashik,emergency,New India,rejected,29963.54,"July 30, 2024",9454772432
PAT0994,Aisha sharma,74,Solapur,GENERAL,United India,rejected,42668.22,"March 05, 2025",9855330547
PAT0938,lakshmi joshi,49,nagpur,Gynaecology,New India,  Pending,41612.19,"October 19, 2025",9623279634
PAT2644,NEHA singh,71,Pune  ,EMERGENCY,UNITED INDIA,REJECTED,78905.52,13 Sep 2023,9511322328
PAT0437,Lakshmi Joshi,41,Nagpur,EMERGENCY,NEW INDIA,approved,45252.24,07 Jun 2023,9921078969
PAT1342,Geeta gupta,,NASHIK,dermatology,RELIANCE HEALTH,Pending,71687.13,17 Dec 2023,9001122334
PAT1661,Deepa kumar,43,Mumbai,paediatrics,NEW INDIA,Rejected,72471.84,"January 13, 2024",9123456789
PAT1315,Sunita kumar,34,Mumbai,cardiology,New India,pending,5438.63,12 Apr 2024,9150392501
PAT2646,lakshmi RAO,52,Mumbai,emergency,  Bajaj Allianz,REJECTED,54138.97,21 Aug 2025,9135128670
PAT1686,Lakshmi KUMAR,22,nashik,Paediatrics,New India  ,Rejected,24830.92,"May 16, 2024",
PAT2856,Riya KUMAR,58,Nashik,dermatology,HDFC ERGO,approved,1746.9,27 Sep 2025,9589030454
PAT2189,  SNEHA Nair,36,aurangabad,orthopaedics,Bajaj Allianz,  Rejected,,"August 24, 2024",9115380459
PAT0571,REKHA Sharma,75,  Pune,neurology,HDFC ERGO,Under Review,52870.25,03/05/2023,9262855048
PAT0424,Kavya Verma,59,pune,neurology,hdfc ergo,APPROVED,,20 Apr 2024,9468070623
PAT0522,AISHA patil,32,pune,Neurology,bajaj allianz,  Approved,47372.78,15-09-2023,9782683973
PAT0340,sunita PATIL,43,Pune  ,orthopaedics,new india,APPROVED,63479.12,28-03-2025,9930888412
PAT2573,sunita NAIR,65,  Mumbai,GENERAL,United India,Pending,84802.0,2025-08-19,9799491798
PAT0356,Geeta joshi,23,thane,Dermatology,  Star Health,Pending,79747.69,"October 05, 2023",9292069408
PAT1562,RIYA KUMAR,47,  Pune,Emergency,STAR HEALTH,  Rejected,63333.72,"September 07, 2024",9516980397
PAT0746,Rekha Gupta  ,34,pune,paediatrics,bajaj allianz,approved,30052.16,08 Jun 2023,9354453959
PAT2021,AISHA Rao  ,28,Aurangabad,Cardiology,BAJAJ ALLIANZ,Approved  ,10556.79,13-01-2023,9965493516
PAT1841,  Anjali Mehta,30,nashik,CARDIOLOGY,STAR HEALTH,Rejected,7946.23,2024-05-25,9489170436
PAT2353,sneha verma,70,NAGPUR,GENERAL,United India,UNDER REVIEW,78056.19,11/05/2023,9182094619
PAT1334,geeta SHARMA  ,32,  Solapur,Gynaecology,STAR HEALTH,APPROVED,13330.48,2023-12-21,9811618397
PAT1152,Divya SHARMA,42,Nashik,gynaecology,bajaj allianz,Approved,38976.5,09 Sep 2024,9402843500
PAT2207,AISHA patil,23,aurangabad,Dermatology,New India  ,approved,84659.91,2023-09-25,9635948640
PAT2804,riya sharma,37,nagpur,Paediatrics,bajaj allianz,  Pending,20326.03,13-11-2023,9640239903
PAT0954,MEERA Singh,34,nagpur,Orthopaedics,Reliance Health,Rejected,38148.42,"November 14, 2025",9516023480
PAT0192,  Divya VERMA,68,THANE,GYNAECOLOGY,UNITED INDIA,  Rejected,,20 Oct 2025,
PAT0769,Neha Joshi,,thane,Cardiology,New India  ,APPROVED,28662.84,23 Dec 2024,
PAT2446,Meera Mehta,23,thane,Neurology,new india,REJECTED,50175.31,24/01/2025,9620413567
PAT1076,Deepa MEHTA  ,47,Pune,PAEDIATRICS,New India,  Rejected,80448.98,04-02-2025,9001122334
PAT0569,pooja nair  ,67,Kolhapur,GENERAL,  Star Health,Pending,8505.92,"October 26, 2024",9844876980
PAT2327,  Meera sharma,,Pune,emergency,Bajaj Allianz,Rejected,37328.46,27 Oct 2025,9490828185
PAT0846,lakshmi Verma,67,Solapur,PAEDIATRICS,RELIANCE HEALTH,UNDER REVIEW,83895.52,2025-02-07,9396402373
PAT2577,sunita joshi,60,nashik,emergency,Star Health,Rejected,49473.83,17-02-2025,9951698219
PAT1687,anjali SINGH,61,Kolhapur,Orthopaedics,STAR HEALTH,under review,36658.24,"May 11, 2025",9807417013
PAT0995,  sneha NAIR,40,nagpur,Neurology,HDFC ERGO,Rejected,32563.02,2025-08-19,9793075924
PAT0468,Aisha Sharma,34,nashik,CARDIOLOGY,HDFC ERGO,Rejected,75725.85,17-06-2025,9536249294
PAT1759,Meera Kumar,66,Nagpur,Cardiology,Bajaj Allianz,  Pending,43693.36,"June 24, 2025",9163577072
PAT0897,Sunita Mehta,24,Solapur,orthopaedics,  Bajaj Allianz,REJECTED,75826.41,30 Dec 2023,9132579118
PAT2631,anjali mehta,23,nagpur,Neurology,reliance health,  Rejected,,"November 01, 2023",9972316290
PAT1281,Geeta SHARMA  ,61,mumbai,orthopaedics,STAR HEALTH,Rejected,39633.19,2024-02-04,9343427104
PAT0889,geeta rao  ,40,  Solapur,EMERGENCY,bajaj allianz,PENDING,49024.9,"April 19, 2023",9568349279
PAT2558,PRIYA mehta,73,thane,Cardiology,BAJAJ ALLIANZ,Rejected,49291.37,10/05/2023,9770933379
PAT0324,Geeta MEHTA,37,Nashik,Gynaecology,Reliance Health,approved,46939.51,08-09-2023,9487005172
PAT2982,SNEHA mehta,44,mumbai,Gynaecology,bajaj allianz,Approved,29773.17,"May 22, 2023",9203309678
PAT2512,Sneha Mehta,30,PUNE,GYNAECOLOGY,UNITED INDIA,approved,58310.97,2023-05-17,9621326231
PAT0161,Aisha RAO,68,  Solapur,CARDIOLOGY,Bajaj Allianz,REJECTED,,14/06/2025,9925713533
PAT1584,lakshmi Kumar,,nagpur,Dermatology,united india,rejected,68885.43,23/12/2025,9876543210
PAT0695,Aisha mehta,70,kolhapur,Dermatology,Bajaj Allianz,rejected,26849.25,18/07/2025,9239651408
PAT1503,kavya kumar,54,  Pune,Cardiology,Bajaj Allianz,Rejected,59439.11,2025-02-27,9542271517
PAT0138,Priya Singh,35,Nashik,neurology,BAJAJ ALLIANZ,Approved,30882.15,2024-04-28,9271494637
PAT1594,Geeta Joshi,59,Aurangabad,PAEDIATRICS,RELIANCE HEALTH,  Pending,,10/05/2025,9280727140
PAT0911,meera mehta,19,NAGPUR,CARDIOLOGY,HDFC ERGO,Rejected,12614.21,2024-10-12,9876543210
PAT2717,NEHA kumar,40,MUMBAI,General,  Star Health,Approved  ,50651.08,"July 15, 2025",9944639813
PAT0840,riya Singh,35,Solapur,dermatology,Bajaj Allianz,Rejected,9919.22,"January 09, 2024",
PAT1220,Geeta desai,60,solapur,GENERAL,  Bajaj Allianz,APPROVED,31849.14,28/05/2025,9711334576
PAT2010,RIYA Nair  ,34,thane,general,  HDFC Ergo,APPROVED,,08/09/2025,9589679540
PAT2110,  aisha verma,74,  Solapur,CARDIOLOGY,UNITED INDIA,APPROVED,,21 Mar 2024,9876543210
PAT1433,Deepa Gupta,55,THANE,neurology,Bajaj Allianz,Pending,45135.87,21 Jul 2024,9535028428
PAT1459,Priya rao  ,46,Pune,GENERAL,Bajaj Allianz,under review,29145.58,05/06/2024,9876543210
PAT2754,deepa patil,71,  Solapur,Neurology,STAR HEALTH,Approved,34493.28,19-10-2024,9157450323
PAT1212,Rekha verma  ,74,kolhapur,gynaecology,HDFC Ergo,approved,47570.37,10/03/2024,9876543210
PAT2799,anjali nair,37,MUMBAI,Orthopaedics,new india,Approved,71326.3,"May 25, 2023",9834184581
PAT0657,Divya joshi,50,Aurangabad,emergency,Reliance Health,rejected,11586.2,18-08-2024,9142963526
PAT1812,Deepa Kumar,55,  Mumbai,general,Star Health,Under Review,39165.18,"February 15, 2023",9988776655
PAT0256,Sunita rao,21,Aurangabad,GYNAECOLOGY,bajaj allianz,  Rejected,20357.5,"July 29, 2025",9635213213
PAT0428,priya Iyer,47,Nashik,orthopaedics,Star Health,rejected,25474.56,16 Aug 2024,9882267928
PAT0850,priya Kumar,73,THANE,Paediatrics,bajaj allianz,UNDER REVIEW,28702.09,2023-05-18,9938150211
PAT0708,anjali Sharma,47,Solapur,orthopaedics,Bajaj Allianz,Rejected,56635.07,"September 13, 2024",9116742210
PAT0734,anjali kumar  ,40,Mumbai,Paediatrics,United India,approved,8273.22,21/01/2023,9967298880
PAT1129,neha Mehta,25,  Solapur,Emergency,Bajaj Allianz,UNDER REVIEW,51628.56,"September 27, 2023",
PAT2175,Anjali PATIL,42,thane,EMERGENCY,STAR HEALTH,Rejected,65626.29,26/08/2023,9877414168
PAT2795,Pooja singh,51,  Mumbai,Cardiology,star health,Approved,,2024-08-24,
PAT2002,  divya sharma,62,solapur,General,  Bajaj Allianz,PENDING,16493.67,"May 16, 2023",9116053010
PAT2641,aisha SINGH,40,Pune,Dermatology,New India  ,Approved  ,60194.39,23/10/2024,9236449120
PAT2330,neha Iyer,28,MUMBAI,neurology,HDFC Ergo,  Pending,82705.48,14/09/2023,9370366035
PAT2997,MEERA Nair,25,THANE,General,bajaj allianz,Approved  ,6024.57,"August 10, 2024",9127028580
PAT2549,  deepa Joshi,75,MUMBAI,EMERGENCY,RELIANCE HEALTH,pending,46901.7,17/05/2023,
PAT0031,Meera PATIL,57,Nashik,CARDIOLOGY,HDFC ERGO,Rejected,17326.48,2023-02-20,9925159146
PAT1472,MEERA gupta,,mumbai,GYNAECOLOGY,NEW INDIA,APPROVED,,05-02-2025,9221893424
PAT1062,Geeta RAO,56,AURANGABAD,Emergency,hdfc ergo,under review,52125.17,30-06-2025,9887497711
PAT2931,Geeta patil,52,mumbai,neurology,New India  ,Rejected,54796.37,01/09/2023,9450096095
PAT1996,lakshmi Desai,43,thane,Emergency,Star Health  ,REJECTED,51566.45,23-04-2023,
PAT1991,lakshmi KUMAR,31,kolhapur,neurology,United India,Approved  ,42353.69,08/11/2023,9983349385
PAT1175,REKHA SINGH,70,PUNE,dermatology,New India  ,  Pending,12181.33,"September 04, 2023",9660435567
PAT1978,Anjali desai,53,solapur,Orthopaedics,New India,Approved,29382.61,25/06/2023,9577744540
PAT1621,RIYA joshi,43,  Pune,Neurology,New India,Approved,18353.9,2024-12-18,9487080174
PAT2774,Lakshmi patil,27,Nashik,cardiology,reliance health,rejected,11987.06,06/11/2024,9966225229
PAT0967,aisha Gupta,62,Thane,Orthopaedics,HDFC ERGO,under review,59138.17,2024-01-21,9958923889
PAT0056,Priya KUMAR,41,Kolhapur,GENERAL,Reliance Health,under review,17700.67,26-09-2023,9230380269
PAT2475,SNEHA JOSHI,34,Pune,general,reliance health,Approved,25660.94,14/06/2023,9229354037
PAT0920,MEERA joshi,22,NASHIK,emergency,new india,under review,59954.47,16-08-2024,9263226903
PAT0976,rekha sharma,62,Nagpur,Cardiology,RELIANCE HEALTH,REJECTED,9484.73,2025-08-28,9553393108
PAT0249,PRIYA verma,48,Nashik,GYNAECOLOGY,Star Health,Approved,77131.36,08/10/2025,9180582403
PAT2873,  geeta NAIR,43,THANE,Dermatology,reliance health,APPROVED,13988.67,07-04-2023,9284531398
PAT0939,Sneha Nair,38,  Solapur,GENERAL,  Bajaj Allianz,Rejected,,"November 28, 2025",9113923840
PAT2932,Sneha singh,69,THANE,gynaecology,reliance health,  Approved,48670.03,"April 27, 2024",9123456789
PAT1031,Divya SINGH,42,AURANGABAD,Paediatrics,HDFC Ergo,pending,,2025-05-29,9615250606
PAT2897,pooja SINGH,32,Thane,orthopaedics,BAJAJ ALLIANZ,Rejected,39078.41,"May 27, 2025",9859530506
PAT0589,SNEHA Nair,48,Solapur,Orthopaedics,New India  ,Rejected,60659.1,01 Dec 2025,9134086739
PAT2480,Lakshmi JOSHI,30,Mumbai,EMERGENCY,new india,UNDER REVIEW,53482.84,01-12-2023,
PAT2517,deepa SINGH,25,thane,neurology,New India,UNDER REVIEW,9572.13,10-05-2025,9373777871
PAT2991,Sunita SINGH,40,  Solapur,Neurology,Star Health,Under Review,84014.24,27-08-2023,9565991011
PAT1151,  anjali PATIL,29,Pune,Orthopaedics,  Bajaj Allianz,approved,61593.45,"December 19, 2025",9768913252
PAT2867,geeta kumar,74,Nagpur,GYNAECOLOGY,HDFC ERGO,approved,,17-01-2023,9358423998
PAT0871,Meera nair  ,72,Kolhapur,GYNAECOLOGY,RELIANCE HEALTH,Approved  ,81208.52,18/05/2025,9530433938
PAT1159,NEHA Iyer,67,solapur,general,NEW INDIA,Under Review,26547.91,13-05-2023,9473696649
PAT1992,neha NAIR,33,Kolhapur,orthopaedics,UNITED INDIA,  Rejected,56589.53,2024-06-18,9393646461
PAT0285,Pooja nair,51,THANE,paediatrics,New India  ,UNDER REVIEW,74991.14,23-03-2023,9780287364
PAT0919,Kavya verma,57,Aurangabad,EMERGENCY,star health,  Approved,7745.88,2023-01-18,9988776655
PAT1426,divya Rao,24,Kolhapur,CARDIOLOGY,new india,PENDING,,19/10/2025,9259880979
PAT2281,sunita patil,20,NASHIK,orthopaedics,Star Health  ,APPROVED,30038.81,28 Aug 2024,9763716959
PAT2955,MEERA joshi,27,kolhapur,Dermatology,New India  ,Approved,16178.22,04-11-2025,9213612688
PAT1865,meera Patil,30,Pune,CARDIOLOGY,new india,UNDER REVIEW,13617.25,29/07/2024,9681377696
PAT2309,sunita Verma,71,Nashik,Gynaecology,United India,Pending,,20 Jul 2024,9641360027
PAT2526,Sunita Nair,50,  Solapur,gynaecology,Star Health  ,  Rejected,76475.05,2024-11-24,9554090751
PAT2328,riya patil,29,THANE,emergency,  Star Health,PENDING,39121.75,31 Oct 2024,9435191271
PAT2803,pooja verma,63,mumbai,Emergency,united india,rejected,8300.78,29-06-2024,9717674598
PAT2787,Sunita MEHTA,34,Solapur,cardiology,HDFC ERGO,UNDER REVIEW,7021.21,2025-08-13,9714434226
PAT0601,DIVYA Iyer,29,solapur,PAEDIATRICS,RELIANCE HEALTH,APPROVED,73583.69,21-02-2025,9112458001
PAT2284,Anjali Iyer,39,THANE,gynaecology,united india,  Approved,38272.46,2023-11-14,9123456789
PAT0560,Sunita KUMAR,,PUNE,neurology,Reliance Health,under review,71703.04,"September 01, 2024",9288040420
PAT2339,Rekha Rao,57,Kolhapur,PAEDIATRICS,hdfc ergo,REJECTED,43136.06,29/04/2025,9112331653
PAT1577,divya Singh,24,mumbai,dermatology,BAJAJ ALLIANZ,APPROVED,77414.39,05 Nov 2024,9344789978
PAT0433,Neha patil,42,PUNE,Cardiology,United India,  Pending,47466.27,08/10/2023,9694710082
PAT1344,SNEHA VERMA,58,AURANGABAD,PAEDIATRICS,HDFC Ergo,  Rejected,21441.82,2024-09-16,
PAT0228,anjali iyer  ,24,  Pune,Emergency,  Star Health,Rejected,74871.47,21-04-2025,9753868135
PAT0696,divya nair,57,Aurangabad,gynaecology,New India  ,pending,,16/05/2025,9719809183
PAT2419,PRIYA gupta  ,21,Mumbai,CARDIOLOGY,bajaj allianz,pending,69854.32,04/05/2024,9216494782
PAT0003,Pooja SHARMA,42,PUNE,dermatology,New India,REJECTED,60036.32,04/04/2023,9349957310
PAT2050,  Neha Gupta,44,Pune,cardiology,bajaj allianz,Approved  ,43671.71,"August 06, 2025",9936878471
PAT1606,AISHA Gupta,40,  Solapur,general,Star Health,UNDER REVIEW,63007.61,16/12/2023,9778739715
PAT0550,Lakshmi Kumar,38,  Mumbai,PAEDIATRICS,Star Health,Pending,22945.3,05-06-2023,9638765977
PAT1790,rekha MEHTA,55,solapur,Emergency,BAJAJ ALLIANZ,approved,83143.52,2023-12-08,9984009702
PAT1025,Deepa rao,73,  Solapur,Gynaecology,Star Health,Pending,35635.19,24-09-2025,9357723139
PAT2154,  riya joshi,68,MUMBAI,general,  Bajaj Allianz,Pending,3044.92,27/02/2024,9795455018
PAT2629,meera RAO,23,aurangabad,Emergency,united india,REJECTED,,"February 16, 2024",9459247684
PAT0705,lakshmi desai,58,pune,orthopaedics,United India,PENDING,12468.0,2025-10-16,9562482630
PAT1957,sunita Desai,35,THANE,PAEDIATRICS,reliance health,  Approved,21039.67,2025-12-07,9859910216
PAT2679,priya Kumar  ,27,AURANGABAD,Gynaecology,  Bajaj Allianz,PENDING,30650.82,22 Oct 2023,9634565583
PAT0301,rekha Sharma,24,AURANGABAD,CARDIOLOGY,Bajaj Allianz,Rejected,10387.26,17-11-2025,9717287602
PAT2758,Sneha kumar,72,nashik,CARDIOLOGY,  Star Health,Under Review,17888.02,20-12-2023,9174857965
PAT1770,Sneha JOSHI,46,Thane,PAEDIATRICS,star health,PENDING,4515.78,18 Jan 2023,9393284532
PAT1578,  Pooja sharma,45,thane,Gynaecology,Star Health  ,pending,82648.29,"September 14, 2024",9783946632
PAT2895,Rekha verma,75,AURANGABAD,GENERAL,new india,Pending,,23-05-2023,9947572923
PAT0585,  sneha RAO,66,  Pune,Cardiology,star health,  Pending,1110.65,2023-03-27,9503368085
PAT1020,REKHA SINGH,71,Kolhapur,neurology,Star Health  ,APPROVED,72527.41,19 Nov 2023,9839842506
PAT0165,AISHA NAIR,53,MUMBAI,Emergency,Bajaj Allianz,Pending,14822.9,04-07-2024,9279537578
PAT1477,Kavya Mehta,32,  Pune,GENERAL,NEW INDIA,PENDING,11325.2,17-05-2025,9646208106
PAT2427,NEHA patil,75,NASHIK,PAEDIATRICS,HDFC Ergo,Rejected,61604.17,04/05/2025,9988776655
PAT0729,priya Gupta,71,  Mumbai,PAEDIATRICS,RELIANCE HEALTH,REJECTED,,20-11-2023,
PAT0047,Anjali mehta,37,pune,dermatology,Star Health  ,  Pending,,22 Apr 2023,9784907325
PAT0115,meera nair,30,THANE,orthopaedics,HDFC ERGO,UNDER REVIEW,,"January 25, 2025",9757074545
PAT1975,geeta SHARMA,42,solapur,Emergency,  Star Health,  Pending,51561.89,24 May 2024,9126314492
PAT2667,pooja Verma  ,23,NAGPUR,Orthopaedics,HDFC Ergo,Rejected,31617.32,16 May 2025,9889572017
PAT2837,Pooja VERMA,27,Nashik,GENERAL,NEW INDIA,Approved,14792.41,"September 26, 2024",9515312617
PAT0046,riya Singh,38,  Pune,dermatology,RELIANCE HEALTH,Pending,62912.09,20 Jul 2024,9403867539
PAT2070,Anjali Desai,21,  Solapur,Dermatology,NEW INDIA,APPROVED,21649.11,18 May 2025,9880498610
PAT2420,anjali VERMA,,NASHIK,Neurology,Bajaj Allianz,rejected,42593.9,30/01/2025,9711510123
PAT1059,Meera sharma,54,pune,Neurology,hdfc ergo,Pending,20291.55,03/04/2023,9242408411
PAT2399,Aisha Singh,56,Mumbai,Emergency,New India,  Approved,74760.29,"February 12, 2025",9001122334
PAT2456,NEHA PATIL,63,Nashik,General,STAR HEALTH,PENDING,23574.64,11/04/2024,9684604660
PAT2236,  SNEHA sharma,,THANE,dermatology,  Star Health,rejected,,04 Sep 2024,9610861207
PAT2930,Pooja verma,40,pune,Orthopaedics,hdfc ergo,pending,72992.16,2023-06-29,9921109284
PAT2843,deepa NAIR,59,pune,cardiology,United India,APPROVED,19086.89,07 Jan 2025,9342269731
PAT0528,deepa desai,70,Kolhapur,paediatrics,New India  ,Pending,69102.99,2023-01-18,9577361628
PAT0554,Deepa iyer,53,pune,paediatrics,Star Health  ,Approved  ,62844.53,20-10-2025,9836332204
PAT2968,neha Gupta,19,  Pune,PAEDIATRICS,RELIANCE HEALTH,Pending,28001.25,2023-05-20,9392171481
PAT1353,Neha MEHTA,69,AURANGABAD,Orthopaedics,New India  ,Rejected,45598.0,27-06-2024,9278955493
PAT2455,Rekha NAIR,62,Aurangabad,GENERAL,  Bajaj Allianz,Pending,21674.02,2024-06-05,9955035724
PAT1259,pooja MEHTA,73,Aurangabad,Orthopaedics,STAR HEALTH,Under Review,81329.19,2024-02-06,9888970904
PAT0691,Anjali rao,32,mumbai,CARDIOLOGY,hdfc ergo,REJECTED,45923.68,2023-01-11,9218974458
PAT2007,Sneha NAIR,48,Aurangabad,GENERAL,  Bajaj Allianz,approved,30609.95,20/07/2023,
PAT2352,Lakshmi Rao  ,27,Solapur,orthopaedics,reliance health,PENDING,30695.29,08/08/2025,9953529074
PAT2681,pooja nair,27,Aurangabad,GYNAECOLOGY,  Star Health,Approved,10885.37,2024-12-24,9001122334
PAT0970,riya RAO,45,Kolhapur,Emergency,UNITED INDIA,approved,83057.64,20-10-2025,9608521430
PAT2031,DIVYA Verma,56,Pune  ,general,  Star Health,rejected,79510.99,27/03/2024,9680897720
PAT0146,AISHA sharma,56,Pune,general,  Bajaj Allianz,approved,4238.0,17/06/2025,9933291969
PAT1752,neha Sharma,22,Nagpur,orthopaedics,new india,REJECTED,,20/03/2023,9422012349
PAT2391,Lakshmi kumar,24,Pune  ,emergency,UNITED INDIA,pending,23750.78,25-06-2023,9123456789
PAT0540,kavya Verma,41,pune,Dermatology,BAJAJ ALLIANZ,Approved  ,,04 Nov 2025,9309816802
PAT0673,MEERA Verma,68,NAGPUR,General,Reliance Health,  Rejected,,06/02/2025,9807254247
PAT1998,  sneha KUMAR,67,thane,emergency,Reliance Health,APPROVED,,29/06/2023,
PAT2695,meera desai,51,aurangabad,dermatology,UNITED INDIA,rejected,43108.9,"October 27, 2023",9556257958
PAT1041,Divya PATIL,71,Thane,dermatology,bajaj allianz,APPROVED,46885.13,31 Aug 2024,9533415651
PAT2170,  neha NAIR,18,Aurangabad,dermatology,star health,pending,26723.85,"August 18, 2024",9730721825
PAT1434,aisha Singh,,  Pune,Orthopaedics,star health,Pending,,29-01-2025,9188327860
PAT0087,  aisha Patil,26,Thane,Neurology,New India,rejected,,"October 15, 2025",9855561271
PAT0322,AISHA Rao,41,NAGPUR,cardiology,new india,APPROVED,80913.92,25-04-2023,9001122334
PAT2981,  deepa SHARMA,,nashik,Orthopaedics,UNITED INDIA,approved,1577.72,22-12-2023,9317061036
PAT0959,Divya desai,61,THANE,Cardiology,UNITED INDIA,Pending,,26/06/2023,9846163140
PAT1857,DIVYA Nair,44,aurangabad,gynaecology,Reliance Health,approved,28501.71,28/03/2024,9108403679
PAT2726,Geeta Mehta,48,PUNE,orthopaedics,New India  ,pending,3256.32,13 Jan 2024,9213086740
PAT0610,Neha PATIL,35,Pune  ,GYNAECOLOGY,  HDFC Ergo,Approved,,"March 31, 2024",9232610867
PAT0117,Kavya Mehta,50,Pune,Orthopaedics,Bajaj Allianz,Approved  ,14186.21,06-04-2024,9404994549
PAT0557,meera mehta  ,32,nashik,Dermatology,STAR HEALTH,under review,,2025-11-27,9541158894
PAT0177,anjali Nair,29,Solapur,neurology,  Bajaj Allianz,APPROVED,26964.2,03-05-2024,9251782582
PAT0839,deepa mehta,66,NAGPUR,Cardiology,  HDFC Ergo,Under Review,42125.13,28-12-2023,9792863736
PAT0307,meera KUMAR,47,Nashik,Cardiology,Star Health,pending,9013.19,10 Jan 2025,9382232003
PAT2855,RIYA iyer  ,58,aurangabad,cardiology,New India  ,  Pending,72250.64,"May 16, 2024",9405616959
PAT0426,  Riya Patil,57,mumbai,dermatology,New India,Pending,71423.53,11/11/2023,9988776655
PAT0749,sunita Nair,55,Pune,orthopaedics,New India  ,APPROVED,81503.83,04 Apr 2024,9688660732
PAT1000,sneha patil,68,mumbai,dermatology,  Star Health,under review,31674.63,02/01/2024,9944936419
PAT2715,anjali kumar  ,31,PUNE,GENERAL,Star Health,  Approved,82434.0,28 Dec 2025,9346770296
PAT1350,RIYA Gupta,58,solapur,Cardiology,united india,Rejected,49453.52,"February 16, 2023",9921232299
PAT2122,Pooja Nair,,  Pune,Orthopaedics,  HDFC Ergo,  Pending,31754.14,01 Jan 2024,9329969604
PAT2574,pooja Verma,73,  Solapur,Gynaecology,United India,  Approved,73830.31,09 Sep 2023,9401203691
PAT0891,priya verma,26,nagpur,gynaecology,reliance health,under review,59413.9,15-09-2024,9645412448
PAT2908,MEERA Kumar,54,THANE,Orthopaedics,Bajaj Allianz,Rejected,23121.16,04 Apr 2024,9871178036
PAT1406,Divya Mehta,38,  Pune,GYNAECOLOGY,Star Health  ,UNDER REVIEW,55555.61,06 Sep 2024,
PAT0779,Meera mehta,20,Nagpur,GENERAL,HDFC Ergo,UNDER REVIEW,,"May 06, 2025",
PAT2932,Sneha singh,69,THANE,gynaecology,reliance health,  Approved,48670.03,"April 27, 2024",9123456789
PAT2185,Priya Singh,44,Pune,dermatology,RELIANCE HEALTH,APPROVED,42713.09,29-07-2023,
PAT2401,Lakshmi joshi,23,Aurangabad,general,  Bajaj Allianz,PENDING,38526.41,11/10/2024,9123456789
PAT1918,divya Singh,,nagpur,Cardiology,New India  ,  Pending,57964.3,"January 05, 2023",9304793911
PAT2848,pooja Patil,24,mumbai,cardiology,NEW INDIA,  Pending,58642.23,11 Mar 2025,9679283178
PAT0933,AISHA VERMA,34,NASHIK,GYNAECOLOGY,Bajaj Allianz,Approved,82307.75,30-05-2024,9876543210
PAT2322,  rekha Nair,34,solapur,CARDIOLOGY,HDFC Ergo,Approved,14481.19,"August 07, 2023",9876543210
PAT2066,Divya kumar,68,Solapur,paediatrics,STAR HEALTH,pending,79713.0,"April 15, 2024",9524632327
PAT1349,aisha NAIR,40,kolhapur,Orthopaedics,Star Health  ,rejected,26530.05,04 Nov 2025,9468753641
PAT2720,SNEHA iyer,34,Thane,Orthopaedics,NEW INDIA,Pending,24491.99,07 Dec 2024,9949922777
PAT0737,Rekha SINGH,75,  Mumbai,Paediatrics,RELIANCE HEALTH,  Approved,,21 Apr 2025,9123456789
PAT0492,  anjali Sharma,73,Solapur,emergency,UNITED INDIA,Rejected,82796.4,"January 08, 2025",9123456789
PAT1547,MEERA joshi,24,Nashik,dermatology,  HDFC Ergo,rejected,29475.91,28/03/2025,9737802212
PAT1741,riya Kumar  ,20,pune,emergency,HDFC Ergo,  Pending,59988.51,06 Jan 2024,9627502839
PAT1725,Divya Nair,29,  Pune,neurology,BAJAJ ALLIANZ,  Rejected,8213.98,"May 31, 2024",9642623237
PAT1612,NEHA kumar,63,Solapur,orthopaedics,reliance health,under review,43514.21,2024-03-02,9455866743
PAT2554,  Deepa iyer,50,Pune,cardiology,BAJAJ ALLIANZ,rejected,26344.75,05-07-2023,9753260690
PAT0664,Divya rao,67,nagpur,cardiology,NEW INDIA,Under Review,18534.06,2024-03-09,9389747205
PAT1582,kavya mehta,71,AURANGABAD,cardiology,BAJAJ ALLIANZ,Approved  ,32964.15,2023-09-29,9442154160
PAT2035,neha Desai,,THANE,Neurology,HDFC ERGO,rejected,78206.47,04 Mar 2024,9783791444
PAT2285,deepa SINGH,44,Nagpur,General,NEW INDIA,  Rejected,15332.61,"February 17, 2024",9482040393
PAT1146,Sneha mehta  ,53,aurangabad,emergency,reliance health,under review,43249.85,16-06-2025,9875289353
PAT0411,anjali Desai,52,Aurangabad,GYNAECOLOGY,united india,pending,16869.25,"November 02, 2023",9146295027
PAT0800,priya kumar,54,  Solapur,General,New India  ,UNDER REVIEW,21842.57,03 Feb 2025,9422308625
PAT2272,Aisha Sharma,69,nagpur,Neurology,BAJAJ ALLIANZ,  Rejected,56918.28,2025-11-29,9677430958
PAT0628,anjali Desai,67,Pune  ,Paediatrics,NEW INDIA,REJECTED,50262.99,31/01/2025,9512369856
PAT2169,pooja Iyer,28,  Mumbai,GYNAECOLOGY,New India,PENDING,45148.93,06/11/2024,9209653681
PAT1213,Priya Mehta,19,PUNE,Dermatology,New India  ,under review,10184.91,03 Mar 2023,9699264339
PAT1216,MEERA sharma,29,pune,paediatrics,  HDFC Ergo,rejected,50213.57,2025-06-15,9149475018
PAT0444,DIVYA VERMA,55,Thane,Cardiology,Bajaj Allianz,pending,81980.29,18 Dec 2023,
PAT0838,sneha mehta,48,Mumbai,Orthopaedics,bajaj allianz,pending,25846.7,20 Jan 2023,9873074192
PAT2909,rekha joshi,27,thane,emergency,Star Health,  Approved,78065.86,03-08-2023,9278184160
PAT2588,sneha Sharma,57,Aurangabad,paediatrics,Star Health,Pending,56166.88,2024-12-09,9201238737
PAT0632,Meera kumar,67,nagpur,PAEDIATRICS,  Bajaj Allianz,  Pending,804.25,22 Mar 2024,9948950616
PAT1818,AISHA Patil,50,NASHIK,GYNAECOLOGY,Star Health,APPROVED,,12/06/2023,9745407079
PAT2396,divya sharma  ,49,solapur,paediatrics,Bajaj Allianz,UNDER REVIEW,58194.22,2024-11-23,9204116448
PAT0350,kavya JOSHI,64,  Pune,Gynaecology,new india,Approved  ,65179.26,"April 27, 2025",9982292061
PAT1249,Pooja Joshi,24,NAGPUR,dermatology,  HDFC Ergo,Pending,53543.72,03/11/2023,9202272739
PAT0006,Divya rao,74,solapur,general,Star Health  ,  Pending,,22 Jun 2024,9488690725
PAT2763,DIVYA Desai,,aurangabad,dermatology,  Bajaj Allianz,approved,45752.18,"October 19, 2024",9123456789
PAT1952,riya Singh,57,  Solapur,GENERAL,  Star Health,rejected,73028.17,05-10-2024,9521263136
PAT1150,anjali joshi,64,Pune  ,Orthopaedics,hdfc ergo,Pending,,"July 31, 2025",9157448904
PAT1547,MEERA joshi,24,Nashik,dermatology,  HDFC Ergo,rejected,29475.91,28/03/2025,9737802212
PAT1552,Divya NAIR,,Pune,PAEDIATRICS,HDFC ERGO,approved,20670.66,18-01-2023,
PAT2071,RIYA Gupta,40,kolhapur,General,  Star Health,pending,,18/07/2025,9671094643
PAT0552,pooja mehta,72,Thane,dermatology,  HDFC Ergo,Approved,24315.93,"December 10, 2024",9913688073
PAT1985,pooja kumar,47,Kolhapur,neurology,bajaj allianz,  Rejected,54254.65,28 Nov 2025,9174449369
PAT2964,geeta rao,44,Mumbai,Cardiology,  HDFC Ergo,  Approved,11509.36,17/07/2025,9876543210
PAT0343,MEERA nair  ,65,Pune,GYNAECOLOGY,  Bajaj Allianz,Approved  ,69801.32,29-01-2023,9583249931
PAT0802,Geeta mehta,26,Pune  ,Paediatrics,star health,APPROVED,65212.05,"December 09, 2024",9807175601
PAT0776,rekha Desai,69,solapur,CARDIOLOGY,  Star Health,Pending,80106.88,2024-05-26,9608432490
PAT2233,SNEHA Nair  ,69,  Solapur,Neurology,Star Health,rejected,,"October 17, 2023",9672264692
PAT1508,  riya Joshi,34,solapur,dermatology,United India,APPROVED,34424.45,2025-06-25,9165704672
PAT1708,Lakshmi rao,,Pune,emergency,Reliance Health,Approved,,05 Apr 2025,9580369204
PAT0349,Neha kumar,26,kolhapur,dermatology,reliance health,pending,26610.36,08/12/2025,9926834891
PAT1170,AISHA NAIR,24,Nagpur,PAEDIATRICS,  Star Health,Approved  ,24722.35,"April 11, 2023",9350502766
PAT1328,Riya SINGH,71,pune,neurology,Bajaj Allianz,UNDER REVIEW,49519.35,2024-11-08,9123456789
PAT2340,RIYA Nair  ,35,thane,paediatrics,  HDFC Ergo,Pending,31831.53,12-11-2024,9985265503
PAT1111,Meera RAO,64,Solapur,emergency,united india,PENDING,73726.31,19 Apr 2024,9653299501
PAT1502,Kavya NAIR,69,THANE,CARDIOLOGY,NEW INDIA,Rejected,7862.31,02 Feb 2025,9164221002
PAT0145,priya Rao,45,AURANGABAD,PAEDIATRICS,HDFC ERGO,PENDING,13607.76,2024-01-22,
PAT1384,Priya RAO,66,Nagpur,CARDIOLOGY,NEW INDIA,Rejected,21313.22,"November 15, 2024",9623281005
PAT0021,deepa Rao,59,Aurangabad,Cardiology,reliance health,Rejected,9253.06,03-10-2023,9694019365
PAT0391,deepa nair,62,MUMBAI,GENERAL,HDFC Ergo,approved,7631.92,25 Oct 2023,9632520406
PAT0105,Priya Nair,60,Solapur,CARDIOLOGY,Bajaj Allianz,REJECTED,,13 Dec 2025,9695016134
PAT1256,rekha KUMAR,63,  Solapur,Orthopaedics,New India  ,approved,63909.85,26/11/2024,9850936607
PAT0329,Pooja nair,50,nagpur,Gynaecology,Star Health,REJECTED,20677.46,10 May 2023,9833606377
PAT0982,MEERA nair,73,MUMBAI,orthopaedics,UNITED INDIA,Under Review,64333.85,19/11/2023,9930108912
PAT1073,  Geeta Mehta,25,nagpur,Neurology,Bajaj Allianz,  Approved,77837.35,11-01-2023,9791250747
PAT2099,Neha rao,58,nagpur,orthopaedics,BAJAJ ALLIANZ,APPROVED,25880.63,16-01-2025,9770300117
PAT1119,geeta joshi,45,Aurangabad,GENERAL,RELIANCE HEALTH,Approved  ,11441.7,23 Nov 2025,9140995383
PAT0315,  lakshmi Patil,23,  Pune,Neurology,  Bajaj Allianz,Approved  ,,09-03-2025,9575839885
PAT2632,kavya Joshi,75,Thane,general,star health,  Approved,703.74,06 Jul 2024,9873675265
PAT2000,sneha Patil,25,aurangabad,general,Reliance Health,PENDING,35372.47,13-01-2025,9123456789
PAT0400,Sunita joshi,,Pune,PAEDIATRICS,  HDFC Ergo,Approved  ,76940.18,08 Jan 2023,9613398300
PAT2802,meera Singh,60,AURANGABAD,GYNAECOLOGY,HDFC Ergo,APPROVED,72846.87,"May 10, 2024",9900882730
PAT1218,  divya SINGH,43,Kolhapur,Emergency,  HDFC Ergo,UNDER REVIEW,,31-01-2023,9561597861
PAT2736,Neha SHARMA,21,Aurangabad,neurology,star health,APPROVED,41065.7,2025-10-13,9662053788
PAT2356,REKHA Iyer,20,MUMBAI,EMERGENCY,Reliance Health,  Approved,41436.87,15 Oct 2024,9710666938
PAT1380,SNEHA rao,19,Thane,general,Star Health,rejected,57396.77,2023-02-10,9727594615
PAT1232,neha Joshi,48,Thane,Orthopaedics,United India,APPROVED,67511.16,20/11/2025,9433777615
PAT2251,RIYA gupta,72,PUNE,dermatology,HDFC Ergo,UNDER REVIEW,,20 Jan 2024,9394729041
PAT1130,NEHA Joshi,53,Thane,paediatrics,New India  ,Pending,79522.2,"May 26, 2025",
PAT2877,  Sneha Mehta,62,pune,General,RELIANCE HEALTH,Under Review,35569.36,25-04-2023,9720581277
PAT0247,anjali Singh,62,Solapur,EMERGENCY,Star Health,Rejected,9032.8,01-12-2025,9549710722
PAT1883,Divya verma,67,nagpur,cardiology,  Star Health,under review,,2025-03-06,
PAT2545,pooja sharma,54,nashik,dermatology,  HDFC Ergo,Rejected,72532.63,08-06-2024,9539460219
PAT1972,sunita Sharma,45,Pune,dermatology,  Star Health,Pending,11239.08,15 Dec 2025,9781703236
PAT2791,deepa JOSHI,20,Kolhapur,paediatrics,UNITED INDIA,Approved,27014.1,2024-10-19,9710282872
PAT2440,Lakshmi VERMA  ,46,AURANGABAD,Paediatrics,reliance health,UNDER REVIEW,,23/03/2024,9142404521
PAT2443,Aisha Nair,60,Nagpur,Dermatology,New India,APPROVED,63753.7,16-02-2024,9319057280
PAT2684,Riya NAIR,32,MUMBAI,neurology,united india,under review,49009.38,13/04/2024,9258803218
PAT1372,REKHA Iyer,37,MUMBAI,gynaecology,New India  ,Approved  ,49137.5,"February 09, 2025",9156541402
PAT2734,Deepa Sharma,33,  Solapur,PAEDIATRICS,NEW INDIA,approved,3700.31,"October 17, 2023",9969450755
PAT2403,Riya SHARMA,42,NASHIK,CARDIOLOGY,Bajaj Allianz,under review,66948.11,"January 01, 2024",9249853307
PAT1724,  sunita SHARMA,31,Solapur,Neurology,united india,rejected,73467.19,21/02/2024,9866361755
PAT1835,priya JOSHI,50,aurangabad,EMERGENCY,HDFC ERGO,REJECTED,45899.36,"April 12, 2025",9633542934
PAT1853,Sunita VERMA,74,nagpur,paediatrics,United India,PENDING,,2025-03-08,9248232294
PAT1937,riya Gupta,59,Pune,Gynaecology,  Bajaj Allianz,approved,19630.33,2025-12-29,9605625357
PAT0488,Lakshmi Gupta,49,Aurangabad,EMERGENCY,Reliance Health,APPROVED,37456.54,05-09-2025,9422561333
PAT1451,Aisha SHARMA,47,mumbai,GYNAECOLOGY,New India  ,Approved,66981.89,10-06-2025,9596687182
PAT2434,DIVYA MEHTA,73,Pune  ,emergency,  HDFC Ergo,Pending,4809.86,2023-10-12,9205464993
PAT1961,  REKHA nair,56,AURANGABAD,gynaecology,United India,under review,22487.94,11-09-2025,9506860284
PAT0266,deepa Desai,53,MUMBAI,EMERGENCY,bajaj allianz,  Rejected,66773.96,2024-08-12,9946228305
PAT2384,kavya singh,56,Mumbai,PAEDIATRICS,reliance health,Approved  ,9149.59,16-04-2025,9397182629
PAT1137,  Anjali Joshi,27,solapur,Cardiology,Reliance Health,Rejected,5484.19,2023-01-17,9625637267
PAT0654,Neha sharma,24,PUNE,gynaecology,  Bajaj Allianz,Approved,26620.65,2024-02-18,9876543210
PAT1370,Rekha Kumar  ,25,NAGPUR,neurology,United India,rejected,18473.73,01/11/2024,9649603215
PAT1341,Priya Patil  ,52,Nashik,gynaecology,bajaj allianz,  Rejected,8642.52,2024-10-20,9362284837
PAT0660,deepa Joshi,49,Pune,paediatrics,New India,  Rejected,52863.26,"September 22, 2023",9436774194
PAT0516,Kavya VERMA,60,NAGPUR,orthopaedics,new india,APPROVED,56650.45,"April 18, 2025",9680888371
PAT1453,divya Verma,24,aurangabad,Paediatrics,New India,PENDING,66098.76,24-06-2025,9640365793
PAT1694,NEHA patil,35,Nashik,paediatrics,HDFC ERGO,PENDING,71008.72,14-03-2025,9603865874
PAT0502,Anjali JOSHI,41,mumbai,neurology,RELIANCE HEALTH,under review,42614.04,23/07/2023,9247932060
PAT1158,RIYA Singh,74,Solapur,EMERGENCY,Reliance Health,Approved,60523.03,2024-08-07,9761572282
PAT1487,meera iyer  ,59,pune,CARDIOLOGY,HDFC Ergo,Pending,23613.03,11 Aug 2024,9946174067
PAT2160,neha rao,41,Nagpur,EMERGENCY,NEW INDIA,pending,,30 Apr 2023,9123456789
PAT0606,  geeta kumar,40,Kolhapur,dermatology,Bajaj Allianz,pending,56491.14,02/04/2023,
PAT1139,Lakshmi rao,53,solapur,Neurology,UNITED INDIA,Approved  ,73401.34,08-03-2023,9001122334
PAT2329,pooja desai,30,THANE,orthopaedics,  Star Health,Approved,8812.6,07 May 2023,9209887826
PAT2638,Pooja joshi,61,thane,paediatrics,BAJAJ ALLIANZ,pending,13909.53,25-07-2025,9941192209
PAT2234,deepa Kumar,43,NAGPUR,Neurology,Reliance Health,Under Review,83601.5,"March 18, 2025",9246555638
PAT2342,AISHA verma,32,THANE,General,HDFC ERGO,  Rejected,62534.38,21-01-2023,9627460969
PAT1715,REKHA Gupta,41,THANE,cardiology,HDFC Ergo,rejected,,26-11-2025,9356144513
PAT1528,deepa Mehta,18,nashik,Orthopaedics,HDFC ERGO,  Pending,4628.31,30 May 2024,9123456789
PAT0092,  RIYA rao,37,THANE,Neurology,BAJAJ ALLIANZ,approved,6769.11,"August 03, 2025",
PAT1160,NEHA SINGH,33,  Mumbai,GENERAL,  Star Health,Approved  ,21717.91,2025-06-08,9925875907
PAT0342,AISHA Kumar,40,Kolhapur,EMERGENCY,Star Health,Rejected,30051.04,24 Jun 2025,9123456789
PAT2731,Divya Desai,39,MUMBAI,neurology,star health,pending,45623.99,23/01/2024,9813766514
PAT1219,AISHA mehta,52,thane,Emergency,BAJAJ ALLIANZ,  Rejected,51785.86,01 Feb 2023,9696378535
PAT1799,Deepa kumar  ,60,MUMBAI,neurology,Star Health,Pending,55463.55,16-12-2023,9950309725
PAT2992,lakshmi MEHTA,25,Thane,EMERGENCY,new india,REJECTED,36379.6,06 Oct 2024,9704727289
PAT0394,RIYA SHARMA  ,72,Nagpur,emergency,Reliance Health,  Pending,23068.92,21-07-2023,9930164576
PAT1779,priya nair,24,Mumbai,dermatology,Bajaj Allianz,UNDER REVIEW,70057.38,06/04/2023,9803598061
PAT1443,Priya JOSHI,36,Mumbai,orthopaedics,hdfc ergo,  Rejected,14211.75,"September 06, 2023",9512801950
PAT0029,RIYA desai,37,Solapur,General,new india,  Rejected,47347.85,"January 28, 2024",9903303363
PAT2191,Kavya singh,53,Kolhapur,EMERGENCY,reliance health,Under Review,4384.7,21-03-2025,9901023771
PAT2888,sneha joshi,36,nagpur,EMERGENCY,star health,Under Review,,16 Mar 2023,9876543210
PAT1566,Lakshmi NAIR,29,  Mumbai,Gynaecology,united india,UNDER REVIEW,53054.73,23/11/2023,9799763520
PAT2038,Lakshmi KUMAR,61,solapur,gynaecology,new india,Approved,720.89,06 Nov 2025,9259571164
PAT0578,MEERA Sharma  ,49,nagpur,General,New India  ,REJECTED,26510.01,"May 26, 2023",9233656706
PAT0924,MEERA rao,68,PUNE,paediatrics,  Bajaj Allianz,UNDER REVIEW,,05/05/2025,9651283534
PAT1431,Aisha joshi,39,THANE,EMERGENCY,United India,  Pending,63977.24,02-12-2023,9118459667
PAT1210,RIYA Verma,48,  Pune,Neurology,united india,Approved  ,20150.58,03 Jul 2023,9862864148
PAT1798,meera Desai,75,Mumbai,Paediatrics,Reliance Health,APPROVED,43444.78,17/05/2023,9306275970
PAT1233,geeta PATIL,67,PUNE,cardiology,  HDFC Ergo,rejected,,21 Dec 2024,9835086199
PAT0399,Deepa MEHTA,46,  Solapur,Neurology,  Star Health,approved,,"May 28, 2024",
PAT0693,AISHA kumar,33,kolhapur,GENERAL,reliance health,UNDER REVIEW,27701.51,15/09/2025,9863839938
PAT2986,sneha Rao,54,kolhapur,Emergency,Star Health  ,REJECTED,1819.35,16 Dec 2023,9988776655
PAT0789,sunita Sharma,,  Mumbai,EMERGENCY,UNITED INDIA,  Rejected,,02-06-2024,9984039248
PAT2546,aisha patil,52,AURANGABAD,General,new india,rejected,,11 Mar 2023,9738165468
PAT2552,Pooja Iyer,33,PUNE,PAEDIATRICS,  HDFC Ergo,Approved,63257.76,30-11-2024,9802015020
PAT2940,pooja Nair,29,NASHIK,CARDIOLOGY,  Bajaj Allianz,approved,,"October 07, 2023",9768687139
PAT1252,geeta kumar,29,PUNE,Gynaecology,BAJAJ ALLIANZ,Under Review,33897.89,17/04/2024,9292394064
PAT0278,Divya iyer,27,mumbai,Gynaecology,HDFC ERGO,  Pending,15824.75,22 Apr 2023,9412085927
PAT0151,Rekha MEHTA,39,nashik,Cardiology,hdfc ergo,pending,10413.22,07/09/2025,9525880424
PAT1735,lakshmi iyer,19,Thane,Orthopaedics,New India  ,UNDER REVIEW,58811.69,21 Jul 2023,9234502571
PAT2619,Lakshmi Desai,38,pune,General,New India,Pending,39244.87,18-02-2023,9208116969
PAT0276,Aisha Iyer,,mumbai,dermatology,HDFC ERGO,Approved  ,67827.1,27/08/2024,9953643130
PAT1322,  meera Singh,52,NAGPUR,orthopaedics,reliance health,UNDER REVIEW,29185.92,12/05/2023,9961854387
PAT0017,  Rekha verma,55,thane,dermatology,star health,rejected,,03 Sep 2025,9161073976
PAT1147,NEHA VERMA,52,nagpur,cardiology,star health,pending,,10/09/2024,9974748176
PAT0577,geeta joshi,42,NAGPUR,neurology,united india,Rejected,51709.14,28-05-2023,9266134114
PAT0513,sunita desai,20,thane,Gynaecology,bajaj allianz,REJECTED,10535.73,2025-04-16,9143252622
PAT1065,geeta patil,39,Aurangabad,dermatology,STAR HEALTH,  Pending,46882.68,2024-01-01,9320439595
PAT2762,  REKHA rao,70,nashik,Orthopaedics,  Star Health,pending,84950.19,02/08/2023,9556653715
PAT1352,neha SINGH,50,Mumbai,emergency,Bajaj Allianz,Rejected,,04/08/2025,9776364739
PAT1038,Geeta desai,53,AURANGABAD,Paediatrics,  Star Health,approved,54417.78,18-05-2024,9141810202
PAT2616,RIYA mehta,27,NASHIK,EMERGENCY,RELIANCE HEALTH,approved,59075.56,"October 11, 2025",9867419756
PAT2212,AISHA JOSHI,66,NAGPUR,orthopaedics,United India,  Pending,18709.22,26/02/2024,9875158419
PAT2816,Deepa Nair,67,NAGPUR,Dermatology,  HDFC Ergo,Approved  ,9471.44,12 Aug 2024,9518320344
PAT0163,sneha PATIL,68,solapur,orthopaedics,New India  ,rejected,8233.48,"September 23, 2024",9242278314
PAT1164,riya mehta,63,Mumbai,Cardiology,Star Health,Under Review,45427.95,17-12-2025,9740122235
PAT2022,AISHA iyer  ,39,mumbai,Paediatrics,NEW INDIA,Pending,59338.54,30 Sep 2023,9999208616
PAT0948,Deepa rao,71,Thane,cardiology,Reliance Health,Rejected,64423.52,22 Mar 2023,
PAT0600,Meera Patil  ,21,  Pune,Dermatology,Reliance Health,rejected,82441.93,07/04/2025,
PAT1597,kavya NAIR,54,nashik,General,  Bajaj Allianz,Approved,78903.41,27/04/2024,9801973086
PAT1780,Riya NAIR,68,nagpur,PAEDIATRICS,HDFC Ergo,UNDER REVIEW,61975.54,02-01-2023,9964937710
PAT0224,  Aisha nair,34,MUMBAI,Neurology,BAJAJ ALLIANZ,approved,59351.8,2023-07-18,9544514776
PAT1186,  riya verma,38,solapur,cardiology,hdfc ergo,Rejected,67060.48,"May 02, 2025",9894929258
PAT0212,pooja Patil,40,Thane,Emergency,HDFC ERGO,Pending,,08-05-2024,9891412300
PAT0203,AISHA nair,55,  Pune,Dermatology,Star Health  ,  Rejected,,"May 08, 2023",9413184748
PAT2928,priya VERMA,51,nashik,GENERAL,united india,Approved  ,18819.28,14 Dec 2024,9520593838
PAT2631,anjali mehta,23,nagpur,Neurology,reliance health,  Rejected,,"November 01, 2023",9972316290
PAT2132,Divya Gupta,64,Aurangabad,emergency,UNITED INDIA,APPROVED,58257.1,2023-04-05,9876543210
PAT2985,Riya NAIR,48,nagpur,Neurology,united india,REJECTED,28460.53,08 Apr 2023,9899592861
PAT2003,DIVYA joshi,22,  Solapur,Emergency,HDFC ERGO,Pending,12322.56,28/12/2025,9531986445
PAT2224,meera Patil,54,kolhapur,general,HDFC Ergo,  Pending,52928.02,2025-08-18,9490880759
PAT2133,Kavya SINGH,43,PUNE,GYNAECOLOGY,star health,  Pending,66256.72,09 Sep 2024,9409688251
PAT0221,Neha Verma,59,mumbai,emergency,United India,Pending,,09/11/2024,9694973692
PAT2568,Geeta nair,24,  Pune,Paediatrics,United India,UNDER REVIEW,67030.78,2024-12-06,9890304671
PAT1729,MEERA Patil,30,MUMBAI,Paediatrics,United India,pending,60728.93,2024-02-16,9876543210
PAT1849,pooja RAO,34,THANE,gynaecology,bajaj allianz,under review,12731.21,2024-12-17,9870107397
PAT0388,sneha Rao,52,Thane,Cardiology,UNITED INDIA,under review,40150.14,"November 09, 2024",9416343609
PAT0032,sneha KUMAR,30,  Solapur,PAEDIATRICS,UNITED INDIA,  Rejected,55936.9,2023-01-12,9963406382
PAT0793,  pooja PATIL,62,Aurangabad,General,HDFC Ergo,Approved,47867.27,30-08-2023,9192444053
PAT1929,Priya nair,75,MUMBAI,dermatology,hdfc ergo,  Rejected,54940.32,2025-05-22,9460318746
PAT2095,priya rao,63,Pune,GYNAECOLOGY,HDFC ERGO,Approved,20891.87,"October 30, 2025",9254383400
PAT2037,sneha NAIR,70,Mumbai,neurology,reliance health,approved,81218.21,2024-03-07,9205078176
PAT0588,lakshmi VERMA,58,Nashik,Cardiology,Reliance Health,REJECTED,82431.0,"October 28, 2024",9893714928
PAT2917,pooja rao,66,Thane,EMERGENCY,New India  ,Pending,57041.63,2024-07-23,9869417125
PAT2473,MEERA Singh  ,52,pune,CARDIOLOGY,  Bajaj Allianz,approved,15606.08,"March 26, 2023",9001122334
PAT1421,Lakshmi Gupta,30,Nagpur,neurology,HDFC Ergo,PENDING,38899.66,18-01-2023,9928487951
PAT2451,Deepa Sharma,37,Mumbai,Dermatology,United India,Pending,63317.56,03 Feb 2023,9458842238
PAT1305,Pooja SINGH,34,THANE,CARDIOLOGY,New India,  Approved,78916.26,15 May 2024,9377539386
PAT2973,NEHA VERMA,36,nagpur,neurology,Reliance Health,Pending,,2025-10-25,9122824037
PAT1108,MEERA MEHTA,52,nashik,neurology,  HDFC Ergo,approved,14754.61,2024-10-23,9647896762
PAT0587,Sneha Nair,18,NAGPUR,PAEDIATRICS,Star Health  ,Approved,73930.95,26/07/2024,9807462828
PAT2296,SNEHA NAIR,33,  Solapur,EMERGENCY,STAR HEALTH,UNDER REVIEW,84579.66,08-02-2025,9988776655
PAT2270,deepa rao,53,aurangabad,general,New India,  Pending,14760.62,05 Mar 2025,9988776655
PAT0403,Aisha mehta,24,solapur,paediatrics,UNITED INDIA,APPROVED,37509.63,24/01/2024,
PAT1644,Priya Desai,70,aurangabad,dermatology,RELIANCE HEALTH,Approved,12324.76,17 Jul 2024,9231518435
PAT1098,anjali joshi,45,Nashik,Cardiology,bajaj allianz,Approved  ,64982.4,"October 28, 2023",9001122334
PAT1015,divya gupta,24,  Solapur,dermatology,Bajaj Allianz,REJECTED,34287.38,09-11-2024,9616656295
PAT1873,sunita patil,22,Pune  ,Emergency,reliance health,  Pending,67547.83,05-12-2023,9395915338
PAT0893,Meera mehta,66,mumbai,Gynaecology,Star Health,UNDER REVIEW,28536.26,"July 12, 2023",9516022494
PAT1868,aisha Iyer,40,Nashik,Neurology,  HDFC Ergo,Under Review,29656.75,"November 12, 2023",
PAT2705,MEERA Iyer,20,nagpur,GENERAL,UNITED INDIA,REJECTED,30066.21,"December 29, 2024",9908961357
PAT2184,  Riya Nair,66,Pune,gynaecology,United India,Approved,34718.12,2024-07-15,9925363146
PAT1533,Anjali Singh,26,kolhapur,dermatology,star health,REJECTED,11629.38,2023-01-09,9774253538
PAT2167,Neha NAIR,23,AURANGABAD,gynaecology,united india,Rejected,37894.85,18 Dec 2025,9393602802
PAT0463,pooja Mehta,,thane,GENERAL,Star Health,approved,7592.05,2024-09-02,9490234548
PAT1730,REKHA Patil,33,PUNE,dermatology,united india,  Approved,68906.32,26 Sep 2024,9791164594
PAT2051,Sneha rao,49,thane,dermatology,bajaj allianz,under review,75761.12,2023-10-25,9844070381
PAT1061,PRIYA Mehta,24,PUNE,Gynaecology,hdfc ergo,APPROVED,9663.16,14/04/2024,9695923847
PAT0942,rekha Gupta,70,MUMBAI,GENERAL,BAJAJ ALLIANZ,UNDER REVIEW,26987.37,"July 15, 2023",9187303446
PAT1519,Geeta Joshi,25,NAGPUR,cardiology,Reliance Health,Pending,36098.09,25-06-2024,9738728331
PAT1446,Geeta Singh,72,Mumbai,Orthopaedics,  Bajaj Allianz,PENDING,24883.18,22 Aug 2024,
PAT2562,sunita JOSHI,40,nashik,dermatology,STAR HEALTH,rejected,,2024-04-02,
PAT2109,Anjali SHARMA,31,Mumbai,Paediatrics,New India  ,pending,,07/11/2023,9772200292
PAT2101,RIYA Desai,63,mumbai,CARDIOLOGY,New India,REJECTED,60540.0,16/10/2024,
PAT0090,aisha Rao,67,mumbai,CARDIOLOGY,Bajaj Allianz,  Approved,16884.86,16-12-2024,9975139327
PAT1079,Neha SHARMA,72,nashik,GYNAECOLOGY,hdfc ergo,pending,65146.42,28/12/2024,9438307926
PAT2725,Priya Nair,58,NASHIK,orthopaedics,UNITED INDIA,rejected,,03 Apr 2025,9988776655
PAT2871,Lakshmi sharma  ,28,nashik,general,UNITED INDIA,approved,39937.21,23 Jul 2023,9212004824
PAT2656,AISHA PATIL,63,solapur,GENERAL,BAJAJ ALLIANZ,Rejected,83914.88,15 Jul 2025,9001122334
PAT0726,MEERA Singh,32,Mumbai,Gynaecology,United India,pending,,2023-02-19,9105622421
PAT0048,Sunita Desai,48,aurangabad,general,new india,Pending,21834.42,2025-09-05,9179545125
PAT1815,Deepa rao  ,38,Thane,Cardiology,Reliance Health,rejected,35020.66,"April 14, 2024",9988776655
PAT1422,Rekha Joshi,53,  Pune,General,STAR HEALTH,Pending,82849.71,09 Dec 2024,
PAT2333,Sneha verma,20,NAGPUR,EMERGENCY,new india,Pending,71719.79,2023-04-17,9138435180
PAT1283,neha joshi,64,pune,emergency,Reliance Health,Pending,53833.66,19/09/2025,9760748777
PAT2528,PRIYA gupta,42,  Mumbai,General,Reliance Health,Approved,75080.4,2024-10-04,9177042383
PAT2404,Sneha Gupta,28,aurangabad,gynaecology,new india,UNDER REVIEW,,"January 15, 2025",9177701743
PAT1554,anjali JOSHI  ,27,NASHIK,orthopaedics,Star Health,  Pending,58683.28,31-07-2025,9493706871
PAT1489,meera patil,20,pune,GYNAECOLOGY,  Bajaj Allianz,APPROVED,,22 Jun 2023,9315598983
PAT0672,Anjali verma,52,  Pune,EMERGENCY,united india,approved,72469.09,09/03/2024,9222944626
PAT2704,MEERA SHARMA,51,Mumbai,cardiology,United India,  Pending,42907.16,20 May 2025,9273820768
PAT1721,Riya Joshi,63,NASHIK,gynaecology,united india,pending,15904.26,30 Jun 2023,
PAT0841,sunita Verma,66,Nagpur,neurology,  Star Health,under review,58548.03,10/01/2024,9328939416
PAT0295,REKHA Singh,54,NASHIK,emergency,  HDFC Ergo,  Rejected,35417.78,15/09/2025,9372491666
PAT2525,DIVYA Desai,37,pune,GENERAL,BAJAJ ALLIANZ,Approved  ,63516.38,28-02-2025,9290575149
PAT0761,Kavya singh,40,THANE,CARDIOLOGY,HDFC ERGO,APPROVED,43346.58,"July 19, 2024",9934346335
PAT0507,neha Iyer,23,Pune,dermatology,new india,  Rejected,63034.41,16 Sep 2023,9199664255
PAT1420,sunita kumar,18,Pune  ,PAEDIATRICS,Star Health  ,approved,42817.36,"May 24, 2023",9245967878
PAT2879,Geeta verma  ,68,Nashik,GENERAL,bajaj allianz,  Approved,62522.8,2024-02-15,9228249598
PAT2016,sunita desai,67,  Mumbai,orthopaedics,Star Health  ,Under Review,18075.26,2023-04-08,9001122334
PAT2572,Kavya Iyer  ,30,THANE,Gynaecology,  HDFC Ergo,Approved  ,32401.8,"December 11, 2025",9838755881
PAT2686,RIYA Patil,56,nashik,Cardiology,new india,Approved,11532.68,2025-05-03,9788908162
PAT0137,Neha SINGH,29,Kolhapur,EMERGENCY,New India  ,Under Review,7829.34,15/07/2023,9366338529
PAT0365,  Riya mehta,25,thane,gynaecology,  Bajaj Allianz,Under Review,28705.45,2024-03-10,9373178728
PAT2661,Anjali Singh,66,Pune,Emergency,RELIANCE HEALTH,  Rejected,53943.42,29 Jan 2023,
PAT0845,Divya Singh,38,Nagpur,PAEDIATRICS,new india,pending,52683.47,20-06-2025,9449484749
PAT2564,divya Patil,46,Nashik,general,  HDFC Ergo,approved,53248.77,16/01/2024,9001122334
PAT0679,  anjali Desai,22,aurangabad,paediatrics,hdfc ergo,  Rejected,,"February 14, 2023",
PAT1057,REKHA kumar,33,Kolhapur,Orthopaedics,STAR HEALTH,  Pending,45867.3,2024-05-08,9279355399
PAT1409,Priya VERMA,34,pune,Dermatology,HDFC ERGO,under review,47607.93,01 Jul 2023,9988776655
PAT1252,geeta kumar,29,PUNE,Gynaecology,BAJAJ ALLIANZ,Under Review,33897.89,17/04/2024,9292394064
PAT0822,pooja rao,60,Solapur,EMERGENCY,Reliance Health,rejected,45496.96,"April 06, 2024",9987059388
PAT0622,RIYA Iyer,71,nagpur,orthopaedics,  Star Health,  Approved,11157.44,05 Dec 2024,
PAT2912,anjali sharma,28,aurangabad,Dermatology,United India,Rejected,65658.94,31 Dec 2024,9598286163
PAT0373,deepa desai,25,pune,emergency,bajaj allianz,  Approved,30101.88,14-10-2024,9404156374
PAT0699,  MEERA Iyer,51,Nagpur,Orthopaedics,reliance health,approved,81533.11,2024-03-25,
PAT0872,Riya NAIR,75,aurangabad,general,new india,Approved  ,25849.43,03-06-2023,9324148755
PAT2814,Rekha verma  ,35,mumbai,EMERGENCY,United India,  Rejected,,"April 19, 2025",9946064672
PAT0536,RIYA patil,69,NAGPUR,cardiology,New India,Under Review,,25 Apr 2023,
PAT2084,pooja NAIR,51,Thane,neurology,HDFC Ergo,Pending,71539.04,"August 09, 2024",9147734287
PAT0906,riya MEHTA,35,Nagpur,Cardiology,United India,Under Review,71702.59,"January 24, 2024",9001122334
PAT1276,AISHA desai,37,Mumbai,cardiology,united india,Under Review,65592.03,2024-04-07,9119404637
PAT2152,sunita MEHTA,58,Thane,CARDIOLOGY,Star Health  ,REJECTED,75776.99,26-01-2023,9736129543
PAT2889,Anjali Kumar,55,Nashik,neurology,new india,Rejected,21508.23,2023-04-22,9388585194
PAT2111,sunita Verma,73,pune,Orthopaedics,HDFC ERGO,pending,2437.27,24-05-2024,9495007973
PAT2308,REKHA mehta,20,Mumbai,EMERGENCY,STAR HEALTH,PENDING,40923.97,2024-03-19,9242383199
PAT0457,  sunita RAO,30,aurangabad,EMERGENCY,STAR HEALTH,pending,4516.4,03/04/2025,9870631850
PAT0825,lakshmi PATIL,,Kolhapur,EMERGENCY,New India  ,pending,14136.55,25/01/2025,9314517837
PAT1542,Priya Rao,52,  Mumbai,Cardiology,HDFC ERGO,Approved  ,68460.98,19/02/2023,9272140827
PAT2177,Priya Sharma,27,Kolhapur,gynaecology,RELIANCE HEALTH,Pending,80582.76,2025-01-18,9208891578
PAT1450,anjali Joshi,46,aurangabad,Paediatrics,  Star Health,Approved  ,31943.8,16 Oct 2025,9266177088
PAT1373,REKHA sharma,52,Kolhapur,dermatology,new india,UNDER REVIEW,1933.28,24-04-2024,9680145479
PAT2719,divya PATIL,24,Nagpur,cardiology,  HDFC Ergo,Pending,80245.97,18-06-2023,9580818698
PAT0197,Meera nair  ,74,  Pune,Cardiology,new india,Under Review,5897.18,"June 07, 2023",9636452156
PAT1068,Anjali kumar,41,Pune,EMERGENCY,  Bajaj Allianz,Approved,84020.05,"October 02, 2024",9641187452
PAT1772,meera patil  ,33,  Mumbai,PAEDIATRICS,star health,  Approved,13993.22,2023-01-06,9281525693
PAT2645,NEHA NAIR,60,Kolhapur,General,Star Health  ,under review,14293.15,"May 06, 2024",9123456789
PAT0210,DIVYA SINGH,48,Pune,CARDIOLOGY,  HDFC Ergo,  Rejected,,13 Feb 2024,9683746914
PAT1570,aisha SINGH,27,mumbai,General,Reliance Health,Approved  ,42138.48,"August 15, 2025",9544708930
PAT0422,  Deepa singh,50,Aurangabad,Orthopaedics,UNITED INDIA,Rejected,31608.32,15/05/2023,9186082315
PAT2172,PRIYA gupta,43,  Solapur,Paediatrics,NEW INDIA,Under Review,60575.87,24 May 2023,9988776655
PAT0898,PRIYA desai,36,  Pune,paediatrics,reliance health,Pending,14644.06,"July 24, 2023",9758409476
PAT1807,MEERA singh,37,Solapur,Dermatology,bajaj allianz,PENDING,22246.44,25-08-2025,9665658084
PAT1936,MEERA Rao  ,57,NAGPUR,Dermatology,UNITED INDIA,Pending,73762.31,"January 11, 2025",9908187581
PAT0317,geeta Mehta,65,solapur,Emergency,United India,Rejected,41199.57,2024-04-10,9378965689
PAT2576,NEHA singh  ,52,Aurangabad,GYNAECOLOGY,STAR HEALTH,  Pending,4823.52,20-04-2024,9123456789
PAT2989,MEERA Sharma,74,pune,dermatology,HDFC ERGO,approved,76656.23,2024-08-15,9609765748
PAT0714,sunita nair  ,36,Pune,PAEDIATRICS,Star Health  ,  Rejected,39607.26,"November 26, 2025",9988776655
PAT0640,Priya Desai,72,  Solapur,CARDIOLOGY,hdfc ergo,Approved  ,48060.93,28/06/2025,9361787772
PAT1931,Anjali Kumar,48,Solapur,orthopaedics,Star Health,Approved  ,48788.14,2023-04-05,9877198580
PAT0083,pooja Gupta,67,Kolhapur,emergency,reliance health,Approved,56086.74,2024-07-01,9431769776
PAT2334,NEHA patil  ,56,  Solapur,GENERAL,Star Health  ,Rejected,68465.62,09-10-2023,9410676114
PAT1148,  rekha rao,28,Mumbai,Emergency,STAR HEALTH,Approved,54826.04,09 Dec 2023,9199294339
PAT0346,divya NAIR,75,Nashik,GENERAL,  Bajaj Allianz,APPROVED,42804.99,26 Jul 2025,9123456789
PAT1377,Neha Desai,31,Nagpur,GENERAL,HDFC Ergo,  Rejected,9356.54,09/01/2024,9639853219
PAT0862,PRIYA NAIR,28,mumbai,Orthopaedics,Star Health,REJECTED,8284.47,2023-05-16,9545685360
PAT1751,Priya Patil,66,Kolhapur,gynaecology,BAJAJ ALLIANZ,approved,38257.69,30/09/2025,9389524906
PAT1637,NEHA Mehta,40,nagpur,CARDIOLOGY,new india,Pending,83465.18,07-04-2025,9171227412
PAT1817,geeta rao,45,thane,Gynaecology,New India  ,Rejected,67219.98,22/04/2025,9362523228
PAT0353,Priya singh,60,Mumbai,gynaecology,STAR HEALTH,Pending,83785.54,30-09-2025,9559084418
PAT2681,pooja nair,27,Aurangabad,GYNAECOLOGY,  Star Health,Approved,10885.37,2024-12-24,9001122334
PAT1238,  Neha rao,64,pune,emergency,  Star Health,PENDING,,2023-06-20,9516504706
PAT2636,Rekha desai,39,nagpur,GYNAECOLOGY,new india,Under Review,50465.6,19/03/2023,9173537573
PAT2556,rekha Gupta,20,AURANGABAD,emergency,  HDFC Ergo,  Approved,49034.86,13 Oct 2024,9123456789
PAT1071,NEHA singh,54,  Pune,GYNAECOLOGY,United India,Approved  ,43737.18,20-10-2024,9982162888
PAT0619,  aisha Nair,51,Aurangabad,orthopaedics,United India,  Approved,1083.93,27/05/2024,9491374277
PAT0484,Lakshmi Verma,56,Solapur,Cardiology,new india,approved,80850.71,27 Oct 2024,9960666308
PAT2516,riya rao,47,pune,orthopaedics,New India  ,  Pending,,"October 11, 2023",
PAT2208,Pooja MEHTA,32,Aurangabad,orthopaedics,UNITED INDIA,Rejected,4305.56,07/03/2024,9346006893
PAT2523,neha SHARMA  ,20,thane,emergency,reliance health,PENDING,12604.86,2024-12-04,9849126901
PAT0412,Sneha nair,39,Kolhapur,general,star health,  Approved,78650.78,27/12/2023,9224623936
PAT2620,Sunita iyer,73,mumbai,general,star health,Approved  ,26864.91,"May 28, 2023",9716922435
PAT2709,Priya desai,25,PUNE,Paediatrics,Reliance Health,REJECTED,82397.98,02/07/2023,9988776655
PAT1922,Rekha Kumar,46,AURANGABAD,PAEDIATRICS,Star Health,Pending,,24/09/2023,9615971405
PAT0618,riya VERMA,,NAGPUR,emergency,UNITED INDIA,approved,52512.31,03-11-2024,9123456789
PAT2943,pooja Desai,24,Mumbai,emergency,bajaj allianz,REJECTED,68605.7,23/05/2024,9488282089
PAT0586,Geeta singh,39,Kolhapur,General,new india,REJECTED,29490.04,07/10/2024,9506342236
PAT2510,deepa joshi,75,NASHIK,emergency,hdfc ergo,pending,3970.15,29 Jul 2023,
PAT1265,aisha KUMAR,20,nagpur,GYNAECOLOGY,RELIANCE HEALTH,  Rejected,7607.52,"November 14, 2025",9988776655
PAT1876,AISHA Mehta,71,kolhapur,Neurology,  Bajaj Allianz,approved,80488.46,08-05-2024,9486484788
PAT0495,Deepa iyer,56,thane,dermatology,New India,approved,41575.53,26/09/2025,9553123931
PAT0595,RIYA joshi,32,aurangabad,general,Star Health  ,Rejected,,12 Mar 2023,9839378623
PAT1925,rekha Iyer,18,MUMBAI,gynaecology,HDFC Ergo,Approved,2138.13,2023-06-10,9463435163
PAT2643,NEHA nair,43,  Pune,Dermatology,Star Health,rejected,17406.56,17-05-2024,9123456789
PAT0194,PRIYA Patil,36,solapur,Dermatology,United India,Under Review,7465.15,09-11-2023,9123456789
PAT0296,riya Nair,26,Solapur,Orthopaedics,HDFC ERGO,under review,80711.22,25/07/2023,9959910144
PAT2676,Kavya gupta,24,Mumbai,orthopaedics,New India  ,pending,22623.79,10/02/2023,
PAT0950,Sneha iyer,27,AURANGABAD,CARDIOLOGY,hdfc ergo,under review,64953.56,18/06/2024,9698809258
PAT1757,SNEHA Gupta,60,nashik,paediatrics,NEW INDIA,rejected,19083.2,2025-07-18,9608853022
PAT1442,PRIYA kumar,24,pune,Gynaecology,New India,Approved,61028.87,20-01-2025,9133799063
PAT2884,pooja SHARMA,,Nashik,Neurology,  Star Health,PENDING,37535.76,22 Apr 2024,9334753486
PAT0534,  DIVYA mehta,24,pune,GENERAL,United India,Approved,53422.11,15-11-2024,9465933326
PAT1437,Divya Rao,25,MUMBAI,Orthopaedics,RELIANCE HEALTH,UNDER REVIEW,50329.14,13 Aug 2025,9212702393
PAT0604,REKHA desai,60,  Pune,Gynaecology,  Bajaj Allianz,Pending,,04-07-2025,9321437670
PAT0297,Rekha Patil  ,,PUNE,orthopaedics,UNITED INDIA,Under Review,,22/06/2024,9877920274
PAT0998,Sneha Gupta  ,62,AURANGABAD,cardiology,  HDFC Ergo,APPROVED,22059.78,02-11-2023,9299737529
PAT2708,kavya SHARMA,25,pune,neurology,STAR HEALTH,REJECTED,,14-08-2025,9506921423
PAT0510,geeta Gupta,68,  Solapur,Emergency,reliance health,Approved  ,44411.83,2024-05-22,9983520645
PAT1548,aisha SHARMA,61,Solapur,Gynaecology,Star Health  ,Approved,51252.36,2025-08-21,9490153180
PAT1261,Anjali gupta,75,Thane,orthopaedics,Bajaj Allianz,APPROVED,75395.38,13-04-2025,9876543210
PAT2018,pooja mehta,31,kolhapur,Orthopaedics,United India,Approved  ,47841.49,"August 18, 2023",9553147900
PAT1022,RIYA MEHTA,27,Pune,CARDIOLOGY,star health,  Approved,,08/07/2025,9988776655
PAT2751,REKHA SHARMA,39,Mumbai,orthopaedics,Star Health  ,UNDER REVIEW,53231.79,07-10-2025,9439204127
PAT2131,AISHA patil,35,nashik,general,BAJAJ ALLIANZ,Rejected,27449.1,13/01/2024,9539481780
PAT1907,deepa Patil,26,  Mumbai,PAEDIATRICS,Star Health,rejected,,14-03-2025,9781388414
PAT1081,MEERA gupta,30,aurangabad,gynaecology,Star Health  ,  Rejected,84952.98,"March 22, 2023",9190049667
PAT0892,AISHA joshi,55,Nashik,Cardiology,  Bajaj Allianz,approved,30780.53,2023-09-03,9884239926
PAT0659,  SNEHA verma,28,PUNE,Neurology,BAJAJ ALLIANZ,REJECTED,6510.82,01-08-2025,9919422169
PAT0512,aisha Singh,46,  Solapur,GENERAL,United India,Pending,,"September 18, 2023",9856477620
PAT0835,Priya Gupta,20,nagpur,EMERGENCY,  Star Health,rejected,23439.52,31 Dec 2025,9160102484
PAT0420,geeta MEHTA,74,Nashik,cardiology,Bajaj Allianz,REJECTED,9876.67,"January 18, 2025",9288191943
PAT2490,meera gupta  ,53,mumbai,Neurology,new india,pending,2672.59,2025-10-27,9421972288
PAT1651,Priya SINGH,60,Solapur,CARDIOLOGY,Star Health,approved,55945.28,2023-11-27,9547996349
PAT0410,deepa iyer,62,Pune,emergency,HDFC Ergo,UNDER REVIEW,7937.79,08-09-2024,9306054135
PAT2115,pooja Iyer,43,nagpur,emergency,HDFC ERGO,Approved  ,21440.67,2025-08-02,
PAT0442,priya Verma,,  Pune,cardiology,reliance health,approved,77270.73,2023-03-30,9876543210
PAT1070,PRIYA rao,,Nagpur,general,Star Health,approved,736.23,19/06/2024,9195228611
PAT2086,Deepa NAIR,26,THANE,general,UNITED INDIA,  Rejected,,23/11/2024,9893260058
PAT0172,Rekha Gupta,67,Solapur,Emergency,RELIANCE HEALTH,Approved  ,2575.54,03-08-2023,9224628497
PAT1583,deepa VERMA,49,Solapur,Dermatology,New India  ,rejected,64605.84,07-10-2025,9373552584
PAT2534,  Priya iyer,65,NASHIK,GENERAL,united india,REJECTED,62304.19,07 Dec 2023,9102004858
PAT1096,aisha Patil,53,aurangabad,orthopaedics,New India  ,  Approved,35795.96,"March 04, 2023",9703077460
PAT1180,Rekha Gupta,24,Thane,general,BAJAJ ALLIANZ,  Rejected,54579.88,13-05-2025,9687120355
PAT2998,deepa MEHTA,74,THANE,GYNAECOLOGY,NEW INDIA,Rejected,,24-10-2024,9427833697
PAT0396,  Riya Singh,56,Solapur,gynaecology,  Bajaj Allianz,  Approved,10638.07,"September 24, 2023",9707811749
PAT2493,PRIYA NAIR,72,Thane,Neurology,united india,APPROVED,1259.55,09/08/2023,9305096311
PAT0110,Deepa Mehta,23,Nashik,neurology,New India,under review,36506.81,28-06-2025,9478557676
PAT2267,DIVYA kumar,22,AURANGABAD,dermatology,  Bajaj Allianz,pending,24441.1,10 Jul 2025,9929921717
PAT0837,MEERA patil,37,Pune,gynaecology,HDFC ERGO,PENDING,49617.35,2025-08-08,9442371535
PAT1494,Riya desai,29,NAGPUR,GENERAL,reliance health,  Rejected,40773.44,2025-05-10,9948298033
PAT1941,sneha Singh,44,kolhapur,Cardiology,Star Health,APPROVED,11136.33,01/04/2024,9891306642
PAT2851,  Anjali rao,22,Nagpur,General,Star Health  ,  Rejected,82319.13,23/03/2025,9242543204
PAT0658,Aisha gupta,22,Pune  ,Emergency,Reliance Health,UNDER REVIEW,,31/01/2023,9956183507
PAT0179,neha Sharma,42,AURANGABAD,Dermatology,Reliance Health,UNDER REVIEW,42050.84,"June 28, 2025",9954570592
PAT1043,aisha Desai,53,THANE,GYNAECOLOGY,STAR HEALTH,rejected,55297.05,2023-08-01,9236001669
PAT2015,Deepa MEHTA,28,Kolhapur,Paediatrics,NEW INDIA,rejected,,2023-02-09,9134747450
PAT2947,geeta JOSHI,65,NASHIK,Dermatology,united india,Pending,73786.08,2025-07-14,9268820916
PAT0380,Anjali kumar  ,24,Solapur,emergency,New India  ,rejected,56283.92,05/07/2023,9910662740
PAT1763,PRIYA joshi,33,  Pune,GYNAECOLOGY,  HDFC Ergo,Approved  ,65320.68,"June 23, 2025",9168637205
PAT0036,priya NAIR,37,Thane,PAEDIATRICS,United India,PENDING,23563.03,2025-09-21,9956998797
PAT1540,Aisha mehta,,PUNE,dermatology,NEW INDIA,Approved,46519.46,2023-06-11,9379787093
PAT1188,pooja PATIL,72,  Pune,GYNAECOLOGY,new india,Pending,53446.86,26 Jun 2024,9762935351
PAT1400,PRIYA SHARMA,33,nagpur,General,Star Health  ,APPROVED,17112.18,2023-03-05,9436068827
PAT0258,Neha nair,72,NAGPUR,Paediatrics,bajaj allianz,UNDER REVIEW,31198.39,2025-07-15,9102358958
PAT1908,Rekha rao,53,  Mumbai,Orthopaedics,bajaj allianz,under review,34613.65,"August 09, 2025",9988776655
PAT1557,anjali sharma,53,Kolhapur,PAEDIATRICS,NEW INDIA,REJECTED,24446.75,02-08-2024,9280253318
PAT0597,divya Patil,72,aurangabad,PAEDIATRICS,New India,Pending,46801.18,"November 22, 2024",9913589412
PAT2436,lakshmi mehta,54,PUNE,orthopaedics,  Bajaj Allianz,approved,78152.02,13/08/2023,9360296921
PAT2423,rekha Nair,45,Solapur,Neurology,STAR HEALTH,under review,78529.3,"October 31, 2024",9744251351
PAT0471,  rekha PATIL,67,solapur,orthopaedics,  Bajaj Allianz,Under Review,27489.23,06/09/2025,9987736032
PAT2694,AISHA RAO,68,Mumbai,paediatrics,  Bajaj Allianz,UNDER REVIEW,77128.49,11 Feb 2023,9640917995
PAT2104,priya Singh  ,53,Pune,paediatrics,RELIANCE HEALTH,Pending,48806.46,2023-05-06,9752601097
PAT1407,Kavya singh,40,kolhapur,dermatology,NEW INDIA,  Approved,11604.42,06 Aug 2023,9676625202
PAT0706,NEHA MEHTA,42,solapur,Orthopaedics,  HDFC Ergo,under review,74529.84,25-12-2023,9455618641
PAT1445,kavya PATIL,71,Nagpur,neurology,Star Health  ,  Rejected,,2025-09-10,9973349521
PAT1247,Pooja SHARMA,48,Aurangabad,Neurology,RELIANCE HEALTH,Approved  ,81317.21,01 Feb 2024,9850426644
PAT1316,Meera JOSHI,35,Nagpur,PAEDIATRICS,new india,Pending,28957.41,23/11/2023,9264623956
PAT2004,Lakshmi Desai  ,55,  Mumbai,emergency,  Bajaj Allianz,rejected,14477.64,17-01-2024,9917772862
PAT0741,priya RAO,73,Nagpur,cardiology,  Star Health,  Rejected,79293.94,11 Aug 2024,9710210756
PAT0188,Meera Patil,62,Thane,GYNAECOLOGY,United India,APPROVED,591.79,2025-09-03,9830125895
PAT2841,kavya Iyer,51,AURANGABAD,cardiology,RELIANCE HEALTH,REJECTED,5975.39,11/09/2023,9545657553
PAT2056,Sneha Joshi,75,nagpur,CARDIOLOGY,RELIANCE HEALTH,  Rejected,37472.71,03-01-2023,9793072184
PAT0858,AISHA Iyer,41,nashik,CARDIOLOGY,United India,Rejected,59752.58,"March 09, 2025",
PAT1211,Pooja Mehta,71,AURANGABAD,EMERGENCY,HDFC ERGO,under review,20396.86,31/07/2023,9808165999
PAT1619,Aisha iyer,18,Pune  ,Paediatrics,New India  ,PENDING,69055.5,07/03/2023,9243494332
PAT2430,Riya Rao  ,,  Mumbai,paediatrics,Star Health,pending,21350.54,13 Jan 2024,
PAT0310,Kavya rao,53,kolhapur,cardiology,New India  ,  Approved,5573.07,"June 04, 2024",9988776655
PAT1909,divya Rao,71,  Solapur,Emergency,RELIANCE HEALTH,under review,56971.05,2024-04-22,9353761947
PAT2839,anjali Rao,24,nagpur,cardiology,NEW INDIA,Approved,48455.63,07-11-2024,9123456789
PAT0629,SNEHA Desai  ,55,solapur,gynaecology,hdfc ergo,under review,6827.33,03-12-2024,9316894903
PAT1603,priya RAO,69,AURANGABAD,Orthopaedics,Star Health  ,  Rejected,66759.66,21 Jul 2023,9128510958
PAT2055,pooja iyer,67,Pune,General,STAR HEALTH,Approved  ,43928.7,18/07/2025,9660979293
PAT0458,REKHA Desai,54,THANE,Dermatology,UNITED INDIA,Under Review,67732.57,10 Sep 2024,9679764298
PAT2318,sneha Desai  ,,Mumbai,neurology,united india,REJECTED,54835.67,23-04-2025,9273271378
PAT0456,sunita iyer,55,pune,Paediatrics,New India  ,  Rejected,8757.82,2025-09-27,9633361273
PAT1511,Pooja JOSHI,19,Mumbai,Emergency,bajaj allianz,PENDING,7859.78,01-05-2024,9745860057
PAT2168,DIVYA Singh,43,Aurangabad,Paediatrics,  Bajaj Allianz,pending,33883.53,2024-10-24,9001122334
PAT2605,riya nair,73,Nashik,Emergency,UNITED INDIA,under review,33027.94,06/03/2023,9468425599
PAT2951,Priya sharma,72,Nashik,GYNAECOLOGY,Bajaj Allianz,Pending,49790.91,04/06/2023,9933876871
PAT2054,Neha Mehta,53,NAGPUR,Neurology,UNITED INDIA,UNDER REVIEW,45820.96,"January 29, 2023",
PAT1250,sneha Sharma,,Pune,EMERGENCY,United India,approved,974.77,27 Apr 2025,9876543210
PAT1878,sneha Singh,29,NASHIK,paediatrics,united india,rejected,9276.37,02-12-2024,9623769109
PAT0200,sunita Patil  ,43,PUNE,general,New India,Rejected,47236.22,17-01-2023,9426320130
PAT1573,Deepa Verma,28,Nagpur,general,United India,Approved  ,78747.31,30/05/2025,
PAT1320,  Kavya SHARMA,69,kolhapur,Cardiology,STAR HEALTH,under review,81418.2,29-09-2023,
PAT0720,  AISHA Kumar,42,pune,Emergency,New India,approved,75977.17,2025-06-29,9249576019
PAT2315,Lakshmi Sharma,38,pune,PAEDIATRICS,BAJAJ ALLIANZ,  Pending,78471.42,12-07-2024,9876543210
PAT2181,  Meera desai,22,AURANGABAD,CARDIOLOGY,  Star Health,Approved  ,60533.5,16 Apr 2024,9310095909
PAT0901,geeta mehta,66,Mumbai,neurology,Reliance Health,Under Review,32362.16,2025-10-01,9619803232
PAT1391,neha desai,71,Thane,Paediatrics,bajaj allianz,under review,,2025-10-02,9122841695
PAT2428,Deepa iyer,56,Mumbai,paediatrics,star health,Approved  ,62336.53,23/02/2025,9198079514
PAT1324,  meera Desai,,Aurangabad,general,Bajaj Allianz,approved,29792.4,01 May 2025,
PAT1460,  DIVYA Singh,43,thane,orthopaedics,united india,pending,60171.07,26/12/2023,9180542723
PAT0723,  sunita Singh,40,kolhapur,emergency,New India  ,APPROVED,,22/11/2023,9829416737
PAT2885,DIVYA Joshi,60,Thane,emergency,Bajaj Allianz,  Rejected,,03-01-2025,9552332895
PAT0035,  SNEHA Joshi,31,PUNE,General,United India,rejected,35632.92,"February 28, 2024",9846812123
PAT2459,kavya gupta,31,PUNE,gynaecology,HDFC ERGO,  Rejected,58444.46,17-05-2023,9290517405
PAT1386,Sunita Mehta,52,Kolhapur,General,Reliance Health,  Rejected,29493.25,25-05-2024,9988776655
PAT0543,  NEHA Sharma,36,NAGPUR,gynaecology,Reliance Health,REJECTED,,02/03/2023,9381319126
PAT0942,rekha Gupta,70,MUMBAI,GENERAL,BAJAJ ALLIANZ,UNDER REVIEW,26987.37,"July 15, 2023",9187303446
PAT2900,rekha kumar,29,Kolhapur,Dermatology,HDFC Ergo,PENDING,,15/06/2024,9554913291
PAT2780,anjali Kumar,29,Pune  ,PAEDIATRICS,Reliance Health,approved,52659.39,"March 04, 2024",
PAT2858,sunita Sharma,37,pune,PAEDIATRICS,HDFC Ergo,Pending,66752.83,29/06/2025,9114117190
PAT2075,Sunita RAO,40,THANE,orthopaedics,  Bajaj Allianz,Pending,73531.02,26 May 2025,9764280401
PAT0511,NEHA KUMAR  ,23,PUNE,cardiology,United India,Approved  ,38200.87,26 Jan 2025,9936256672
PAT1333,meera SHARMA,60,  Mumbai,emergency,Bajaj Allianz,Approved,47078.5,18/07/2023,9802980150
PAT2993,Aisha Mehta,63,aurangabad,gynaecology,HDFC Ergo,  Pending,41822.81,29/03/2023,9184660775
PAT1886,Rekha Kumar,40,Mumbai,General,UNITED INDIA,PENDING,57436.67,30 Dec 2024,9876543210
PAT1486,Rekha JOSHI  ,,  Pune,dermatology,HDFC Ergo,REJECTED,56581.66,10/04/2025,9580201106
PAT0460,Lakshmi singh,57,Thane,General,BAJAJ ALLIANZ,approved,31281.21,30/10/2023,9422418550
PAT2608,Lakshmi Mehta,66,PUNE,Orthopaedics,star health,  Pending,28538.25,"May 09, 2025",9256107925
PAT2612,Rekha Desai,18,Pune,Neurology,star health,under review,4313.97,2024-05-03,
PAT2303,MEERA rao,62,THANE,Emergency,reliance health,  Approved,69573.3,2023-11-02,9228984788
PAT0795,riya mehta,37,Pune,PAEDIATRICS,RELIANCE HEALTH,Rejected,12366.0,"October 08, 2024",9313915836
PAT0182,DIVYA MEHTA,40,  Solapur,emergency,Reliance Health,Under Review,12265.35,28/02/2024,9671532152
PAT2107,  Riya Joshi,,mumbai,emergency,STAR HEALTH,pending,84487.26,2023-03-22,9701814533
PAT2326,SNEHA MEHTA,62,  Solapur,PAEDIATRICS,BAJAJ ALLIANZ,pending,24541.08,"December 11, 2023",9876543210
PAT2622,Meera SHARMA,19,nagpur,Orthopaedics,new india,REJECTED,,"January 14, 2024",9131687958
PAT0453,anjali verma,54,aurangabad,GENERAL,bajaj allianz,Pending,33572.02,10 Oct 2025,9478777212
PAT2666,meera VERMA  ,60,kolhapur,emergency,star health,UNDER REVIEW,84699.92,"March 15, 2025",9817802943
PAT2599,geeta Sharma  ,58,Pune  ,paediatrics,Star Health  ,Rejected,,18 Mar 2024,9531809360
PAT1470,Priya iyer,66,Nagpur,Cardiology,HDFC Ergo,approved,56701.57,31 Jul 2023,9738899863
PAT1902,anjali RAO,33,solapur,PAEDIATRICS,Star Health  ,rejected,34429.21,08/01/2023,9889168576
PAT2380,divya joshi,47,pune,general,BAJAJ ALLIANZ,Approved  ,11998.42,"August 02, 2023",9523313970
PAT1311,neha Iyer  ,71,aurangabad,Cardiology,bajaj allianz,Under Review,7165.47,2024-03-23,9420345118
PAT2551,AISHA Verma  ,62,pune,paediatrics,New India  ,rejected,24751.7,01 Feb 2024,9441070609
PAT1194,RIYA Kumar,46,Nashik,dermatology,Star Health,under review,26570.06,15/10/2024,9753490786
PAT1103,RIYA Patil,73,solapur,Dermatology,hdfc ergo,under review,53479.61,14-04-2023,9118058086
PAT0778,Sunita verma,38,NAGPUR,GENERAL,Bajaj Allianz,APPROVED,36471.82,"June 08, 2023",9876543210
PAT0910,rekha Sharma,34,mumbai,paediatrics,united india,pending,5268.18,17/02/2025,9341844881
PAT1887,Lakshmi Joshi  ,23,Mumbai,GYNAECOLOGY,NEW INDIA,  Approved,52221.75,02-06-2023,9432739139
PAT0651,  Priya SINGH,56,Thane,Gynaecology,Bajaj Allianz,Pending,,"May 17, 2025",9714250258
PAT0354,aisha SHARMA,64,Nashik,PAEDIATRICS,  Bajaj Allianz,approved,38661.01,28/03/2023,9889382867
PAT0703,Sunita gupta,,pune,Emergency,reliance health,Rejected,44885.25,09/12/2023,9988776655
PAT0381,Priya joshi,36,nagpur,emergency,BAJAJ ALLIANZ,under review,58088.17,10-10-2024,9427008211
PAT0598,aisha Iyer  ,30,  Solapur,dermatology,New India  ,  Approved,,21-04-2023,9247704952
PAT0956,sunita sharma,29,Nashik,gynaecology,UNITED INDIA,  Rejected,39191.23,11 Mar 2025,9615584596
PAT1303,rekha Nair  ,31,Pune,paediatrics,BAJAJ ALLIANZ,under review,15646.31,2024-12-17,9544019588
PAT2179,Divya Verma,48,aurangabad,paediatrics,Bajaj Allianz,REJECTED,61031.41,06 Jun 2024,
PAT2053,pooja verma,44,  Solapur,Cardiology,Reliance Health,Under Review,80843.26,20/06/2025,9976784946
PAT1166,kavya PATIL,33,Pune  ,GENERAL,Star Health,approved,,"June 28, 2024",9454691010
PAT1125,Sunita Singh,53,Nashik,Cardiology,  Bajaj Allianz,rejected,65818.77,11-08-2024,9774447039
PAT2263,SNEHA sharma,21,nashik,gynaecology,STAR HEALTH,UNDER REVIEW,,"November 06, 2024",9200383823
PAT2785,Lakshmi patil,36,  Pune,Paediatrics,HDFC ERGO,pending,38207.97,"February 03, 2023",9629803529
PAT1243,  sneha Patil,57,Mumbai,neurology,Star Health,pending,49423.66,07-01-2023,9330331543
PAT2277,Lakshmi SHARMA,45,NASHIK,gynaecology,  HDFC Ergo,  Pending,5692.67,2023-11-06,9575750110
PAT1928,rekha kumar,21,MUMBAI,PAEDIATRICS,star health,UNDER REVIEW,65311.68,21 Aug 2024,9316534203
PAT0969,Riya desai,61,PUNE,CARDIOLOGY,  HDFC Ergo,under review,36152.03,"January 02, 2025",
PAT2241,Neha VERMA,,kolhapur,CARDIOLOGY,star health,  Rejected,31204.36,"March 03, 2023",9588626297
PAT0207,aisha kumar,24,NAGPUR,Orthopaedics,Star Health  ,  Approved,,31/03/2024,9836893185
PAT0630,  geeta joshi,34,Thane,dermatology,NEW INDIA,REJECTED,61114.04,2025-06-12,9641025679
PAT1512,priya desai,57,Nagpur,general,Star Health,  Rejected,5866.54,27 Nov 2024,9988776655
PAT0859,pooja rao  ,18,Pune  ,Dermatology,Star Health  ,Approved  ,64913.32,06 May 2023,9809692011
PAT0562,sneha MEHTA,66,AURANGABAD,Orthopaedics,NEW INDIA,APPROVED,43121.36,"October 29, 2024",9643382699
PAT2006,PRIYA Kumar,51,pune,Paediatrics,bajaj allianz,UNDER REVIEW,71556.99,11-10-2024,9845447320
PAT2406,Priya Sharma,49,THANE,dermatology,hdfc ergo,Under Review,4402.02,2024-02-25,9178570835
PAT1078,sunita sharma,41,MUMBAI,dermatology,RELIANCE HEALTH,Pending,23774.1,"October 02, 2023",9823356014
PAT0841,sunita Verma,66,Nagpur,neurology,  Star Health,under review,58548.03,10/01/2024,9328939416
PAT2299,AISHA sharma,71,solapur,PAEDIATRICS,STAR HEALTH,  Approved,43809.02,2023-02-10,
PAT2014,  kavya Mehta,46,pune,dermatology,New India,Approved  ,21910.97,"May 23, 2023",9758281046
PAT2699,Neha Rao,45,aurangabad,Orthopaedics,STAR HEALTH,under review,17678.58,24/06/2025,9694440422
PAT1567,kavya SHARMA  ,,  Pune,Neurology,RELIANCE HEALTH,Approved,,22/01/2024,9399466918
PAT0926,Lakshmi PATIL,,Kolhapur,Cardiology,BAJAJ ALLIANZ,Approved,17369.78,"August 20, 2025",9390214900
PAT0026,Aisha SHARMA,70,NAGPUR,paediatrics,New India,PENDING,56272.8,27-03-2025,9988776655
PAT2453,riya iyer,56,  Solapur,Gynaecology,UNITED INDIA,approved,23355.72,29/12/2023,9371995243
PAT0235,Priya Gupta,37,  Solapur,EMERGENCY,  HDFC Ergo,Under Review,72459.03,29-07-2025,9659030686
PAT0925,pooja sharma,21,solapur,GYNAECOLOGY,RELIANCE HEALTH,Rejected,84675.01,2024-11-22,9805119155
PAT1339,Riya verma,54,Thane,Orthopaedics,STAR HEALTH,UNDER REVIEW,38230.39,12 Apr 2025,9398162084
PAT0414,Aisha Gupta  ,45,Pune  ,gynaecology,  Bajaj Allianz,under review,32059.49,26/07/2025,9317122293
PAT0992,Divya sharma,65,Kolhapur,Neurology,UNITED INDIA,  Approved,,12/04/2025,9286340494
PAT2082,geeta Patil,38,  Solapur,neurology,NEW INDIA,rejected,32331.91,"December 25, 2024",9185797204
PAT2232,anjali gupta,65,Aurangabad,cardiology,RELIANCE HEALTH,  Pending,2965.33,"March 29, 2024",9395103366
PAT0684,pooja rao,45,Mumbai,Emergency,NEW INDIA,REJECTED,69734.37,09/07/2025,9371725032
PAT0175,meera Kumar,74,Mumbai,general,BAJAJ ALLIANZ,Under Review,60050.16,26-02-2024,9167177312
PAT0264,meera VERMA,63,  Pune,paediatrics,bajaj allianz,UNDER REVIEW,80155.92,04 May 2025,9967910655
PAT2834,Geeta NAIR,55,Nagpur,PAEDIATRICS,star health,Pending,26956.3,24-06-2023,9144480779
PAT0478,NEHA Joshi,55,mumbai,Neurology,HDFC Ergo,UNDER REVIEW,74682.28,2023-09-28,9252252010
PAT0879,PRIYA Desai,24,kolhapur,Orthopaedics,  Star Health,PENDING,57335.49,"May 13, 2025",9001122334
PAT0852,kavya RAO  ,51,Thane,General,Star Health,  Rejected,1036.91,2025-03-09,
PAT0930,Neha Desai,26,Mumbai,CARDIOLOGY,HDFC Ergo,APPROVED,8239.01,05/06/2025,9515431734
PAT2903,priya VERMA,59,Mumbai,CARDIOLOGY,HDFC ERGO,rejected,25212.83,"October 22, 2024",9389354365
PAT2892,Anjali SHARMA,52,Solapur,PAEDIATRICS,STAR HEALTH,  Approved,8375.95,2024-06-01,9124102259
PAT1088,aisha Kumar,20,Aurangabad,Orthopaedics,  Star Health,Approved  ,72032.37,28/03/2023,9123456789
PAT1157,Meera Patil,23,Nagpur,General,BAJAJ ALLIANZ,Approved,11483.95,30 Jul 2024,9467638808
PAT2415,deepa Iyer,64,Nagpur,PAEDIATRICS,New India  ,  Pending,33797.13,23/12/2024,
PAT2470,AISHA verma,49,Aurangabad,Neurology,United India,under review,4683.68,15 Jan 2023,9125443880
PAT1058,Priya verma,44,Nashik,Orthopaedics,STAR HEALTH,PENDING,23963.11,24-05-2025,9697308464
PAT0829,deepa Kumar,72,  Mumbai,Emergency,  Star Health,Pending,55977.38,18/10/2023,9204287930
PAT2114,SNEHA Patil,66,NAGPUR,Cardiology,hdfc ergo,  Rejected,17887.93,"May 19, 2025",9988776655
PAT1709,anjali verma,34,Pune,CARDIOLOGY,  Bajaj Allianz,approved,39588.83,"July 30, 2023",9699958121
PAT0912,Meera rao,24,Solapur,GYNAECOLOGY,Star Health,  Rejected,,"April 30, 2023",9341074444
PAT2678,SNEHA Verma,41,Nashik,dermatology,  Bajaj Allianz,Pending,59034.9,10/01/2025,9626397835
PAT0205,Anjali JOSHI,25,AURANGABAD,paediatrics,hdfc ergo,under review,22893.17,2023-09-03,9987325945
PAT0190,Aisha Joshi,22,Aurangabad,Emergency,Star Health,Pending,61545.51,"November 07, 2023",9333264702
PAT1153,  meera Desai,43,solapur,Dermatology,Star Health  ,rejected,49208.3,30/10/2024,9238305910
PAT2311,REKHA Gupta  ,39,pune,GYNAECOLOGY,BAJAJ ALLIANZ,  Pending,69039.31,18-06-2025,9159572195
PAT0952,aisha sharma,19,Solapur,General,bajaj allianz,APPROVED,,15/03/2023,9475145562
PAT1596,MEERA Sharma,55,Mumbai,EMERGENCY,reliance health,APPROVED,83455.85,2025-12-20,9416647587
PAT2923,Deepa Mehta  ,73,Nagpur,Orthopaedics,New India  ,rejected,71264.73,05/08/2025,9445720878
PAT2920,NEHA iyer,57,Nagpur,PAEDIATRICS,united india,  Rejected,82349.21,2024-11-12,9101578394
PAT1926,SNEHA joshi,28,thane,EMERGENCY,Star Health,APPROVED,41828.81,01-09-2024,9988776655
PAT2520,Rekha PATIL,63,kolhapur,neurology,  Bajaj Allianz,REJECTED,32955.86,14 Nov 2024,9852039043
PAT2688,riya verma,45,NASHIK,gynaecology,  Bajaj Allianz,under review,45044.44,"December 09, 2025",9739517175
PAT1438,Aisha joshi,61,  Solapur,emergency,star health,  Pending,,"August 06, 2024",9491549162
PAT0624,DIVYA singh,62,MUMBAI,General,hdfc ergo,UNDER REVIEW,68940.98,25 Oct 2025,9734792087
PAT0620,Deepa Mehta,46,Solapur,general,HDFC Ergo,Approved  ,37169.63,05/01/2025,9243538161
PAT1824,MEERA kumar,74,pune,GYNAECOLOGY,UNITED INDIA,  Rejected,47614.89,2024-07-30,9615415905
PAT2844,Lakshmi Iyer,21,Nashik,Neurology,  Star Health,under review,27746.69,"March 01, 2023",9001122334
PAT2952,divya NAIR,62,thane,paediatrics,hdfc ergo,UNDER REVIEW,33363.84,13-08-2024,9511725471
PAT1581,pooja Iyer  ,61,NAGPUR,emergency,  HDFC Ergo,  Rejected,57813.88,2024-05-09,9577572472
PAT0341,Kavya Joshi,43,solapur,Emergency,hdfc ergo,PENDING,22998.72,30-05-2025,9220828027
PAT0220,deepa patil,,pune,Paediatrics,  HDFC Ergo,  Approved,,"December 15, 2023",9876543210
PAT2316,  priya Rao,48,  Mumbai,emergency,hdfc ergo,REJECTED,49893.32,2023-08-23,9176239542
PAT2361,Lakshmi Joshi,,  Mumbai,Cardiology,  Bajaj Allianz,Rejected,82456.75,13/09/2023,9576304458
PAT0880,Lakshmi SHARMA,58,thane,General,reliance health,Approved,15772.33,2024-11-04,9130466968
PAT1462,pooja Iyer,41,mumbai,Orthopaedics,United India,Approved,72872.38,02/01/2024,
PAT1056,AISHA patil  ,63,Pune  ,GYNAECOLOGY,hdfc ergo,pending,3594.04,24 Jan 2023,9790436639
PAT1416,DIVYA SHARMA  ,55,Aurangabad,Neurology,reliance health,PENDING,10533.59,18/07/2023,9876543210
PAT2618,anjali mehta,43,aurangabad,general,NEW INDIA,Approved  ,84971.36,2025-06-15,9718102914
PAT2047,  meera joshi,61,pune,PAEDIATRICS,  Star Health,under review,3637.17,2025-08-04,9988776655
PAT2009,meera rao,54,aurangabad,general,HDFC ERGO,under review,67817.39,05 Feb 2024,9721555886
PAT2747,  Rekha joshi,62,NAGPUR,Orthopaedics,  Bajaj Allianz,Rejected,78344.83,2024-05-27,9814980699
PAT1667,RIYA mehta,46,Pune  ,Gynaecology,Reliance Health,Approved  ,1146.91,13-06-2025,9813936096
PAT2363,Deepa Joshi,49,Pune,Neurology,BAJAJ ALLIANZ,Under Review,10215.84,2023-02-02,9114795883
PAT0529,Priya Gupta,61,  Solapur,paediatrics,hdfc ergo,APPROVED,53332.49,28/03/2024,9139509449
PAT2319,Aisha Mehta,38,nashik,General,HDFC Ergo,Approved,81747.86,17-04-2024,9768923460
PAT1604,Sunita Sharma,66,Kolhapur,cardiology,  Star Health,approved,11650.21,12/09/2025,9694079079
PAT0109,  Neha singh,65,NAGPUR,PAEDIATRICS,new india,Pending,42540.73,29-11-2025,9184747224
PAT1571,sunita SHARMA,37,thane,GENERAL,Star Health,under review,,2025-01-10,9459765872
PAT1115,Geeta Mehta  ,43,NAGPUR,emergency,star health,  Pending,53180.43,14 Aug 2024,9236230005
PAT2258,Riya Rao,47,  Mumbai,Orthopaedics,United India,Under Review,,"November 29, 2024",9265397058
PAT0509,Pooja VERMA,,solapur,Orthopaedics,united india,Rejected,940.53,25/11/2024,9707305392
PAT2571,geeta joshi,74,NASHIK,orthopaedics,  HDFC Ergo,rejected,29145.65,10-10-2024,9785012869
PAT2958,sneha PATIL,,  Pune,neurology,  Bajaj Allianz,Pending,17766.53,2025-03-30,9649045801
PAT0796,meera SINGH,23,aurangabad,paediatrics,BAJAJ ALLIANZ,REJECTED,54734.29,09/07/2025,
PAT0359,  Riya Mehta,57,Thane,Neurology,Star Health,under review,42635.27,12 Jan 2023,9732286107
PAT1642,DIVYA sharma,64,AURANGABAD,orthopaedics,New India,UNDER REVIEW,20472.78,"June 08, 2023",9823498853
PAT0973,REKHA sharma,50,mumbai,general,  HDFC Ergo,  Rejected,45763.52,10-04-2023,9627313543
PAT1758,meera Desai,46,  Mumbai,PAEDIATRICS,  Star Health,Approved  ,56929.16,01-09-2025,9918724360
PAT0336,Priya Rao,38,pune,Neurology,bajaj allianz,Approved  ,,31-07-2025,9725084928
PAT1039,Anjali Patil,26,  Solapur,Neurology,New India  ,Approved  ,72302.78,02 Jun 2023,9893096206
PAT2292,  MEERA gupta,62,nashik,gynaecology,united india,approved,,2024-07-31,9350490275
PAT2685,kavya Kumar,25,Kolhapur,CARDIOLOGY,NEW INDIA,Approved,41476.02,28 Feb 2024,9409559109
PAT2370,Kavya sharma,33,thane,PAEDIATRICS,Reliance Health,pending,,09-03-2023,9824664932
PAT1971,Aisha KUMAR,24,mumbai,paediatrics,STAR HEALTH,REJECTED,62740.91,2024-06-21,9278243041
PAT0108,MEERA SHARMA,38,nashik,Dermatology,New India  ,UNDER REVIEW,64153.08,27-01-2024,9804086195
PAT2682,RIYA Iyer,40,Thane,Cardiology,reliance health,rejected,55468.12,17 Oct 2024,
PAT2198,Geeta PATIL,20,THANE,Emergency,New India  ,Approved  ,14241.8,16-04-2025,9762017722
PAT2374,neha nair,50,Pune,gynaecology,reliance health,rejected,14982.86,2025-11-26,9632401309
PAT0289,Meera Joshi,,kolhapur,orthopaedics,star health,Pending,15713.17,10 Apr 2025,9872608028
PAT1677,PRIYA singh  ,64,Nashik,Paediatrics,HDFC ERGO,  Rejected,28184.58,23-11-2024,9728095020
PAT1749,Lakshmi Verma,50,Kolhapur,neurology,HDFC ERGO,Pending,55462.55,23-03-2024,9882543250
PAT1879,riya Desai,59,NASHIK,general,hdfc ergo,rejected,73229.44,21-01-2025,9988776655
PAT0214,neha joshi,69,aurangabad,dermatology,New India,Pending,8126.75,21 Apr 2024,9100733897
PAT2039,MEERA mehta,36,pune,GYNAECOLOGY,hdfc ergo,Under Review,51539.25,24 Sep 2023,9881732811
PAT1987,lakshmi rao,30,THANE,gynaecology,star health,under review,9849.76,"June 01, 2023",9554326059
PAT0286,pooja Singh,42,solapur,PAEDIATRICS,NEW INDIA,APPROVED,32299.78,01 Apr 2024,9470475638
PAT1810,Priya gupta,56,Nagpur,neurology,new india,pending,8622.66,"August 21, 2025",9233789095
PAT1939,Meera Iyer,62,Pune  ,orthopaedics,NEW INDIA,  Pending,78480.21,"March 28, 2024",9739341065
PAT2706,  RIYA SINGH,66,solapur,general,UNITED INDIA,Approved  ,1508.79,22/03/2023,9903975824
PAT0184,  Kavya gupta,71,Solapur,PAEDIATRICS,UNITED INDIA,Approved  ,23206.6,"April 28, 2025",9925583165
PAT1942,pooja kumar,54,AURANGABAD,EMERGENCY,HDFC ERGO,rejected,58331.11,"September 12, 2025",9988776655
PAT1618,Deepa Nair,54,thane,EMERGENCY,BAJAJ ALLIANZ,  Rejected,16315.41,"January 22, 2024",9744012293
PAT1391,neha desai,71,Thane,Paediatrics,bajaj allianz,under review,,2025-10-02,9122841695
PAT2366,sunita joshi,28,nashik,general,Star Health,Rejected,10742.41,2024-01-28,9409680391
PAT0890,  sneha JOSHI,75,NASHIK,GENERAL,RELIANCE HEALTH,Approved  ,,2024-12-26,9370595900
PAT1262,neha Gupta,47,NASHIK,PAEDIATRICS,BAJAJ ALLIANZ,  Approved,19448.7,2023-05-26,9196270450
PAT1589,  rekha verma,53,  Mumbai,Orthopaedics,hdfc ergo,REJECTED,23340.5,27-01-2023,9123456789
PAT1452,  Lakshmi joshi,47,Mumbai,cardiology,Bajaj Allianz,under review,,25-02-2025,9788501872
PAT1664,AISHA Patil,69,Thane,Orthopaedics,UNITED INDIA,Approved  ,1151.3,14/04/2025,9230690083
PAT0415,Neha Joshi  ,25,NAGPUR,general,United India,Pending,19077.63,27 Aug 2024,9756623287
PAT2971,NEHA Verma,24,kolhapur,Paediatrics,Bajaj Allianz,Approved,2837.65,2024-09-03,9624139117
PAT2956,Sneha gupta,18,NASHIK,PAEDIATRICS,  Bajaj Allianz,rejected,55468.01,30/04/2025,9001122334
PAT0537,Aisha Iyer  ,56,THANE,emergency,Star Health,under review,67691.42,27-07-2023,9127887311
PAT0692,  Sneha Rao,69,nagpur,Neurology,RELIANCE HEALTH,Pending,49801.8,03/09/2023,9727205133
PAT0716,Kavya Gupta,27,nashik,EMERGENCY,New India,Approved,53199.6,2024-02-16,
PAT2771,Divya gupta,42,aurangabad,GENERAL,Star Health  ,REJECTED,,14 Mar 2024,9560548040
PAT2124,Neha RAO,42,NASHIK,Neurology,HDFC Ergo,  Rejected,21354.48,03-11-2025,9348543430
PAT0805,aisha rao,64,Nagpur,emergency,New India  ,APPROVED,57104.58,25/02/2023,9352498535
PAT0316,Kavya Joshi,20,Solapur,paediatrics,new india,UNDER REVIEW,74090.9,11 Jul 2024,9849066860
PAT0049,rekha Patil  ,23,MUMBAI,Orthopaedics,bajaj allianz,Under Review,67317.6,07 Apr 2024,9419280490
PAT2171,Sneha MEHTA,35,NAGPUR,General,BAJAJ ALLIANZ,  Approved,74973.3,2025-05-22,9462956108
PAT0067,Riya sharma,35,pune,Emergency,reliance health,approved,63467.05,09/08/2024,9783563240
PAT1739,RIYA verma,,Mumbai,dermatology,NEW INDIA,Approved,78601.46,2024-08-18,9938279315
PAT0949,  Kavya verma,51,mumbai,GYNAECOLOGY,STAR HEALTH,REJECTED,29074.36,25-04-2025,9685308891
PAT2131,AISHA patil,35,nashik,general,BAJAJ ALLIANZ,Rejected,27449.1,13/01/2024,9539481780
PAT0054,meera Verma,35,mumbai,Emergency,United India,UNDER REVIEW,40215.88,16-04-2025,9272684373
PAT0357,Lakshmi mehta,38,  Solapur,EMERGENCY,RELIANCE HEALTH,Pending,10939.49,"August 22, 2023",9001122334
PAT2305,Geeta iyer,52,  Pune,dermatology,Star Health  ,  Approved,42465.87,"November 09, 2025",9584393751
PAT1675,sneha Rao,26,NASHIK,GYNAECOLOGY,Reliance Health,Approved,16931.13,27 Mar 2025,9527101934
PAT1254,neha JOSHI,18,mumbai,gynaecology,United India,Pending,,2023-12-17,9943613555
PAT2347,Sneha Kumar,55,  Mumbai,Cardiology,Star Health,PENDING,45500.23,2025-11-09,9687488867
PAT0051,deepa Verma,63,nashik,general,STAR HEALTH,PENDING,67071.47,"February 10, 2024",9259976144
PAT1923,PRIYA PATIL,38,AURANGABAD,PAEDIATRICS,United India,pending,66045.45,27 Sep 2023,9934014168
PAT2072,Priya SHARMA,72,Nagpur,Neurology,Star Health  ,REJECTED,80628.9,2023-10-02,9686959816
PAT0397,meera desai,47,Solapur,CARDIOLOGY,Reliance Health,under review,23854.41,24-05-2025,9397735164
PAT0439,Geeta SINGH,39,mumbai,Orthopaedics,hdfc ergo,Approved  ,70767.97,12 Dec 2025,9961764023
PAT2890,aisha Joshi,64,nashik,EMERGENCY,RELIANCE HEALTH,Pending,858.98,06/10/2024,9814268101
PAT0647,rekha Gupta,18,Mumbai,Cardiology,NEW INDIA,UNDER REVIEW,78316.4,03-05-2023,9936065712
PAT0592,SNEHA RAO,67,Kolhapur,CARDIOLOGY,Reliance Health,rejected,61123.91,20 Feb 2025,9350576387
PAT2215,Anjali joshi,19,nagpur,GYNAECOLOGY,united india,APPROVED,60285.49,20 Sep 2024,9947487880
PAT2048,  Anjali Mehta,34,nashik,emergency,star health,under review,40690.17,2023-12-02,9691881944
PAT0089,  AISHA SINGH,69,Kolhapur,general,RELIANCE HEALTH,REJECTED,,05/08/2023,9184446671
PAT2325,Sneha RAO  ,28,PUNE,Emergency,  Star Health,  Approved,14022.74,07 Jul 2024,9107344227
PAT2773,Sunita Singh  ,37,thane,orthopaedics,Star Health,  Pending,37619.75,"May 03, 2024",9645659439
PAT0333,  Geeta Desai,30,Aurangabad,GYNAECOLOGY,BAJAJ ALLIANZ,Pending,47662.97,05 Aug 2023,9814298538
PAT2087,Aisha sharma,50,aurangabad,general,bajaj allianz,PENDING,37479.86,2023-06-13,9344336379
PAT0824,AISHA mehta,26,Kolhapur,emergency,Bajaj Allianz,APPROVED,62366.51,16-02-2023,9771620278
PAT2852,NEHA gupta,49,Mumbai,orthopaedics,star health,Approved  ,74276.25,2025-01-06,9121066875
PAT1819,Neha PATIL,31,pune,neurology,Reliance Health,REJECTED,,"September 29, 2025",9609864314
PAT1106,MEERA KUMAR,38,NASHIK,Gynaecology,hdfc ergo,REJECTED,34410.89,14 Aug 2025,9320027996
PAT0579,  Aisha JOSHI,66,thane,paediatrics,Bajaj Allianz,UNDER REVIEW,31611.26,"April 29, 2023",9360224411
PAT1084,Neha Verma,64,nashik,emergency,  Star Health,Under Review,75052.77,"March 13, 2024",9243802269
PAT0321,  MEERA rao,29,  Pune,neurology,  HDFC Ergo,Approved  ,61940.55,2024-04-21,9467126134
PAT1689,  Kavya gupta,53,Solapur,general,Star Health,  Rejected,40876.07,25/05/2025,9313054541
PAT1521,Divya iyer,27,MUMBAI,general,NEW INDIA,PENDING,,29 Jun 2024,9856146133
PAT2180,aisha Desai  ,29,Nagpur,orthopaedics,star health,PENDING,84550.23,2025-01-28,9200182692
PAT2358,priya iyer,44,NAGPUR,Cardiology,Star Health  ,approved,81918.62,02-06-2023,9399686699
PAT1718,Priya Patil  ,21,Pune  ,Neurology,Star Health  ,pending,25027.6,2024-03-19,9982240807
PAT2668,Sneha MEHTA  ,72,kolhapur,paediatrics,RELIANCE HEALTH,Approved  ,28040.64,"July 01, 2025",9111295775
PAT2508,geeta RAO  ,56,aurangabad,PAEDIATRICS,RELIANCE HEALTH,PENDING,52469.78,2025-05-04,9902983967
PAT1467,RIYA Desai,56,MUMBAI,orthopaedics,united india,Pending,42180.16,28/06/2023,9516200262
PAT1266,Pooja Rao,45,nagpur,gynaecology,reliance health,Rejected,16433.7,05 Apr 2024,9001122334
PAT1559,Priya SINGH,66,Nagpur,PAEDIATRICS,Star Health,Approved  ,68081.16,09-05-2023,9988776655
PAT2806,pooja joshi,72,AURANGABAD,general,  Star Health,Under Review,,03-07-2025,9564426160
PAT1676,Riya singh,49,mumbai,Paediatrics,Star Health,Rejected,20812.81,16-10-2023,9105118980
PAT2377,Priya NAIR,26,nagpur,neurology,bajaj allianz,Under Review,,25-07-2025,9633476907
PAT1707,DIVYA patil,50,Nashik,CARDIOLOGY,reliance health,pending,16633.77,31-07-2023,9433175966
PAT0171,DIVYA Nair  ,59,Solapur,EMERGENCY,New India  ,rejected,36873.49,2023-01-22,9657054862
PAT2127,deepa MEHTA,52,NASHIK,cardiology,BAJAJ ALLIANZ,rejected,53817.89,13 Feb 2023,9876543210
PAT1002,NEHA singh,63,  Pune,GYNAECOLOGY,HDFC Ergo,approved,,11/02/2025,
PAT1574,PRIYA gupta,50,Solapur,paediatrics,Reliance Health,  Rejected,67716.67,2025-04-23,9438294473
PAT0573,Riya sharma,39,MUMBAI,gynaecology,bajaj allianz,approved,56693.01,23/05/2024,9445355094
PAT2269,Riya Verma,44,nashik,Neurology,Star Health,  Pending,47719.04,"December 07, 2023",9357287736
PAT1537,sneha mehta,47,Pune,gynaecology,New India,Pending,72475.76,27-09-2024,9753837603
PAT1207,aisha kumar,75,PUNE,General,NEW INDIA,Pending,21996.23,06-01-2025,9123456789
PAT1297,Geeta Verma,49,aurangabad,GYNAECOLOGY,STAR HEALTH,Pending,,2025-03-08,9719308110
PAT0656,sunita Desai,19,kolhapur,PAEDIATRICS,UNITED INDIA,approved,13304.95,2025-08-06,9123456789
PAT1492,Priya Sharma,29,Mumbai,Neurology,United India,APPROVED,36464.11,28/10/2023,9312845035
PAT1784,anjali JOSHI,39,Kolhapur,GYNAECOLOGY,  HDFC Ergo,APPROVED,,2024-06-25,9255857858
PAT0945,MEERA desai,74,Mumbai,Dermatology,Bajaj Allianz,Rejected,32272.75,23-01-2023,9127148164
PAT1288,lakshmi mehta,26,Pune  ,gynaecology,hdfc ergo,Approved  ,,27 Nov 2023,
PAT0817,RIYA Desai,,Nashik,GYNAECOLOGY,STAR HEALTH,Rejected,51987.22,01 Aug 2025,9681386019
PAT0461,Deepa iyer,22,solapur,gynaecology,United India,  Pending,55090.6,09 Jun 2024,9261020740
PAT1499,Neha Gupta,74,Nashik,GENERAL,  HDFC Ergo,Pending,,24/07/2024,9117183561
PAT2012,  Divya MEHTA,,nagpur,GYNAECOLOGY,star health,Approved  ,14537.84,01 Jun 2024,9283914316
PAT0462,MEERA sharma,47,aurangabad,dermatology,United India,Under Review,3626.82,23-11-2023,9962792554
PAT1816,meera Kumar  ,28,Nashik,general,  Star Health,Rejected,71858.94,2024-11-07,9358468406
PAT0044,Neha singh,35,AURANGABAD,Cardiology,Bajaj Allianz,pending,,"April 12, 2025",9611201082
PAT1214,lakshmi NAIR  ,30,NASHIK,PAEDIATRICS,STAR HEALTH,Rejected,,26 Apr 2024,9361959313
PAT2357,Anjali rao,26,Pune,paediatrics,  HDFC Ergo,Rejected,65329.02,"January 10, 2024",9370220578
PAT0747,Divya rao,61,Nagpur,CARDIOLOGY,Reliance Health,Under Review,12590.22,30 Oct 2024,9538234355
PAT2707,geeta VERMA,,AURANGABAD,Paediatrics,new india,under review,29450.73,28-10-2025,9775688162
PAT2345,neha Rao,72,thane,Paediatrics,Star Health  ,  Approved,,"November 27, 2023",9554312613
PAT0759,Anjali Gupta,31,AURANGABAD,Dermatology,HDFC Ergo,Approved,3858.46,2024-02-04,9496791155
PAT1290,Neha MEHTA,,nagpur,GYNAECOLOGY,Reliance Health,UNDER REVIEW,21172.26,23 Aug 2023,
PAT2495,Sneha Iyer,62,Kolhapur,dermatology,New India,Approved  ,72364.46,"March 20, 2025",9907939233
PAT0678,DIVYA Gupta,33,thane,PAEDIATRICS,  HDFC Ergo,approved,79505.46,17 Feb 2023,9739836790
PAT1516,PRIYA kumar,50,solapur,dermatology,star health,APPROVED,34478.39,18/12/2025,9286673498
PAT0878,Sunita gupta,45,Solapur,Neurology,  Star Health,UNDER REVIEW,71261.32,08 Feb 2025,9510799907
PAT1389,Deepa Joshi,24,  Mumbai,EMERGENCY,  HDFC Ergo,  Pending,45189.39,15 Apr 2024,9123201132
PAT1782,  Pooja Verma,52,kolhapur,PAEDIATRICS,BAJAJ ALLIANZ,UNDER REVIEW,18790.08,2024-04-18,
PAT2746,  Sneha MEHTA,66,nagpur,PAEDIATRICS,HDFC ERGO,PENDING,,13-07-2023,
PAT2854,Priya Kumar,50,nashik,GYNAECOLOGY,RELIANCE HEALTH,PENDING,64421.51,"July 20, 2024",
PAT0556,Aisha mehta,46,solapur,neurology,STAR HEALTH,Pending,,2023-12-30,9128817630
PAT0801,PRIYA Gupta,50,  Pune,General,United India,  Pending,34363.39,28/02/2023,9740864045
PAT1572,RIYA JOSHI,26,solapur,neurology,STAR HEALTH,approved,67346.72,2024-09-01,9119867046
PAT0707,aisha iyer,30,Pune,Emergency,Bajaj Allianz,rejected,10890.23,20 Jul 2025,9409676308
PAT1505,lakshmi kumar,,nagpur,GENERAL,RELIANCE HEALTH,  Approved,11961.52,"January 11, 2024",9717010780
PAT2505,  REKHA Patil,28,mumbai,GENERAL,BAJAJ ALLIANZ,Pending,48040.37,26-05-2025,9770200757
PAT0935,sneha Singh,40,thane,GENERAL,NEW INDIA,UNDER REVIEW,41827.89,25/01/2024,9988776655
PAT0195,kavya rao,71,solapur,EMERGENCY,STAR HEALTH,Rejected,62181.48,2024-05-03,9224539647
PAT1343,  aisha Kumar,33,MUMBAI,Gynaecology,bajaj allianz,pending,42885.34,28/02/2025,9902067778
PAT0215,Neha mehta,29,THANE,Paediatrics,star health,Approved,,2023-10-18,9177880216
PAT1488,Priya iyer,46,Pune,orthopaedics,United India,  Rejected,,2024-12-02,9308526364
PAT1953,Deepa Gupta  ,35,Nagpur,GYNAECOLOGY,Star Health,Under Review,,20/04/2025,9988776655
PAT1475,deepa RAO,73,Kolhapur,emergency,  Bajaj Allianz,Approved  ,10462.92,"May 12, 2024",9001122334
PAT1092,NEHA desai  ,62,pune,emergency,star health,REJECTED,49581.29,13-05-2023,9116936434
PAT2866,pooja nair,25,NASHIK,cardiology,bajaj allianz,rejected,77914.41,20/02/2025,9215737589
PAT1659,Sunita Rao,,solapur,paediatrics,New India,UNDER REVIEW,5992.89,13 Aug 2025,9396263872
PAT1272,Neha mehta,41,kolhapur,GENERAL,  HDFC Ergo,  Rejected,62027.28,"October 26, 2025",9123456789
PAT2499,geeta MEHTA,48,nashik,EMERGENCY,  Star Health,approved,18956.33,12 Jul 2024,9988776655
PAT2800,pooja Verma,67,thane,PAEDIATRICS,hdfc ergo,  Approved,58871.01,13/04/2024,9592382131
PAT2633,deepa patil,20,Thane,dermatology,  Bajaj Allianz,  Pending,65400.57,10 Sep 2024,9795657637
PAT1032,priya Desai  ,60,nashik,Neurology,United India,Pending,17745.89,02-12-2023,9432314956
PAT0053,PRIYA Kumar,19,PUNE,GYNAECOLOGY,reliance health,Approved,57307.79,05 Jul 2024,
PAT2727,DIVYA joshi,33,MUMBAI,orthopaedics,United India,Approved  ,77892.71,"May 29, 2025",9460501418
PAT2394,Divya patil,67,Kolhapur,Dermatology,united india,REJECTED,,"January 08, 2025",9123456789
PAT0330,Sunita joshi,59,Nashik,Orthopaedics,  Star Health,APPROVED,,23/09/2023,9621162378
PAT0941,priya kumar,38,  Solapur,GYNAECOLOGY,new india,UNDER REVIEW,47397.14,09/11/2024,9939231372
PAT0123,riya verma  ,33,Mumbai,Emergency,NEW INDIA,approved,,10 Oct 2025,9605288784
PAT2613,Deepa Rao,,Thane,emergency,UNITED INDIA,Pending,44782.61,27/11/2023,9454538532
PAT0242,Divya JOSHI,68,Thane,CARDIOLOGY,Star Health  ,Under Review,34586.75,"September 04, 2025",
PAT2141,Divya MEHTA,41,NAGPUR,CARDIOLOGY,United India,Rejected,70235.67,20/12/2025,9101249664
PAT2156,NEHA sharma,50,NASHIK,Emergency,reliance health,Under Review,67919.83,2023-06-15,9001122334
PAT2489,anjali nair,,NAGPUR,Paediatrics,  Star Health,  Pending,80257.0,04 Jun 2023,9710783004
PAT2617,aisha Sharma,36,MUMBAI,Cardiology,  HDFC Ergo,approved,13834.55,2025-02-11,
PAT0337,DIVYA Gupta,54,nagpur,Emergency,hdfc ergo,APPROVED,67500.4,"December 21, 2023",9718724891
PAT2907,Sunita Patil,48,Aurangabad,emergency,Reliance Health,PENDING,78629.53,"October 18, 2025",9799830174
PAT1814,sneha VERMA,,  Pune,PAEDIATRICS,UNITED INDIA,Rejected,75436.16,06/01/2024,9495069737
PAT1089,NEHA NAIR,70,Thane,Cardiology,New India  ,Approved  ,6641.41,2024-03-11,9372759324
PAT1083,meera MEHTA,19,kolhapur,Orthopaedics,new india,Under Review,,19 Sep 2023,9001122334
PAT0929,NEHA patil  ,73,PUNE,Cardiology,Star Health,rejected,52675.43,16 Nov 2023,9594740501
PAT1860,geeta Rao,49,Nagpur,EMERGENCY,UNITED INDIA,Approved,34234.4,25 Oct 2024,9888197392
PAT2257,Divya VERMA,65,kolhapur,GYNAECOLOGY,UNITED INDIA,UNDER REVIEW,1938.77,08-05-2023,9744079110
PAT0486,Divya JOSHI,59,Thane,EMERGENCY,Star Health  ,  Approved,68192.99,27 Sep 2024,9993409974
PAT1319,pooja nair,75,mumbai,GYNAECOLOGY,BAJAJ ALLIANZ,  Pending,14918.01,01/03/2023,9950837059
PAT0931,RIYA mehta,49,Kolhapur,Gynaecology,UNITED INDIA,Rejected,50508.12,"May 06, 2023",9123456789
PAT0881,Lakshmi Singh,40,MUMBAI,Neurology,united india,approved,59574.32,22/06/2024,9687634973
PAT2575,SNEHA Mehta,26,Aurangabad,Cardiology,New India  ,Pending,58399.66,2024-05-28,9466925483
PAT0806,NEHA nair,57,Kolhapur,PAEDIATRICS,STAR HEALTH,PENDING,,2024-01-20,9464628392
PAT1620,divya singh,22,Mumbai,general,United India,PENDING,41754.77,2023-02-03,9177488529
PAT0099,  Meera kumar,46,Kolhapur,neurology,united india,PENDING,26650.04,18/08/2025,9573087862
PAT0780,anjali Kumar,74,Solapur,Neurology,Bajaj Allianz,rejected,31902.89,06/12/2023,9962014673
PAT0079,pooja rao,36,NAGPUR,Dermatology,  Bajaj Allianz,Under Review,,23 Aug 2023,9584853393
PAT0237,Pooja Rao  ,21,THANE,emergency,New India  ,rejected,61448.43,15-10-2025,9516907018
PAT0972,DIVYA Desai,33,Kolhapur,GENERAL,star health,rejected,66170.34,13/07/2025,9123456789
PAT2253,DIVYA Patil,45,thane,emergency,new india,Rejected,42902.77,2025-03-04,9985361518
PAT0517,PRIYA kumar,73,mumbai,Cardiology,BAJAJ ALLIANZ,Rejected,10959.55,24/06/2023,9913483088
PAT1515,REKHA joshi,23,Nashik,Cardiology,hdfc ergo,under review,10169.98,22 Apr 2023,9420344230
PAT1714,Rekha verma,70,Thane,gynaecology,Star Health,Approved  ,29312.17,"November 19, 2023",9561706302
PAT0783,Riya Kumar,57,Thane,PAEDIATRICS,  HDFC Ergo,pending,,2023-11-09,9382327116
PAT0616,Geeta SHARMA,61,Thane,Dermatology,HDFC ERGO,Pending,,01 Oct 2023,9001122334
PAT2875,deepa Sharma,,Pune,Dermatology,hdfc ergo,  Pending,870.5,09-12-2024,9589684211
PAT2265,sunita Nair,,PUNE,cardiology,NEW INDIA,REJECTED,47132.84,2023-06-10,9285984485
PAT0435,lakshmi desai,44,mumbai,GENERAL,RELIANCE HEALTH,PENDING,,"July 21, 2024",9988776655
PAT2586,Aisha Joshi,19,Nagpur,PAEDIATRICS,Reliance Health,UNDER REVIEW,24826.73,21/08/2025,9181768665
PAT1006,divya kumar,63,NAGPUR,paediatrics,hdfc ergo,under review,,16/04/2023,9208753775
PAT2024,  MEERA nair,39,Thane,Gynaecology,new india,rejected,37291.46,"January 07, 2024",9677998339
PAT0198,rekha JOSHI,24,kolhapur,Orthopaedics,HDFC ERGO,Approved,,26/01/2023,
PAT0482,anjali Nair  ,28,thane,Dermatology,  HDFC Ergo,pending,82602.51,13 Dec 2025,9364309534
PAT1359,PRIYA sharma  ,74,  Solapur,Orthopaedics,star health,PENDING,25480.43,31/05/2024,9522404300
PAT1756,Sneha nair,53,  Solapur,paediatrics,NEW INDIA,Rejected,7280.87,2025-06-02,9771957977
PAT1140,Aisha gupta,53,mumbai,general,  Star Health,UNDER REVIEW,39130.59,16/03/2024,9333291805
PAT0304,neha MEHTA,65,Solapur,gynaecology,UNITED INDIA,pending,20953.78,27/06/2024,9998007554
PAT0608,Meera Iyer,61,Nagpur,orthopaedics,bajaj allianz,pending,,05/07/2024,9795538929
PAT2217,DIVYA verma,24,Mumbai,General,hdfc ergo,  Rejected,42458.03,"September 28, 2025",9611359818
PAT2098,NEHA KUMAR,75,nashik,paediatrics,UNITED INDIA,rejected,52180.66,29-01-2025,
PAT1943,DIVYA sharma,67,mumbai,neurology,united india,PENDING,1395.51,20/02/2024,9876543210
PAT1127,NEHA MEHTA,36,NAGPUR,Orthopaedics,new india,rejected,18802.35,22-12-2023,9550417213
PAT0078,Geeta Rao,21,aurangabad,PAEDIATRICS,United India,  Approved,77369.72,2023-05-31,9235497187
PAT0800,priya kumar,54,  Solapur,General,New India  ,UNDER REVIEW,21842.57,03 Feb 2025,9422308625
PAT0549,rekha JOSHI,53,PUNE,orthopaedics,STAR HEALTH,Rejected,30208.08,"March 26, 2023",9584419915
PAT1425,Pooja nair  ,38,MUMBAI,Neurology,New India,  Rejected,82519.51,17/09/2024,9549856928
PAT1457,Sneha iyer,69,  Mumbai,Dermatology,Bajaj Allianz,  Rejected,20252.38,28-04-2023,9378859607
PAT2145,pooja PATIL,50,  Pune,general,BAJAJ ALLIANZ,  Pending,49289.86,2023-01-08,9242138605
PAT2770,Sneha Iyer,66,  Pune,orthopaedics,reliance health,  Approved,49726.99,13 Oct 2023,9272003278
PAT0785,  SNEHA joshi,,PUNE,cardiology,Star Health  ,under review,40357.73,11 Sep 2024,9522245389
PAT1513,Geeta JOSHI,53,Aurangabad,Neurology,reliance health,PENDING,59428.16,"June 04, 2023",9606243479
PAT2386,Kavya JOSHI  ,58,Nashik,Emergency,NEW INDIA,Pending,79259.08,"October 04, 2023",9626528785
PAT0143,sneha Patil,48,Pune,neurology,United India,Pending,65212.44,10-05-2025,9505333621
PAT2129,  Lakshmi SHARMA,54,Nashik,Emergency,new india,  Approved,15814.98,28-12-2024,9559289592
PAT2326,SNEHA MEHTA,62,  Solapur,PAEDIATRICS,BAJAJ ALLIANZ,pending,24541.08,"December 11, 2023",9876543210
PAT2878,lakshmi Rao,,aurangabad,dermatology,Star Health,pending,15116.64,15/11/2024,9889149586
PAT0122,Anjali Patil,57,Nagpur,GYNAECOLOGY,HDFC Ergo,rejected,61435.35,24/01/2024,9635539154
PAT0096,Pooja joshi,27,NASHIK,neurology,Reliance Health,  Rejected,,23-06-2023,9452699013
PAT1915,AISHA patil,44,THANE,dermatology,UNITED INDIA,approved,73364.53,"June 21, 2025",9143894791
PAT1165,  Pooja verma,,Mumbai,gynaecology,  Bajaj Allianz,  Rejected,68933.68,19-06-2025,9569019932
PAT2675,  PRIYA Verma,56,nagpur,emergency,  Bajaj Allianz,  Approved,59971.36,"January 10, 2024",
PAT0677,  Divya PATIL,55,Pune  ,Cardiology,  Bajaj Allianz,APPROVED,2636.99,"September 25, 2023",9300312095
PAT0186,geeta Iyer,31,aurangabad,Neurology,new india,Rejected,49335.39,20-09-2025,9149330844
PAT0366,sneha Rao,67,pune,Orthopaedics,reliance health,rejected,61711.52,01/03/2023,9822062338
PAT0454,Riya rao  ,41,NASHIK,Emergency,Star Health,rejected,36678.52,"January 01, 2025",9365873433
PAT1075,Riya JOSHI,60,thane,neurology,United India,Rejected,21009.52,09/05/2025,9667280402
PAT1774,lakshmi gupta,47,thane,Dermatology,BAJAJ ALLIANZ,Rejected,36700.7,2024-01-13,
PAT2043,DIVYA PATIL,61,thane,Cardiology,United India,rejected,,2025-04-09,9260446188
PAT0164,SNEHA Mehta,50,Nagpur,Orthopaedics,Star Health,APPROVED,8363.93,"October 26, 2024",
PAT0792,RIYA JOSHI,41,Aurangabad,Cardiology,reliance health,  Rejected,56922.55,2023-05-06,9258391889
PAT1509,sneha Iyer,61,pune,GENERAL,hdfc ergo,Pending,43507.98,14 Jun 2023,9626711232
PAT0155,geeta Patil,22,Solapur,cardiology,Star Health,Under Review,,2024-04-18,9001122334
PAT2764,Priya singh  ,35,solapur,neurology,UNITED INDIA,Rejected,20817.6,01/07/2024,9801185664
PAT1335,anjali nair,52,Nagpur,dermatology,UNITED INDIA,  Rejected,1212.85,13 Aug 2023,9162800627
PAT0024,NEHA joshi,,NASHIK,cardiology,NEW INDIA,pending,56855.87,25 Dec 2024,9766430218
PAT2948,NEHA VERMA,42,pune,Dermatology,star health,REJECTED,11736.72,"October 06, 2023",9858848719
PAT1539,sneha patil,62,AURANGABAD,paediatrics,STAR HEALTH,UNDER REVIEW,81705.65,07 Dec 2023,9988776655
PAT1561,Kavya Mehta,33,kolhapur,Paediatrics,New India,under review,5283.92,07-02-2025,9204232221
PAT2703,divya kumar,67,Pune  ,Orthopaedics,New India,Pending,19317.71,"July 31, 2023",9557525416
PAT1846,anjali Iyer,50,Pune  ,orthopaedics,reliance health,APPROVED,42684.2,03/04/2025,9763876535
PAT1403,Pooja rao,35,thane,General,  Star Health,UNDER REVIEW,,09 Dec 2023,9608911742
PAT1954,Deepa gupta,,Thane,Cardiology,united india,Under Review,26919.84,15/08/2024,
PAT2268,deepa Kumar,35,THANE,orthopaedics,Star Health,PENDING,59595.88,16-01-2024,9567039904
PAT2437,rekha nair,23,nashik,Gynaecology,STAR HEALTH,APPROVED,57397.27,2023-12-30,9801630818
PAT1114,neha rao,43,Solapur,paediatrics,Star Health,rejected,38295.36,03-08-2023,9178235163
PAT0052,  pooja joshi,65,kolhapur,neurology,united india,  Approved,26195.71,04-04-2025,9186373782
PAT2830,REKHA MEHTA,60,PUNE,Cardiology,  Star Health,rejected,31712.48,26/06/2025,9123456789
PAT1436,  sunita NAIR,62,Mumbai,Orthopaedics,  Bajaj Allianz,under review,50543.15,2023-04-12,9114180194
PAT0277,NEHA Sharma,25,Pune,Cardiology,BAJAJ ALLIANZ,  Rejected,80519.76,16/09/2024,9469207896
PAT0751,divya KUMAR,62,MUMBAI,general,United India,REJECTED,,2025-11-01,9749848507
PAT1999,Rekha VERMA  ,37,Solapur,PAEDIATRICS,BAJAJ ALLIANZ,approved,58517.57,"April 09, 2025",9334130786
PAT0700,PRIYA singh,35,MUMBAI,emergency,RELIANCE HEALTH,  Rejected,9060.21,"July 03, 2024",9473268212
PAT0908,Pooja Desai,74,Mumbai,CARDIOLOGY,bajaj allianz,UNDER REVIEW,44290.06,"March 15, 2023",9140835744
PAT2662,Pooja Nair,29,  Mumbai,Gynaecology,reliance health,Pending,57401.24,23 Aug 2024,9855667748
PAT0710,sunita joshi,27,thane,gynaecology,United India,APPROVED,3215.55,27/12/2024,9553723877
PAT0451,Geeta verma,60,aurangabad,GENERAL,Bajaj Allianz,  Pending,68901.19,2023-02-06,9227919275
PAT1174,rekha VERMA,67,kolhapur,general,Star Health  ,  Approved,,2025-06-29,9772120154
PAT1423,aisha desai,56,mumbai,GYNAECOLOGY,star health,  Pending,2488.42,24/06/2023,9592075731
PAT2023,Rekha mehta,58,nashik,GYNAECOLOGY,NEW INDIA,  Pending,81167.67,"September 18, 2024",9464924434
PAT2821,Lakshmi Desai,55,NASHIK,Orthopaedics,STAR HEALTH,Approved  ,,22/01/2024,9163952141
PAT0136,Geeta verma,50,NAGPUR,Neurology,hdfc ergo,  Approved,62279.58,10/06/2024,
PAT2126,Priya PATIL  ,26,Pune  ,GENERAL,Star Health  ,PENDING,32306.41,23-08-2025,9799685659
PAT0563,PRIYA KUMAR  ,47,nagpur,Paediatrics,New India  ,pending,1407.31,23/08/2023,9620506264
PAT2226,Sunita MEHTA,71,Nagpur,Cardiology,BAJAJ ALLIANZ,Under Review,34832.43,2025-05-10,
PAT1357,  Priya Patil,42,Thane,PAEDIATRICS,  Star Health,REJECTED,1960.78,"January 02, 2025",9923832833
PAT2117,priya Iyer,49,nashik,neurology,RELIANCE HEALTH,pending,55517.16,"May 13, 2024",9720375619
PAT0804,  Priya Verma,43,  Solapur,gynaecology,UNITED INDIA,  Rejected,60175.94,"July 16, 2023",9243372740
PAT2137,anjali patil,34,nagpur,EMERGENCY,STAR HEALTH,  Approved,72853.86,2024-05-08,9959255898
PAT1308,rekha kumar  ,48,Thane,cardiology,UNITED INDIA,rejected,72462.37,13/12/2024,9543239070
PAT2052,Geeta sharma,28,Nagpur,Emergency,bajaj allianz,approved,22358.99,08-05-2025,9895268646
PAT0888,Pooja Kumar,33,Nashik,dermatology,NEW INDIA,APPROVED,11864.64,20 May 2024,9001122334
PAT2733,  NEHA mehta,60,MUMBAI,Emergency,UNITED INDIA,  Approved,21292.93,27-06-2023,9001122334
PAT0257,  deepa rao,24,nagpur,General,star health,Approved,67405.69,15 Sep 2024,9589849525
PAT1901,  deepa Patil,53,kolhapur,Orthopaedics,hdfc ergo,  Rejected,12516.03,"March 12, 2025",9288067527
PAT0518,Sneha mehta,19,  Pune,dermatology,HDFC Ergo,Approved,17890.52,2025-06-28,9531427170
PAT1291,aisha verma,18,aurangabad,Paediatrics,HDFC ERGO,Rejected,55695.5,25/10/2024,
PAT2882,Priya desai,44,nagpur,orthopaedics,  Star Health,UNDER REVIEW,27253.67,25-05-2025,9468940788
PAT1267,Meera KUMAR  ,45,  Pune,CARDIOLOGY,New India,Approved  ,66902.67,09-10-2023,9444200194
PAT2289,priya nair,55,  Solapur,Paediatrics,STAR HEALTH,Under Review,69595.61,24 Jun 2025,9216257240
PAT1506,pooja PATIL,46,Aurangabad,EMERGENCY,Bajaj Allianz,Under Review,42951.22,05 Nov 2024,9001122334
PAT0148,REKHA Mehta,49,Pune,paediatrics,Reliance Health,  Rejected,27433.06,"May 02, 2025",9910048118
PAT1330,Deepa MEHTA  ,44,MUMBAI,Neurology,HDFC Ergo,under review,40566.97,16/12/2023,9118830065
PAT2567,neha kumar,37,Solapur,Dermatology,bajaj allianz,Approved  ,27805.24,08 May 2025,9876543210
PAT1395,Meera Gupta,64,solapur,paediatrics,united india,under review,,03-07-2024,
PAT1251,SNEHA NAIR,26,Kolhapur,Cardiology,New India,rejected,78538.25,23-07-2025,9697519663
PAT2756,Anjali MEHTA,,  Pune,orthopaedics,united india,pending,72923.71,2025-12-05,9123456789
PAT2238,REKHA MEHTA,,THANE,paediatrics,reliance health,Pending,16194.14,2025-08-15,9605057218
PAT2801,  aisha Verma,24,Nagpur,Dermatology,  HDFC Ergo,Rejected,50668.86,02-08-2024,9751695963
PAT0815,MEERA Singh,52,THANE,GYNAECOLOGY,RELIANCE HEALTH,approved,40461.6,13-06-2025,9397269519
PAT2418,geeta KUMAR,51,Nagpur,Neurology,star health,approved,40971.5,"September 17, 2024",9727233004
PAT0402,Neha Rao,59,PUNE,paediatrics,bajaj allianz,rejected,,30-07-2025,9142231531
PAT2166,Deepa Rao,31,  Solapur,GYNAECOLOGY,bajaj allianz,under review,75044.47,28/10/2024,9807790100
PAT0119,Neha SHARMA,,Pune,EMERGENCY,BAJAJ ALLIANZ,  Pending,65308.04,03 May 2025,9773412230
PAT2439,Pooja joshi  ,18,solapur,cardiology,united india,Approved  ,75636.63,"June 23, 2025",9268803559
PAT0139,aisha VERMA,67,nashik,Orthopaedics,Reliance Health,Rejected,19161.76,"October 01, 2023",9750407244
PAT0248,Anjali VERMA,25,THANE,Orthopaedics,UNITED INDIA,pending,66237.53,07/12/2025,9272199842
PAT0001,anjali sharma,26,thane,Orthopaedics,reliance health,APPROVED,3185.64,11/07/2023,9702632297
PAT1378,Neha Kumar,23,kolhapur,GYNAECOLOGY,  Bajaj Allianz,UNDER REVIEW,7241.95,20 Nov 2024,
PAT2196,pooja patil,,AURANGABAD,GENERAL,Bajaj Allianz,PENDING,77135.9,"February 08, 2024",9918254722
PAT2805,Sunita sharma,33,aurangabad,PAEDIATRICS,reliance health,UNDER REVIEW,22017.36,20/08/2025,9123456789
PAT1337,RIYA rao,58,nagpur,neurology,New India  ,Rejected,10534.54,10/06/2025,9220036881
PAT1109,PRIYA Desai,21,MUMBAI,general,hdfc ergo,  Pending,34161.38,2025-12-30,9895552988
PAT1862,Neha JOSHI,49,  Mumbai,dermatology,RELIANCE HEALTH,under review,7850.28,12-05-2023,9268030171
PAT0166,Deepa singh,22,NASHIK,Neurology,HDFC ERGO,UNDER REVIEW,17023.83,08/08/2023,9456715514
PAT2378,Lakshmi Gupta,53,NASHIK,EMERGENCY,New India,  Rejected,,26/07/2023,9372906197
PAT1176,sunita Gupta,50,NASHIK,general,Star Health,Pending,,22-02-2023,9443810137
PAT0208,SNEHA Singh,22,Mumbai,EMERGENCY,united india,Approved  ,,2024-11-10,
PAT1302,DIVYA Nair,30,Pune,Emergency,New India  ,  Pending,52590.76,"August 09, 2025",
PAT0483,Sunita Desai,,Solapur,Orthopaedics,New India  ,REJECTED,80878.08,24/10/2024,
PAT0979,aisha Sharma,18,  Pune,Dermatology,reliance health,  Pending,1248.46,08-10-2023,9960309110
PAT2698,  priya PATIL,29,  Solapur,orthopaedics,New India  ,REJECTED,,24/11/2025,9116857392
PAT0027,neha VERMA,52,Nashik,Cardiology,  Star Health,  Pending,81834.15,2024-06-27,9882269302
PAT2354,Kavya MEHTA,54,MUMBAI,emergency,united india,Pending,,"November 03, 2025",9225530174
PAT2757,RIYA Verma,71,Nagpur,Neurology,Star Health,Approved,,11-05-2023,9528219943
PAT1221,Lakshmi NAIR  ,23,Pune  ,General,RELIANCE HEALTH,REJECTED,81906.65,05 Dec 2025,9508172677
PAT0611,meera Rao,24,Aurangabad,paediatrics,RELIANCE HEALTH,Rejected,51830.96,09/04/2023,9293995605
PAT0170,kavya Kumar,56,aurangabad,Emergency,New India  ,Under Review,67315.92,06 Jan 2025,9217434526
PAT0688,PRIYA singh,28,Kolhapur,Paediatrics,BAJAJ ALLIANZ,  Rejected,2297.2,06 Feb 2023,9405335473
PAT2801,  aisha Verma,24,Nagpur,Dermatology,  HDFC Ergo,Rejected,50668.86,02-08-2024,9751695963
PAT2028,AISHA joshi,67,Solapur,Orthopaedics,STAR HEALTH,  Rejected,,31 Dec 2024,9141850036
PAT1967,DIVYA VERMA,24,nagpur,gynaecology,Star Health,pending,65728.86,24 May 2024,9129524723
PAT1030,divya kumar,,Pune,CARDIOLOGY,  HDFC Ergo,Under Review,,19 Sep 2024,9722959503
PAT1064,Rekha Verma,63,thane,orthopaedics,star health,Pending,20087.14,16/09/2023,9751655410
PAT1634,sneha desai,37,Mumbai,GYNAECOLOGY,BAJAJ ALLIANZ,  Approved,54727.23,14/01/2025,9225352608
PAT2671,aisha Rao,66,Pune,Emergency,new india,APPROVED,71212.94,"March 16, 2025",9001122334
PAT0853,RIYA Kumar  ,67,Nashik,dermatology,united india,pending,49040.05,27 Dec 2024,9321345622
PAT1178,REKHA singh,45,AURANGABAD,Dermatology,Star Health  ,under review,33632.83,2025-09-04,9346249012
PAT1896,  Divya NAIR,67,nagpur,neurology,united india,UNDER REVIEW,,"January 22, 2023",9216401532
PAT0193,Priya nair,73,kolhapur,General,NEW INDIA,Pending,81151.28,2023-05-30,9123456789
PAT2627,NEHA JOSHI,53,nagpur,dermatology,UNITED INDIA,  Pending,11206.77,27-01-2024,9999120338
PAT1033,  geeta patil,18,MUMBAI,CARDIOLOGY,  HDFC Ergo,Pending,,13-07-2025,9937022047
PAT0187,Anjali KUMAR  ,47,pune,General,hdfc ergo,Approved  ,26007.64,2024-07-15,9499264207
PAT0520,Riya joshi  ,44,Solapur,Gynaecology,star health,rejected,60773.9,"September 02, 2024",9448126205
PAT2089,deepa verma,21,  Mumbai,Paediatrics,hdfc ergo,rejected,60133.25,20/08/2025,
PAT2547,neha Iyer,27,Mumbai,Emergency,RELIANCE HEALTH,REJECTED,64448.98,"January 21, 2024",9721882750
PAT0142,Lakshmi Joshi,21,AURANGABAD,general,reliance health,Rejected,33957.67,07/01/2023,9988776655
PAT2521,REKHA singh,60,nashik,neurology,United India,  Pending,12700.08,2023-01-13,9282401913
PAT0131,Riya MEHTA,48,NASHIK,dermatology,  HDFC Ergo,Rejected,,"February 16, 2025",9963949678
PAT2462,meera SINGH,34,Mumbai,Dermatology,UNITED INDIA,  Approved,6645.73,"August 06, 2024",9221941177
PAT2173,anjali rao,31,NASHIK,orthopaedics,bajaj allianz,Under Review,56397.4,2023-01-03,9438930285
PAT2870,AISHA Kumar,40,Mumbai,GENERAL,hdfc ergo,approved,65956.18,29/10/2023,9705848373
PAT1461,Lakshmi nair,56,  Pune,GENERAL,  Star Health,Under Review,66362.5,19 Nov 2023,9410257828
PAT1832,Meera Gupta,,mumbai,Emergency,RELIANCE HEALTH,Pending,77248.66,05-02-2023,9359812387
PAT0408,PRIYA Mehta,27,Thane,General,HDFC Ergo,REJECTED,37566.87,25/03/2023,9757604060
PAT1833,  geeta Kumar,40,PUNE,gynaecology,STAR HEALTH,  Rejected,26553.63,"September 21, 2024",9734346025
PAT0642,divya sharma,40,solapur,neurology,HDFC ERGO,  Rejected,60904.93,"August 19, 2023",9209238468
PAT2140,priya JOSHI,54,kolhapur,cardiology,  Bajaj Allianz,Under Review,35308.49,09/02/2023,9871939263
PAT0015,Deepa Mehta,22,NAGPUR,dermatology,  Star Health,approved,46179.68,2023-01-31,9278575192
PAT1916,  Divya iyer,29,thane,general,STAR HEALTH,APPROVED,,15/06/2025,9694744132
PAT2506,aisha verma,54,Kolhapur,cardiology,Star Health  ,approved,56673.36,26-11-2024,
PAT2711,PRIYA NAIR,57,MUMBAI,Paediatrics,United India,REJECTED,72519.33,2025-11-02,9803747003
PAT2634,anjali Joshi,49,Thane,emergency,HDFC ERGO,Approved,44541.03,07-02-2023,9752862253
PAT1719,deepa Verma  ,63,Nagpur,Orthopaedics,reliance health,UNDER REVIEW,,17 Jan 2025,9532326979
PAT1399,  Sneha SHARMA,62,nagpur,gynaecology,star health,UNDER REVIEW,,"March 28, 2025",9262614360
PAT2960,Sunita verma,53,THANE,GYNAECOLOGY,STAR HEALTH,APPROVED,43113.55,15/09/2024,9358439790
PAT1847,rekha NAIR,,Mumbai,EMERGENCY,  HDFC Ergo,UNDER REVIEW,79287.69,2023-06-26,
PAT0073,AISHA joshi,71,aurangabad,emergency,United India,  Pending,,28/01/2025,9489431174
PAT1656,Sunita patil,45,aurangabad,Dermatology,NEW INDIA,UNDER REVIEW,73185.74,20 Jan 2024,
PAT1198,sunita Singh,42,Pune,Cardiology,bajaj allianz,Approved,,"November 23, 2025",9700038466
PAT1481,Lakshmi Joshi,26,NASHIK,Neurology,Star Health  ,Approved  ,42895.2,28-04-2024,9852061631
PAT1771,AISHA KUMAR,22,AURANGABAD,orthopaedics,HDFC ERGO,Under Review,8633.82,04/06/2023,9579326098
PAT2702,AISHA iyer,26,AURANGABAD,Orthopaedics,new india,  Rejected,47210.81,27/02/2023,9458199306
PAT0050,REKHA Kumar,57,thane,Orthopaedics,hdfc ergo,pending,7360.34,06/05/2024,9538642403
PAT0814,Anjali NAIR,39,solapur,neurology,United India,  Rejected,,2024-06-10,9225010851
PAT1826,REKHA Patil,20,kolhapur,Neurology,star health,Under Review,30672.27,02/11/2025,9382814531
PAT0993,  divya singh,55,Kolhapur,PAEDIATRICS,united india,pending,72095.35,"April 16, 2025",9512827443
PAT2088,divya singh,73,Thane,EMERGENCY,RELIANCE HEALTH,REJECTED,29409.4,20/05/2025,9963524623
PAT2221,Pooja verma,34,kolhapur,emergency,Star Health,APPROVED,,"December 10, 2025",9934659666
PAT2397,riya RAO  ,29,MUMBAI,PAEDIATRICS,United India,Rejected,11310.6,31 Dec 2023,9680010333
PAT1394,anjali Nair  ,19,mumbai,dermatology,Star Health  ,  Rejected,,25/06/2024,9172821248
PAT2743,DIVYA verma,,thane,GENERAL,united india,approved,5080.88,2024-01-21,9776617652
PAT0766,Riya iyer,60,Nagpur,Orthopaedics,HDFC Ergo,under review,56321.79,"December 12, 2024",9619410509
PAT2807,Deepa Iyer,23,kolhapur,Orthopaedics,  Bajaj Allianz,pending,14331.12,02/06/2024,9756286084
PAT2607,Deepa singh,,  Solapur,Gynaecology,  Star Health,under review,68258.57,19 May 2025,9643636119
PAT1448,NEHA NAIR,68,MUMBAI,GYNAECOLOGY,reliance health,rejected,46970.83,2023-07-11,9917175575
PAT2083,Geeta sharma  ,29,Nashik,orthopaedics,STAR HEALTH,Pending,44719.83,"February 19, 2025",9439408512
PAT2067,rekha kumar,61,nagpur,Cardiology,Bajaj Allianz,rejected,65296.44,26-07-2025,9988776655
PAT2530,SNEHA joshi,54,NAGPUR,neurology,bajaj allianz,  Rejected,47266.19,"December 12, 2025",9773744033
PAT1439,Priya desai  ,39,Aurangabad,Gynaecology,RELIANCE HEALTH,  Approved,,07 Dec 2023,9576355455
PAT2630,Divya patil,69,Mumbai,Neurology,  HDFC Ergo,rejected,2181.04,16 May 2023,9271265694
PAT2775,Priya nair,61,AURANGABAD,GENERAL,UNITED INDIA,PENDING,57233.8,"January 09, 2024",9587297892
PAT2381,  Sneha MEHTA,65,Solapur,Emergency,New India,PENDING,50987.62,23-12-2025,9593845193
PAT2614,riya joshi,35,  Mumbai,Emergency,RELIANCE HEALTH,UNDER REVIEW,63101.95,02-11-2023,9740549100
PAT2148,aisha Verma,63,AURANGABAD,gynaecology,UNITED INDIA,Approved,,03/01/2025,9538295655
PAT0940,riya JOSHI,57,Nagpur,emergency,  Star Health,Approved  ,29322.72,03/02/2025,9167779949
PAT0900,Sneha Verma,63,Thane,Emergency,  Star Health,APPROVED,27586.73,15 Dec 2025,9523252826
PAT1813,deepa PATIL  ,51,  Mumbai,general,  Star Health,rejected,70573.25,"May 07, 2025",9988776655
PAT1414,SNEHA desai,18,pune,Emergency,STAR HEALTH,  Rejected,63146.82,08/11/2023,9590427635
PAT1576,sunita Kumar  ,70,Nashik,Cardiology,New India,pending,,"May 03, 2025",9900261457
PAT2835,pooja Verma  ,19,THANE,cardiology,New India,rejected,,08/10/2024,9714367786
PAT2040,meera Gupta  ,70,Solapur,PAEDIATRICS,new india,pending,20601.95,2024-11-08,9381837576
PAT1236,riya Mehta,69,solapur,neurology,New India  ,Approved  ,28456.68,"April 19, 2023",9856652902
PAT2815,meera KUMAR,34,AURANGABAD,Gynaecology,Reliance Health,Rejected,30950.31,"April 26, 2023",9210177167
PAT0605,Meera PATIL,20,PUNE,Orthopaedics,Bajaj Allianz,Rejected,46504.09,2025-05-16,9988776655
PAT1568,Riya Joshi,60,PUNE,emergency,BAJAJ ALLIANZ,Approved  ,1268.34,16-09-2025,9452461851
PAT1419,  Deepa kumar,26,  Mumbai,EMERGENCY,Star Health,Approved  ,46051.83,07 Jul 2023,9338899188
PAT1507,Divya iyer,28,  Solapur,Dermatology,RELIANCE HEALTH,UNDER REVIEW,2533.95,06-10-2024,9783759471
PAT2713,divya gupta,67,nashik,EMERGENCY,reliance health,Pending,55163.37,"April 13, 2025",9137814989
PAT1356,geeta gupta,34,thane,Orthopaedics,bajaj allianz,REJECTED,73634.22,30/01/2023,9497883629
PAT0103,lakshmi Joshi,57,pune,CARDIOLOGY,Star Health,  Pending,13134.41,"December 16, 2025",9423358638
PAT0583,Sunita Sharma  ,44,solapur,neurology,United India,Pending,16250.8,03/10/2023,9218367418
PAT1591,Rekha SHARMA  ,,  Solapur,emergency,  HDFC Ergo,  Pending,,01/04/2023,9669562242
PAT0652,sunita Rao,28,  Mumbai,CARDIOLOGY,Bajaj Allianz,  Rejected,11073.77,"March 09, 2024",9297239684
PAT2535,riya Sharma,31,thane,Gynaecology,UNITED INDIA,pending,,19-09-2023,9577266682
PAT0857,neha rao,23,THANE,Dermatology,NEW INDIA,UNDER REVIEW,9963.35,2025-07-24,
PAT1113,lakshmi Patil,33,nagpur,Dermatology,Star Health  ,Approved,690.25,2023-10-22,9340419612
PAT0983,sneha Kumar,53,PUNE,orthopaedics,Reliance Health,approved,33731.09,09-08-2025,9451207812
PAT0156,NEHA Patil,57,aurangabad,GENERAL,Star Health,Approved,35258.1,04 Feb 2023,9407829477
PAT0111,Deepa singh,21,PUNE,EMERGENCY,New India  ,REJECTED,63866.38,2023-11-24,9938927341
PAT0774,Lakshmi mehta  ,42,nashik,General,STAR HEALTH,PENDING,47904.18,16-09-2025,9362652326
PAT1402,Anjali MEHTA,20,thane,Dermatology,UNITED INDIA,APPROVED,42379.41,2024-01-16,
PAT0062,lakshmi Singh,59,PUNE,Paediatrics,reliance health,  Rejected,53464.53,26 Sep 2025,
PAT2935,rekha PATIL,22,Kolhapur,Gynaecology,United India,approved,,"October 22, 2025",9001122334
PAT2214,MEERA Singh,39,Aurangabad,Neurology,BAJAJ ALLIANZ,APPROVED,,02-12-2025,9477403243
PAT1935,geeta gupta,59,kolhapur,GENERAL,united india,PENDING,55067.06,"August 02, 2025",9418973243
PAT0196,Lakshmi Patil,65,mumbai,Orthopaedics,Star Health,Approved  ,14343.86,11 Dec 2024,9378364310
PAT2321,Neha Singh,,Solapur,cardiology,United India,approved,21611.09,2025-12-12,
PAT0441,riya sharma,26,  Solapur,orthopaedics,RELIANCE HEALTH,PENDING,18231.57,"June 10, 2023",9183467647
PAT0864,MEERA Joshi,27,MUMBAI,CARDIOLOGY,  Star Health,  Rejected,52468.73,26/05/2024,9423312408
PAT0676,meera Iyer,45,MUMBAI,Orthopaedics,RELIANCE HEALTH,Approved  ,53856.77,13-03-2025,9446179340
PAT0251,anjali Desai,18,Pune  ,EMERGENCY,HDFC Ergo,rejected,37486.88,2024-07-03,9222226183
PAT0070,Riya RAO,22,Pune  ,GYNAECOLOGY,reliance health,  Rejected,68487.66,2025-01-19,9876543210
PAT1042,PRIYA Rao,60,Nashik,Neurology,star health,Approved  ,,2023-01-09,9988776655
PAT2276,Sneha Nair,26,nagpur,EMERGENCY,UNITED INDIA,Under Review,22085.38,24/06/2024,9277821118
PAT0068,MEERA Singh,60,Solapur,orthopaedics,Reliance Health,  Approved,55115.78,"September 24, 2024",
PAT2729,pooja mehta,49,NASHIK,EMERGENCY,UNITED INDIA,Pending,70571.91,"April 05, 2025",9748044381
PAT2536,riya NAIR,26,Solapur,GYNAECOLOGY,new india,Under Review,,20/11/2025,
PAT1026,sunita verma,64,mumbai,General,star health,Approved,60610.36,02-02-2025,
PAT0934,Sunita Nair,66,Nagpur,CARDIOLOGY,reliance health,under review,,30-06-2023,9488135963
PAT1268,pooja joshi  ,74,Pune,dermatology,UNITED INDIA,  Approved,79110.79,30/10/2023,9863662134
PAT2673,Sneha Rao,23,Mumbai,EMERGENCY,NEW INDIA,pending,58621.34,02/09/2025,9271897015
PAT1118,geeta Iyer,52,Thane,Gynaecology,Star Health,under review,66430.95,"May 11, 2023",9512826244
PAT1293,lakshmi SHARMA,22,THANE,Gynaecology,Reliance Health,APPROVED,36676.06,2024-07-02,
PAT0487,  NEHA VERMA,35,kolhapur,emergency,United India,APPROVED,69029.02,"January 17, 2024",9988776655
PAT2481,DIVYA VERMA,63,Kolhapur,Dermatology,New India,  Rejected,24666.8,"October 05, 2023",9442625782
PAT0005,Meera KUMAR,58,  Solapur,dermatology,HDFC ERGO,rejected,66071.99,2024-04-14,9171069472
PAT2543,sunita gupta,18,  Solapur,CARDIOLOGY,new india,  Approved,39945.02,"October 14, 2025",9001122334
PAT2653,  Anjali Nair,51,nashik,General,star health,PENDING,16521.57,16 Apr 2024,9673625393
PAT0638,Meera Mehta,30,PUNE,orthopaedics,STAR HEALTH,Under Review,77321.57,2025-04-04,9905783320
PAT2390,meera Sharma,22,AURANGABAD,general,HDFC ERGO,Approved,48525.11,2025-01-10,9350116156
PAT0896,NEHA Desai  ,18,Nashik,PAEDIATRICS,New India,Approved,48502.65,2025-02-06,9766656659
PAT1861,pooja rao,27,PUNE,GYNAECOLOGY,NEW INDIA,pending,,05-09-2025,9861411019
PAT1429,AISHA kumar,68,Kolhapur,neurology,UNITED INDIA,under review,56472.08,04/05/2023,9876543210
PAT2415,deepa Iyer,64,Nagpur,PAEDIATRICS,New India  ,  Pending,33797.13,23/12/2024,
PAT0446,  anjali rao,66,NASHIK,neurology,bajaj allianz,approved,,2025-10-08,9890461268
PAT1765,divya PATIL,72,mumbai,Emergency,UNITED INDIA,UNDER REVIEW,,08-08-2023,
PAT0095,Meera nair,44,Thane,Paediatrics,reliance health,approved,55197.3,15-05-2023,9405100495
PAT1645,Riya Iyer,37,THANE,general,New India  ,Pending,23988.56,23 Oct 2023,9517256515
PAT0244,Anjali NAIR,22,Pune,neurology,New India,under review,50893.26,"November 22, 2024",9468006578
PAT2566,sneha mehta,71,Nagpur,GENERAL,  HDFC Ergo,REJECTED,,25-09-2024,9290801865
PAT0320,Geeta singh,69,  Mumbai,General,hdfc ergo,APPROVED,24970.8,21 Jul 2025,9628276702
PAT2810,Sneha Joshi,65,pune,CARDIOLOGY,NEW INDIA,REJECTED,22136.01,2024-07-31,9842998776
PAT1711,Aisha kumar,51,Mumbai,gynaecology,HDFC Ergo,Under Review,,27-03-2023,9675858195
PAT1104,Sunita kumar,28,Pune,general,Star Health  ,  Rejected,35284.1,24 Sep 2023,9876543210
PAT1292,sneha Gupta,60,Pune,Dermatology,New India,  Rejected,70480.53,27-08-2025,9397264190
PAT1417,Geeta PATIL,53,solapur,paediatrics,RELIANCE HEALTH,  Pending,12458.58,24/09/2024,9378930456
PAT2233,SNEHA Nair  ,69,  Solapur,Neurology,Star Health,rejected,,"October 17, 2023",9672264692
PAT2235,Sunita mehta,48,  Mumbai,Orthopaedics,new india,Approved  ,60386.18,2024-08-03,
PAT0568,geeta Iyer,31,  Pune,paediatrics,new india,Pending,,2024-10-09,9170884445
PAT2811,geeta rao,41,nagpur,EMERGENCY,hdfc ergo,UNDER REVIEW,77095.33,05-07-2024,9818444859
PAT1534,Priya kumar,51,Nagpur,Emergency,new india,UNDER REVIEW,65098.67,2024-08-17,9430018434
PAT0076,Priya singh,26,AURANGABAD,Neurology,HDFC Ergo,  Approved,2678.42,31-01-2023,9447646966
PAT1300,lakshmi Sharma,,Nagpur,dermatology,united india,  Rejected,46531.84,"June 10, 2025",9736821089
PAT2061,divya Kumar,64,NAGPUR,emergency,New India  ,under review,55265.86,"August 24, 2024",9876543210
PAT0757,REKHA singh,37,aurangabad,Paediatrics,star health,Under Review,32953.72,01/01/2024,
PAT1120,geeta rao,,solapur,Gynaecology,reliance health,PENDING,59269.89,03-03-2023,9881349685
PAT1898,PRIYA SINGH,43,AURANGABAD,cardiology,reliance health,Rejected,,09 Mar 2025,9988102787
PAT0178,sunita NAIR,42,Nagpur,Gynaecology,UNITED INDIA,Pending,41874.75,15/10/2023,9157564650
PAT1054,Deepa Singh,30,solapur,PAEDIATRICS,reliance health,REJECTED,,24 Aug 2025,9149181057
PAT2400,rekha VERMA,62,NASHIK,dermatology,new india,under review,6869.3,2023-06-26,9568961394
PAT0299,Geeta Gupta,41,MUMBAI,EMERGENCY,Star Health,Pending,,"July 19, 2024",9729298787
PAT1365,RIYA rao  ,61,NASHIK,orthopaedics,RELIANCE HEALTH,rejected,,25 Aug 2023,9190230175
PAT1863,Deepa kumar,65,solapur,Orthopaedics,  Bajaj Allianz,UNDER REVIEW,28777.52,03 Jul 2024,9177246574
PAT2689,neha nair,69,solapur,emergency,bajaj allianz,  Pending,22803.44,2025-03-10,9706113301
PAT2076,Lakshmi KUMAR,35,Nashik,Dermatology,  HDFC Ergo,under review,82167.24,27-04-2024,
PAT2978,lakshmi desai,46,nashik,Paediatrics,hdfc ergo,APPROVED,31201.21,24-01-2025,
PAT2660,  Rekha desai,29,Aurangabad,General,reliance health,Under Review,33887.0,2024-10-16,9465281380
PAT2094,Lakshmi kumar  ,28,MUMBAI,emergency,  HDFC Ergo,rejected,50593.68,25/07/2024,9001122334
PAT2788,Divya sharma,55,Pune  ,cardiology,Star Health,Rejected,31855.3,2023-09-23,9519998167
PAT0010,NEHA Rao,54,PUNE,CARDIOLOGY,UNITED INDIA,APPROVED,45513.67,15/09/2023,9277303722
PAT1732,DIVYA iyer,59,pune,Dermatology,STAR HEALTH,Approved  ,57485.04,28 May 2025,
PAT2183,Neha Kumar,62,Kolhapur,Orthopaedics,Star Health,  Rejected,48725.89,08 Apr 2025,
PAT0514,  Geeta joshi,36,aurangabad,Cardiology,Star Health  ,Approved  ,36138.46,16-09-2024,9624838194
PAT1761,REKHA joshi,61,  Solapur,General,united india,PENDING,8946.47,21/12/2023,9932578498
PAT2677,  Deepa SINGH,26,thane,emergency,STAR HEALTH,  Pending,53346.64,2025-02-05,9544181373
PAT0738,Geeta Gupta,25,NASHIK,orthopaedics,star health,PENDING,55417.23,2025-07-18,
PAT1074,meera Verma,51,Mumbai,PAEDIATRICS,RELIANCE HEALTH,pending,5922.02,02/07/2024,9001122334
PAT1392,Deepa desai,71,  Mumbai,cardiology,hdfc ergo,Rejected,50409.72,2025-12-06,9604544064
PAT2445,PRIYA Gupta,38,Pune  ,Gynaecology,BAJAJ ALLIANZ,  Rejected,44088.23,2023-10-14,
PAT1368,Divya SHARMA,52,pune,GYNAECOLOGY,hdfc ergo,  Approved,36098.61,21/05/2023,9745185020
PAT2692,priya Patil,,nashik,paediatrics,  Star Health,under review,27716.14,16-01-2025,
PAT2458,DIVYA Sharma  ,69,pune,CARDIOLOGY,New India  ,pending,,21/01/2025,
PAT0470,Rekha rao,,Pune,EMERGENCY,Reliance Health,Pending,67341.13,2023-10-06,9436856223
PAT2090,Kavya KUMAR,70,Pune  ,Gynaecology,bajaj allianz,REJECTED,68954.0,16-02-2023,9144838190
PAT2781,  Anjali Gupta,35,  Solapur,emergency,bajaj allianz,PENDING,17175.43,"July 23, 2024",9683825326
PAT2987,Neha Desai,72,Pune  ,Paediatrics,reliance health,rejected,,19/05/2024,9878465019
PAT0312,Riya Nair,67,thane,general,STAR HEALTH,  Rejected,39687.05,24/10/2023,9552922001
PAT2918,kavya verma,72,NASHIK,general,HDFC ERGO,Under Review,968.07,2025-06-29,9681578551
PAT1240,SNEHA Mehta,60,Pune  ,Gynaecology,united india,rejected,76558.26,2025-01-01,
PAT2467,Deepa KUMAR,44,thane,orthopaedics,  Bajaj Allianz,Approved,8599.38,22 Jan 2024,9281768427
PAT1785,  REKHA Desai,28,  Mumbai,GENERAL,  Star Health,pending,,"August 22, 2023",9530010569
PAT2407,DIVYA Iyer,55,Aurangabad,Paediatrics,United India,  Pending,57930.73,"June 27, 2025",9001122334
PAT3000,pooja Gupta,,nashik,dermatology,reliance health,REJECTED,62675.11,"August 02, 2023",9657360379
PAT2388,REKHA Mehta  ,18,Pune  ,PAEDIATRICS,Star Health,UNDER REVIEW,14453.83,11/06/2024,9848299458
PAT1149,riya mehta,65,Aurangabad,gynaecology,star health,pending,49218.41,2025-08-20,9199781992
PAT2219,neha Gupta,19,AURANGABAD,EMERGENCY,bajaj allianz,Rejected,66969.63,24/09/2023,9829690085
PAT0903,riya NAIR  ,70,Solapur,General,Bajaj Allianz,Pending,58055.77,02/04/2023,9337905905
PAT0253,  rekha kumar,19,Solapur,orthopaedics,UNITED INDIA,UNDER REVIEW,,"April 22, 2025",
PAT0523,sunita MEHTA,52,mumbai,GYNAECOLOGY,bajaj allianz,Under Review,47410.36,2023-03-27,9766503678
PAT0261,anjali kumar,50,Pune  ,GENERAL,Star Health,approved,37072.48,16 Sep 2025,9842833609
PAT1760,Deepa Gupta  ,68,MUMBAI,emergency,  Bajaj Allianz,rejected,37327.35,2025-10-08,9988776655
PAT2266,PRIYA JOSHI,,Kolhapur,gynaecology,reliance health,PENDING,79966.42,06/06/2025,9876543210
PAT2650,Sneha Desai  ,53,MUMBAI,Dermatology,  HDFC Ergo,PENDING,72002.58,"December 22, 2023",
PAT1514,sunita Sharma,59,  Mumbai,GYNAECOLOGY,reliance health,  Approved,55019.39,2023-04-17,9929356891
PAT1754,divya Gupta,71,Thane,Paediatrics,hdfc ergo,APPROVED,61752.65,2023-07-25,9718587449
PAT1048,anjali nair,60,Aurangabad,Neurology,united india,pending,12829.86,08-03-2025,9811143027
PAT0869,anjali desai,73,NASHIK,neurology,united india,Under Review,79891.86,30/10/2025,9648579657
PAT0576,NEHA Iyer,45,Aurangabad,emergency,United India,Approved  ,67555.7,"February 10, 2023",9988776655
PAT1510,anjali joshi,74,Thane,gynaecology,HDFC ERGO,under review,,13 Jan 2023,9755783483
PAT1671,Rekha sharma,53,kolhapur,Orthopaedics,reliance health,Approved  ,,29-06-2025,9982636511
PAT2642,divya sharma,35,thane,dermatology,UNITED INDIA,  Rejected,77974.17,2025-04-26,9710433423
PAT2438,RIYA PATIL  ,30,nagpur,Neurology,hdfc ergo,  Rejected,21707.82,25 Nov 2023,9199755676
PAT2496,deepa VERMA,21,solapur,CARDIOLOGY,New India,APPROVED,23288.5,"June 11, 2024",
PAT0259,Neha Nair,36,AURANGABAD,Dermatology,NEW INDIA,  Approved,,"December 03, 2023",9874768179
PAT1258,  Meera Verma,57,nashik,dermatology,Star Health  ,PENDING,,2023-11-15,9623207215
PAT2190,Kavya NAIR  ,23,  Pune,PAEDIATRICS,New India  ,Approved  ,46142.11,2025-06-10,9660593509
PAT0319,Deepa SINGH,53,NASHIK,gynaecology,United India,Under Review,14296.27,"March 09, 2025",9123456789
PAT0876,anjali KUMAR,63,  Solapur,GENERAL,New India,PENDING,7984.41,12/01/2025,9998409575
PAT0057,priya gupta,18,AURANGABAD,General,STAR HEALTH,PENDING,77642.57,2025-08-03,9869446962
PAT0268,sneha Mehta,25,nagpur,cardiology,United India,  Pending,11490.62,2024-06-06,9266221352
PAT2469,NEHA mehta  ,21,Solapur,Paediatrics,Star Health,under review,27517.09,16-12-2025,9412688014
PAT2927,deepa SHARMA,61,Pune,dermatology,united india,  Pending,70415.07,01/11/2023,9335136497
PAT0218,sneha gupta,58,PUNE,EMERGENCY,new india,under review,,05/03/2024,9945056299
PAT1874,geeta Mehta,33,Aurangabad,EMERGENCY,new india,UNDER REVIEW,38097.54,"December 18, 2024",9139406767
PAT0718,geeta Singh,72,Solapur,emergency,  Star Health,Under Review,,14/02/2023,9358430218
PAT1697,Kavya kumar,29,Kolhapur,GYNAECOLOGY,new india,Approved,49873.92,17-03-2024,9248695033
PAT0344,lakshmi sharma,31,Mumbai,dermatology,Bajaj Allianz,  Pending,53147.05,2023-10-17,9665646221
PAT1550,sneha RAO,44,THANE,GENERAL,New India  ,Under Review,,14/04/2025,9718709384
PAT2405,kavya gupta  ,60,Aurangabad,Emergency,NEW INDIA,  Approved,12487.3,16/09/2024,9121175218
PAT1834,SNEHA Singh,39,mumbai,Neurology,united india,Rejected,70433.37,06/01/2023,9210715242
PAT1313,  Meera Joshi,36,mumbai,Neurology,United India,pending,2081.55,"April 20, 2024",9896127498
PAT1051,  Aisha singh,19,Thane,GYNAECOLOGY,Reliance Health,UNDER REVIEW,83858.67,09/11/2025,9660523548
PAT1097,divya Gupta,41,solapur,GYNAECOLOGY,Bajaj Allianz,Approved  ,47917.45,05-02-2023,9537519919
PAT2259,Neha nair,19,mumbai,general,United India,under review,62543.07,"February 12, 2023",9933017703
PAT0384,MEERA NAIR,44,Pune  ,neurology,reliance health,Approved  ,,2023-05-27,9806443412
PAT0082,Deepa Patil,40,  Pune,Emergency,Bajaj Allianz,pending,41245.0,10-08-2023,9918841563
PAT0634,pooja Joshi,59,MUMBAI,gynaecology,bajaj allianz,  Approved,,12 Dec 2024,9857483748
PAT1273,  pooja Joshi,52,  Solapur,Cardiology,BAJAJ ALLIANZ,rejected,79663.53,19 Sep 2024,9916492419
PAT1786,Sneha Verma,57,thane,Dermatology,Reliance Health,  Pending,40811.93,06 Aug 2024,9161074677
PAT1347,REKHA JOSHI  ,24,solapur,Neurology,HDFC ERGO,APPROVED,39969.01,"June 29, 2025",9846028910
PAT2433,neha Verma,37,AURANGABAD,Orthopaedics,New India,under review,15686.72,"March 08, 2025",9833732135
PAT0927,Aisha RAO,68,Nagpur,General,RELIANCE HEALTH,rejected,,10-12-2024,9386337455
PAT0990,  geeta singh,45,Mumbai,cardiology,reliance health,approved,,22 Nov 2024,9358428472
PAT2583,Anjali NAIR,45,mumbai,orthopaedics,Bajaj Allianz,  Pending,27383.99,29-05-2023,9455720660
PAT1840,  Pooja NAIR,70,mumbai,neurology,HDFC Ergo,  Approved,74547.48,06/08/2025,9730961932
PAT2663,Kavya Rao,20,NASHIK,Orthopaedics,united india,  Approved,13621.88,2024-11-10,9374898391
PAT2934,Deepa Rao,67,NASHIK,dermatology,STAR HEALTH,rejected,,01 Apr 2024,9700999780
PAT0382,Deepa Nair,57,Aurangabad,PAEDIATRICS,Star Health  ,Rejected,,2023-04-19,9485735987
PAT2975,anjali JOSHI,48,solapur,paediatrics,Star Health,  Pending,75316.06,23/11/2023,9773552398
PAT2119,anjali iyer,37,Aurangabad,Gynaecology,HDFC ERGO,Under Review,47887.07,27 Feb 2024,9704078870
PAT1734,DIVYA Sharma,30,Kolhapur,general,  Bajaj Allianz,Rejected,8499.15,13-09-2023,9349946179
PAT1894,Neha joshi  ,52,  Pune,Emergency,hdfc ergo,under review,61532.41,16-11-2025,9400066089
PAT0596,anjali singh,48,solapur,gynaecology,UNITED INDIA,Rejected,32331.88,13/11/2024,9886685642
PAT2794,RIYA gupta  ,74,  Mumbai,EMERGENCY,STAR HEALTH,Rejected,30000.18,"April 17, 2023",9876543210
PAT2106,divya Singh,48,PUNE,gynaecology,hdfc ergo,Under Review,75915.72,25 May 2025,9356856898
PAT1340,rekha Desai,30,  Pune,dermatology,Star Health,approved,37003.24,2025-04-19,9858309093
PAT1869,Deepa verma,70,nagpur,EMERGENCY,RELIANCE HEALTH,Approved  ,4562.58,12/11/2024,9951808336
PAT1284,neha MEHTA,27,solapur,general,HDFC ERGO,pending,51486.43,2023-12-23,9842159490
PAT0504,DIVYA joshi,68,MUMBAI,orthopaedics,United India,Under Review,76386.51,23-11-2025,9926944269
PAT2988,geeta iyer,52,Thane,Orthopaedics,BAJAJ ALLIANZ,approved,16189.65,25 Feb 2024,9463850613
PAT0060,Lakshmi rao,33,kolhapur,PAEDIATRICS,HDFC ERGO,Under Review,,"August 26, 2025",9981270974
PAT2929,geeta Kumar,34,Aurangabad,Gynaecology,RELIANCE HEALTH,PENDING,,15 Mar 2023,9988776655
PAT0545,Divya Rao,41,Solapur,Gynaecology,Bajaj Allianz,Under Review,6024.4,23/10/2023,9506084357
PAT1295,Sneha Verma,19,  Mumbai,Gynaecology,United India,Pending,6509.69,2025-10-13,9260708160
PAT0367,lakshmi Verma,48,Pune  ,EMERGENCY,united india,rejected,69297.08,25 Apr 2023,9438768594
PAT0771,Priya SHARMA,51,  Pune,Dermatology,New India  ,UNDER REVIEW,,02-08-2024,
PAT0895,divya Nair,39,NAGPUR,Orthopaedics,Bajaj Allianz,  Pending,,05 May 2023,
PAT0694,SNEHA Nair,60,solapur,gynaecology,RELIANCE HEALTH,APPROVED,,2025-10-09,9602672650
PAT0327,Anjali Joshi,53,THANE,EMERGENCY,NEW INDIA,under review,2304.31,12-02-2025,9142400500
PAT0158,aisha KUMAR,32,nashik,CARDIOLOGY,Reliance Health,approved,,"February 15, 2025",9876543210
PAT0162,  aisha rao,49,MUMBAI,paediatrics,bajaj allianz,  Rejected,57934.22,2025-02-17,9364623437
PAT1716,Priya KUMAR,18,AURANGABAD,Emergency,UNITED INDIA,Approved  ,71680.27,24/07/2025,9279226001
PAT2492,  AISHA NAIR,56,solapur,General,HDFC ERGO,under review,51802.99,2023-10-29,9851676755
PAT2823,Riya JOSHI,33,aurangabad,GENERAL,HDFC ERGO,Rejected,53728.01,2024-10-26,9123456789
PAT1636,Deepa Sharma  ,30,  Mumbai,Gynaecology,star health,REJECTED,63904.93,27/08/2025,9783948029
PAT1454,RIYA KUMAR,28,kolhapur,Gynaecology,new india,  Pending,33829.1,"December 17, 2025",9299647787
PAT1184,Divya desai,64,MUMBAI,paediatrics,reliance health,Pending,74279.72,2025-04-14,9537692063
PAT0107,Kavya SHARMA,59,mumbai,general,RELIANCE HEALTH,UNDER REVIEW,69071.55,"May 10, 2023",
PAT1317,  divya Sharma,24,Mumbai,gynaecology,Star Health,PENDING,,09-02-2024,9888194386
PAT1579,Meera RAO,50,  Solapur,GENERAL,STAR HEALTH,Approved  ,11380.88,11 Jul 2025,9162071486
PAT1009,priya kumar,47,NASHIK,emergency,new india,Rejected,68203.42,"September 10, 2023",9651872849
PAT1456,Neha MEHTA,43,aurangabad,General,RELIANCE HEALTH,Approved  ,11094.64,"December 19, 2025",9752170882
PAT2422,deepa mehta,23,Solapur,GYNAECOLOGY,new india,REJECTED,81217.81,03/06/2025,9682622114
PAT0668,Pooja Sharma,72,Pune  ,EMERGENCY,united india,  Approved,,"January 20, 2024",9745258023
PAT0097,Kavya PATIL,41,pune,paediatrics,New India,Pending,29376.38,22/09/2025,9182855381
PAT0038,Aisha rao,66,nagpur,Neurology,United India,  Pending,40240.93,17-04-2023,9876543210
PAT2182,Sneha Mehta,65,Aurangabad,GENERAL,BAJAJ ALLIANZ,Approved  ,,05/11/2023,9811622347
PAT0670,Lakshmi iyer,52,Nagpur,Dermatology,new india,  Approved,39270.59,03/02/2025,9568018466
PAT2080,Kavya Joshi,33,MUMBAI,cardiology,hdfc ergo,under review,15394.04,2025-10-04,9273893633
PAT1044,Meera VERMA,61,Aurangabad,Neurology,BAJAJ ALLIANZ,pending,20603.54,30/05/2025,9985864250
PAT2565,Priya NAIR,25,Kolhapur,EMERGENCY,HDFC Ergo,  Pending,40396.58,"December 25, 2023",9599649398
PAT2970,kavya SINGH,23,solapur,gynaecology,new india,Under Review,20683.64,13/04/2023,9655637824
PAT0724,lakshmi rao,69,thane,GYNAECOLOGY,  Star Health,Pending,32955.05,2025-05-10,
PAT0313,rekha Iyer,28,Nashik,GYNAECOLOGY,new india,rejected,60531.63,20-03-2025,9489945274
PAT0129,  anjali mehta,62,Mumbai,General,Bajaj Allianz,UNDER REVIEW,62678.25,08/05/2023,9811060614
PAT2216,Aisha Singh,23,  Solapur,General,new india,REJECTED,62870.55,01 Feb 2025,9768581293
PAT0199,NEHA NAIR,72,Pune,dermatology,RELIANCE HEALTH,Under Review,21478.24,17-10-2024,9228205773
PAT0698,SNEHA Nair,50,Nagpur,Dermatology,new india,approved,31746.47,"April 11, 2023",9415686428
PAT1558,NEHA joshi  ,62,Nagpur,PAEDIATRICS,Star Health,PENDING,35008.85,10/05/2025,9580655111
PAT1905,anjali sharma,37,Pune,CARDIOLOGY,Star Health  ,PENDING,48779.65,22 Jan 2025,9617748676
PAT0447,riya kumar,72,Nagpur,gynaecology,STAR HEALTH,UNDER REVIEW,31548.8,"January 27, 2023",9661204449
PAT0541,MEERA mehta,60,aurangabad,general,  Bajaj Allianz,rejected,48335.19,18 Nov 2024,9212579573
PAT0826,RIYA Joshi,31,kolhapur,general,united india,PENDING,37988.7,10/05/2024,9219354239
PAT1177,lakshmi PATIL,30,nagpur,Emergency,STAR HEALTH,Rejected,8232.06,22/06/2023,9977399710
PAT1379,priya JOSHI,54,Pune,paediatrics,new india,Approved  ,36431.55,16 May 2025,9501223842
PAT2307,  meera Nair,30,Pune,PAEDIATRICS,  HDFC Ergo,Under Review,10901.0,"February 20, 2025",9001122334
PAT1052,Pooja Desai,69,nashik,PAEDIATRICS,Star Health,APPROVED,75266.33,09-05-2024,9817739417
PAT1018,kavya Kumar,68,THANE,EMERGENCY,Star Health  ,approved,,2023-12-30,9493813053
PAT1102,MEERA RAO,19,Pune,CARDIOLOGY,New India  ,approved,24096.38,23 Aug 2024,
PAT2519,PRIYA JOSHI,41,Aurangabad,emergency,hdfc ergo,under review,9934.98,05 Feb 2025,9923034405
PAT1615,rekha Nair,58,aurangabad,Neurology,  Bajaj Allianz,  Approved,37845.07,2024-11-20,9182594982
PAT0922,Kavya NAIR,67,pune,Emergency,RELIANCE HEALTH,REJECTED,49923.31,"January 08, 2024",9821298658
PAT1282,rekha desai,43,Aurangabad,EMERGENCY,RELIANCE HEALTH,APPROVED,14398.43,13/03/2023,9471367801
PAT2979,Rekha Patil  ,45,thane,Emergency,NEW INDIA,Rejected,82793.04,19-05-2025,9249248065
PAT1854,REKHA sharma,69,thane,gynaecology,bajaj allianz,  Rejected,,"July 26, 2024",9908781262
PAT1993,rekha mehta,48,Kolhapur,PAEDIATRICS,united india,approved,31367.11,"July 27, 2023",9596613682
PAT2323,Neha Kumar,51,thane,Paediatrics,  HDFC Ergo,  Approved,57462.41,"June 09, 2025",9250837560
PAT1134,anjali rao,18,Nashik,Paediatrics,UNITED INDIA,approved,54023.81,21 May 2025,9404845486
PAT1501,Pooja singh,64,nagpur,CARDIOLOGY,bajaj allianz,under review,81875.09,"December 20, 2024",9601817355
PAT1625,divya Sharma,32,PUNE,Neurology,NEW INDIA,  Pending,62940.19,21-06-2023,9990624412
PAT1649,pooja SHARMA,32,MUMBAI,Neurology,  HDFC Ergo,pending,56767.16,14/09/2025,9953158654
PAT1036,aisha MEHTA  ,55,thane,CARDIOLOGY,HDFC ERGO,UNDER REVIEW,39188.59,21-10-2024,9001122334
PAT0112,  deepa SHARMA,41,nagpur,Emergency,star health,Approved  ,80675.59,"January 31, 2025",9668503222
PAT2372,RIYA Rao,68,  Solapur,CARDIOLOGY,bajaj allianz,  Pending,28338.56,"March 05, 2024",9440086600
PAT1726,AISHA NAIR,33,THANE,orthopaedics,Star Health,pending,,10/10/2025,9491773126
PAT2113,Lakshmi joshi,66,thane,gynaecology,  Star Health,  Rejected,,"February 06, 2024",9182494860
PAT1242,Anjali kumar,47,Kolhapur,dermatology,star health,REJECTED,50345.47,2025-01-19,9990382787
PAT0532,Priya Kumar,21,Nashik,General,United India,  Pending,,"November 27, 2025",9146669835
PAT1680,  SNEHA kumar,56,Pune  ,orthopaedics,Star Health,Rejected,,08 Aug 2025,9228015227
PAT0584,  deepa MEHTA,66,Mumbai,Neurology,United India,under review,53263.61,2023-12-07,9397171155
PAT0811,  Riya SHARMA,74,Kolhapur,paediatrics,  HDFC Ergo,Under Review,25524.21,18 Feb 2023,9547815017
PAT0043,RIYA gupta,74,NAGPUR,GYNAECOLOGY,united india,  Rejected,42268.9,27/10/2024,9377403790
PAT0991,divya Gupta,35,AURANGABAD,paediatrics,HDFC ERGO,Approved  ,,10/10/2024,9511535173
PAT0489,DIVYA Kumar,,PUNE,cardiology,Bajaj Allianz,  Approved,35400.14,09 Aug 2025,9728748729
PAT2188,kavya sharma,73,solapur,general,United India,Pending,16600.17,28-12-2025,9749420211
PAT0140,NEHA iyer,66,AURANGABAD,gynaecology,HDFC ERGO,APPROVED,45130.63,2025-01-10,9989889367
PAT1607,PRIYA rao,40,Pune  ,EMERGENCY,STAR HEALTH,UNDER REVIEW,57579.91,31 Mar 2024,9382831675
PAT2301,MEERA Joshi,28,Aurangabad,Cardiology,NEW INDIA,under review,41985.06,2025-10-12,9598372854
PAT0928,SNEHA kumar,60,Nashik,Dermatology,  Star Health,Approved,68626.15,08/08/2023,
PAT0953,SNEHA nair,43,Mumbai,orthopaedics,bajaj allianz,Approved,63389.45,30-07-2024,9271651932
PAT2752,Geeta KUMAR,63,Aurangabad,emergency,RELIANCE HEALTH,  Approved,62074.84,2024-05-25,9221682608
PAT0287,Sunita Verma,,Pune  ,general,HDFC Ergo,PENDING,,29/07/2024,9746414349
PAT1685,NEHA Nair,64,NAGPUR,Emergency,  Bajaj Allianz,Approved  ,24637.82,05/12/2024,9513466574
PAT2161,SNEHA sharma,47,Mumbai,PAEDIATRICS,reliance health,  Rejected,63275.48,10-12-2023,9595214336
PAT2579,deepa NAIR  ,52,mumbai,gynaecology,Star Health,Pending,46499.68,29 Dec 2023,9410826521
PAT2392,Lakshmi nair,62,pune,Dermatology,Star Health  ,Under Review,2066.4,"May 01, 2023",9001122334
PAT1665,  neha JOSHI,29,AURANGABAD,orthopaedics,New India,Approved,40303.09,15 Nov 2023,9734640765
PAT0743,pooja nair,59,THANE,emergency,Star Health,  Approved,56335.61,25/06/2024,9876543210
PAT1652,AISHA desai,20,thane,CARDIOLOGY,  Bajaj Allianz,approved,12700.06,15-02-2024,9453397017
PAT2125,  Sunita kumar,,nashik,Neurology,Reliance Health,rejected,29057.83,"December 26, 2024",9123456789
PAT0275,geeta Sharma,66,thane,Emergency,star health,APPROVED,42989.72,16-08-2024,9569951184
PAT1976,Pooja KUMAR,73,Aurangabad,Emergency,  Star Health,  Approved,68458.06,14-09-2023,9806283231
PAT1963,NEHA Iyer,66,PUNE,Dermatology,star health,under review,79253.8,2023-02-03,9471623279
PAT0377,Neha rao,,aurangabad,Orthopaedics,NEW INDIA,UNDER REVIEW,14932.73,14 Dec 2024,9535602000
PAT1003,Lakshmi verma,52,thane,PAEDIATRICS,Bajaj Allianz,under review,80207.61,25 Dec 2024,9535078702
PAT2697,sunita rao,68,Thane,cardiology,reliance health,Rejected,31241.09,"April 05, 2023",9268661262
PAT1248,  NEHA Gupta,66,mumbai,Paediatrics,new india,Approved,53978.62,2023-01-23,9436192432
PAT1959,meera SHARMA  ,28,pune,EMERGENCY,bajaj allianz,  Approved,80237.55,"August 17, 2024",9326321517
PAT1851,meera Mehta,40,nashik,GENERAL,  HDFC Ergo,under review,34227.28,2024-11-29,9876543210
PAT1613,Rekha nair,59,mumbai,GYNAECOLOGY,HDFC ERGO,Pending,32264.84,2025-02-02,9373041260
PAT1321,NEHA Patil,44,  Mumbai,dermatology,united india,  Approved,40746.26,11-10-2025,9768188021
PAT0711,aisha Desai,56,nashik,Gynaecology,BAJAJ ALLIANZ,Under Review,27749.55,13/10/2023,9314236379
PAT2587,  Deepa Nair,27,Mumbai,Dermatology,BAJAJ ALLIANZ,pending,63244.27,"January 29, 2023",
PAT2359,meera Patil,61,solapur,paediatrics,new india,PENDING,23059.82,"March 15, 2023",9860430837
PAT0784,rekha Desai  ,42,Nashik,Emergency,BAJAJ ALLIANZ,  Pending,62798.94,27/08/2025,9332404394
PAT0436,REKHA Verma,58,Solapur,GENERAL,RELIANCE HEALTH,  Approved,62434.89,05-02-2023,9988776655
PAT2913,Sneha Sharma,38,MUMBAI,Dermatology,Reliance Health,approved,66881.07,2024-01-31,9123456789
PAT1468,divya Nair,67,kolhapur,General,star health,Approved  ,61215.47,"July 15, 2025",9587067847
PAT1924,lakshmi JOSHI,30,THANE,CARDIOLOGY,  HDFC Ergo,Pending,48443.94,17/04/2025,9815684382
PAT0002,MEERA iyer,69,pune,Gynaecology,RELIANCE HEALTH,Under Review,13638.02,2024-11-20,9988776655
PAT2869,Aisha Kumar,69,aurangabad,EMERGENCY,Star Health  ,  Rejected,,"November 25, 2023",9750660729
PAT2454,Pooja Kumar,40,  Pune,neurology,  Bajaj Allianz,  Rejected,,"April 09, 2023",9639183211
PAT2027,neha iyer,56,Kolhapur,CARDIOLOGY,  Star Health,pending,84107.6,2024-04-02,9602227590
PAT1771,AISHA KUMAR,22,AURANGABAD,orthopaedics,HDFC ERGO,Under Review,8633.82,04/06/2023,9579326098
PAT1525,aisha KUMAR,51,Nagpur,neurology,BAJAJ ALLIANZ,APPROVED,,27 Sep 2024,9815731734
PAT2597,Priya sharma,43,Aurangabad,Dermatology,RELIANCE HEALTH,  Pending,45281.39,"November 05, 2024",9938305702
PAT0077,priya Mehta,44,Aurangabad,Orthopaedics,STAR HEALTH,UNDER REVIEW,31092.29,"August 12, 2023",9146562851
PAT0472,  RIYA SINGH,74,nagpur,Emergency,HDFC ERGO,Approved,78502.99,2024-04-13,9852973431
PAT2691,Aisha patil,23,AURANGABAD,Emergency,Bajaj Allianz,UNDER REVIEW,42139.6,28/03/2024,9143476282
PAT0384,MEERA NAIR,44,Pune  ,neurology,reliance health,Approved  ,,2023-05-27,9806443412
PAT1287,Rekha Gupta,53,solapur,Gynaecology,RELIANCE HEALTH,APPROVED,42158.09,09-06-2025,9532221032
PAT0936,AISHA KUMAR,68,nagpur,general,united india,under review,62849.1,"February 28, 2025",9946393426
PAT2761,DIVYA singh,38,Pune  ,CARDIOLOGY,UNITED INDIA,Rejected,27941.52,2024-04-23,9390271655
PAT2290,  Geeta Gupta,34,Nagpur,Dermatology,new india,rejected,48963.88,2023-10-20,9800558111
PAT0690,SNEHA rao,,nashik,general,UNITED INDIA,  Approved,79735.97,2023-07-30,9248964957
PAT2494,SNEHA iyer  ,29,aurangabad,Gynaecology,bajaj allianz,Under Review,81809.29,13/11/2025,9285383750
PAT1839,Divya MEHTA,32,nashik,dermatology,BAJAJ ALLIANZ,APPROVED,61042.29,2023-03-26,9169826132
PAT0980,Divya mehta,31,  Pune,Gynaecology,New India  ,APPROVED,,18 Sep 2023,9612914010
PAT0030,meera Rao,37,nashik,gynaecology,United India,rejected,37862.5,13 Mar 2024,9954725078
PAT1564,lakshmi Verma,34,MUMBAI,Cardiology,Reliance Health,  Approved,14353.13,"January 07, 2025",9977654790
PAT2448,Rekha joshi  ,58,Thane,orthopaedics,New India,pending,14543.53,2025-01-26,9816237300
PAT0508,sunita Rao,28,pune,Cardiology,bajaj allianz,  Pending,65916.33,15 May 2025,9988776655
PAT1007,  Riya nair,59,Nagpur,CARDIOLOGY,  Bajaj Allianz,Rejected,43811.45,2025-09-04,9614814659
PAT0371,riya rao  ,51,Solapur,orthopaedics,hdfc ergo,approved,60805.74,2025-12-05,
PAT1301,deepa Rao,70,Mumbai,PAEDIATRICS,NEW INDIA,Under Review,3353.96,2024-11-08,
PAT1870,riya patil  ,70,NASHIK,General,united india,Approved  ,31294.4,29/03/2023,9483773375
PAT0225,REKHA Gupta,70,Aurangabad,General,bajaj allianz,UNDER REVIEW,20411.75,2024-09-04,9137289436
PAT1136,  Riya iyer,50,thane,Gynaecology,NEW INDIA,Rejected,81509.44,12/12/2025,9683433416
PAT1947,Lakshmi mehta,50,  Pune,GYNAECOLOGY,HDFC ERGO,Approved,20141.47,28/11/2024,9323543839
PAT2252,Kavya Nair,39,mumbai,paediatrics,NEW INDIA,under review,65903.44,2025-12-13,9144043478
PAT2514,sunita desai,62,  Mumbai,gynaecology,NEW INDIA,  Approved,,14/04/2023,9438372710
PAT1885,geeta Kumar,51,Nashik,Paediatrics,reliance health,  Approved,59957.21,13-08-2023,9813589993
PAT1035,  SNEHA patil,62,AURANGABAD,gynaecology,UNITED INDIA,REJECTED,,"March 08, 2025",9971673736
PAT1369,meera Kumar,50,AURANGABAD,Gynaecology,bajaj allianz,APPROVED,15210.46,31/08/2025,
PAT0250,Anjali Singh,36,  Mumbai,general,star health,  Approved,74364.87,18-08-2024,9893001503
PAT0262,REKHA Mehta,42,Solapur,emergency,  Bajaj Allianz,rejected,33003.99,23-05-2024,9415866432
PAT1688,  lakshmi iyer,53,PUNE,EMERGENCY,new india,UNDER REVIEW,34872.86,01 Jun 2023,
PAT2297,riya SHARMA,69,solapur,neurology,NEW INDIA,Approved  ,28727.14,19-02-2024,9510381500
PAT1968,priya PATIL,57,nashik,emergency,HDFC ERGO,Approved,82774.12,2024-07-23,9791294306
PAT2901,neha VERMA,67,Pune,Gynaecology,New India,APPROVED,,"January 14, 2025",9488330186
PAT1408,  REKHA PATIL,66,  Solapur,neurology,  Bajaj Allianz,Under Review,47482.22,"November 18, 2025",9163122517
PAT1117,Neha VERMA,23,nashik,paediatrics,united india,under review,63974.24,"March 15, 2023",9352630965
PAT1230,deepa Patil,20,Pune,general,STAR HEALTH,Under Review,58001.02,"January 10, 2023",9801846847
PAT2822,NEHA NAIR,59,kolhapur,Neurology,Star Health  ,pending,78846.88,22 Jan 2024,9483590806
PAT0565,Meera patil,,  Mumbai,orthopaedics,united india,REJECTED,60867.84,26/12/2025,9876543210
PAT1855,deepa PATIL,31,Aurangabad,Cardiology,hdfc ergo,rejected,,09 Jun 2024,9446445097
PAT0219,  Anjali Sharma,28,Nagpur,GENERAL,New India  ,REJECTED,9070.71,08 Sep 2025,9274651099
PAT2652,Kavya Joshi,66,aurangabad,GENERAL,united india,Pending,21815.47,02-07-2025,
PAT0763,MEERA Singh,29,thane,GENERAL,New India,Approved  ,74510.5,23/11/2025,
PAT2501,Divya Nair,43,pune,GENERAL,new india,APPROVED,7857.63,01 Jul 2023,9812197523
PAT1911,geeta SHARMA,46,thane,gynaecology,  Star Health,APPROVED,33202.91,29-11-2024,9988776655
PAT1067,priya SHARMA,67,Solapur,Cardiology,Star Health,APPROVED,64513.7,2023-06-16,9964762970
PAT2589,Pooja RAO,30,Thane,Orthopaedics,UNITED INDIA,APPROVED,49079.98,10-10-2024,9283292656
PAT1153,  meera Desai,43,solapur,Dermatology,Star Health  ,rejected,49208.3,30/10/2024,9238305910
PAT0217,riya SINGH  ,54,nagpur,Emergency,star health,Pending,78327.73,28 Mar 2024,9455589390
PAT1169,REKHA Rao,49,nagpur,emergency,Bajaj Allianz,UNDER REVIEW,55258.27,"February 11, 2024",9973666467
PAT0157,priya VERMA,69,mumbai,Orthopaedics,  Star Health,Approved  ,52871.48,31-05-2024,9500561082
PAT2393,SNEHA JOSHI,55,Thane,Neurology,NEW INDIA,Pending,84659.14,24 Oct 2024,9123456789
PAT2581,lakshmi JOSHI,27,Aurangabad,Cardiology,HDFC ERGO,pending,34741.57,11 Apr 2023,9816712260
PAT0981,sunita patil,66,Nagpur,EMERGENCY,NEW INDIA,PENDING,34840.08,2025-06-03,9129705325
PAT2209,RIYA Singh,46,pune,neurology,united india,pending,83357.36,11/12/2025,9432488404
PAT0501,sunita Desai,46,THANE,general,  Star Health,  Approved,52015.92,28 Jul 2023,
PAT1217,Deepa Kumar,45,  Mumbai,CARDIOLOGY,STAR HEALTH,Approved,33707.43,29-01-2025,9855999768
PAT0323,meera mehta,42,pune,Orthopaedics,RELIANCE HEALTH,PENDING,82885.15,2024-05-21,9200889109
PAT2314,PRIYA mehta,41,NAGPUR,EMERGENCY,NEW INDIA,Under Review,52198.06,08/02/2024,9505409929
PAT0951,priya Patil,48,Pune,cardiology,HDFC ERGO,PENDING,81148.58,09 Oct 2023,9781107293
PAT1737,meera Kumar,71,  Solapur,Dermatology,Star Health,pending,34053.43,20-03-2025,9788079363
PAT2123,Aisha patil  ,37,nagpur,Cardiology,hdfc ergo,  Rejected,,23 Nov 2025,9123767568
PAT2693,rekha patil,29,nashik,General,Star Health  ,UNDER REVIEW,,03/10/2023,9159404363
PAT2128,  AISHA nair,69,  Solapur,Neurology,Star Health,PENDING,45089.82,30 May 2024,9608804585
PAT0034,lakshmi kumar,58,  Mumbai,Dermatology,UNITED INDIA,PENDING,7047.34,08/08/2024,9679984033
PAT2468,Deepa kumar,,mumbai,cardiology,  Bajaj Allianz,Rejected,,23/11/2024,9876543210
PAT1601,REKHA patil,53,kolhapur,neurology,NEW INDIA,  Rejected,70362.42,06 Mar 2024,9541334646
PAT2389,Geeta NAIR,68,nagpur,Paediatrics,hdfc ergo,UNDER REVIEW,,"December 31, 2024",9482355523
PAT2476,rekha Patil,66,  Mumbai,Paediatrics,RELIANCE HEALTH,Under Review,59244.62,"August 09, 2025",9988776655
PAT2074,  riya NAIR,47,  Pune,GENERAL,bajaj allianz,  Pending,83873.33,2024-01-05,9123456789
PAT1747,divya Singh,42,solapur,General,bajaj allianz,Under Review,74352.87,11-02-2024,9702975115
PAT2134,meera gupta,27,THANE,dermatology,hdfc ergo,pending,57495.5,24-08-2025,9716089756
PAT2237,rekha Verma,33,pune,General,STAR HEALTH,  Pending,75658.23,04-07-2025,9667048342
PAT1105,Sunita Verma,28,kolhapur,emergency,STAR HEALTH,  Pending,,09 Dec 2025,9313072521
PAT1995,geeta kumar  ,58,solapur,Paediatrics,NEW INDIA,UNDER REVIEW,,17 Apr 2024,9242077808
PAT1585,AISHA NAIR,27,mumbai,Neurology,New India,  Pending,,15 Nov 2025,9105302432
PAT1592,Kavya RAO,73,pune,general,hdfc ergo,Rejected,19711.72,"June 20, 2025",9594217455
PAT2637,Anjali iyer,44,pune,orthopaedics,Reliance Health,APPROVED,81282.83,"August 18, 2024",9932987121
PAT2601,  Anjali Kumar,38,Pune  ,Neurology,Reliance Health,APPROVED,21126.84,28-02-2025,9653130400
PAT1143,anjali verma,65,aurangabad,GYNAECOLOGY,HDFC Ergo,  Rejected,80090.41,12-11-2024,9932075780
PAT2341,MEERA SHARMA,40,nashik,Orthopaedics,BAJAJ ALLIANZ,Under Review,58700.6,2023-08-13,
PAT2999,  deepa mehta,52,Nashik,Emergency,HDFC Ergo,  Rejected,40503.88,2023-02-08,9748989332
PAT1831,Aisha joshi,,NASHIK,orthopaedics,NEW INDIA,  Rejected,51233.71,2025-02-06,9396595818
PAT2722,Kavya sharma,69,Mumbai,general,HDFC ERGO,  Rejected,62687.16,01/10/2024,9102609910
PAT2626,Aisha SINGH,26,Nagpur,Orthopaedics,new india,  Approved,,23-01-2023,9109018124
PAT0567,MEERA patil,69,Solapur,Gynaecology,HDFC Ergo,approved,9599.28,31-10-2024,9322392664
PAT2165,Anjali iyer,63,Solapur,paediatrics,Reliance Health,  Approved,,"December 17, 2024",9549325412
PAT2294,Rekha Gupta,58,kolhapur,GENERAL,STAR HEALTH,under review,72058.81,"February 05, 2025",9749753522
PAT0622,RIYA Iyer,71,nagpur,orthopaedics,  Star Health,  Approved,11157.44,05 Dec 2024,
PAT1222,Priya Rao,18,Thane,Emergency,NEW INDIA,Approved  ,66745.05,09-01-2025,9226463759
PAT1138,Meera MEHTA,19,AURANGABAD,Gynaecology,UNITED INDIA,  Rejected,7859.26,22/07/2025,9615481523
PAT2205,Divya MEHTA  ,24,THANE,Orthopaedics,reliance health,REJECTED,69679.12,20 Jul 2024,9564002537
PAT2585,Sneha Mehta,36,Nagpur,Emergency,Star Health,  Approved,52254.83,18/11/2024,9213765415
PAT0098,Riya Desai,65,Aurangabad,cardiology,reliance health,rejected,52723.66,10/02/2025,9927959968
PAT1082,sunita verma,42,  Pune,general,Bajaj Allianz,Under Review,61364.17,2025-12-10,
PAT1371,Sneha Desai,40,Nagpur,GENERAL,hdfc ergo,Rejected,32738.1,"June 29, 2023",9274574609
PAT2609,Aisha rao,53,PUNE,dermatology,Star Health  ,  Approved,41950.97,29 Dec 2025,9377298808
PAT2478,lakshmi KUMAR,,Pune  ,gynaecology,bajaj allianz,Approved,83747.37,16-04-2024,9572905822
PAT0124,Riya Sharma,74,  Mumbai,paediatrics,New India  ,REJECTED,,15 Apr 2023,9409883716
PAT0542,Lakshmi SHARMA,58,MUMBAI,GYNAECOLOGY,united india,pending,62572.53,"November 09, 2024",9107221330
PAT0485,Riya rao,53,Kolhapur,PAEDIATRICS,STAR HEALTH,  Rejected,20786.77,2025-03-27,
PAT2387,lakshmi singh  ,34,Mumbai,GYNAECOLOGY,Reliance Health,under review,67046.87,21 Jun 2025,9926498375
PAT2654,Sunita VERMA,68,pune,neurology,united india,rejected,53384.69,20-05-2024,9434012523
PAT1346,sneha Verma,65,  Solapur,Cardiology,New India  ,UNDER REVIEW,8525.13,"March 30, 2023",9986397259
PAT1285,divya Nair,45,PUNE,Dermatology,NEW INDIA,approved,8243.41,11 Apr 2023,9123456789
PAT1932,neha Joshi,54,NAGPUR,Cardiology,  HDFC Ergo,pending,49973.95,01/11/2025,9675016912
PAT2939,SNEHA kumar,45,mumbai,orthopaedics,reliance health,Rejected,54044.92,"August 16, 2025",9755005552
PAT2414,  Aisha NAIR,71,MUMBAI,Emergency,STAR HEALTH,  Approved,69687.98,27-09-2024,9944938577
PAT0326,lakshmi joshi,28,aurangabad,CARDIOLOGY,reliance health,rejected,84744.23,2023-05-03,9675904997
PAT1917,AISHA Mehta  ,75,solapur,Gynaecology,New India,pending,16774.05,2024-05-10,9732849071
PAT0894,AISHA NAIR,39,mumbai,Orthopaedics,New India,REJECTED,36865.5,"May 31, 2024",9315400441
PAT2783,Priya Sharma,40,Nashik,EMERGENCY,Bajaj Allianz,Approved  ,78005.04,2023-07-27,9123456789
PAT1569,  pooja RAO,46,Nashik,General,BAJAJ ALLIANZ,APPROVED,81569.16,2023-09-12,
PAT2464,DIVYA Sharma,64,Mumbai,neurology,Reliance Health,  Approved,17813.65,"August 20, 2023",9988776655
PAT1112,meera rao,54,Thane,general,Star Health,UNDER REVIEW,50237.68,"May 27, 2025",9587021077
PAT0544,meera RAO,30,pune,Gynaecology,  HDFC Ergo,  Approved,,"October 09, 2023",9463336272
PAT0527,meera iyer,49,Thane,PAEDIATRICS,bajaj allianz,APPROVED,55348.72,08 Jun 2023,
PAT0827,Neha JOSHI,22,pune,cardiology,reliance health,Under Review,84622.67,2025-02-28,9868773997
PAT2376,lakshmi verma,67,  Mumbai,Emergency,New India  ,  Pending,21226.33,"September 18, 2024",9001122334
PAT1480,divya RAO,35,Mumbai,orthopaedics,  Star Health,  Approved,56793.09,12 Apr 2023,9734881737
PAT2484,NEHA Iyer,62,Nashik,Gynaecology,United India,pending,68075.58,17 Dec 2025,9309334853
PAT1165,  Pooja verma,,Mumbai,gynaecology,  Bajaj Allianz,  Rejected,68933.68,19-06-2025,9569019932
PAT1556,RIYA Singh,55,Pune  ,cardiology,new india,Rejected,81843.44,30-07-2024,9197241216
PAT1980,  Lakshmi MEHTA,69,NASHIK,PAEDIATRICS,  HDFC Ergo,rejected,80467.92,"November 09, 2023",9743862317
PAT1866,Divya Rao,48,nagpur,General,bajaj allianz,approved,44431.55,"June 04, 2024",9876543210
PAT1990,divya nair,,Thane,cardiology,New India,Pending,34656.46,13/12/2024,9894245956
PAT1635,Divya JOSHI,39,Nagpur,neurology,new india,Approved  ,16189.15,29-03-2025,9575365303
PAT0968,  Anjali verma,33,Thane,PAEDIATRICS,New India,pending,8661.62,2024-01-27,
PAT0406,PRIYA gupta,29,solapur,cardiology,New India,  Approved,14923.25,2023-05-11,9761026097
PAT1167,REKHA sharma,21,NAGPUR,Emergency,UNITED INDIA,under review,,2024-05-31,
PAT0216,NEHA Iyer,38,Pune  ,Gynaecology,United India,UNDER REVIEW,15220.13,31/12/2024,9506286844
PAT0448,  SNEHA desai,24,thane,Gynaecology,STAR HEALTH,REJECTED,29114.37,2025-04-07,9635915400
PAT1517,Riya Rao,19,Solapur,Cardiology,united india,Approved  ,56250.66,25 Nov 2024,9777902474
PAT2812,lakshmi NAIR,61,Nagpur,gynaecology,HDFC ERGO,rejected,82596.76,07-01-2023,
PAT1811,Rekha mehta  ,39,  Mumbai,orthopaedics,bajaj allianz,under review,23718.21,06 Aug 2024,9654421010
PAT0812,priya kumar,56,  Pune,paediatrics,star health,  Rejected,7601.96,13/07/2023,9562890681
PAT2159,rekha Iyer,36,Mumbai,Emergency,reliance health,Under Review,51514.12,20 Nov 2024,9704390162
PAT1830,lakshmi kumar,59,Thane,EMERGENCY,United India,UNDER REVIEW,24216.12,03 Aug 2025,9939637558
PAT1428,aisha kumar,72,Nagpur,PAEDIATRICS,NEW INDIA,  Rejected,72825.72,2024-07-19,9574518501
PAT2611,pooja MEHTA,25,Aurangabad,Paediatrics,NEW INDIA,  Rejected,2341.98,"September 10, 2023",9374093017
PAT0860,Riya nair,44,mumbai,Gynaecology,Bajaj Allianz,Approved  ,68972.01,07-01-2024,9274347449
PAT1563,  anjali gupta,34,solapur,dermatology,united india,  Rejected,1084.37,2025-08-17,9901110220
PAT0236,aisha Desai  ,71,NASHIK,dermatology,Reliance Health,Rejected,9634.83,11-05-2023,9397302928
PAT1023,RIYA gupta,25,solapur,dermatology,BAJAJ ALLIANZ,Rejected,18225.72,2025-08-27,9470532888
PAT0538,Lakshmi RAO,18,Kolhapur,CARDIOLOGY,BAJAJ ALLIANZ,pending,11145.45,08-11-2025,9766633565
PAT1988,Sneha SHARMA,,PUNE,Neurology,New India,Rejected,,31-12-2024,9399913343
PAT2282,priya RAO,63,mumbai,paediatrics,  Bajaj Allianz,Under Review,,20-08-2023,9640951336
PAT1587,MEERA SHARMA,35,Pune  ,gynaecology,Bajaj Allianz,Under Review,,03-04-2023,9890149939
PAT1643,sunita PATIL  ,30,  Solapur,general,STAR HEALTH,Approved,42505.19,"March 02, 2024",9123456789
PAT2828,RIYA verma,21,Pune  ,Cardiology,New India,Approved,60018.87,"January 17, 2023",9244580571
PAT1075,Riya JOSHI,60,thane,neurology,United India,Rejected,21009.52,09/05/2025,9667280402
PAT1948,Sneha Mehta,24,mumbai,orthopaedics,New India,UNDER REVIEW,2328.48,05/02/2025,9159017926
PAT0168,Riya verma,38,nagpur,Neurology,New India  ,REJECTED,,14 Feb 2024,9924223452
PAT0126,sunita Iyer,,Pune  ,Paediatrics,UNITED INDIA,under review,,21/11/2025,9274485243
PAT2444,RIYA patil,24,THANE,GENERAL,New India  ,  Rejected,69537.58,09 Jan 2025,9113536720
PAT2502,Kavya NAIR,24,Aurangabad,Cardiology,Star Health  ,  Pending,25291.84,24-10-2025,9351398311
PAT2485,  NEHA KUMAR,69,  Solapur,Orthopaedics,Reliance Health,Rejected,74121.71,2023-10-29,
PAT1801,Rekha singh  ,,  Solapur,Neurology,HDFC ERGO,REJECTED,,"September 22, 2024",9197561620
PAT1354,sunita Iyer,28,  Pune,cardiology,HDFC Ergo,  Rejected,,2025-07-28,9746209302
PAT1326,  anjali verma,42,thane,Neurology,HDFC ERGO,PENDING,15861.08,13-02-2023,9221318733
PAT1126,anjali VERMA,71,  Pune,GENERAL,  Bajaj Allianz,UNDER REVIEW,17327.99,14 Nov 2024,9192352716
PAT0809,Deepa Patil,58,  Pune,emergency,united india,REJECTED,60665.98,31-12-2025,9555336460
PAT0348,priya singh,43,Solapur,orthopaedics,STAR HEALTH,  Rejected,57790.57,"April 10, 2024",9435418436
PAT0669,Aisha MEHTA,61,kolhapur,Cardiology,NEW INDIA,REJECTED,,20 Sep 2024,9635937468
PAT2874,geeta singh,19,Nagpur,dermatology,STAR HEALTH,under review,13748.15,2024-08-07,9589992035
PAT0883,SNEHA Iyer,29,Thane,PAEDIATRICS,hdfc ergo,  Pending,41519.73,"November 21, 2024",9280971874
PAT1206,RIYA VERMA,75,MUMBAI,Paediatrics,HDFC ERGO,Rejected,,01 Aug 2023,
PAT1193,Aisha NAIR,75,thane,dermatology,  Bajaj Allianz,Under Review,35183.9,"October 31, 2024",9988776655
PAT2665,lakshmi rao  ,,  Solapur,EMERGENCY,BAJAJ ALLIANZ,under review,22196.28,"August 21, 2025",
PAT0091,  kavya gupta,27,Thane,EMERGENCY,STAR HEALTH,Pending,53561.67,08 Aug 2025,9706118438
PAT2768,  kavya VERMA,42,nagpur,Dermatology,star health,  Rejected,63115.38,19-12-2023,
PAT2488,Riya Mehta,46,mumbai,Neurology,united india,pending,55578.3,"December 17, 2025",9971859188
PAT0648,Kavya SINGH,53,Nagpur,GYNAECOLOGY,hdfc ergo,PENDING,,2023-10-10,9505295431
PAT0675,RIYA RAO  ,53,nagpur,gynaecology,  Bajaj Allianz,  Rejected,68212.52,28/05/2025,9881805071
PAT0232,rekha sharma  ,21,MUMBAI,cardiology,united india,approved,60041.57,15-07-2024,9782266083
PAT2509,Meera sharma,27,pune,PAEDIATRICS,HDFC ERGO,pending,34943.62,22 May 2023,9302781985
PAT1844,Rekha Mehta,44,Kolhapur,emergency,  HDFC Ergo,rejected,35734.48,18 Jun 2023,9124597092
PAT0988,  sneha Singh,43,pune,CARDIOLOGY,hdfc ergo,  Pending,38927.27,21 Jul 2024,9154753357
PAT2310,  anjali desai,60,kolhapur,gynaecology,New India,REJECTED,,17 Apr 2024,9247580331
PAT0496,rekha rao,59,Nagpur,GENERAL,  Star Health,UNDER REVIEW,55102.19,"July 07, 2025",
PAT1599,RIYA singh,58,solapur,general,star health,  Pending,83684.4,23-10-2024,
PAT1915,AISHA patil,44,THANE,dermatology,UNITED INDIA,approved,73364.53,"June 21, 2025",9143894791
PAT0432,Divya kumar,46,nashik,Gynaecology,United India,Under Review,,26/06/2023,9664037702
PAT1367,neha joshi,64,thane,neurology,  Star Health,under review,,06 Sep 2024,9747503441
PAT1066,Kavya Gupta,27,Kolhapur,general,STAR HEALTH,Under Review,46698.37,"October 21, 2024",9462582739
PAT1823,Rekha verma,49,Thane,paediatrics,  Bajaj Allianz,  Pending,55430.34,07 Aug 2024,9480256642
PAT2157,Deepa Iyer,43,solapur,general,HDFC ERGO,Rejected,40302.14,01 Sep 2024,9364798825
PAT1253,Priya joshi,29,PUNE,Neurology,united india,under review,59219.31,2023-09-16,9960231593
PAT0914,Lakshmi Verma,52,NASHIK,GYNAECOLOGY,Star Health  ,Rejected,15232.84,06-03-2025,9122481067
PAT1717,lakshmi Verma,66,  Pune,Orthopaedics,Bajaj Allianz,Rejected,,"September 20, 2023",9313051357
PAT0791,meera Joshi  ,46,solapur,cardiology,new india,  Approved,23946.91,02 Feb 2024,9821544753
PAT0081,SNEHA PATIL,41,THANE,orthopaedics,bajaj allianz,approved,47954.05,2024-11-06,9905611583
PAT1185,  Priya RAO,38,AURANGABAD,Dermatology,  Star Health,  Rejected,70639.97,14/02/2023,9905817961
PAT0443,anjali MEHTA,60,NASHIK,Cardiology,STAR HEALTH,Approved  ,80085.9,13-12-2024,9882278994
PAT1182,Meera Nair,58,Nagpur,Neurology,bajaj allianz,Approved  ,,30-03-2024,9638813085
PAT0149,geeta Verma,72,  Solapur,orthopaedics,united india,approved,82277.93,21/12/2025,9454617185
PAT2278,Pooja KUMAR,26,Pune,GYNAECOLOGY,new india,APPROVED,8332.16,16-12-2025,9963789380
PAT2120,MEERA joshi,20,  Mumbai,GYNAECOLOGY,United India,  Pending,44345.51,"April 26, 2025",9562490227
PAT1312,MEERA Singh,32,PUNE,CARDIOLOGY,HDFC ERGO,REJECTED,,24-02-2024,9537437786
PAT1910,PRIYA Gupta,68,Nagpur,general,new india,UNDER REVIEW,22810.3,2024-11-27,9401620687
PAT2105,Pooja PATIL  ,27,Nashik,neurology,United India,Approved,,2023-06-28,9883682170
PAT0473,Meera Patil,34,Pune  ,CARDIOLOGY,NEW INDIA,Pending,10416.12,"December 12, 2025",9988260922
PAT2240,  anjali Joshi,59,kolhapur,Dermatology,New India,  Approved,82129.7,"May 23, 2024",9109643879
PAT0206,PRIYA MEHTA,23,  Solapur,GYNAECOLOGY,NEW INDIA,  Rejected,57722.0,16/06/2024,
PAT1545,Sneha mehta,34,pune,Dermatology,Bajaj Allianz,approved,71516.47,2025-09-25,9699565788
PAT1640,AISHA Joshi,54,AURANGABAD,Paediatrics,HDFC ERGO,Approved  ,74642.81,"March 06, 2025",9210872170
PAT2411,Meera verma,58,PUNE,Neurology,  Star Health,UNDER REVIEW,18011.77,12 Jun 2024,9246407881
PAT1783,geeta Gupta,59,MUMBAI,PAEDIATRICS,HDFC ERGO,APPROVED,49227.19,06/01/2024,9737651379
PAT2412,Divya Gupta,69,Aurangabad,Gynaecology,  Star Health,rejected,2511.98,2025-08-02,9810620728
PAT2491,DIVYA Verma,42,mumbai,neurology,hdfc ergo,approved,54215.74,"July 04, 2024",
PAT1271,pooja nair,42,  Solapur,Emergency,reliance health,  Pending,67767.58,02 Apr 2025,9388032495
PAT2580,aisha KUMAR,43,Mumbai,CARDIOLOGY,New India  ,pending,72488.1,"August 24, 2024",
PAT0645,  lakshmi patil,27,PUNE,Paediatrics,Star Health  ,Pending,30295.44,"October 09, 2025",9746116751
PAT2776,kavya Gupta,45,Solapur,CARDIOLOGY,Star Health  ,Approved  ,,2024-10-18,9179083455
PAT2150,divya verma,66,kolhapur,gynaecology,  Star Health,approved,19886.65,2025-08-23,
PAT0965,kavya RAO,28,THANE,Emergency,Star Health  ,pending,33991.59,2025-05-08,9657882800
PAT0797,REKHA NAIR  ,45,NASHIK,EMERGENCY,reliance health,Rejected,59620.75,28 Oct 2025,9197450121
PAT1527,rekha iyer  ,55,Kolhapur,orthopaedics,BAJAJ ALLIANZ,PENDING,64001.38,"September 04, 2025",9631966288
PAT0088,divya VERMA,40,PUNE,PAEDIATRICS,star health,Under Review,,09-06-2023,9861818706
PAT1712,  Divya nair,55,NASHIK,General,new india,under review,46589.03,20-05-2024,9721162257
PAT0740,  Divya NAIR,37,Pune,dermatology,NEW INDIA,Approved,64253.4,19-11-2024,9913093378
PAT1100,anjali Singh,43,AURANGABAD,orthopaedics,HDFC ERGO,Rejected,23475.67,2023-03-25,9907811245
PAT0781,NEHA Singh,39,thane,orthopaedics,HDFC Ergo,UNDER REVIEW,,02/05/2025,9876543210
PAT2280,lakshmi Kumar,29,aurangabad,Emergency,RELIANCE HEALTH,approved,11388.39,23 Feb 2024,9898847672
PAT1575,Sunita MEHTA  ,62,Thane,Emergency,reliance health,UNDER REVIEW,71365.32,22 Jul 2024,9858132279
PAT0069,  NEHA Joshi,29,Mumbai,orthopaedics,bajaj allianz,REJECTED,77689.65,03-12-2023,9965960427
PAT1611,Deepa Kumar,22,Nagpur,gynaecology,Star Health  ,rejected,64583.32,02/11/2025,9634959079
PAT1077,divya nair,36,Mumbai,Cardiology,reliance health,APPROVED,26503.14,27-07-2024,9669464287
PAT1483,DIVYA JOSHI,45,NASHIK,Orthopaedics,NEW INDIA,approved,39984.31,"August 16, 2024",9458139645
PAT1362,lakshmi NAIR,68,Nashik,paediatrics,  Bajaj Allianz,PENDING,28068.77,17/07/2023,9625165952
PAT1877,REKHA KUMAR,60,Pune,Orthopaedics,  Star Health,rejected,39568.04,13-04-2024,9812118810
PAT1345,sneha mehta  ,75,MUMBAI,emergency,Star Health  ,  Approved,72253.06,03-04-2024,9744338106
PAT1850,PRIYA RAO,69,solapur,Cardiology,RELIANCE HEALTH,Approved  ,80582.78,2025-03-29,9876543210
PAT2539,  riya Verma,44,Nashik,Emergency,Bajaj Allianz,  Pending,16765.8,03 Oct 2025,
PAT1586,kavya mehta,52,Nagpur,Cardiology,Bajaj Allianz,PENDING,69839.2,2023-03-27,9538311357
PAT0943,Geeta verma,64,  Mumbai,CARDIOLOGY,united india,  Rejected,67363.29,19/07/2024,9608681898
PAT0873,sneha Patil,48,mumbai,GYNAECOLOGY,New India  ,Pending,33539.47,01/02/2024,9988776655
PAT2669,lakshmi PATIL,29,Aurangabad,GYNAECOLOGY,Reliance Health,Rejected,71576.11,"July 02, 2024",9177284040
PAT2905,  Anjali VERMA,53,Aurangabad,Emergency,hdfc ergo,under review,39009.16,2025-09-25,9876543210
PAT2091,kavya RAO,44,Aurangabad,emergency,RELIANCE HEALTH,PENDING,67742.04,2025-07-27,9611827084
PAT0375,Deepa Iyer  ,71,  Solapur,general,  Bajaj Allianz,REJECTED,69573.85,2025-12-28,9600036589
PAT2938,Pooja Verma,62,Nashik,GENERAL,HDFC Ergo,Rejected,3329.21,01/05/2023,9001122334
PAT1897,geeta gupta,65,Kolhapur,paediatrics,Star Health,UNDER REVIEW,41294.94,"May 15, 2023",9123456789
PAT2461,Anjali KUMAR,75,kolhapur,Cardiology,Star Health,Approved,55945.38,"June 12, 2023",9328240314
PAT1543,PRIYA gupta,52,AURANGABAD,PAEDIATRICS,reliance health,  Pending,59090.03,"February 13, 2023",9001122334
PAT1535,  Sunita Singh,22,Solapur,gynaecology,UNITED INDIA,rejected,8690.85,"April 17, 2023",9282061804
PAT2765,lakshmi gupta,20,  Pune,General,Bajaj Allianz,REJECTED,80873.52,2024-05-09,9619355245
PAT1202,sunita rao,66,  Mumbai,cardiology,star health,Under Review,55663.4,"August 07, 2024",9311322403
PAT0674,Pooja Rao,44,Solapur,GYNAECOLOGY,Star Health,Under Review,,23/02/2023,9657232542
PAT0086,deepa iyer,25,NASHIK,General,  Star Health,Rejected,50619.84,15-12-2025,
PAT1663,anjali Gupta  ,44,mumbai,Neurology,star health,under review,9170.33,2023-01-11,9542220632
PAT1551,Aisha Sharma,26,thane,PAEDIATRICS,STAR HEALTH,Rejected,,"February 04, 2025",9106375515
PAT1805,REKHA Kumar,54,NASHIK,GYNAECOLOGY,HDFC ERGO,  Rejected,,2024-05-27,9681716771
PAT0325,Sneha MEHTA,45,Nashik,Cardiology,HDFC Ergo,  Pending,33945.8,2024-05-12,9841688682
PAT0794,rekha KUMAR  ,23,mumbai,Paediatrics,BAJAJ ALLIANZ,Approved,67148.25,21-03-2024,9364926597
PAT1405,Priya joshi,55,  Mumbai,CARDIOLOGY,Star Health  ,Approved,26280.18,"July 02, 2025",9124270806
PAT0274,  Neha SHARMA,53,PUNE,Emergency,HDFC ERGO,  Pending,38620.12,"April 08, 2025",9227029844
PAT0532,Priya Kumar,21,Nashik,General,United India,  Pending,,"November 27, 2025",9146669835
PAT0477,Neha gupta,56,Solapur,emergency,RELIANCE HEALTH,approved,,30 Oct 2025,9820762108
PAT1555,divya desai,43,Pune,cardiology,  Bajaj Allianz,Under Review,,07-08-2025,9417049930
PAT1768,lakshmi desai,54,Aurangabad,general,UNITED INDIA,Approved,25175.48,15-06-2023,9988776655
PAT0118,SNEHA Singh  ,58,nashik,emergency,bajaj allianz,APPROVED,14749.73,12/11/2023,9749762955
PAT0028,RIYA Kumar,42,kolhapur,gynaecology,  HDFC Ergo,approved,642.91,08-02-2024,9454549587
PAT2840,aisha verma,38,Pune,Neurology,  HDFC Ergo,Rejected,,04-09-2024,9379792312
PAT2945,Anjali MEHTA,48,THANE,Emergency,United India,rejected,14508.45,"January 14, 2023",9120406511
PAT0209,Lakshmi Patil  ,43,aurangabad,Cardiology,New India  ,Under Review,18643.51,19-01-2024,9137204552
PAT0475,MEERA iyer  ,,  Mumbai,GYNAECOLOGY,  Bajaj Allianz,under review,31734.39,2025-07-27,
PAT1163,SNEHA mehta,24,MUMBAI,cardiology,united india,PENDING,82361.51,12-08-2024,9628316550
PAT2563,lakshmi VERMA,71,NAGPUR,PAEDIATRICS,united india,UNDER REVIEW,,07 Oct 2023,9135830166
PAT2144,AISHA Mehta,72,aurangabad,neurology,reliance health,  Pending,33874.76,23/06/2025,9826903603
PAT0861,priya verma,41,  Mumbai,emergency,new india,Approved,28518.68,2025-08-21,9537715480
PAT1962,Geeta VERMA,22,AURANGABAD,Paediatrics,UNITED INDIA,  Approved,,15-09-2024,9752427139
PAT1289,Anjali SINGH,53,Solapur,Emergency,Star Health  ,Pending,81480.94,2025-04-09,9763499893
PAT1382,Geeta rao,72,Aurangabad,Orthopaedics,star health,Rejected,74802.51,05/09/2024,9174817032
PAT0243,geeta mehta,75,Nashik,Dermatology,hdfc ergo,Approved,53455.05,24/05/2024,9238438399
PAT1616,sunita Desai,59,nashik,Orthopaedics,HDFC ERGO,Rejected,56916.11,2025-03-02,9703928990
PAT1397,riya Desai,27,Thane,Neurology,bajaj allianz,under review,,30/08/2025,9716688859
PAT2772,  anjali Kumar,34,PUNE,gynaecology,  HDFC Ergo,Pending,60359.14,22/01/2024,9349669835
PAT2030,sunita mehta,65,PUNE,orthopaedics,reliance health,PENDING,,12-10-2025,9225447383
PAT0045,Sunita kumar,32,nagpur,GYNAECOLOGY,New India,REJECTED,45362.9,21 May 2025,9390894296
PAT0292,lakshmi SHARMA,66,  Pune,CARDIOLOGY,UNITED INDIA,Approved  ,46069.67,"January 03, 2023",9146641502
PAT2777,  DIVYA MEHTA,41,Thane,cardiology,HDFC Ergo,  Pending,49237.25,11-12-2025,9283105861
PAT2936,Geeta patil,37,PUNE,General,Reliance Health,Under Review,33348.46,"July 30, 2023",9996853225
PAT2600,priya Joshi,39,aurangabad,general,NEW INDIA,Approved  ,36882.22,16 Aug 2024,9895175885
PAT0870,MEERA joshi,19,Mumbai,paediatrics,Bajaj Allianz,Approved  ,45332.45,07 Apr 2023,9670017400
PAT1549,pooja SINGH,68,Pune,dermatology,reliance health,Approved  ,76161.3,"June 13, 2023",9900901714
PAT2136,Kavya patil,47,Pune,Dermatology,  Bajaj Allianz,  Pending,,"January 05, 2023",9547236945
PAT1235,Sneha Iyer,45,Pune,General,united india,pending,19007.98,29-05-2024,9687511227
PAT1945,Riya Mehta,57,aurangabad,emergency,Star Health  ,approved,37922.91,14-01-2025,9310939708
PAT1309,NEHA RAO,72,Thane,orthopaedics,star health,PENDING,,10-09-2024,9509634059
PAT1495,Pooja SINGH  ,74,Nagpur,CARDIOLOGY,UNITED INDIA,rejected,8957.33,2025-06-22,9630873266
PAT1493,AISHA desai  ,36,  Solapur,CARDIOLOGY,United India,Rejected,,2024-02-14,9977383817
PAT1837,RIYA PATIL,51,Thane,dermatology,NEW INDIA,Pending,41817.07,02-11-2024,9162154450
PAT1530,Lakshmi Iyer  ,22,THANE,neurology,Reliance Health,PENDING,74075.43,25/05/2023,9001122334
PAT1653,riya Singh,31,Nashik,gynaecology,STAR HEALTH,Under Review,,06 Sep 2025,9876543210
PAT0271,Geeta Verma,59,pune,Orthopaedics,reliance health,REJECTED,76929.95,2024-05-14,9954920307
PAT2933,anjali patil,22,  Solapur,GYNAECOLOGY,New India  ,Approved,,20 Jun 2025,
PAT1471,  PRIYA JOSHI,70,nashik,GYNAECOLOGY,  Bajaj Allianz,approved,46317.07,12 Mar 2023,9474194628
PAT0744,Lakshmi SHARMA,72,AURANGABAD,gynaecology,United India,approved,7221.71,2024-10-05,9944751038
PAT1192,Sneha NAIR,,Kolhapur,EMERGENCY,Reliance Health,Rejected,25741.28,27/05/2024,
PAT2409,riya SINGH  ,64,solapur,PAEDIATRICS,HDFC ERGO,under review,74436.34,"January 02, 2025",9993835436
PAT1504,Deepa SHARMA,,  Solapur,GYNAECOLOGY,united india,  Pending,50535.84,18/05/2024,
PAT1930,deepa joshi,22,  Mumbai,dermatology,new india,  Approved,39395.64,15-07-2023,
PAT0682,Kavya Gupta  ,35,aurangabad,gynaecology,STAR HEALTH,REJECTED,55587.62,"August 14, 2025",9307290415
PAT0133,DIVYA Patil,58,MUMBAI,cardiology,  Star Health,Under Review,40418.13,2023-10-09,9269587940
PAT2760,  Deepa SINGH,50,  Mumbai,PAEDIATRICS,star health,PENDING,80713.69,2024-12-13,9259781356
PAT2550,rekha Kumar,32,NAGPUR,Gynaecology,Star Health,pending,19389.57,27 May 2024,9488262075
PAT0524,Riya JOSHI  ,56,  Mumbai,PAEDIATRICS,NEW INDIA,pending,43622.75,04/04/2023,9422807973
PAT0963,NEHA joshi,44,mumbai,Emergency,New India  ,REJECTED,29858.44,21/08/2024,9630976793
PAT0328,Sunita kumar,49,Mumbai,Emergency,HDFC Ergo,REJECTED,40079.35,2023-11-25,9979843968
PAT0847,geeta nair,48,Pune  ,CARDIOLOGY,new india,Under Review,74348.83,04 Sep 2024,9123456789
PAT2559,REKHA SHARMA,67,Pune  ,GYNAECOLOGY,bajaj allianz,under review,83923.2,"March 08, 2025",
PAT0848,RIYA Singh,62,pune,orthopaedics,STAR HEALTH,rejected,31023.9,02/07/2025,9594784193
PAT2058,NEHA patil  ,25,mumbai,Neurology,Star Health  ,REJECTED,32025.31,2024-07-07,9190989760
PAT2824,deepa Verma,23,NAGPUR,Emergency,hdfc ergo,APPROVED,30729.87,06-11-2024,9762916615
PAT0013,pooja verma,74,kolhapur,Emergency,UNITED INDIA,PENDING,68733.5,2024-01-25,9554814084
PAT1895,Sunita PATIL,28,pune,CARDIOLOGY,  HDFC Ergo,PENDING,27847.85,2023-05-03,9681648804
PAT2846,Deepa Verma,,Nagpur,GENERAL,Star Health  ,APPROVED,13962.71,29 Dec 2023,9225971686
PAT2518,Kavya KUMAR,55,NAGPUR,GYNAECOLOGY,star health,Pending,5035.97,"November 01, 2024",9815859683
PAT0417,REKHA joshi,44,Pune,cardiology,UNITED INDIA,approved,33820.05,"July 20, 2023",9876543210
PAT1693,  Divya Joshi,73,pune,PAEDIATRICS,NEW INDIA,Pending,33701.68,"January 12, 2024",9336576444
PAT2147,divya gupta  ,47,Thane,Neurology,star health,  Rejected,7812.75,20-11-2025,9599273097
PAT0063,sneha gupta,32,thane,CARDIOLOGY,United India,  Approved,59978.78,"July 25, 2023",9131081879
PAT0493,  Priya mehta,72,pune,gynaecology,UNITED INDIA,Approved  ,37324.13,2024-01-26,9608941911
PAT1307,lakshmi MEHTA,52,solapur,Dermatology,BAJAJ ALLIANZ,  Pending,,2023-11-19,9916310947
PAT1306,pooja kumar,35,Nagpur,Neurology,Star Health,Pending,,08 Apr 2023,9750084905
PAT1538,Priya singh,,thane,dermatology,United India,Approved  ,27135.52,2023-05-15,9445049909
PAT2100,neha JOSHI,72,Solapur,paediatrics,Star Health  ,approved,76061.6,20 Dec 2025,9523438238
PAT0040,anjali JOSHI,19,nashik,Emergency,reliance health,  Rejected,60918.74,05 Jun 2023,9209415691
PAT2249,geeta Joshi,62,nagpur,Dermatology,Star Health  ,approved,74394.09,08 Mar 2023,9472148341
PAT2503,RIYA Iyer,69,  Mumbai,EMERGENCY,HDFC ERGO,UNDER REVIEW,65039.83,2024-11-08,9548132929
PAT1791,Priya verma  ,68,Solapur,Gynaecology,  Star Health,  Rejected,83620.08,"February 03, 2024",9359928114
PAT0643,  Riya Nair,23,Pune,emergency,Star Health  ,Pending,28794.32,"January 07, 2024",9423801630
PAT2561,MEERA sharma,44,MUMBAI,Gynaecology,RELIANCE HEALTH,pending,74234.5,2025-07-05,9360227614
PAT0369,meera desai,63,Nashik,cardiology,  HDFC Ergo,Under Review,,01-05-2024,9332078427
PAT1047,  sneha Iyer,54,pune,EMERGENCY,hdfc ergo,  Approved,1662.71,08-08-2023,9877726463
PAT2011,Priya MEHTA,40,nagpur,EMERGENCY,united india,Under Review,,25-11-2023,9272193529
PAT2880,lakshmi RAO,48,Kolhapur,emergency,  HDFC Ergo,  Pending,71063.16,14 Oct 2025,9966724582
PAT1246,AISHA verma,59,pune,PAEDIATRICS,BAJAJ ALLIANZ,Under Review,77296.41,2023-05-01,9612712419
PAT0127,aisha Rao,50,AURANGABAD,GENERAL,RELIANCE HEALTH,Rejected,1905.82,2024-11-09,9955508961
PAT2081,Riya Rao,44,Mumbai,CARDIOLOGY,  Star Health,Approved  ,18220.23,"January 30, 2023",9624275953
PAT0913,PRIYA patil  ,54,solapur,PAEDIATRICS,New India,  Rejected,63711.86,01 Oct 2025,9783648813
PAT0011,Pooja Kumar,66,thane,gynaecology,RELIANCE HEALTH,Rejected,57257.55,"February 03, 2025",9366186631
PAT2849,priya PATIL  ,43,THANE,orthopaedics,star health,pending,63282.5,20/03/2023,9141322793
PAT2413,Priya SINGH,34,Thane,paediatrics,United India,under review,41311.61,14-01-2025,9797828576
PAT0663,Deepa mehta,39,Kolhapur,GENERAL,hdfc ergo,UNDER REVIEW,,2025-07-19,9256244254
PAT0854,riya Mehta  ,20,Thane,orthopaedics,bajaj allianz,REJECTED,28170.46,07/10/2024,9275330135
PAT1684,priya Mehta,45,  Pune,PAEDIATRICS,Star Health  ,Pending,32320.41,"July 29, 2024",
PAT1795,meera mehta,,  Solapur,dermatology,New India  ,PENDING,22564.65,2024-06-12,9695775018
PAT0960,Rekha singh,48,PUNE,orthopaedics,hdfc ergo,APPROVED,32392.41,"March 18, 2023",9287929395
PAT0014,AISHA KUMAR,59,solapur,Orthopaedics,star health,  Rejected,68150.07,12/08/2023,9250519597
PAT0445,Anjali MEHTA,48,NASHIK,Emergency,HDFC Ergo,under review,9568.92,"December 27, 2024",9537633515
PAT1631,meera mehta  ,39,solapur,Paediatrics,RELIANCE HEALTH,Approved,77860.8,10/10/2023,9988776655
PAT0294,Pooja mehta  ,,Aurangabad,Orthopaedics,Bajaj Allianz,Approved,17857.88,"October 08, 2024",9799624335
PAT2239,Neha Kumar,23,solapur,dermatology,reliance health,  Approved,51175.85,"May 04, 2024",9712017106
PAT2275,Neha rao,74,Nashik,general,reliance health,  Rejected,56784.15,"January 31, 2025",9102285964
PAT2977,Sunita PATIL,42,THANE,Paediatrics,HDFC ERGO,Rejected,64050.81,01-07-2023,9863102635
PAT1364,sneha Verma,27,solapur,general,UNITED INDIA,Pending,23374.15,19 May 2024,9824890370
PAT2531,  AISHA mehta,40,mumbai,GENERAL,Reliance Health,approved,17811.15,11/01/2024,9885737093
PAT0709,Lakshmi SHARMA,25,Pune,GENERAL,New India,Approved,56291.41,2023-01-02,9404154049
PAT2949,SNEHA iyer,19,PUNE,CARDIOLOGY,NEW INDIA,pending,54234.45,2025-07-09,9422917915
PAT1964,Deepa RAO,67,aurangabad,GENERAL,UNITED INDIA,PENDING,,2024-02-14,9616503488
PAT0494,Deepa sharma  ,46,aurangabad,GENERAL,Star Health,under review,17513.1,2025-03-13,9865677581
PAT0637,NEHA joshi,29,NAGPUR,Gynaecology,HDFC Ergo,pending,80213.5,05-01-2024,
PAT0255,Aisha joshi,57,Pune,Cardiology,Reliance Health,Pending,40154.92,12/10/2025,
PAT2860,neha Sharma,73,Kolhapur,Orthopaedics,Bajaj Allianz,  Pending,,20-02-2023,9209337550
PAT2034,Pooja Rao,20,NAGPUR,PAEDIATRICS,BAJAJ ALLIANZ,Pending,11944.49,04-12-2024,9585250324
PAT1598,lakshmi desai,55,pune,orthopaedics,HDFC Ergo,PENDING,70425.82,2023-04-26,9560005257
PAT1440,Geeta Sharma,56,Thane,cardiology,RELIANCE HEALTH,PENDING,80394.19,"August 05, 2023",
PAT0748,NEHA Verma,19,mumbai,paediatrics,star health,Rejected,77553.24,2023-02-22,9648463178
PAT0018,sunita PATIL,22,Solapur,GYNAECOLOGY,New India  ,  Approved,48637.57,23 Mar 2023,9706907788
PAT1329,Priya nair,50,Solapur,paediatrics,STAR HEALTH,rejected,58118.1,14-10-2025,9526555697
PAT1094,Lakshmi PATIL,52,THANE,paediatrics,BAJAJ ALLIANZ,  Rejected,48560.32,28-10-2023,9929250274
PAT1101,divya Sharma  ,43,nagpur,CARDIOLOGY,star health,  Approved,64994.96,28/10/2025,
PAT0535,Sneha RAO,22,Thane,emergency,  Bajaj Allianz,under review,53341.97,2023-09-13,9505224939
PAT1156,Pooja patil,19,Pune  ,GENERAL,star health,Under Review,,"November 28, 2023",9164756261
PAT2906,NEHA sharma,42,Solapur,gynaecology,HDFC Ergo,under review,79226.53,19/02/2024,9103561236
PAT1546,lakshmi SHARMA,,Solapur,Orthopaedics,  Bajaj Allianz,APPROVED,61583.85,31/07/2024,
PAT2538,Anjali Desai,66,PUNE,general,UNITED INDIA,Approved,18168.77,"March 12, 2025",9798932534
PAT0779,Meera mehta,20,Nagpur,GENERAL,HDFC Ergo,UNDER REVIEW,,"May 06, 2025",
PAT0681,geeta Sharma  ,30,Kolhapur,Cardiology,bajaj allianz,Approved,64801.2,18-03-2024,9451693111
PAT2317,sunita iyer,59,  Pune,gynaecology,Star Health  ,PENDING,82560.54,19/10/2024,9780925120
PAT2218,Sunita nair,53,Nagpur,CARDIOLOGY,hdfc ergo,Rejected,,10 Jun 2024,
PAT1279,priya iyer,70,Pune  ,GYNAECOLOGY,united india,under review,49282.25,30-03-2025,9103656410
PAT1195,priya Kumar  ,69,nagpur,PAEDIATRICS,Star Health  ,Pending,28934.87,2024-08-15,9748164746
PAT1802,anjali VERMA,39,Nagpur,Neurology,Star Health,Rejected,,10-10-2025,9858793241
PAT0786,Aisha NAIR,71,Aurangabad,Paediatrics,Bajaj Allianz,APPROVED,71665.16,07-12-2023,9701817116
PAT2102,Divya SHARMA,48,solapur,PAEDIATRICS,  Bajaj Allianz,  Pending,2673.39,17-10-2023,9882523515
PAT2790,Deepa RAO,56,pune,Paediatrics,RELIANCE HEALTH,PENDING,77833.88,22 Jun 2025,9974503590
PAT2195,divya SINGH,26,thane,Orthopaedics,Star Health,APPROVED,78354.65,08-07-2024,9217040924
PAT0302,Pooja kumar,67,MUMBAI,Paediatrics,united india,under review,73340.97,2025-09-14,9946812945
PAT1696,AISHA Joshi,55,Pune  ,Emergency,United India,rejected,78984.39,13/08/2023,9001122334
PAT0548,NEHA Verma,35,kolhapur,PAEDIATRICS,Reliance Health,approved,76117.75,14/07/2025,9504889751
PAT2069,neha kumar,54,Kolhapur,Emergency,bajaj allianz,Under Review,22337.93,13-05-2024,9734755854
PAT1390,rekha iyer,,aurangabad,PAEDIATRICS,  HDFC Ergo,Approved,15129.76,23 Jul 2024,9443491142
PAT1133,priya Joshi,,Pune,cardiology,Star Health  ,Rejected,19898.95,2024-04-20,9986714725
PAT2965,Priya Nair,19,PUNE,general,  Bajaj Allianz,Pending,5944.81,23/03/2025,9119332544
PAT2819,REKHA sharma  ,32,mumbai,General,BAJAJ ALLIANZ,Pending,24050.85,2024-07-30,9001122334
PAT0566,Aisha Rao,21,Thane,PAEDIATRICS,hdfc ergo,PENDING,20656.66,2023-07-07,9461976234
PAT2306,DIVYA nair,57,Solapur,Paediatrics,Reliance Health,Rejected,20374.11,02 Mar 2025,9233354167
PAT1484,sunita Nair,71,thane,dermatology,HDFC Ergo,rejected,60545.82,05/09/2025,9894199663
PAT2149,  Divya mehta,34,Pune  ,orthopaedics,bajaj allianz,REJECTED,13964.3,30/11/2025,9994319108
PAT2032,Geeta Nair,41,thane,EMERGENCY,bajaj allianz,  Rejected,9365.18,12/06/2024,9848050795
PAT1973,PRIYA NAIR,38,Pune  ,GENERAL,New India  ,rejected,68971.5,31-07-2024,9123456789
PAT1856,DIVYA JOSHI,37,PUNE,Emergency,RELIANCE HEALTH,  Approved,68850.28,08-04-2023,9702148243
PAT1974,Pooja joshi,43,Mumbai,CARDIOLOGY,HDFC ERGO,under review,6990.4,2025-01-21,9876543210
PAT1404,Priya KUMAR,21,Pune  ,GYNAECOLOGY,New India,Rejected,79141.92,27/09/2023,9001122334
PAT2872,Priya VERMA,59,Nagpur,gynaecology,New India  ,under review,83749.05,23 Dec 2023,9001122334
PAT1449,pooja verma,27,aurangabad,Dermatology,BAJAJ ALLIANZ,Under Review,10832.62,25/08/2025,9921324845
PAT1116,PRIYA RAO,62,thane,GYNAECOLOGY,reliance health,Under Review,51049.83,28 May 2024,9420122455
PAT2078,Geeta sharma  ,51,nashik,neurology,UNITED INDIA,PENDING,67113.36,"December 16, 2024",9486698840
PAT2924,Divya SINGH  ,63,Aurangabad,CARDIOLOGY,Reliance Health,Under Review,,2024-02-19,9505693457
PAT1706,Geeta Patil,,Aurangabad,Dermatology,BAJAJ ALLIANZ,approved,54415.85,06-05-2023,
PAT1522,Sneha gupta,46,pune,orthopaedics,New India,PENDING,11734.92,2024-09-23,9920444286
PAT1949,DIVYA Gupta,22,nagpur,cardiology,Star Health  ,PENDING,28102.23,"February 28, 2023",9482783304
PAT1011,PRIYA SHARMA,30,Nagpur,Emergency,hdfc ergo,Under Review,75127.58,24 May 2025,9326147192
PAT2767,deepa singh,40,mumbai,Emergency,Star Health,rejected,56033.57,2024-12-26,9712588308
PAT0999,divya iyer,32,PUNE,emergency,star health,Pending,40235.99,16/05/2025,9309793051
PAT1658,SNEHA RAO,56,Solapur,General,reliance health,Pending,34850.94,02-06-2024,9288442075
PAT1701,RIYA patil,43,Thane,general,Star Health,  Rejected,53746.84,15 Oct 2023,9876543210
PAT0899,Neha KUMAR,42,THANE,general,  Star Health,APPROVED,31401.1,"May 05, 2024",9484744683
PAT2640,Sunita desai,49,Aurangabad,EMERGENCY,  Star Health,pending,,2024-12-08,9711828423
PAT1029,rekha Gupta,32,NAGPUR,Neurology,New India,approved,56982.52,"June 04, 2024",9143533949
PAT2248,priya desai  ,31,PUNE,dermatology,new india,Approved,,20/09/2023,
PAT2942,NEHA nair,34,AURANGABAD,Gynaecology,STAR HEALTH,PENDING,853.52,05-09-2023,9535294774
PAT1692,sunita NAIR,48,Thane,dermatology,RELIANCE HEALTH,  Pending,,"February 18, 2024",9465960428
PAT0305,neha joshi,23,Solapur,GENERAL,  Bajaj Allianz,Approved,46254.55,"March 28, 2023",9716885481
PAT1196,neha Gupta,,Solapur,General,HDFC Ergo,Pending,,08-11-2023,9585252217
PAT1944,Sneha Kumar,22,solapur,neurology,New India,Approved  ,41811.25,27-10-2024,9867079633
PAT1474,aisha JOSHI,69,AURANGABAD,Cardiology,NEW INDIA,PENDING,,05-07-2024,9161774738
PAT1748,divya Nair,58,mumbai,General,UNITED INDIA,pending,33593.33,05 Sep 2024,9811885912
PAT0202,Priya RAO  ,64,nashik,Orthopaedics,hdfc ergo,PENDING,81720.14,19-10-2023,9658087211
PAT2385,PRIYA singh,60,NASHIK,Orthopaedics,STAR HEALTH,Pending,20053.83,2023-06-12,9245875642
PAT2331,aisha Mehta,23,solapur,GYNAECOLOGY,HDFC Ergo,Approved,26959.88,02/06/2024,9958823326
PAT2283,MEERA SHARMA,58,aurangabad,GENERAL,NEW INDIA,  Approved,36675.02,23 Jan 2023,9250252624
PAT1670,Riya Verma,36,thane,EMERGENCY,Star Health  ,approved,54711.77,2024-04-02,9634424799
PAT0984,riya Verma,73,  Solapur,Emergency,RELIANCE HEALTH,Approved  ,8188.46,29-09-2025,9167575267
PAT0272,anjali NAIR,19,Aurangabad,paediatrics,Bajaj Allianz,under review,25548.67,30-01-2024,9279738803
PAT2624,pooja JOSHI,62,Nagpur,Emergency,  HDFC Ergo,PENDING,59757.76,"October 22, 2025",9814606809
PAT1360,lakshmi singh,53,nagpur,paediatrics,HDFC Ergo,Rejected,32426.62,2023-09-16,9741406682
PAT2813,rekha RAO,61,NAGPUR,Gynaecology,UNITED INDIA,UNDER REVIEW,,"October 20, 2023",9644934525
PAT2664,Divya gupta,47,NASHIK,general,reliance health,UNDER REVIEW,18471.11,"September 24, 2023",9671265502
PAT2504,NEHA rao,74,  Mumbai,dermatology,NEW INDIA,Approved  ,14904.16,08 Nov 2024,9951594722
PAT0772,DIVYA SHARMA,68,nagpur,EMERGENCY,New India  ,Approved  ,74574.53,2023-06-23,
PAT1704,Pooja SINGH,56,Pune  ,Cardiology,bajaj allianz,REJECTED,24154.23,2023-04-17,9767471886
PAT0104,anjali Patil,57,NAGPUR,CARDIOLOGY,  Star Health,UNDER REVIEW,1888.79,21 Nov 2025,9560891752
PAT1669,riya Desai,63,Nashik,GYNAECOLOGY,New India,APPROVED,74149.1,16 Sep 2023,9988776655
PAT1881,AISHA JOSHI,59,THANE,EMERGENCY,New India,under review,,"February 07, 2023",9736624771
PAT1852,sunita VERMA,62,  Mumbai,gynaecology,star health,  Approved,28319.84,"December 26, 2024",9700075651
PAT0533,divya Patil,46,Nashik,Cardiology,New India  ,pending,74868.32,21/02/2023,9179929734
PAT2963,  Divya Desai,68,Thane,Cardiology,New India,Pending,73902.0,08-10-2025,9185207003
PAT1965,Anjali JOSHI,36,AURANGABAD,GENERAL,reliance health,Approved  ,,31/07/2023,9988776655
PAT0288,anjali Gupta,25,aurangabad,GENERAL,UNITED INDIA,pending,55193.41,2025-04-21,9736028462
PAT2946,Priya iyer,38,Thane,Paediatrics,Bajaj Allianz,approved,26257.27,27/11/2025,9610946290
PAT2954,Divya Patil,74,nagpur,cardiology,United India,pending,22722.92,2023-06-02,9668310901
PAT2649,meera gupta,51,Nagpur,General,united india,approved,36161.43,23-09-2025,9245753334
PAT2231,neha singh,67,aurangabad,Dermatology,Star Health,REJECTED,18744.58,28-12-2025,9300284724
PAT1838,rekha Rao,22,mumbai,dermatology,New India  ,rejected,44341.07,"August 15, 2023",9290926893
PAT0877,  Deepa iyer,71,thane,Neurology,  HDFC Ergo,rejected,71167.03,2024-12-31,
PAT0762,sneha rao,,  Pune,Dermatology,new india,pending,56365.52,2023-03-14,9336448207
PAT1650,Anjali SINGH  ,34,PUNE,cardiology,STAR HEALTH,Under Review,18795.11,01-06-2023,9001122334
PAT1351,AISHA Kumar,22,Thane,general,BAJAJ ALLIANZ,  Rejected,48025.83,25-07-2025,9700382710
PAT0269,PRIYA joshi,67,solapur,emergency,reliance health,Rejected,48891.21,2025-01-03,9336182414
PAT1260,  Priya Joshi,63,  Solapur,orthopaedics,HDFC ERGO,Approved  ,,"June 17, 2025",9846736540
PAT1829,sunita Iyer,23,AURANGABAD,Orthopaedics,reliance health,rejected,63780.0,06-07-2025,9988776655
PAT2247,Pooja Sharma,,Kolhapur,EMERGENCY,BAJAJ ALLIANZ,  Approved,23752.58,04/05/2023,9275398305
PAT1168,Pooja gupta,22,  Solapur,Emergency,RELIANCE HEALTH,  Pending,27121.47,15-05-2023,9876543210
PAT0525,SNEHA Iyer,64,AURANGABAD,Neurology,United India,pending,81401.75,13-10-2024,9859945169
PAT1720,Lakshmi iyer,64,Solapur,PAEDIATRICS,Bajaj Allianz,PENDING,66323.7,2023-02-02,9273384473
PAT0826,RIYA Joshi,31,kolhapur,general,united india,PENDING,37988.7,10/05/2024,9219354239
PAT2302,Kavya NAIR,24,  Pune,Emergency,new india,Under Review,65810.75,01-04-2025,9582752335
PAT0153,RIYA MEHTA,54,MUMBAI,orthopaedics,Star Health,  Pending,49850.7,05-05-2025,9507849850
PAT0650,sneha Sharma,27,Thane,Gynaecology,UNITED INDIA,Approved  ,59528.65,"September 05, 2024",9939018541
PAT0431,sunita Patil,27,  Solapur,General,NEW INDIA,  Rejected,24552.96,20-12-2024,9194058316
PAT1793,Riya nair,32,Nashik,General,HDFC ERGO,  Approved,72376.66,22 Mar 2024,9445913056
PAT1208,geeta nair,57,Mumbai,general,RELIANCE HEALTH,  Approved,,18/10/2024,9676203014
PAT1046,anjali Iyer,62,Pune  ,Emergency,HDFC Ergo,  Approved,21521.92,24/03/2023,9885176381
PAT0004,Anjali NAIR,41,mumbai,paediatrics,NEW INDIA,pending,59803.82,27 May 2023,9362863730
PAT2300,divya Kumar,22,kolhapur,Neurology,BAJAJ ALLIANZ,Approved,6182.04,2025-08-15,
PAT0617,Aisha JOSHI,61,MUMBAI,dermatology,  Star Health,Rejected,25304.56,2024-03-12,9333499326
PAT0318,kavya Rao  ,26,NASHIK,neurology,UNITED INDIA,Approved,42068.22,04-09-2025,
PAT2883,riya joshi,45,nagpur,general,HDFC Ergo,Pending,5133.32,06/08/2025,9606998382
PAT1135,riya SINGH,42,nagpur,Emergency,  Bajaj Allianz,UNDER REVIEW,,"March 30, 2024",9573588674
PAT0347,Geeta Rao,28,pune,paediatrics,reliance health,REJECTED,26046.56,23-10-2025,9515721250
PAT0154,rekha gupta,61,Nashik,Neurology,UNITED INDIA,UNDER REVIEW,62419.25,22/12/2024,9297619784
PAT2013,anjali SHARMA,51,Aurangabad,gynaecology,STAR HEALTH,Pending,19895.09,24-05-2025,9474666864
PAT1580,Neha SINGH  ,22,thane,gynaecology,RELIANCE HEALTH,  Pending,31771.58,"September 18, 2024",9676041175
PAT1145,Lakshmi verma,63,Nashik,orthopaedics,BAJAJ ALLIANZ,PENDING,,2023-02-27,9882975849
PAT2360,REKHA iyer,50,Aurangabad,dermatology,BAJAJ ALLIANZ,Pending,76337.73,2023-10-05,9876543210
PAT2925,anjali Nair,72,Pune,General,New India  ,  Approved,5112.18,"June 06, 2025",
PAT0265,  Priya Desai,30,  Mumbai,Gynaecology,New India,  Pending,,08-05-2023,9485132332
PAT0121,Neha joshi,64,NASHIK,PAEDIATRICS,Star Health  ,REJECTED,9472.54,"May 10, 2024",9251266214
PAT2264,REKHA KUMAR,53,nagpur,cardiology,  Bajaj Allianz,PENDING,56965.41,2025-05-10,9655826000
PAT2042,  kavya SHARMA,30,Nagpur,neurology,  HDFC Ergo,REJECTED,68042.6,2025-03-13,9705288080
PAT1593,NEHA nair,37,PUNE,Dermatology,United India,  Pending,58529.18,22/11/2023,
PAT2980,REKHA Singh,20,THANE,emergency,Star Health,Pending,5290.01,2025-12-04,9419038260
PAT0213,Sneha Gupta,42,NASHIK,Gynaecology,HDFC Ergo,PENDING,68624.76,04 Jan 2025,
PAT0947,  Lakshmi SINGH,25,Pune,Paediatrics,bajaj allianz,UNDER REVIEW,27140.21,07 Feb 2025,
PAT0653,Rekha patil,38,solapur,EMERGENCY,New India  ,  Rejected,68382.17,18/05/2025,9489447905
PAT2753,SNEHA patil,25,mumbai,neurology,RELIANCE HEALTH,Rejected,75437.66,"May 02, 2025",9318926569
PAT1769,RIYA Patil  ,,Thane,EMERGENCY,New India  ,PENDING,47393.41,12/03/2023,9471751010
PAT1396,Sneha verma,35,  Pune,Emergency,hdfc ergo,Pending,84816.69,06 May 2024,9001122334
PAT0351,pooja joshi,29,pune,emergency,  Bajaj Allianz,  Pending,52244.59,20/04/2024,9838886075
PAT2782,anjali Desai,21,Solapur,Neurology,BAJAJ ALLIANZ,  Pending,26373.82,20-01-2025,9624284150
PAT0407,divya patil,69,thane,PAEDIATRICS,new india,  Approved,49169.21,09-10-2023,9920583443
PAT1698,sneha Joshi,73,THANE,paediatrics,Star Health,Pending,,06-02-2024,9840423738
PAT2096,geeta Gupta,57,Pune,Paediatrics,bajaj allianz,APPROVED,,2023-02-04,9590736838
PAT1231,SNEHA VERMA,63,Nashik,neurology,HDFC ERGO,Approved  ,44600.8,26 Apr 2025,9542515870
PAT2591,Kavya desai,53,pune,Orthopaedics,HDFC Ergo,Under Review,14547.66,04-04-2023,9344784193
PAT0686,Divya nair,25,pune,Paediatrics,RELIANCE HEALTH,Approved,18563.77,20/10/2024,9746179886
PAT1797,PRIYA Kumar,74,THANE,Emergency,bajaj allianz,under review,,2024-07-22,9749991422
PAT0176,rekha Desai,41,Nashik,gynaecology,united india,  Approved,73392.79,16-12-2025,9730291513
PAT0715,Anjali RAO,54,aurangabad,Paediatrics,star health,  Approved,57487.9,19/04/2023,9631829323
PAT0996,sneha kumar,,kolhapur,paediatrics,NEW INDIA,  Rejected,,"June 12, 2025",9988776655
PAT0609,sunita JOSHI,68,Nagpur,PAEDIATRICS,Star Health,PENDING,,13 Sep 2023,9170823325
PAT2116,Anjali rao,,pune,Emergency,UNITED INDIA,APPROVED,4603.0,11/05/2025,9331383391
PAT2417,Sunita joshi,35,Pune  ,Gynaecology,Star Health,Under Review,,2025-01-10,9738781672
PAT1728,aisha Patil  ,19,Nashik,CARDIOLOGY,BAJAJ ALLIANZ,Approved,29054.28,02/03/2024,9799760128
PAT1004,Pooja iyer  ,20,Mumbai,CARDIOLOGY,  Bajaj Allianz,REJECTED,10262.81,"April 24, 2025",9437740312
PAT1298,Geeta Verma,33,solapur,gynaecology,Reliance Health,Rejected,51421.21,21-02-2025,9988776655
PAT2432,Neha gupta,73,aurangabad,GENERAL,Reliance Health,PENDING,30463.62,"June 10, 2024",9576540704
PAT1024,sneha Patil  ,29,aurangabad,general,reliance health,  Rejected,73387.54,09/07/2025,9859548363
PAT1427,Pooja gupta,23,aurangabad,General,bajaj allianz,Pending,27358.35,27/07/2023,9296787756
PAT2344,MEERA Mehta,25,Pune  ,Dermatology,STAR HEALTH,under review,,13 Dec 2025,9347024419
PAT1744,Divya desai,,mumbai,cardiology,Star Health,UNDER REVIEW,2174.2,06-10-2023,9799229551
PAT1122,  Lakshmi Iyer,36,mumbai,EMERGENCY,HDFC ERGO,Approved  ,62975.96,"July 05, 2024",9308915593
PAT0395,DIVYA mehta,29,Nashik,dermatology,Star Health,Approved,1510.74,20 Jul 2023,9335596484
PAT2118,Sunita Mehta  ,52,  Solapur,orthopaedics,reliance health,REJECTED,29032.69,15-07-2024,9327174715
PAT2648,rekha SINGH,41,Solapur,gynaecology,  HDFC Ergo,  Approved,71390.39,31/07/2024,9123456789
PAT1836,  lakshmi Rao,41,PUNE,Dermatology,reliance health,pending,,28 Dec 2024,9549262283
PAT0753,AISHA VERMA,58,Thane,gynaecology,HDFC Ergo,under review,,"September 05, 2023",9604508620
PAT0636,Aisha Singh,53,Mumbai,general,HDFC ERGO,rejected,49650.59,20/03/2025,9565900401
PAT2279,Neha iyer,32,Nashik,dermatology,new india,approved,53389.22,20/01/2024,9637627113
PAT0238,PRIYA mehta,61,AURANGABAD,EMERGENCY,UNITED INDIA,REJECTED,71937.93,06-01-2024,9377725308
PAT0915,  Deepa Rao,52,MUMBAI,PAEDIATRICS,Star Health  ,REJECTED,34789.45,"May 05, 2025",9517087338
PAT2324,Geeta RAO,22,Nashik,General,RELIANCE HEALTH,rejected,37616.19,22-07-2023,9707544198
PAT2598,pooja NAIR,46,Pune  ,GYNAECOLOGY,New India  ,  Rejected,65352.67,20-08-2025,9876543210
PAT1348,anjali Nair,72,AURANGABAD,EMERGENCY,HDFC ERGO,Rejected,42536.94,04/02/2023,9847250398
PAT2213,NEHA Kumar,20,nagpur,PAEDIATRICS,reliance health,  Rejected,,13 Jul 2024,9295102944
PAT2655,  deepa Verma,64,MUMBAI,Emergency,HDFC Ergo,rejected,55020.59,22/04/2023,9433382419
PAT2465,Divya Mehta,32,Pune  ,paediatrics,HDFC Ergo,under review,30999.93,29/03/2023,9568852544
PAT0907,PRIYA kumar  ,25,  Pune,Gynaecology,UNITED INDIA,APPROVED,28163.49,"June 09, 2024",9712149161
PAT2596,  Lakshmi verma,34,nashik,Neurology,UNITED INDIA,PENDING,58958.37,2025-08-23,9866927110
PAT2497,lakshmi Gupta,63,AURANGABAD,General,STAR HEALTH,REJECTED,14836.03,21 Oct 2024,9590654161
PAT1820,Sneha MEHTA,21,Mumbai,General,hdfc ergo,  Pending,24266.38,"June 12, 2024",9902308936
PAT0997,neha Gupta,34,aurangabad,Gynaecology,HDFC Ergo,PENDING,55003.26,23/12/2025,9491456037
PAT2742,pooja Kumar,56,Aurangabad,GYNAECOLOGY,UNITED INDIA,REJECTED,54455.37,2025-01-18,9684281527
PAT2092,Rekha patil,58,THANE,neurology,New India  ,under review,33537.32,"December 04, 2024",9399077338
PAT2176,NEHA SHARMA,54,  Pune,Emergency,HDFC ERGO,Under Review,7385.39,"June 05, 2025",
PAT0712,riya Rao  ,52,mumbai,PAEDIATRICS,United India,  Approved,,24-06-2025,9483926044
PAT0306,pooja verma  ,43,MUMBAI,Emergency,Star Health  ,approved,36258.36,08 Mar 2023,9933120538
PAT2200,Sunita joshi,29,Pune  ,EMERGENCY,new india,pending,6212.91,12 Aug 2025,9694357540
PAT1970,kavya kumar,21,pune,Gynaecology,Star Health  ,PENDING,,04-04-2024,
PAT1710,Divya Verma,24,NASHIK,Dermatology,New India  ,Under Review,44216.84,2025-05-15,9987556863
PAT0361,PRIYA joshi,71,Kolhapur,neurology,new india,APPROVED,,03/05/2025,9809662392
PAT2408,  PRIYA Kumar,24,  Mumbai,GYNAECOLOGY,HDFC ERGO,under review,,15-04-2023,9001122334
PAT1017,aisha MEHTA,36,MUMBAI,emergency,HDFC Ergo,rejected,28143.57,2025-02-10,9876543210
PAT0125,sneha NAIR,35,Kolhapur,emergency,  Star Health,Approved  ,33784.86,25 Nov 2024,9313736772
PAT2847,Pooja MEHTA  ,25,NASHIK,Gynaecology,united india,Pending,53072.49,31/12/2025,9598073425
PAT1387,Pooja patil,22,Pune,Orthopaedics,  Bajaj Allianz,under review,27821.37,24-02-2024,9421707105
PAT0016,AISHA verma,75,Pune,Gynaecology,New India  ,Approved,22909.66,20-07-2025,9941128035
PAT0291,Neha KUMAR,42,nagpur,orthopaedics,  Star Health,Approved,73135.5,"October 29, 2025",9290505619
PAT2085,DIVYA PATIL,28,Kolhapur,dermatology,bajaj allianz,under review,,10/12/2023,9323322360
PAT2174,  Priya sharma,30,THANE,Dermatology,Star Health,  Approved,75221.45,21/05/2023,9600039145
PAT1028,Lakshmi SINGH,20,nashik,Paediatrics,Star Health,Under Review,82049.75,"May 09, 2023",9597725586
PAT2809,Divya iyer,72,  Mumbai,general,UNITED INDIA,UNDER REVIEW,84523.23,2024-07-10,9602586713
PAT2831,lakshmi Patil,63,PUNE,general,  HDFC Ergo,pending,,12-07-2025,9001122334
PAT1695,AISHA Singh,55,Nagpur,Gynaecology,HDFC Ergo,  Pending,49320.41,2025-01-22,
PAT0655,  rekha Verma,18,NASHIK,neurology,New India  ,pending,33509.19,29/12/2024,9001122334
PAT1934,Lakshmi Rao,68,nashik,Gynaecology,New India,under review,49748.62,"November 21, 2023",9655265685
PAT0059,AISHA RAO,70,pune,neurology,New India,UNDER REVIEW,38233.25,18-09-2025,9505026213
PAT2449,riya Iyer,19,NAGPUR,General,reliance health,rejected,5099.78,16 Aug 2025,9804665649
PAT1269,SNEHA NAIR,39,THANE,GYNAECOLOGY,Star Health  ,Rejected,82812.15,18-01-2024,9353242247
PAT2020,  priya NAIR,18,pune,dermatology,New India,Rejected,28493.82,2023-02-26,9625920288
PAT2093,sunita Singh,65,MUMBAI,gynaecology,HDFC Ergo,Pending,6461.74,30-11-2023,9674085777
PAT0633,sunita KUMAR,34,nashik,GYNAECOLOGY,New India,  Pending,14958.72,04 Apr 2023,9123456789
PAT0055,Neha iyer,43,Thane,dermatology,star health,under review,,31-05-2024,9652543518
PAT1654,  Divya NAIR,72,  Solapur,CARDIOLOGY,UNITED INDIA,  Approved,11927.07,20 Jul 2023,9977154054
PAT1864,neha Kumar,43,NAGPUR,Dermatology,  Bajaj Allianz,Under Review,61561.87,13 Apr 2023,9641506049
PAT2135,Rekha desai,,Pune  ,General,new india,  Rejected,39061.13,2025-08-25,9701690165
PAT1940,SNEHA singh,21,  Pune,Paediatrics,Star Health  ,under review,80286.82,"August 21, 2023",9433653585
PAT2974,  Kavya MEHTA,24,Kolhapur,Dermatology,bajaj allianz,Approved,1837.06,"August 18, 2023",9988776655
PAT0298,Aisha Iyer,63,Kolhapur,cardiology,HDFC Ergo,UNDER REVIEW,17544.26,27-11-2025,9648196577
PAT1274,aisha joshi,54,nagpur,PAEDIATRICS,New India,under review,72616.4,2024-05-05,9246790028
PAT2063,Sneha joshi,48,mumbai,EMERGENCY,HDFC ERGO,Pending,,25/01/2023,9491351387
PAT1001,Priya rao,50,pune,Dermatology,Bajaj Allianz,approved,14611.61,18/08/2025,9753875594
PAT0977,sneha patil  ,48,nagpur,Dermatology,HDFC ERGO,Approved  ,,2023-11-28,9578998499
PAT2670,meera NAIR  ,56,Mumbai,PAEDIATRICS,reliance health,PENDING,,19/03/2025,9458356830
PAT0211,priya NAIR,52,THANE,GENERAL,NEW INDIA,rejected,15694.44,15 Oct 2024,9935949119
PAT1672,aisha Sharma,38,NASHIK,GENERAL,NEW INDIA,Rejected,2262.32,23/07/2024,9995624778
PAT0260,AISHA Desai,25,nagpur,gynaecology,united india,pending,9606.21,2025-04-28,9732231115
PAT1994,Kavya desai,26,Nashik,Cardiology,New India  ,pending,31849.03,"June 22, 2024",9736223835
PAT1629,Rekha KUMAR  ,51,Nashik,General,New India,Approved  ,38874.96,"April 19, 2023",9102469173
PAT0820,Lakshmi sharma  ,54,Nagpur,General,Star Health,Rejected,41968.96,"April 25, 2024",9751892005
PAT0362,rekha Mehta,41,Pune,CARDIOLOGY,New India,rejected,32520.38,"May 19, 2023",9001122334
PAT0717,kavya desai,24,aurangabad,Cardiology,Bajaj Allianz,under review,78750.76,"September 06, 2024",9352251857
PAT0140,NEHA iyer,66,AURANGABAD,gynaecology,HDFC ERGO,APPROVED,45130.63,2025-01-10,9989889367
PAT1021,Riya SHARMA,28,  Solapur,GENERAL,united india,REJECTED,26390.7,"April 01, 2025",9432136364
PAT2192,  Sunita SINGH,49,Pune  ,gynaecology,STAR HEALTH,Approved  ,23612.14,20-02-2024,9519058159
PAT2064,lakshmi singh,59,Solapur,Paediatrics,Reliance Health,PENDING,36181.05,13-07-2025,9472103760
PAT2820,rekha Nair,25,solapur,Gynaecology,BAJAJ ALLIANZ,Rejected,22710.18,2024-05-21,9694099089
PAT1496,rekha mehta  ,,mumbai,neurology,bajaj allianz,PENDING,23028.44,2024-07-01,9388480321
PAT0760,Divya SINGH,64,NAGPUR,Dermatology,Star Health  ,under review,9762.46,"September 03, 2023",9193269322
PAT2375,RIYA SHARMA,50,PUNE,Emergency,reliance health,under review,30980.18,26/08/2024,9852942008
PAT2700,SNEHA KUMAR,60,Aurangabad,neurology,Star Health,UNDER REVIEW,27153.28,15 Feb 2024,9896345192
PAT0851,anjali JOSHI,23,kolhapur,general,  Bajaj Allianz,pending,65321.24,01-06-2025,9893427121
PAT1415,REKHA KUMAR,42,pune,dermatology,new india,Rejected,71703.52,18 Jun 2023,9517157152
PAT1491,RIYA Iyer,61,thane,General,star health,UNDER REVIEW,74041.06,11-03-2025,9480092351
PAT0308,DIVYA singh,41,mumbai,GENERAL,United India,pending,64060.54,"January 17, 2025",9240809604
PAT2287,Sneha joshi,18,pune,paediatrics,reliance health,Under Review,4021.06,06-01-2023,9876543210
PAT0423,aisha Mehta,24,mumbai,Neurology,  Star Health,Approved  ,74436.92,2025-12-02,9681361352
PAT2288,meera PATIL,42,NAGPUR,emergency,hdfc ergo,Pending,31340.42,20 Jan 2024,9348406355
PAT2850,sneha Iyer,21,thane,EMERGENCY,New India  ,PENDING,19637.97,31-01-2025,9768670702
PAT1997,meera NAIR,,Solapur,CARDIOLOGY,  Star Health,approved,,"October 31, 2024",
PAT2604,riya KUMAR,49,Mumbai,EMERGENCY,united india,under review,,23 Mar 2023,9172855686
PAT0661,NEHA PATIL,34,Solapur,cardiology,  Bajaj Allianz,approved,21187.02,17/01/2023,9269872191
PAT2862,Divya MEHTA,44,  Solapur,emergency,Star Health  ,  Rejected,75982.96,"June 27, 2024",9756863503
PAT0539,deepa Mehta,21,Pune  ,neurology,BAJAJ ALLIANZ,Under Review,55569.07,02-01-2025,9256363319
PAT2659,REKHA NAIR,67,kolhapur,emergency,UNITED INDIA,under review,60326.0,11/11/2023,
PAT1946,riya Gupta,19,  Mumbai,Paediatrics,hdfc ergo,Pending,58711.17,24 Dec 2023,9459031225
PAT2983,Aisha gupta,20,NASHIK,dermatology,  HDFC Ergo,Pending,38154.16,23/02/2024,9536050137
PAT0958,  rekha JOSHI,45,thane,paediatrics,STAR HEALTH,  Pending,2392.34,2023-03-13,9959591246
PAT0834,Aisha Sharma,32,nashik,gynaecology,HDFC ERGO,Approved  ,66242.21,02/09/2023,9785730802
PAT0393,Lakshmi Iyer,66,AURANGABAD,GYNAECOLOGY,New India  ,  Rejected,12765.16,2025-06-09,9510173769
PAT2274,divya verma,21,nagpur,CARDIOLOGY,hdfc ergo,Under Review,25917.74,02-12-2025,9385073461
PAT1668,NEHA verma,,Thane,general,Bajaj Allianz,PENDING,,2023-02-05,
PAT2829,pooja gupta,21,mumbai,General,NEW INDIA,under review,8923.85,21/03/2025,9184769405
PAT2298,NEHA Sharma,73,pune,GENERAL,bajaj allianz,rejected,55640.73,"January 09, 2024",9271922373
PAT0810,geeta NAIR,18,Nashik,Emergency,  HDFC Ergo,pending,52426.95,"July 20, 2025",
PAT1955,Rekha NAIR,59,Nagpur,emergency,united india,under review,26363.08,"March 17, 2024",
PAT2972,  NEHA SHARMA,59,  Pune,Neurology,New India  ,REJECTED,,06/02/2023,9497465251
PAT0758,Divya Kumar,57,Nashik,Orthopaedics,NEW INDIA,Rejected,24822.75,"September 23, 2025",9378559780
PAT2379,  priya KUMAR,40,thane,gynaecology,  Bajaj Allianz,Under Review,,2025-06-08,9974304306
PAT1045,Geeta SINGH,55,Nagpur,Emergency,New India,  Pending,72843.83,"September 13, 2023",9101559757
PAT1690,Sunita desai,22,Pune  ,PAEDIATRICS,Reliance Health,Rejected,31565.1,"March 27, 2024",9263447025
PAT2008,pooja NAIR,25,Nagpur,Gynaecology,New India  ,  Rejected,18782.77,25-01-2024,9876543210
PAT1173,Sneha JOSHI,58,THANE,EMERGENCY,  HDFC Ergo,  Approved,76713.62,21/06/2023,9760576146
PAT1646,Riya Nair,70,Mumbai,emergency,  Star Health,under review,,2024-09-07,9381604337
PAT0332,Sunita PATIL,41,AURANGABAD,General,NEW INDIA,approved,22961.42,2023-03-25,9123456789
