appointment_id,bill_id,patient_id,patient_name,date_of_birth,gender,blood_group,patient_phone,patient_email,doctor_id,doctor_name,specialisation,doctor_phone,doctor_email,appointment_date,appointment_time,appointment_status,reason,diagnosis,bill_date,total_amount,amount_paid,discount,billing_status
3,1352,337,Patient 337,1955-03-08,Male,A+,9480284107,patient337@email.com,30,Dr. Ananya Singh,Radiology,9685126461,dr30@caresync.hospital,2026-09-21,12:00,Cancelled,Pain,Fever,2026-06-09,49327.47,11965.65,2684.72,Rejected
5,403,90,Patient 90,1962-05-07,Other,A-,9222030010,patient90@email.com,34,Dr. Bhavna Patel,Pediatrics,9732719211,dr34@caresync.hospital,2026-08-19,16:00,Scheduled,Routine,Headache,2026-05-01,30224.52,8382.98,2901.42,Partially Paid
7,248,7,Patient 7,1967-11-23,Male,Ab+,9206323670,patient7@email.com,21,Dr. Aditya Mishra,Cardiology,9349817734,dr21@caresync.hospital,2026-06-06,17:00,Completed,Check-Up,Diabetes,2026-06-08,38351.86,25472.01,2339.81,Rejected
7,2244,7,Patient 7,1967-11-23,Male,Ab+,9206323670,patient7@email.com,21,Dr. Aditya Mishra,Cardiology,9349817734,dr21@caresync.hospital,2026-06-06,17:00,Completed,Check-Up,Diabetes,2026-05-20,7173.68,1867.75,2357.68,Rejected
9,2304,71,Patient 71,1993-11-21,Female,Ab+,9218032515,patient71@email.com,1,Dr. Rajesh Kumar,Cardiology,9786579303,dr1@caresync.hospital,2026-08-24,13:30,Cancelled,Emergency,Cold,2026-08-06,10126.26,5493.84,991.1,Rejected
11,646,6,Patient 6,1960-08-13,Other,O-,9803217037,patient6@email.com,25,Dr. Sameer Khan,Dermatology,9702632297,dr25@caresync.hospital,2026-06-15,10:30,Scheduled,Follow-Up,Hypertension,2026-06-27,46368.39,25133.82,2083.2,Pending
13,955,255,Patient 255,1980-11-04,Other,Ab+,9779863265,patient255@email.com,7,Dr. Vikram Sharma,Neurology,9339670711,dr7@caresync.hospital,2026-05-31,13:00,Completed,Pain,Fever,2026-07-22,42647.11,16307.18,428.0,Partially Paid
14,1915,488,Patient 488,1990-06-04,Female,Ab-,9571825556,patient488@email.com,21,Dr. Aditya Mishra,Cardiology,9349817734,dr21@caresync.hospital,2026-09-24,15:00,Scheduled,Emergency,Cold,2026-06-16,38882.26,37496.25,3953.6,Partially Paid
15,784,178,Patient 178,1958-04-14,Male,A-,9200105056,patient178@email.com,24,Dr. Isha Menon,Pediatrics,9128492780,dr24@caresync.hospital,2026-06-13,15:00,Cancelled,Routine,Headache,2026-05-18,17227.89,4349.28,3604.36,Rejected
19,892,422,Patient 422,1980-05-11,Female,O-,9790407222,patient422@email.com,36,Dr. Deepak Nair,Ent,9969119330,dr36@caresync.hospital,2026-06-09,10:30,Completed,Emergency,Cold,2026-09-08,48475.22,36893.15,2681.71,Rejected
23,2217,191,Patient 191,1989-06-03,Female,Ab+,9453954673,patient191@email.com,31,Dr. Vishal Kumar,Cardiology,9550455977,dr31@caresync.hospital,2026-09-03,09:00,Scheduled,Pain,Fever,2026-08-24,27389.2,15643.57,4191.42,Paid
24,1755,65,Patient 65,1986-08-08,Female,A+,9255357534,patient65@email.com,40,Dr. Harini Das,Radiology,9271432881,dr40@caresync.hospital,2026-07-07,09:30,Cancelled,Emergency,Cold,2026-07-26,43392.77,22974.52,1465.76,Partially Paid
26,71,400,Patient 400,1954-05-25,Male,Ab-,9257243284,patient400@email.com,24,Dr. Isha Menon,Pediatrics,9128492780,dr24@caresync.hospital,2026-08-13,14:00,Scheduled,Follow-Up,Hypertension,2026-07-26,29623.83,16406.87,4693.36,Partially Paid
27,1396,448,Patient 448,1979-05-22,Male,Ab-,9993027458,patient448@email.com,12,Dr. Sneha Desai,General,9895285932,dr12@caresync.hospital,2026-07-24,16:00,Cancelled,Check-Up,Diabetes,2026-09-03,25269.49,12668.5,3948.74,Rejected
29,826,376,Patient 376,1966-06-04,Male,Ab-,9433154770,patient376@email.com,28,Dr. Kavya Sharma,Gynecology,9797808098,dr28@caresync.hospital,2026-08-22,14:30,Scheduled,Emergency,Cold,2026-06-12,11916.09,7761.69,2981.34,Pending
31,1595,61,Patient 61,1971-02-17,Male,O+,9946799779,patient61@email.com,27,Dr. Harish Reddy,Neurology,9868820204,dr27@caresync.hospital,2026-07-27,08:00,Completed,Follow-Up,Hypertension,2026-09-02,48739.31,27856.54,4500.22,Partially Paid
35,429,172,Patient 172,1954-11-11,Male,B-,9837468465,patient172@email.com,18,Dr. Shruti Pandey,Gynecology,9131994523,dr18@caresync.hospital,2026-08-11,08:00,Scheduled,Routine,Headache,2026-05-01,31231.8,4508.63,3594.19,Paid
39,763,269,Patient 269,1952-06-18,Female,O+,9448303473,patient269@email.com,9,Dr. Rahul Gupta,Psychiatry,9890779946,dr9@caresync.hospital,2026-05-11,17:30,Cancelled,Emergency,Cold,2026-06-05,16884.2,10940.54,1664.15,Partially Paid
40,894,33,Patient 33,1996-05-17,Other,A+,9588249062,patient33@email.com,37,Dr. Ekta Roy,Neurology,9106977991,dr37@caresync.hospital,2026-08-19,10:30,Completed,Routine,Headache,2026-09-03,17329.08,4274.57,18.02,Pending
41,1550,135,Patient 135,1959-09-02,Other,Ab+,9449165212,patient135@email.com,15,Dr. Ashok Singh,Dermatology,9734036506,dr15@caresync.hospital,2026-06-20,13:30,Scheduled,Follow-Up,Hypertension,2026-08-05,44948.13,28299.94,128.6,Pending
42,920,365,Patient 365,1983-11-15,Female,O+,9488536370,patient365@email.com,7,Dr. Vikram Sharma,Neurology,9339670711,dr7@caresync.hospital,2026-09-15,10:00,Cancelled,Check-Up,Diabetes,2026-08-14,10622.64,1118.79,134.23,Rejected
43,1081,500,Patient 500,1994-09-14,Female,B-,9828960875,patient500@email.com,18,Dr. Shruti Pandey,Gynecology,9131994523,dr18@caresync.hospital,2026-08-02,08:30,Completed,Pain,Fever,2026-04-14,38413.9,28638.93,2516.58,Paid
45,1260,322,Patient 322,1966-08-04,Male,A-,9108299923,patient322@email.com,36,Dr. Deepak Nair,Ent,9969119330,dr36@caresync.hospital,2026-04-14,08:00,Cancelled,Routine,Headache,2026-08-31,45097.03,30185.01,313.14,Rejected
45,1890,322,Patient 322,1966-08-04,Male,A-,9108299923,patient322@email.com,36,Dr. Deepak Nair,Ent,9969119330,dr36@caresync.hospital,2026-04-14,08:00,Cancelled,Routine,Headache,2026-05-06,21858.62,10139.62,3633.89,Pending
45,2353,322,Patient 322,1966-08-04,Male,A-,9108299923,patient322@email.com,36,Dr. Deepak Nair,Ent,9969119330,dr36@caresync.hospital,2026-04-14,08:00,Cancelled,Routine,Headache,2026-09-07,44952.5,11572.79,2142.81,Paid
46,1999,40,Patient 40,1988-06-16,Male,Ab-,9122932394,patient40@email.com,28,Dr. Kavya Sharma,Gynecology,9797808098,dr28@caresync.hospital,2026-09-10,09:30,Completed,Follow-Up,Hypertension,2026-06-28,42596.91,12473.31,449.31,Partially Paid
48,496,234,Patient 234,1964-05-14,Other,A-,9806340901,patient234@email.com,13,Dr. Karan Sethi,Orthopedics,9685582861,dr13@caresync.hospital,2026-09-28,10:00,Cancelled,Pain,Fever,2026-06-15,48545.98,2601.11,3303.75,Rejected
51,28,29,Patient 29,1998-05-25,Female,O+,9396225446,patient29@email.com,31,Dr. Vishal Kumar,Cardiology,9550455977,dr31@caresync.hospital,2026-04-13,14:00,Cancelled,Follow-Up,Hypertension,2026-09-13,24555.4,5126.38,1880.58,Rejected
51,1806,29,Patient 29,1998-05-25,Female,O+,9396225446,patient29@email.com,31,Dr. Vishal Kumar,Cardiology,9550455977,dr31@caresync.hospital,2026-04-13,14:00,Cancelled,Follow-Up,Hypertension,2026-05-12,38703.05,13510.53,2153.64,Pending
56,1704,189,Patient 189,1992-02-10,Other,O+,9702998820,patient189@email.com,9,Dr. Rahul Gupta,Psychiatry,9890779946,dr9@caresync.hospital,2026-09-07,11:00,Scheduled,Follow-Up,Hypertension,2026-05-27,32474.09,20066.8,3212.45,Rejected
57,1235,81,Patient 81,1950-02-25,Other,A+,9447646966,patient81@email.com,34,Dr. Bhavna Patel,Pediatrics,9732719211,dr34@caresync.hospital,2026-07-14,12:30,Cancelled,Check-Up,Diabetes,2026-07-06,49375.75,26111.38,3066.45,Partially Paid
60,245,53,Patient 53,1973-08-17,Female,O+,9322433532,patient53@email.com,32,Dr. Anjum Fatima,General,9336696312,dr32@caresync.hospital,2026-09-14,09:00,Cancelled,Routine,Headache,2026-08-03,22355.81,19620.67,3648.68,Paid
61,1480,458,Patient 458,1992-07-09,Female,A-,9723123952,patient458@email.com,20,Dr. Swati Iyer,Radiology,9334760738,dr20@caresync.hospital,2026-06-09,17:00,Completed,Follow-Up,Hypertension,2026-04-14,47443.59,13418.16,4040.58,Rejected
61,1785,458,Patient 458,1992-07-09,Female,A-,9723123952,patient458@email.com,20,Dr. Swati Iyer,Radiology,9334760738,dr20@caresync.hospital,2026-06-09,17:00,Completed,Follow-Up,Hypertension,2026-05-30,34438.44,9877.65,4309.66,Paid
61,2119,458,Patient 458,1992-07-09,Female,A-,9723123952,patient458@email.com,20,Dr. Swati Iyer,Radiology,9334760738,dr20@caresync.hospital,2026-06-09,17:00,Completed,Follow-Up,Hypertension,2026-06-02,21675.41,11097.26,48.13,Partially Paid
62,830,294,Patient 294,1980-11-23,Other,O-,9222210617,patient294@email.com,17,Dr. Nitin Saxena,Neurology,9134126396,dr17@caresync.hospital,2026-04-19,10:30,Scheduled,Check-Up,Diabetes,2026-08-23,46912.24,37966.23,733.53,Pending
64,2318,371,Patient 371,1960-06-14,Female,B+,9732295732,patient371@email.com,37,Dr. Ekta Roy,Neurology,9106977991,dr37@caresync.hospital,2026-06-10,17:00,Completed,Emergency,Cold,2026-04-21,30268.14,22710.0,4550.89,Pending
66,388,117,Patient 117,1989-11-17,Other,O+,9836691577,patient117@email.com,26,Dr. Priyanka Verma,Ent,9313500298,dr26@caresync.hospital,2026-07-28,12:30,Cancelled,Follow-Up,Hypertension,2026-05-14,45923.27,7778.3,4201.17,Rejected
66,1046,117,Patient 117,1989-11-17,Other,O+,9836691577,patient117@email.com,26,Dr. Priyanka Verma,Ent,9313500298,dr26@caresync.hospital,2026-07-28,12:30,Cancelled,Follow-Up,Hypertension,2026-06-27,49206.32,20022.36,4976.83,Pending
67,2052,380,Patient 380,1953-04-17,Female,B-,9457629711,patient380@email.com,7,Dr. Vikram Sharma,Neurology,9339670711,dr7@caresync.hospital,2026-05-05,13:00,Completed,Check-Up,Diabetes,2026-05-31,8404.31,3867.32,3248.18,Rejected
67,2411,380,Patient 380,1953-04-17,Female,B-,9457629711,patient380@email.com,7,Dr. Vikram Sharma,Neurology,9339670711,dr7@caresync.hospital,2026-05-05,13:00,Completed,Check-Up,Diabetes,2026-07-20,33014.68,17529.64,2991.95,Partially Paid
69,2323,2,Patient 2,1992-05-23,Female,A-,9897005281,patient2@email.com,4,Dr. Priya Singh,Pediatrics,9896233790,dr4@caresync.hospital,2026-10-03,13:30,Cancelled,Emergency,Cold,2026-07-21,17416.45,6207.02,3388.6,Partially Paid
75,349,24,Patient 24,1988-02-13,Other,Ab-,9684615760,patient24@email.com,22,Dr. Riya Bhat,General,9642621108,dr22@caresync.hospital,2026-07-13,09:30,Cancelled,Routine,Headache,2026-09-03,40423.02,22433.86,91.6,Paid
75,671,24,Patient 24,1988-02-13,Other,Ab-,9684615760,patient24@email.com,22,Dr. Riya Bhat,General,9642621108,dr22@caresync.hospital,2026-07-13,09:30,Cancelled,Routine,Headache,2026-04-14,33869.67,2623.34,2673.01,Partially Paid
77,1731,187,Patient 187,1963-09-16,Male,B+,9164404084,patient187@email.com,24,Dr. Isha Menon,Pediatrics,9128492780,dr24@caresync.hospital,2026-09-01,09:30,Scheduled,Check-Up,Diabetes,2026-08-30,48942.55,42088.86,1227.82,Partially Paid
78,1004,197,Patient 197,1976-11-19,Female,O+,9905611583,patient197@email.com,24,Dr. Isha Menon,Pediatrics,9128492780,dr24@caresync.hospital,2026-08-11,10:00,Cancelled,Pain,Fever,2026-07-01,14294.76,13518.17,3133.59,Rejected
79,2173,472,Patient 472,1970-12-14,Male,Ab-,9261985842,patient472@email.com,36,Dr. Deepak Nair,Ent,9969119330,dr36@caresync.hospital,2026-09-22,14:30,Completed,Emergency,Cold,2026-07-31,26827.28,18926.41,201.79,Paid
81,1855,92,Patient 92,1984-01-24,Female,B-,9168244921,patient92@email.com,17,Dr. Nitin Saxena,Neurology,9134126396,dr17@caresync.hospital,2026-07-24,14:30,Cancelled,Follow-Up,Hypertension,2026-05-06,34587.57,576.27,3765.3,Partially Paid
82,867,477,Patient 477,1980-05-24,Other,O+,9999126903,patient477@email.com,23,Dr. Varun Nayar,Orthopedics,9746412689,dr23@caresync.hospital,2026-07-14,14:30,Completed,Check-Up,Diabetes,2026-10-03,40288.17,2045.15,1293.43,Partially Paid
85,253,19,Patient 19,1975-06-08,Male,B+,9353524015,patient19@email.com,8,Dr. Deepika Malhotra,Gynecology,9249827706,dr8@caresync.hospital,2026-05-17,16:30,Completed,Routine,Headache,2026-07-21,29237.73,24794.9,3624.23,Paid
88,1759,468,Patient 468,1990-11-02,Other,B-,9445236735,patient468@email.com,13,Dr. Karan Sethi,Orthopedics,9685582861,dr13@caresync.hospital,2026-09-11,14:00,Completed,Pain,Fever,2026-08-09,15627.28,15488.65,963.49,Partially Paid
93,109,115,Patient 115,1960-08-27,Male,B+,9531233244,patient115@email.com,19,Dr. Rohit Kapoor,Psychiatry,9200604502,dr19@caresync.hospital,2026-06-24,11:00,Cancelled,Pain,Fever,2026-05-12,26463.02,13035.5,3938.91,Paid
96,667,214,Patient 214,1990-05-25,Male,O-,9475932035,patient214@email.com,33,Dr. Arjun Singh,Orthopedics,9582334538,dr33@caresync.hospital,2026-08-12,08:30,Cancelled,Follow-Up,Hypertension,2026-09-25,31626.0,31172.02,1581.51,Partially Paid
96,1349,214,Patient 214,1990-05-25,Male,O-,9475932035,patient214@email.com,33,Dr. Arjun Singh,Orthopedics,9582334538,dr33@caresync.hospital,2026-08-12,08:30,Cancelled,Follow-Up,Hypertension,2026-08-16,46840.37,31938.92,4782.94,Paid
97,467,469,Patient 469,1969-08-02,Male,O+,9749620068,patient469@email.com,32,Dr. Anjum Fatima,General,9336696312,dr32@caresync.hospital,2026-08-24,13:00,Completed,Check-Up,Diabetes,2026-04-26,23464.56,17258.09,2716.49,Partially Paid
103,57,293,Patient 293,1985-04-23,Female,O+,9650127661,patient293@email.com,30,Dr. Ananya Singh,Radiology,9685126461,dr30@caresync.hospital,2026-08-26,10:30,Completed,Pain,Fever,2026-05-21,37873.9,13598.97,1942.91,Paid
104,518,191,Patient 191,1989-06-03,Female,Ab+,9453954673,patient191@email.com,10,Dr. Neha Chopra,Radiology,9210053353,dr10@caresync.hospital,2026-09-04,08:30,Scheduled,Emergency,Cold,2026-07-06,49917.85,22489.01,1625.69,Pending
105,1132,62,Patient 62,1965-05-22,Female,O-,9739930411,patient62@email.com,11,Dr. Arjun Bhat,Cardiology,9826600539,dr11@caresync.hospital,2026-07-20,13:00,Cancelled,Routine,Headache,2026-06-15,28628.83,11250.8,4741.35,Rejected
105,1522,62,Patient 62,1965-05-22,Female,O-,9739930411,patient62@email.com,11,Dr. Arjun Bhat,Cardiology,9826600539,dr11@caresync.hospital,2026-07-20,13:00,Cancelled,Routine,Headache,2026-05-04,47370.44,2758.71,1834.87,Pending
109,1528,27,Patient 27,1950-11-24,Other,B+,9165015165,patient27@email.com,37,Dr. Ekta Roy,Neurology,9106977991,dr37@caresync.hospital,2026-04-12,13:00,Completed,Emergency,Cold,2026-05-08,10538.75,8619.56,4882.58,Rejected
110,2181,92,Patient 92,1984-01-24,Female,B-,9168244921,patient92@email.com,26,Dr. Priyanka Verma,Ent,9313500298,dr26@caresync.hospital,2026-05-03,09:00,Scheduled,Routine,Headache,2026-05-18,48859.39,33664.88,4883.48,Paid
111,2028,115,Patient 115,1960-08-27,Male,B+,9531233244,patient115@email.com,5,Dr. Sanjay Patel,Dermatology,9395310485,dr5@caresync.hospital,2026-09-01,09:00,Cancelled,Follow-Up,Hypertension,2026-09-22,39153.12,6016.23,2361.77,Rejected
112,1020,412,Patient 412,1999-07-02,Male,B-,9774254861,patient412@email.com,6,Dr. Anjali Nair,Ent,9362950628,dr6@caresync.hospital,2026-07-05,17:30,Completed,Check-Up,Diabetes,2026-09-04,33772.31,33707.55,3200.02,Rejected
121,688,145,Patient 145,1960-03-14,Male,A+,9951580447,patient145@email.com,26,Dr. Priyanka Verma,Ent,9313500298,dr26@caresync.hospital,2026-06-05,17:00,Completed,Follow-Up,Hypertension,2026-07-15,45292.6,28870.89,4998.39,Rejected
122,1230,397,Patient 397,1979-09-05,Male,O+,9258580752,patient397@email.com,18,Dr. Shruti Pandey,Gynecology,9131994523,dr18@caresync.hospital,2026-07-28,16:00,Scheduled,Check-Up,Diabetes,2026-08-01,16693.88,13008.54,4481.29,Pending
123,20,433,Patient 433,1990-12-28,Male,A+,9777944609,patient433@email.com,29,Dr. Manish Tandon,Psychiatry,9853041955,dr29@caresync.hospital,2026-05-13,08:30,Cancelled,Pain,Fever,2026-08-06,37646.68,20505.58,2532.83,Rejected
124,2155,160,Patient 160,1951-02-09,Male,Ab-,9586940738,patient160@email.com,24,Dr. Isha Menon,Pediatrics,9128492780,dr24@caresync.hospital,2026-05-04,14:30,Completed,Emergency,Cold,2026-07-19,39479.22,25189.04,3992.22,Partially Paid
124,2283,160,Patient 160,1951-02-09,Male,Ab-,9586940738,patient160@email.com,24,Dr. Isha Menon,Pediatrics,9128492780,dr24@caresync.hospital,2026-05-04,14:30,Completed,Emergency,Cold,2026-07-25,44636.03,41456.39,3293.63,Partially Paid
128,2260,234,Patient 234,1964-05-14,Other,A-,9806340901,patient234@email.com,27,Dr. Harish Reddy,Neurology,9868820204,dr27@caresync.hospital,2026-07-02,10:30,Scheduled,Pain,Fever,2026-08-06,40139.04,31451.67,618.95,Rejected
129,2264,5,Patient 5,1984-12-08,Female,O+,9545478870,patient5@email.com,11,Dr. Arjun Bhat,Cardiology,9826600539,dr11@caresync.hospital,2026-04-30,09:30,Cancelled,Emergency,Cold,2026-09-24,43147.74,16840.71,2666.88,Rejected
130,1835,189,Patient 189,1992-02-10,Other,O+,9702998820,patient189@email.com,12,Dr. Sneha Desai,General,9895285932,dr12@caresync.hospital,2026-08-18,10:00,Completed,Routine,Headache,2026-06-21,26662.22,4226.43,1906.05,Partially Paid
134,1288,402,Patient 402,2000-09-09,Other,A-,9311818984,patient402@email.com,17,Dr. Nitin Saxena,Neurology,9134126396,dr17@caresync.hospital,2026-09-11,15:30,Scheduled,Emergency,Cold,2026-08-06,41518.24,20063.9,1692.94,Rejected
135,1261,156,Patient 156,1975-06-09,Other,B-,9345343109,patient156@email.com,6,Dr. Anjali Nair,Ent,9362950628,dr6@caresync.hospital,2026-09-24,13:30,Cancelled,Routine,Headache,2026-05-06,23370.28,129.18,4032.42,Paid
136,2320,379,Patient 379,1984-08-14,Male,B+,9337911187,patient379@email.com,14,Dr. Pooja Yadav,Pediatrics,9193349856,dr14@caresync.hospital,2026-05-26,14:00,Completed,Follow-Up,Hypertension,2026-06-26,18892.79,4625.74,4581.45,Rejected
137,1417,319,Patient 319,1950-10-10,Male,Ab+,9410791488,patient319@email.com,11,Dr. Arjun Bhat,Cardiology,9826600539,dr11@caresync.hospital,2026-07-09,08:30,Scheduled,Check-Up,Diabetes,2026-08-30,47510.57,29356.12,4932.47,Paid
138,407,125,Patient 125,1993-11-28,Female,O+,9753154389,patient125@email.com,26,Dr. Priyanka Verma,Ent,9313500298,dr26@caresync.hospital,2026-06-08,14:00,Cancelled,Pain,Fever,2026-06-21,5011.47,133.14,3943.89,Partially Paid
138,1990,125,Patient 125,1993-11-28,Female,O+,9753154389,patient125@email.com,26,Dr. Priyanka Verma,Ent,9313500298,dr26@caresync.hospital,2026-06-08,14:00,Cancelled,Pain,Fever,2026-09-12,22039.9,18613.08,2025.18,Pending
142,36,498,Patient 498,1958-07-15,Other,A-,9931575232,patient498@email.com,31,Dr. Vishal Kumar,Cardiology,9550455977,dr31@caresync.hospital,2026-04-12,08:00,Completed,Check-Up,Diabetes,2026-05-16,48452.94,18098.57,3318.91,Rejected
142,1386,498,Patient 498,1958-07-15,Other,A-,9931575232,patient498@email.com,31,Dr. Vishal Kumar,Cardiology,9550455977,dr31@caresync.hospital,2026-04-12,08:00,Completed,Check-Up,Diabetes,2026-09-17,28805.12,20540.28,113.23,Pending
150,587,390,Patient 390,1985-07-03,Other,O-,9933468715,patient390@email.com,17,Dr. Nitin Saxena,Neurology,9134126396,dr17@caresync.hospital,2026-07-22,12:00,Cancelled,Routine,Headache,2026-05-11,13961.2,4317.51,4845.77,Partially Paid
151,1015,408,Patient 408,1985-09-13,Other,Ab-,9803847447,patient408@email.com,40,Dr. Harini Das,Radiology,9271432881,dr40@caresync.hospital,2026-06-07,17:00,Completed,Follow-Up,Hypertension,2026-08-25,21230.93,7228.37,1345.15,Partially Paid
153,1765,78,Patient 78,1954-08-26,Other,O-,9946571918,patient78@email.com,6,Dr. Anjali Nair,Ent,9362950628,dr6@caresync.hospital,2026-09-14,08:00,Cancelled,Pain,Fever,2026-04-16,20344.21,19273.94,2888.85,Paid
161,222,326,Patient 326,1959-10-10,Female,O-,9288650860,patient326@email.com,9,Dr. Rahul Gupta,Psychiatry,9890779946,dr9@caresync.hospital,2026-05-24,14:00,Scheduled,Follow-Up,Hypertension,2026-07-27,49865.3,36937.48,2130.43,Pending
166,821,487,Patient 487,1987-07-27,Male,Ab+,9570039364,patient487@email.com,23,Dr. Varun Nayar,Orthopedics,9746412689,dr23@caresync.hospital,2026-05-16,10:30,Completed,Follow-Up,Hypertension,2026-06-08,49317.02,41856.18,3431.29,Paid
167,314,172,Patient 172,1954-11-11,Male,B-,9837468465,patient172@email.com,21,Dr. Aditya Mishra,Cardiology,9349817734,dr21@caresync.hospital,2026-09-15,09:00,Scheduled,Check-Up,Diabetes,2026-09-10,38776.7,21491.87,3996.86,Pending
167,1401,172,Patient 172,1954-11-11,Male,B-,9837468465,patient172@email.com,21,Dr. Aditya Mishra,Cardiology,9349817734,dr21@caresync.hospital,2026-09-15,09:00,Scheduled,Check-Up,Diabetes,2026-06-16,14542.56,10441.69,4915.32,Paid
168,2003,1,Patient 1,1973-06-07,Male,A+,9730651895,patient1@email.com,31,Dr. Vishal Kumar,Cardiology,9550455977,dr31@caresync.hospital,2026-09-23,11:00,Cancelled,Pain,Fever,2026-06-06,43237.74,1066.08,4455.13,Partially Paid
169,1866,389,Patient 389,1969-09-01,Female,O+,9308202515,patient389@email.com,30,Dr. Ananya Singh,Radiology,9685126461,dr30@caresync.hospital,2026-05-26,10:00,Completed,Emergency,Cold,2026-04-16,42250.33,7895.73,1363.46,Pending
170,1600,337,Patient 337,1955-03-08,Male,A+,9480284107,patient337@email.com,35,Dr. Chirag Joshi,Dermatology,9398704996,dr35@caresync.hospital,2026-09-07,16:30,Scheduled,Routine,Headache,2026-09-21,45650.68,27217.82,3705.07,Rejected
170,1902,337,Patient 337,1955-03-08,Male,A+,9480284107,patient337@email.com,35,Dr. Chirag Joshi,Dermatology,9398704996,dr35@caresync.hospital,2026-09-07,16:30,Scheduled,Routine,Headache,2026-05-30,41164.55,25161.91,2254.91,Pending
173,2396,378,Patient 378,1982-01-22,Other,A-,9464549612,patient378@email.com,29,Dr. Manish Tandon,Psychiatry,9853041955,dr29@caresync.hospital,2026-06-21,13:30,Scheduled,Pain,Fever,2026-05-15,38931.79,11483.52,1900.85,Rejected
175,2256,158,Patient 158,1991-09-13,Female,O-,9463925049,patient158@email.com,35,Dr. Chirag Joshi,Dermatology,9398704996,dr35@caresync.hospital,2026-06-08,11:00,Completed,Routine,Headache,2026-07-31,44623.6,36828.94,1335.49,Rejected
180,675,215,Patient 215,1999-09-16,Female,Ab+,9697285504,patient215@email.com,37,Dr. Ekta Roy,Neurology,9106977991,dr37@caresync.hospital,2026-07-31,16:00,Cancelled,Routine,Headache,2026-07-05,37922.43,29578.91,3577.48,Partially Paid
183,1364,31,Patient 31,1968-07-06,Male,Ab+,9231167999,patient31@email.com,35,Dr. Chirag Joshi,Dermatology,9398704996,dr35@caresync.hospital,2026-05-29,10:30,Cancelled,Pain,Fever,2026-04-21,35319.31,15212.91,4770.2,Rejected
184,300,498,Patient 498,1958-07-15,Other,A-,9931575232,patient498@email.com,20,Dr. Swati Iyer,Radiology,9334760738,dr20@caresync.hospital,2026-09-30,10:00,Completed,Emergency,Cold,2026-09-19,47343.86,7500.76,214.81,Rejected
187,997,144,Patient 144,1959-04-28,Other,Ab-,9206492059,patient144@email.com,35,Dr. Chirag Joshi,Dermatology,9398704996,dr35@caresync.hospital,2026-06-08,09:00,Completed,Check-Up,Diabetes,2026-05-07,19602.19,6674.59,883.05,Paid
188,1075,48,Patient 48,1966-09-28,Other,Ab-,9320337809,patient48@email.com,15,Dr. Ashok Singh,Dermatology,9734036506,dr15@caresync.hospital,2026-08-20,15:30,Scheduled,Pain,Fever,2026-05-26,46360.01,1561.99,1375.16,Partially Paid
190,2247,472,Patient 472,1970-12-14,Male,Ab-,9261985842,patient472@email.com,29,Dr. Manish Tandon,Psychiatry,9853041955,dr29@caresync.hospital,2026-06-26,15:00,Completed,Routine,Headache,2026-05-04,27541.12,1947.65,4426.73,Partially Paid
191,1373,119,Patient 119,1985-05-22,Female,Ab+,9626422169,patient119@email.com,20,Dr. Swati Iyer,Radiology,9334760738,dr20@caresync.hospital,2026-09-23,09:30,Scheduled,Follow-Up,Hypertension,2026-06-18,29543.82,29145.33,2653.7,Paid
192,929,460,Patient 460,1993-12-02,Male,B-,9950207886,patient460@email.com,24,Dr. Isha Menon,Pediatrics,9128492780,dr24@caresync.hospital,2026-09-13,08:30,Cancelled,Check-Up,Diabetes,2026-06-13,31970.07,24163.72,2576.56,Paid
192,2065,460,Patient 460,1993-12-02,Male,B-,9950207886,patient460@email.com,24,Dr. Isha Menon,Pediatrics,9128492780,dr24@caresync.hospital,2026-09-13,08:30,Cancelled,Check-Up,Diabetes,2026-09-15,6517.15,4802.35,4066.67,Paid
203,1564,298,Patient 298,1965-05-22,Male,A-,9404133583,patient298@email.com,31,Dr. Vishal Kumar,Cardiology,9550455977,dr31@caresync.hospital,2026-08-18,12:30,Scheduled,Pain,Fever,2026-07-06,23264.57,17181.73,48.03,Rejected
205,1059,259,Patient 259,1988-12-23,Male,B+,9669601448,patient259@email.com,1,Dr. Rajesh Kumar,Cardiology,9786579303,dr1@caresync.hospital,2026-08-18,09:00,Completed,Routine,Headache,2026-05-02,35056.67,17464.97,576.06,Partially Paid
205,1736,259,Patient 259,1988-12-23,Male,B+,9669601448,patient259@email.com,1,Dr. Rajesh Kumar,Cardiology,9786579303,dr1@caresync.hospital,2026-08-18,09:00,Completed,Routine,Headache,2026-06-05,33318.27,29274.53,296.33,Rejected
205,1944,259,Patient 259,1988-12-23,Male,B+,9669601448,patient259@email.com,1,Dr. Rajesh Kumar,Cardiology,9786579303,dr1@caresync.hospital,2026-08-18,09:00,Completed,Routine,Headache,2026-04-25,31621.18,11622.17,4904.86,Rejected
207,2457,327,Patient 327,1955-04-04,Other,Ab+,9238712095,patient327@email.com,31,Dr. Vishal Kumar,Cardiology,9550455977,dr31@caresync.hospital,2026-05-03,09:30,Cancelled,Check-Up,Diabetes,2026-08-26,17149.97,15659.93,2176.65,Paid
208,315,420,Patient 420,1996-03-14,Other,B-,9831361497,patient420@email.com,20,Dr. Swati Iyer,Radiology,9334760738,dr20@caresync.hospital,2026-07-30,15:30,Completed,Pain,Fever,2026-05-27,47177.75,1594.58,196.58,Partially Paid
209,692,202,Patient 202,1999-02-25,Male,A-,9744685429,patient202@email.com,1,Dr. Rajesh Kumar,Cardiology,9786579303,dr1@caresync.hospital,2026-04-15,16:30,Scheduled,Emergency,Cold,2026-08-07,41189.96,6062.66,1575.31,Rejected
210,1960,39,Patient 39,1999-09-01,Other,Ab+,9741180590,patient39@email.com,28,Dr. Kavya Sharma,Gynecology,9797808098,dr28@caresync.hospital,2026-09-07,09:00,Cancelled,Routine,Headache,2026-08-03,34071.08,22931.81,3241.8,Rejected
213,2231,32,Patient 32,1979-01-24,Female,Ab-,9984968439,patient32@email.com,15,Dr. Ashok Singh,Dermatology,9734036506,dr15@caresync.hospital,2026-09-30,11:30,Cancelled,Pain,Fever,2026-06-28,34018.69,7630.2,4732.34,Partially Paid
214,1111,223,Patient 223,1954-07-14,Male,Ab+,9560755939,patient223@email.com,1,Dr. Rajesh Kumar,Cardiology,9786579303,dr1@caresync.hospital,2026-10-03,13:00,Completed,Emergency,Cold,2026-06-14,19360.77,2889.65,2982.27,Partially Paid
216,1720,494,Patient 494,1991-07-04,Female,O-,9500346767,patient494@email.com,24,Dr. Isha Menon,Pediatrics,9128492780,dr24@caresync.hospital,2026-09-05,17:30,Cancelled,Follow-Up,Hypertension,2026-08-10,39434.17,6456.33,1028.87,Rejected
220,380,134,Patient 134,1957-02-23,Female,O-,9864668242,patient134@email.com,28,Dr. Kavya Sharma,Gynecology,9797808098,dr28@caresync.hospital,2026-06-04,16:00,Completed,Routine,Headache,2026-08-24,30280.78,21140.65,2865.64,Rejected
221,77,436,Patient 436,1952-06-26,Male,B-,9394928601,patient436@email.com,26,Dr. Priyanka Verma,Ent,9313500298,dr26@caresync.hospital,2026-06-09,15:00,Scheduled,Follow-Up,Hypertension,2026-07-09,34566.08,29595.89,1153.88,Paid
221,468,436,Patient 436,1952-06-26,Male,B-,9394928601,patient436@email.com,26,Dr. Priyanka Verma,Ent,9313500298,dr26@caresync.hospital,2026-06-09,15:00,Scheduled,Follow-Up,Hypertension,2026-06-11,43437.87,31041.68,2691.51,Rejected
223,2204,475,Patient 475,1983-09-09,Male,B+,9211134294,patient475@email.com,11,Dr. Arjun Bhat,Cardiology,9826600539,dr11@caresync.hospital,2026-06-23,17:00,Completed,Pain,Fever,2026-05-18,29896.03,25500.1,3236.48,Rejected
227,463,426,Patient 426,1984-07-11,Other,A-,9773469560,patient426@email.com,17,Dr. Nitin Saxena,Neurology,9134126396,dr17@caresync.hospital,2026-07-19,11:00,Scheduled,Check-Up,Diabetes,2026-05-27,46348.03,25941.46,2532.71,Partially Paid
232,1464,140,Patient 140,1963-11-08,Female,B-,9587173220,patient140@email.com,40,Dr. Harini Das,Radiology,9271432881,dr40@caresync.hospital,2026-04-15,09:30,Completed,Check-Up,Diabetes,2026-07-27,4925.75,2561.25,4335.73,Rejected
233,2328,120,Patient 120,1956-03-09,Other,Ab-,9864935082,patient120@email.com,18,Dr. Shruti Pandey,Gynecology,9131994523,dr18@caresync.hospital,2026-04-11,14:00,Scheduled,Pain,Fever,2026-07-14,45894.93,15766.42,2549.05,Rejected
235,1205,484,Patient 484,1966-09-04,Male,B-,9142028540,patient484@email.com,35,Dr. Chirag Joshi,Dermatology,9398704996,dr35@caresync.hospital,2026-06-25,14:00,Completed,Routine,Headache,2026-07-21,46428.23,39864.63,3317.44,Paid
235,1618,484,Patient 484,1966-09-04,Male,B-,9142028540,patient484@email.com,35,Dr. Chirag Joshi,Dermatology,9398704996,dr35@caresync.hospital,2026-06-25,14:00,Completed,Routine,Headache,2026-05-19,47475.75,28834.49,753.69,Pending
236,1124,104,Patient 104,1970-05-07,Female,Ab-,9146562851,patient104@email.com,18,Dr. Shruti Pandey,Gynecology,9131994523,dr18@caresync.hospital,2026-07-19,12:00,Scheduled,Follow-Up,Hypertension,2026-06-04,30526.19,23404.78,2659.37,Rejected
236,1454,104,Patient 104,1970-05-07,Female,Ab-,9146562851,patient104@email.com,18,Dr. Shruti Pandey,Gynecology,9131994523,dr18@caresync.hospital,2026-07-19,12:00,Scheduled,Follow-Up,Hypertension,2026-04-24,36411.8,22750.71,425.72,Pending
237,1155,70,Patient 70,1979-12-02,Male,O-,9287364857,patient70@email.com,27,Dr. Harish Reddy,Neurology,9868820204,dr27@caresync.hospital,2026-09-12,08:00,Cancelled,Check-Up,Diabetes,2026-06-06,2914.98,1259.49,1473.44,Partially Paid
240,382,300,Patient 300,1985-09-12,Other,B-,9828519068,patient300@email.com,12,Dr. Sneha Desai,General,9895285932,dr12@caresync.hospital,2026-10-01,11:30,Cancelled,Routine,Headache,2026-06-18,2177.42,867.45,2801.27,Pending
240,708,300,Patient 300,1985-09-12,Other,B-,9828519068,patient300@email.com,12,Dr. Sneha Desai,General,9895285932,dr12@caresync.hospital,2026-10-01,11:30,Cancelled,Routine,Headache,2026-10-01,21245.54,2388.98,3061.87,Rejected
244,1407,85,Patient 85,1974-01-13,Male,O+,9156263020,patient85@email.com,30,Dr. Ananya Singh,Radiology,9685126461,dr30@caresync.hospital,2026-04-09,17:30,Completed,Emergency,Cold,2026-04-25,35688.59,20185.59,4269.04,Partially Paid
245,1184,231,Patient 231,1976-09-24,Other,Ab+,9697794767,patient231@email.com,40,Dr. Harini Das,Radiology,9271432881,dr40@caresync.hospital,2026-08-17,08:00,Scheduled,Routine,Headache,2026-04-09,46604.15,24461.59,1653.21,Rejected
245,1991,231,Patient 231,1976-09-24,Other,Ab+,9697794767,patient231@email.com,40,Dr. Harini Das,Radiology,9271432881,dr40@caresync.hospital,2026-08-17,08:00,Scheduled,Routine,Headache,2026-05-18,24460.3,4380.07,374.46,Partially Paid
246,21,239,Patient 239,1984-01-13,Female,Ab+,9293720285,patient239@email.com,29,Dr. Manish Tandon,Psychiatry,9853041955,dr29@caresync.hospital,2026-09-28,09:00,Cancelled,Follow-Up,Hypertension,2026-05-05,36885.67,10078.59,3588.28,Paid
247,582,161,Patient 161,1961-10-09,Female,A+,9528133274,patient161@email.com,18,Dr. Shruti Pandey,Gynecology,9131994523,dr18@caresync.hospital,2026-08-12,13:30,Completed,Check-Up,Diabetes,2026-07-30,48436.52,1523.85,1982.82,Pending
249,1244,62,Patient 62,1965-05-22,Female,O-,9739930411,patient62@email.com,32,Dr. Anjum Fatima,General,9336696312,dr32@caresync.hospital,2026-04-21,15:00,Cancelled,Emergency,Cold,2026-06-15,38950.45,570.9,1206.36,Rejected
251,1023,184,Patient 184,2000-10-20,Male,Ab-,9971630639,patient184@email.com,21,Dr. Aditya Mishra,Cardiology,9349817734,dr21@caresync.hospital,2026-04-21,09:30,Scheduled,Follow-Up,Hypertension,2026-06-27,37659.34,17200.52,2975.02,Partially Paid
251,1038,184,Patient 184,2000-10-20,Male,Ab-,9971630639,patient184@email.com,21,Dr. Aditya Mishra,Cardiology,9349817734,dr21@caresync.hospital,2026-04-21,09:30,Scheduled,Follow-Up,Hypertension,2026-05-07,22135.77,11916.81,1746.11,Pending
251,2113,184,Patient 184,2000-10-20,Male,Ab-,9971630639,patient184@email.com,21,Dr. Aditya Mishra,Cardiology,9349817734,dr21@caresync.hospital,2026-04-21,09:30,Scheduled,Follow-Up,Hypertension,2026-05-03,23894.24,14135.89,4875.46,Paid
258,1544,136,Patient 136,1973-10-18,Male,Ab-,9508992977,patient136@email.com,7,Dr. Vikram Sharma,Neurology,9339670711,dr7@caresync.hospital,2026-07-19,17:30,Cancelled,Pain,Fever,2026-06-07,40708.58,1127.88,4034.17,Rejected
259,1912,437,Patient 437,1953-05-12,Female,O+,9735032128,patient437@email.com,19,Dr. Rohit Kapoor,Psychiatry,9200604502,dr19@caresync.hospital,2026-06-08,11:30,Completed,Emergency,Cold,2026-07-17,38149.16,30962.16,567.51,Rejected
265,1017,156,Patient 156,1975-06-09,Other,B-,9345343109,patient156@email.com,6,Dr. Anjali Nair,Ent,9362950628,dr6@caresync.hospital,2026-08-23,15:30,Completed,Routine,Headache,2026-08-12,46476.06,18643.96,3464.09,Paid
266,660,424,Patient 424,1991-02-28,Male,Ab-,9770575153,patient424@email.com,10,Dr. Neha Chopra,Radiology,9210053353,dr10@caresync.hospital,2026-08-26,14:30,Scheduled,Follow-Up,Hypertension,2026-07-07,45366.31,25432.96,4031.85,Rejected
269,1479,309,Patient 309,1980-05-24,Other,O+,9743520276,patient309@email.com,14,Dr. Pooja Yadav,Pediatrics,9193349856,dr14@caresync.hospital,2026-06-02,16:30,Scheduled,Emergency,Cold,2026-08-11,32363.01,25345.5,1401.02,Partially Paid
269,2267,309,Patient 309,1980-05-24,Other,O+,9743520276,patient309@email.com,14,Dr. Pooja Yadav,Pediatrics,9193349856,dr14@caresync.hospital,2026-06-02,16:30,Scheduled,Emergency,Cold,2026-07-20,41539.98,35481.89,4841.33,Partially Paid
271,917,111,Patient 111,1956-02-18,Other,Ab+,9790781796,patient111@email.com,27,Dr. Harish Reddy,Neurology,9868820204,dr27@caresync.hospital,2026-09-29,15:30,Completed,Follow-Up,Hypertension,2026-08-16,19625.91,126.38,3219.51,Paid
274,1726,168,Patient 168,1977-01-17,Other,Ab-,9814154134,patient168@email.com,24,Dr. Isha Menon,Pediatrics,9128492780,dr24@caresync.hospital,2026-08-03,16:30,Completed,Emergency,Cold,2026-09-19,47262.65,36043.53,2012.97,Pending
276,1979,47,Patient 47,1980-09-06,Female,Ab+,9706210987,patient47@email.com,3,Dr. Amit Verma,Orthopedics,9126855092,dr3@caresync.hospital,2026-07-21,14:30,Cancelled,Follow-Up,Hypertension,2026-08-01,36692.14,34913.22,4777.75,Partially Paid
281,355,203,Patient 203,1977-04-06,Female,B+,9435489452,patient203@email.com,18,Dr. Shruti Pandey,Gynecology,9131994523,dr18@caresync.hospital,2026-10-02,09:30,Scheduled,Follow-Up,Hypertension,2026-09-17,42400.79,3.0,3842.92,Partially Paid
285,445,154,Patient 154,2000-04-08,Male,A-,9561784080,patient154@email.com,31,Dr. Vishal Kumar,Cardiology,9550455977,dr31@caresync.hospital,2026-06-20,11:00,Cancelled,Routine,Headache,2026-09-20,28490.98,26898.22,1520.8,Paid
285,1847,154,Patient 154,2000-04-08,Male,A-,9561784080,patient154@email.com,31,Dr. Vishal Kumar,Cardiology,9550455977,dr31@caresync.hospital,2026-06-20,11:00,Cancelled,Routine,Headache,2026-06-06,11991.44,9113.96,3546.39,Partially Paid
286,2114,134,Patient 134,1957-02-23,Female,O-,9864668242,patient134@email.com,12,Dr. Sneha Desai,General,9895285932,dr12@caresync.hospital,2026-05-31,15:30,Completed,Follow-Up,Hypertension,2026-09-30,31033.35,23305.5,3842.68,Pending
298,891,49,Patient 49,1988-07-07,Male,A+,9173669588,patient49@email.com,30,Dr. Ananya Singh,Radiology,9685126461,dr30@caresync.hospital,2026-04-14,10:30,Completed,Pain,Fever,2026-07-10,25198.19,25065.58,2737.27,Partially Paid
299,1050,237,Patient 237,1975-12-06,Other,O+,9387169808,patient237@email.com,7,Dr. Vikram Sharma,Neurology,9339670711,dr7@caresync.hospital,2026-06-02,16:30,Scheduled,Emergency,Cold,2026-05-09,35102.04,4800.8,3836.75,Pending
302,2447,407,Patient 407,1980-06-11,Female,Ab+,9915133660,patient407@email.com,31,Dr. Vishal Kumar,Cardiology,9550455977,dr31@caresync.hospital,2026-05-22,11:30,Scheduled,Check-Up,Diabetes,2026-09-10,18708.86,1267.66,4688.55,Partially Paid
309,1471,114,Patient 114,1965-06-10,Other,A-,9614302907,patient114@email.com,34,Dr. Bhavna Patel,Pediatrics,9732719211,dr34@caresync.hospital,2026-07-28,09:00,Cancelled,Emergency,Cold,2026-06-26,27875.7,17554.66,4438.08,Partially Paid
310,50,67,Patient 67,1976-04-04,Male,B+,9680051935,patient67@email.com,8,Dr. Deepika Malhotra,Gynecology,9249827706,dr8@caresync.hospital,2026-04-22,16:00,Completed,Routine,Headache,2026-04-19,43812.74,8154.46,3205.42,Pending
312,1498,422,Patient 422,1980-05-11,Female,O-,9790407222,patient422@email.com,31,Dr. Vishal Kumar,Cardiology,9550455977,dr31@caresync.hospital,2026-06-05,12:00,Cancelled,Check-Up,Diabetes,2026-09-21,45851.4,3383.97,1703.13,Pending
316,766,323,Patient 323,1954-07-16,Female,B+,9634063428,patient323@email.com,4,Dr. Priya Singh,Pediatrics,9896233790,dr4@caresync.hospital,2026-04-22,08:00,Completed,Follow-Up,Hypertension,2026-09-13,30217.45,28726.61,3840.8,Pending
329,722,463,Patient 463,1972-04-21,Male,Ab+,9582897882,patient463@email.com,1,Dr. Rajesh Kumar,Cardiology,9786579303,dr1@caresync.hospital,2026-05-28,17:00,Scheduled,Emergency,Cold,2026-05-24,22891.18,19692.16,4871.88,Pending
329,2127,463,Patient 463,1972-04-21,Male,Ab+,9582897882,patient463@email.com,1,Dr. Rajesh Kumar,Cardiology,9786579303,dr1@caresync.hospital,2026-05-28,17:00,Scheduled,Emergency,Cold,2026-10-03,37629.14,5162.01,2638.65,Partially Paid
330,578,331,Patient 331,1978-08-10,Male,B+,9347079497,patient331@email.com,3,Dr. Amit Verma,Orthopedics,9126855092,dr3@caresync.hospital,2026-08-09,09:00,Cancelled,Routine,Headache,2026-04-25,25841.59,19051.44,3669.4,Pending
330,1253,331,Patient 331,1978-08-10,Male,B+,9347079497,patient331@email.com,3,Dr. Amit Verma,Orthopedics,9126855092,dr3@caresync.hospital,2026-08-09,09:00,Cancelled,Routine,Headache,2026-07-23,43515.84,21089.39,2684.48,Paid
337,684,425,Patient 425,1971-11-28,Female,A+,9447042200,patient425@email.com,16,Dr. Divya Kumar,Ent,9553035110,dr16@caresync.hospital,2026-09-01,14:00,Completed,Check-Up,Diabetes,2026-08-19,33547.9,13854.71,3410.59,Rejected
338,96,415,Patient 415,1992-11-05,Male,Ab+,9910080036,patient415@email.com,11,Dr. Arjun Bhat,Cardiology,9826600539,dr11@caresync.hospital,2026-07-21,15:00,Scheduled,Pain,Fever,2026-04-14,46946.78,35014.0,35.44,Rejected
344,1141,26,Patient 26,1983-05-18,Female,A-,9485123110,patient26@email.com,4,Dr. Priya Singh,Pediatrics,9896233790,dr4@caresync.hospital,2026-06-06,17:00,Scheduled,Emergency,Cold,2026-09-17,19022.92,1117.33,4636.15,Paid
352,197,255,Patient 255,1980-11-04,Other,Ab+,9779863265,patient255@email.com,21,Dr. Aditya Mishra,Cardiology,9349817734,dr21@caresync.hospital,2026-06-03,16:00,Completed,Check-Up,Diabetes,2026-08-21,39756.04,30519.49,2915.87,Paid
355,1856,350,Patient 350,1959-02-02,Female,O-,9534245762,patient350@email.com,29,Dr. Manish Tandon,Psychiatry,9853041955,dr29@caresync.hospital,2026-08-14,08:30,Completed,Routine,Headache,2026-05-14,35077.61,3288.77,4624.5,Rejected
357,1984,89,Patient 89,1995-08-05,Female,A+,9664880035,patient89@email.com,2,Dr. Meena Joshi,General,9219540831,dr2@caresync.hospital,2026-05-02,09:00,Cancelled,Check-Up,Diabetes,2026-09-23,27722.27,14957.69,4829.78,Rejected
357,2164,89,Patient 89,1995-08-05,Female,A+,9664880035,patient89@email.com,2,Dr. Meena Joshi,General,9219540831,dr2@caresync.hospital,2026-05-02,09:00,Cancelled,Check-Up,Diabetes,2026-05-16,21096.75,17305.06,3867.07,Rejected
358,1697,182,Patient 182,1985-01-10,Female,O-,9893276164,patient182@email.com,25,Dr. Sameer Khan,Dermatology,9702632297,dr25@caresync.hospital,2026-06-01,12:30,Completed,Pain,Fever,2026-06-13,34075.32,523.28,376.21,Paid
361,521,96,Patient 96,1982-02-28,Other,Ab-,9488736388,patient96@email.com,17,Dr. Nitin Saxena,Neurology,9134126396,dr17@caresync.hospital,2026-05-31,16:30,Completed,Follow-Up,Hypertension,2026-04-20,37109.89,4990.41,4986.6,Paid
363,187,144,Patient 144,1959-04-28,Other,Ab-,9206492059,patient144@email.com,32,Dr. Anjum Fatima,General,9336696312,dr32@caresync.hospital,2026-08-05,14:30,Cancelled,Pain,Fever,2026-04-14,17108.99,11036.74,699.56,Partially Paid
364,2300,229,Patient 229,1980-01-12,Male,O+,9824750726,patient229@email.com,29,Dr. Manish Tandon,Psychiatry,9853041955,dr29@caresync.hospital,2026-08-12,11:30,Completed,Emergency,Cold,2026-06-21,34932.56,18349.56,150.59,Rejected
367,488,18,Patient 18,1987-07-19,Other,A-,9577488537,patient18@email.com,35,Dr. Chirag Joshi,Dermatology,9398704996,dr35@caresync.hospital,2026-09-30,09:30,Completed,Check-Up,Diabetes,2026-05-07,43079.22,15587.84,4134.09,Rejected
367,723,18,Patient 18,1987-07-19,Other,A-,9577488537,patient18@email.com,35,Dr. Chirag Joshi,Dermatology,9398704996,dr35@caresync.hospital,2026-09-30,09:30,Completed,Check-Up,Diabetes,2026-06-28,14031.74,391.33,1327.34,Partially Paid
367,883,18,Patient 18,1987-07-19,Other,A-,9577488537,patient18@email.com,35,Dr. Chirag Joshi,Dermatology,9398704996,dr35@caresync.hospital,2026-09-30,09:30,Completed,Check-Up,Diabetes,2026-07-22,30939.47,29965.04,1285.35,Partially Paid
368,478,315,Patient 315,1958-05-02,Other,B+,9923935280,patient315@email.com,32,Dr. Anjum Fatima,General,9336696312,dr32@caresync.hospital,2026-07-05,10:00,Scheduled,Pain,Fever,2026-06-05,16197.13,2052.62,4512.05,Pending
369,273,318,Patient 318,1998-08-04,Other,O-,9374361983,patient318@email.com,13,Dr. Karan Sethi,Orthopedics,9685582861,dr13@caresync.hospital,2026-07-30,15:30,Cancelled,Emergency,Cold,2026-04-24,35043.19,23286.55,3818.2,Paid
369,2367,318,Patient 318,1998-08-04,Other,O-,9374361983,patient318@email.com,13,Dr. Karan Sethi,Orthopedics,9685582861,dr13@caresync.hospital,2026-07-30,15:30,Cancelled,Emergency,Cold,2026-05-05,38741.74,5004.37,2002.2,Partially Paid
370,1794,316,Patient 316,1953-09-10,Male,B-,9247354744,patient316@email.com,37,Dr. Ekta Roy,Neurology,9106977991,dr37@caresync.hospital,2026-07-05,15:30,Completed,Routine,Headache,2026-06-22,34611.82,5515.88,4205.94,Pending
371,2142,126,Patient 126,1966-09-16,Other,O-,9259272239,patient126@email.com,12,Dr. Sneha Desai,General,9895285932,dr12@caresync.hospital,2026-04-14,17:30,Scheduled,Follow-Up,Hypertension,2026-07-17,42380.33,28059.34,1172.89,Pending
372,953,332,Patient 332,1987-07-10,Female,B-,9637152602,patient332@email.com,35,Dr. Chirag Joshi,Dermatology,9398704996,dr35@caresync.hospital,2026-08-25,13:00,Cancelled,Check-Up,Diabetes,2026-08-27,30172.19,1835.02,90.03,Paid
372,1692,332,Patient 332,1987-07-10,Female,B-,9637152602,patient332@email.com,35,Dr. Chirag Joshi,Dermatology,9398704996,dr35@caresync.hospital,2026-08-25,13:00,Cancelled,Check-Up,Diabetes,2026-09-20,14215.93,7087.94,3755.65,Rejected
375,1926,211,Patient 211,1985-08-06,Male,B+,9617746926,patient211@email.com,30,Dr. Ananya Singh,Radiology,9685126461,dr30@caresync.hospital,2026-09-26,17:30,Cancelled,Routine,Headache,2026-04-13,12493.43,961.24,2316.99,Pending
376,392,452,Patient 452,1994-05-15,Female,B-,9196955134,patient452@email.com,18,Dr. Shruti Pandey,Gynecology,9131994523,dr18@caresync.hospital,2026-09-18,13:00,Completed,Follow-Up,Hypertension,2026-07-16,47871.37,4411.97,2356.23,Rejected
379,281,32,Patient 32,1979-01-24,Female,Ab-,9984968439,patient32@email.com,11,Dr. Arjun Bhat,Cardiology,9826600539,dr11@caresync.hospital,2026-09-05,17:30,Completed,Emergency,Cold,2026-04-28,20835.8,4025.85,2397.42,Paid
382,1812,197,Patient 197,1976-11-19,Female,O+,9905611583,patient197@email.com,10,Dr. Neha Chopra,Radiology,9210053353,dr10@caresync.hospital,2026-09-04,09:00,Completed,Check-Up,Diabetes,2026-08-30,41705.57,20938.08,651.35,Rejected
382,2242,197,Patient 197,1976-11-19,Female,O+,9905611583,patient197@email.com,10,Dr. Neha Chopra,Radiology,9210053353,dr10@caresync.hospital,2026-09-04,09:00,Completed,Check-Up,Diabetes,2026-06-16,16128.33,208.88,1165.39,Pending
383,954,71,Patient 71,1993-11-21,Female,Ab+,9218032515,patient71@email.com,29,Dr. Manish Tandon,Psychiatry,9853041955,dr29@caresync.hospital,2026-05-14,13:30,Scheduled,Pain,Fever,2026-06-17,31505.27,937.1,2884.0,Pending
385,1950,103,Patient 103,1987-10-17,Male,Ab+,9760465943,patient103@email.com,17,Dr. Nitin Saxena,Neurology,9134126396,dr17@caresync.hospital,2026-06-02,11:00,Completed,Routine,Headache,2026-06-30,22075.99,11500.14,652.15,Pending
387,118,453,Patient 453,1969-04-13,Other,O+,9760360225,patient453@email.com,24,Dr. Isha Menon,Pediatrics,9128492780,dr24@caresync.hospital,2026-07-09,13:00,Cancelled,Check-Up,Diabetes,2026-09-26,21676.78,2.58,2780.21,Pending
388,434,409,Patient 409,1979-06-28,Male,A+,9180909963,patient409@email.com,30,Dr. Ananya Singh,Radiology,9685126461,dr30@caresync.hospital,2026-07-06,13:00,Completed,Pain,Fever,2026-08-19,10428.32,7067.71,798.99,Pending
392,381,411,Patient 411,1986-07-08,Other,B+,9929839316,patient411@email.com,12,Dr. Sneha Desai,General,9895285932,dr12@caresync.hospital,2026-08-27,17:30,Scheduled,Check-Up,Diabetes,2026-04-22,36703.39,14288.63,4247.1,Paid
392,1236,411,Patient 411,1986-07-08,Other,B+,9929839316,patient411@email.com,12,Dr. Sneha Desai,General,9895285932,dr12@caresync.hospital,2026-08-27,17:30,Scheduled,Check-Up,Diabetes,2026-09-02,29135.87,9916.31,2592.3,Rejected
393,22,279,Patient 279,1980-08-14,Other,Ab+,9153432064,patient279@email.com,2,Dr. Meena Joshi,General,9219540831,dr2@caresync.hospital,2026-04-11,11:00,Cancelled,Pain,Fever,2026-07-05,32320.87,14995.4,761.18,Pending
394,331,407,Patient 407,1980-06-11,Female,Ab+,9915133660,patient407@email.com,40,Dr. Harini Das,Radiology,9271432881,dr40@caresync.hospital,2026-05-26,14:30,Completed,Emergency,Cold,2026-08-26,15243.59,3889.83,112.53,Partially Paid
404,982,177,Patient 177,1994-05-18,Other,A+,9191659287,patient177@email.com,32,Dr. Anjum Fatima,General,9336696312,dr32@caresync.hospital,2026-05-01,08:30,Scheduled,Emergency,Cold,2026-05-05,39754.3,6249.47,758.33,Pending
406,735,290,Patient 290,1985-01-17,Female,A-,9393310667,patient290@email.com,10,Dr. Neha Chopra,Radiology,9210053353,dr10@caresync.hospital,2026-05-14,09:30,Completed,Follow-Up,Hypertension,2026-09-06,18206.86,8339.95,737.37,Partially Paid
412,1557,14,Patient 14,1975-11-15,Female,O-,9841183219,patient14@email.com,8,Dr. Deepika Malhotra,Gynecology,9249827706,dr8@caresync.hospital,2026-09-04,15:30,Completed,Check-Up,Diabetes,2026-06-01,45349.58,9536.46,4291.22,Paid
413,674,164,Patient 164,2000-06-14,Female,B-,9202097643,patient164@email.com,7,Dr. Vikram Sharma,Neurology,9339670711,dr7@caresync.hospital,2026-08-13,10:30,Scheduled,Pain,Fever,2026-05-07,19583.53,6902.6,953.74,Pending
414,931,306,Patient 306,1957-12-18,Other,A-,9148766522,patient306@email.com,34,Dr. Bhavna Patel,Pediatrics,9732719211,dr34@caresync.hospital,2026-07-04,08:00,Cancelled,Emergency,Cold,2026-04-14,32532.52,7658.84,371.35,Partially Paid
415,633,113,Patient 113,1958-06-03,Female,A+,9165310776,patient113@email.com,5,Dr. Sanjay Patel,Dermatology,9395310485,dr5@caresync.hospital,2026-08-25,13:00,Completed,Routine,Headache,2026-04-17,6996.97,639.69,3184.15,Paid
424,1191,272,Patient 272,1971-01-28,Female,Ab-,9740190407,patient272@email.com,7,Dr. Vikram Sharma,Neurology,9339670711,dr7@caresync.hospital,2026-07-11,15:30,Completed,Emergency,Cold,2026-06-19,48122.3,19715.72,21.36,Partially Paid
424,1369,272,Patient 272,1971-01-28,Female,Ab-,9740190407,patient272@email.com,7,Dr. Vikram Sharma,Neurology,9339670711,dr7@caresync.hospital,2026-07-11,15:30,Completed,Emergency,Cold,2026-08-04,21356.0,9469.92,3569.19,Paid
430,742,82,Patient 82,1965-03-14,Male,A-,9116944811,patient82@email.com,40,Dr. Harini Das,Radiology,9271432881,dr40@caresync.hospital,2026-10-03,13:30,Completed,Routine,Headache,2026-05-14,30837.05,8237.48,516.84,Pending
431,714,52,Patient 52,1975-11-21,Male,B-,9695076080,patient52@email.com,38,Dr. Faheem Ahmed,Gynecology,9914763202,dr38@caresync.hospital,2026-08-03,11:00,Scheduled,Follow-Up,Hypertension,2026-08-23,26231.18,4648.79,2257.42,Pending
431,1560,52,Patient 52,1975-11-21,Male,B-,9695076080,patient52@email.com,38,Dr. Faheem Ahmed,Gynecology,9914763202,dr38@caresync.hospital,2026-08-03,11:00,Scheduled,Follow-Up,Hypertension,2026-04-23,36571.13,16155.93,3928.87,Rejected
434,795,124,Patient 124,1995-06-07,Male,B-,9445864933,patient124@email.com,24,Dr. Isha Menon,Pediatrics,9128492780,dr24@caresync.hospital,2026-07-23,08:30,Scheduled,Emergency,Cold,2026-04-27,45626.6,32595.69,4744.49,Partially Paid
436,1672,274,Patient 274,1977-06-21,Male,A-,9156488296,patient274@email.com,39,Dr. Gajendra Singh,Psychiatry,9965241839,dr39@caresync.hospital,2026-08-22,08:30,Completed,Follow-Up,Hypertension,2026-08-17,10180.5,895.32,178.82,Rejected
440,440,378,Patient 378,1982-01-22,Other,A-,9464549612,patient378@email.com,32,Dr. Anjum Fatima,General,9336696312,dr32@caresync.hospital,2026-06-20,10:30,Scheduled,Routine,Headache,2026-07-02,49822.45,26725.59,1621.89,Rejected
446,589,434,Patient 434,1956-08-06,Female,A-,9425150964,patient434@email.com,27,Dr. Harish Reddy,Neurology,9868820204,dr27@caresync.hospital,2026-05-22,17:30,Scheduled,Follow-Up,Hypertension,2026-08-26,38104.97,17263.13,3483.38,Paid
449,189,182,Patient 182,1985-01-10,Female,O-,9893276164,patient182@email.com,40,Dr. Harini Das,Radiology,9271432881,dr40@caresync.hospital,2026-08-30,11:00,Scheduled,Emergency,Cold,2026-10-02,34124.11,4229.01,745.92,Paid
449,1592,182,Patient 182,1985-01-10,Female,O-,9893276164,patient182@email.com,40,Dr. Harini Das,Radiology,9271432881,dr40@caresync.hospital,2026-08-30,11:00,Scheduled,Emergency,Cold,2026-05-09,24092.75,6600.61,1624.59,Rejected
451,1998,430,Patient 430,1990-11-10,Male,O-,9173321814,patient430@email.com,34,Dr. Bhavna Patel,Pediatrics,9732719211,dr34@caresync.hospital,2026-06-21,09:30,Completed,Follow-Up,Hypertension,2026-05-17,14954.87,4556.66,2797.19,Pending
452,2312,433,Patient 433,1990-12-28,Male,A+,9777944609,patient433@email.com,3,Dr. Amit Verma,Orthopedics,9126855092,dr3@caresync.hospital,2026-06-22,16:00,Scheduled,Check-Up,Diabetes,2026-09-22,37838.49,6076.08,2630.87,Rejected
453,148,89,Patient 89,1995-08-05,Female,A+,9664880035,patient89@email.com,5,Dr. Sanjay Patel,Dermatology,9395310485,dr5@caresync.hospital,2026-06-09,11:00,Cancelled,Pain,Fever,2026-06-09,16328.05,15543.33,351.04,Rejected
453,610,89,Patient 89,1995-08-05,Female,A+,9664880035,patient89@email.com,5,Dr. Sanjay Patel,Dermatology,9395310485,dr5@caresync.hospital,2026-06-09,11:00,Cancelled,Pain,Fever,2026-08-21,29757.24,9568.73,216.07,Pending
455,1770,122,Patient 122,1985-03-09,Female,A-,9178910051,patient122@email.com,5,Dr. Sanjay Patel,Dermatology,9395310485,dr5@caresync.hospital,2026-04-13,08:00,Scheduled,Routine,Headache,2026-07-11,9024.66,3504.49,4192.34,Pending
456,265,304,Patient 304,1966-04-04,Male,Ab-,9816328133,patient304@email.com,14,Dr. Pooja Yadav,Pediatrics,9193349856,dr14@caresync.hospital,2026-07-04,08:00,Cancelled,Follow-Up,Hypertension,2026-04-30,49499.37,9512.91,1136.89,Paid
456,1801,304,Patient 304,1966-04-04,Male,Ab-,9816328133,patient304@email.com,14,Dr. Pooja Yadav,Pediatrics,9193349856,dr14@caresync.hospital,2026-07-04,08:00,Cancelled,Follow-Up,Hypertension,2026-08-09,10881.03,2150.53,2194.88,Paid
461,907,184,Patient 184,2000-10-20,Male,Ab-,9971630639,patient184@email.com,35,Dr. Chirag Joshi,Dermatology,9398704996,dr35@caresync.hospital,2026-05-25,12:30,Scheduled,Follow-Up,Hypertension,2026-04-13,33277.95,6937.99,765.77,Partially Paid
461,2308,184,Patient 184,2000-10-20,Male,Ab-,9971630639,patient184@email.com,35,Dr. Chirag Joshi,Dermatology,9398704996,dr35@caresync.hospital,2026-05-25,12:30,Scheduled,Follow-Up,Hypertension,2026-06-15,23775.22,19032.42,2646.6,Rejected
464,1275,15,Patient 15,1959-05-05,Other,Ab+,9497853519,patient15@email.com,13,Dr. Karan Sethi,Orthopedics,9685582861,dr13@caresync.hospital,2026-07-10,13:30,Scheduled,Emergency,Cold,2026-04-12,21610.22,19496.55,1733.58,Partially Paid
465,1408,361,Patient 361,1986-10-01,Male,A+,9763706947,patient361@email.com,34,Dr. Bhavna Patel,Pediatrics,9732719211,dr34@caresync.hospital,2026-07-16,15:00,Cancelled,Routine,Headache,2026-06-06,46244.3,23239.41,345.75,Rejected
467,2226,181,Patient 181,1986-05-13,Male,O+,9899496315,patient181@email.com,37,Dr. Ekta Roy,Neurology,9106977991,dr37@caresync.hospital,2026-08-23,09:30,Scheduled,Check-Up,Diabetes,2026-07-22,38747.5,28319.68,1289.36,Pending
468,1211,486,Patient 486,1997-11-09,Other,O-,9859803019,patient486@email.com,12,Dr. Sneha Desai,General,9895285932,dr12@caresync.hospital,2026-06-15,14:00,Cancelled,Pain,Fever,2026-05-10,23766.13,19102.33,3014.05,Partially Paid
469,456,291,Patient 291,1962-02-08,Other,B+,9331465414,patient291@email.com,36,Dr. Deepak Nair,Ent,9969119330,dr36@caresync.hospital,2026-09-19,12:00,Completed,Emergency,Cold,2026-07-10,44246.1,33870.83,2979.07,Rejected
469,2248,291,Patient 291,1962-02-08,Other,B+,9331465414,patient291@email.com,36,Dr. Deepak Nair,Ent,9969119330,dr36@caresync.hospital,2026-09-19,12:00,Completed,Emergency,Cold,2026-10-03,20756.34,19112.08,34.53,Rejected
477,1823,452,Patient 452,1994-05-15,Female,B-,9196955134,patient452@email.com,7,Dr. Vikram Sharma,Neurology,9339670711,dr7@caresync.hospital,2026-04-26,09:00,Cancelled,Check-Up,Diabetes,2026-07-06,18219.5,8389.63,517.19,Partially Paid
479,730,253,Patient 253,1962-01-20,Male,O+,9252336745,patient253@email.com,12,Dr. Sneha Desai,General,9895285932,dr12@caresync.hospital,2026-05-24,11:00,Scheduled,Emergency,Cold,2026-09-17,21203.61,20693.58,538.87,Pending
481,225,159,Patient 159,1993-09-11,Other,Ab+,9988434627,patient159@email.com,26,Dr. Priyanka Verma,Ent,9313500298,dr26@caresync.hospital,2026-06-19,16:30,Completed,Follow-Up,Hypertension,2026-09-02,40796.67,3596.97,122.61,Paid
486,689,29,Patient 29,1998-05-25,Female,O+,9396225446,patient29@email.com,39,Dr. Gajendra Singh,Psychiatry,9965241839,dr39@caresync.hospital,2026-07-19,11:30,Cancelled,Follow-Up,Hypertension,2026-04-09,22509.32,771.19,691.22,Paid
486,958,29,Patient 29,1998-05-25,Female,O+,9396225446,patient29@email.com,39,Dr. Gajendra Singh,Psychiatry,9965241839,dr39@caresync.hospital,2026-07-19,11:30,Cancelled,Follow-Up,Hypertension,2026-06-12,48559.49,39689.58,2780.82,Pending
487,325,120,Patient 120,1956-03-09,Other,Ab-,9864935082,patient120@email.com,29,Dr. Manish Tandon,Psychiatry,9853041955,dr29@caresync.hospital,2026-07-16,11:30,Completed,Check-Up,Diabetes,2026-08-03,10796.32,2996.5,2723.84,Paid
487,2419,120,Patient 120,1956-03-09,Other,Ab-,9864935082,patient120@email.com,29,Dr. Manish Tandon,Psychiatry,9853041955,dr29@caresync.hospital,2026-07-16,11:30,Completed,Check-Up,Diabetes,2026-09-04,42623.71,41825.79,2596.99,Partially Paid
488,276,309,Patient 309,1980-05-24,Other,O+,9743520276,patient309@email.com,23,Dr. Varun Nayar,Orthopedics,9746412689,dr23@caresync.hospital,2026-07-08,10:30,Scheduled,Pain,Fever,2026-08-07,31452.17,13256.92,4080.62,Rejected
489,775,113,Patient 113,1958-06-03,Female,A+,9165310776,patient113@email.com,21,Dr. Aditya Mishra,Cardiology,9349817734,dr21@caresync.hospital,2026-10-02,16:30,Cancelled,Emergency,Cold,2026-04-16,40545.14,34183.95,3615.87,Partially Paid
492,2133,245,Patient 245,1963-08-11,Female,O+,9476908532,patient245@email.com,24,Dr. Isha Menon,Pediatrics,9128492780,dr24@caresync.hospital,2026-05-01,11:00,Cancelled,Check-Up,Diabetes,2026-05-09,38363.16,3971.54,4037.92,Paid
492,2326,245,Patient 245,1963-08-11,Female,O+,9476908532,patient245@email.com,24,Dr. Isha Menon,Pediatrics,9128492780,dr24@caresync.hospital,2026-05-01,11:00,Cancelled,Check-Up,Diabetes,2026-05-27,43444.95,39979.74,1190.11,Pending
494,765,170,Patient 170,1997-12-22,Female,A-,9501902658,patient170@email.com,28,Dr. Kavya Sharma,Gynecology,9797808098,dr28@caresync.hospital,2026-04-08,08:00,Scheduled,Emergency,Cold,2026-07-26,43718.72,36703.3,2492.1,Paid
495,815,470,Patient 470,1987-06-24,Female,O-,9610702777,patient470@email.com,21,Dr. Aditya Mishra,Cardiology,9349817734,dr21@caresync.hospital,2026-06-23,17:30,Cancelled,Routine,Headache,2026-08-12,45042.43,10327.25,4561.82,Partially Paid
495,1200,470,Patient 470,1987-06-24,Female,O-,9610702777,patient470@email.com,21,Dr. Aditya Mishra,Cardiology,9349817734,dr21@caresync.hospital,2026-06-23,17:30,Cancelled,Routine,Headache,2026-04-21,35312.57,34322.04,16.31,Rejected
498,852,413,Patient 413,1970-12-16,Female,O+,9630554118,patient413@email.com,37,Dr. Ekta Roy,Neurology,9106977991,dr37@caresync.hospital,2026-08-13,12:00,Cancelled,Pain,Fever,2026-05-26,35919.33,16682.19,832.57,Rejected
501,968,368,Patient 368,1981-02-16,Female,Ab-,9213669678,patient368@email.com,25,Dr. Sameer Khan,Dermatology,9702632297,dr25@caresync.hospital,2026-04-29,09:00,Cancelled,Follow-Up,Hypertension,2026-06-10,49278.87,8736.07,1835.1,Rejected
502,1447,91,Patient 91,1953-10-24,Male,B+,9900651998,patient91@email.com,36,Dr. Deepak Nair,Ent,9969119330,dr36@caresync.hospital,2026-04-21,12:30,Completed,Check-Up,Diabetes,2026-04-18,41283.12,5853.38,4794.44,Partially Paid
507,632,166,Patient 166,1974-10-07,Male,O-,9558234365,patient166@email.com,26,Dr. Priyanka Verma,Ent,9313500298,dr26@caresync.hospital,2026-06-23,10:30,Cancelled,Check-Up,Diabetes,2026-06-26,26765.32,9096.44,4774.02,Rejected
513,489,470,Patient 470,1987-06-24,Female,O-,9610702777,patient470@email.com,34,Dr. Bhavna Patel,Pediatrics,9732719211,dr34@caresync.hospital,2026-07-11,08:30,Cancelled,Pain,Fever,2026-08-03,9782.35,7849.31,656.23,Paid
514,1103,73,Patient 73,1996-06-26,Male,A+,9127681228,patient73@email.com,9,Dr. Rahul Gupta,Psychiatry,9890779946,dr9@caresync.hospital,2026-06-27,14:30,Completed,Emergency,Cold,2026-09-14,40946.79,39529.34,4308.01,Partially Paid
514,1326,73,Patient 73,1996-06-26,Male,A+,9127681228,patient73@email.com,9,Dr. Rahul Gupta,Psychiatry,9890779946,dr9@caresync.hospital,2026-06-27,14:30,Completed,Emergency,Cold,2026-09-29,46432.02,39047.94,2614.77,Pending
514,1652,73,Patient 73,1996-06-26,Male,A+,9127681228,patient73@email.com,9,Dr. Rahul Gupta,Psychiatry,9890779946,dr9@caresync.hospital,2026-06-27,14:30,Completed,Emergency,Cold,2026-09-12,19875.54,7356.98,4795.5,Rejected
515,597,397,Patient 397,1979-09-05,Male,O+,9258580752,patient397@email.com,20,Dr. Swati Iyer,Radiology,9334760738,dr20@caresync.hospital,2026-09-02,08:00,Scheduled,Routine,Headache,2026-05-12,43573.99,6633.46,2911.96,Paid
518,1448,270,Patient 270,1977-11-12,Other,O-,9934120892,patient270@email.com,15,Dr. Ashok Singh,Dermatology,9734036506,dr15@caresync.hospital,2026-07-24,17:30,Scheduled,Pain,Fever,2026-06-10,25027.61,4636.48,2108.73,Rejected
520,169,187,Patient 187,1963-09-16,Male,B+,9164404084,patient187@email.com,21,Dr. Aditya Mishra,Cardiology,9349817734,dr21@caresync.hospital,2026-09-11,15:00,Completed,Routine,Headache,2026-05-06,48063.57,24525.12,3451.39,Paid
521,482,492,Patient 492,1991-02-21,Other,B-,9270452446,patient492@email.com,2,Dr. Meena Joshi,General,9219540831,dr2@caresync.hospital,2026-05-27,15:00,Scheduled,Follow-Up,Hypertension,2026-08-01,46507.09,40956.21,2965.04,Pending
524,211,361,Patient 361,1986-10-01,Male,A+,9763706947,patient361@email.com,33,Dr. Arjun Singh,Orthopedics,9582334538,dr33@caresync.hospital,2026-05-24,11:00,Scheduled,Emergency,Cold,2026-09-29,41136.77,20747.69,4608.97,Partially Paid
524,470,361,Patient 361,1986-10-01,Male,A+,9763706947,patient361@email.com,33,Dr. Arjun Singh,Orthopedics,9582334538,dr33@caresync.hospital,2026-05-24,11:00,Scheduled,Emergency,Cold,2026-07-04,46676.19,10276.7,1105.25,Pending
525,1507,483,Patient 483,2000-07-01,Other,B+,9285283722,patient483@email.com,36,Dr. Deepak Nair,Ent,9969119330,dr36@caresync.hospital,2026-07-09,10:00,Cancelled,Routine,Headache,2026-04-15,43328.24,21951.64,670.02,Partially Paid
530,2448,173,Patient 173,1989-06-22,Female,O+,9609241268,patient173@email.com,3,Dr. Amit Verma,Orthopedics,9126855092,dr3@caresync.hospital,2026-05-19,15:30,Scheduled,Routine,Headache,2026-06-11,35036.48,2677.86,3536.29,Rejected
539,1973,406,Patient 406,1959-08-18,Male,O-,9916274954,patient406@email.com,15,Dr. Ashok Singh,Dermatology,9734036506,dr15@caresync.hospital,2026-07-01,13:30,Scheduled,Emergency,Cold,2026-08-16,42933.04,16213.31,4116.56,Paid
540,82,328,Patient 328,1985-07-20,Male,Ab-,9508244633,patient328@email.com,17,Dr. Nitin Saxena,Neurology,9134126396,dr17@caresync.hospital,2026-07-30,08:00,Cancelled,Routine,Headache,2026-04-22,32706.26,10613.33,4910.94,Pending
542,1438,250,Patient 250,1972-04-21,Male,A-,9805818425,patient250@email.com,6,Dr. Anjali Nair,Ent,9362950628,dr6@caresync.hospital,2026-05-28,13:00,Scheduled,Check-Up,Diabetes,2026-09-20,33371.51,16.11,52.84,Pending
543,1494,333,Patient 333,1986-10-02,Other,O+,9699924859,patient333@email.com,37,Dr. Ekta Roy,Neurology,9106977991,dr37@caresync.hospital,2026-07-06,09:00,Cancelled,Pain,Fever,2026-09-11,21522.53,9099.82,4582.59,Pending
543,2317,333,Patient 333,1986-10-02,Other,O+,9699924859,patient333@email.com,37,Dr. Ekta Roy,Neurology,9106977991,dr37@caresync.hospital,2026-07-06,09:00,Cancelled,Pain,Fever,2026-09-28,33791.49,1225.36,2284.07,Paid
549,132,356,Patient 356,1984-08-15,Female,B-,9534900128,patient356@email.com,31,Dr. Vishal Kumar,Cardiology,9550455977,dr31@caresync.hospital,2026-07-20,17:30,Cancelled,Emergency,Cold,2026-08-01,43776.8,18396.87,639.28,Rejected
549,983,356,Patient 356,1984-08-15,Female,B-,9534900128,patient356@email.com,31,Dr. Vishal Kumar,Cardiology,9550455977,dr31@caresync.hospital,2026-07-20,17:30,Cancelled,Emergency,Cold,2026-05-24,11406.28,2547.66,4560.06,Partially Paid
549,1463,356,Patient 356,1984-08-15,Female,B-,9534900128,patient356@email.com,31,Dr. Vishal Kumar,Cardiology,9550455977,dr31@caresync.hospital,2026-07-20,17:30,Cancelled,Emergency,Cold,2026-07-18,40685.26,5259.31,2494.0,Partially Paid
553,1644,403,Patient 403,1950-05-24,Male,B+,9286293158,patient403@email.com,7,Dr. Vikram Sharma,Neurology,9339670711,dr7@caresync.hospital,2026-07-10,17:00,Completed,Pain,Fever,2026-05-04,38810.1,224.45,2565.68,Rejected
557,416,302,Patient 302,1971-06-23,Female,O-,9622517939,patient302@email.com,37,Dr. Ekta Roy,Neurology,9106977991,dr37@caresync.hospital,2026-04-27,08:30,Scheduled,Check-Up,Diabetes,2026-07-15,32979.78,25227.42,3466.49,Rejected
558,1080,418,Patient 418,1956-08-04,Male,A-,9722199123,patient418@email.com,25,Dr. Sameer Khan,Dermatology,9702632297,dr25@caresync.hospital,2026-04-17,10:30,Cancelled,Pain,Fever,2026-04-30,24667.76,19160.88,3984.82,Rejected
561,912,158,Patient 158,1991-09-13,Female,O-,9463925049,patient158@email.com,22,Dr. Riya Bhat,General,9642621108,dr22@caresync.hospital,2026-08-06,12:30,Cancelled,Follow-Up,Hypertension,2026-09-07,33921.04,30367.0,2563.25,Rejected
561,1898,158,Patient 158,1991-09-13,Female,O-,9463925049,patient158@email.com,22,Dr. Riya Bhat,General,9642621108,dr22@caresync.hospital,2026-08-06,12:30,Cancelled,Follow-Up,Hypertension,2026-08-11,3436.16,3377.68,4373.77,Pending
563,1815,353,Patient 353,1978-02-15,Female,A+,9548495473,patient353@email.com,28,Dr. Kavya Sharma,Gynecology,9797808098,dr28@caresync.hospital,2026-07-20,12:00,Scheduled,Pain,Fever,2026-05-13,36216.76,2491.96,1664.58,Partially Paid
565,396,66,Patient 66,2000-08-26,Other,A-,9239577989,patient66@email.com,8,Dr. Deepika Malhotra,Gynecology,9249827706,dr8@caresync.hospital,2026-04-17,11:30,Completed,Routine,Headache,2026-06-22,41363.47,22553.36,7.17,Rejected
571,389,486,Patient 486,1997-11-09,Other,O-,9859803019,patient486@email.com,20,Dr. Swati Iyer,Radiology,9334760738,dr20@caresync.hospital,2026-08-02,12:00,Completed,Follow-Up,Hypertension,2026-07-29,21253.47,12668.84,3922.8,Paid
572,436,294,Patient 294,1980-11-23,Other,O-,9222210617,patient294@email.com,34,Dr. Bhavna Patel,Pediatrics,9732719211,dr34@caresync.hospital,2026-09-08,13:30,Scheduled,Check-Up,Diabetes,2026-08-31,37264.54,9779.77,813.22,Rejected
577,406,291,Patient 291,1962-02-08,Other,B+,9331465414,patient291@email.com,10,Dr. Neha Chopra,Radiology,9210053353,dr10@caresync.hospital,2026-07-04,12:00,Completed,Check-Up,Diabetes,2026-08-29,45481.13,41380.69,1436.97,Pending
579,1014,94,Patient 94,1987-08-17,Male,O-,9581331845,patient94@email.com,33,Dr. Arjun Singh,Orthopedics,9582334538,dr33@caresync.hospital,2026-09-09,13:00,Cancelled,Emergency,Cold,2026-04-16,48549.39,11889.36,3015.23,Pending
580,345,309,Patient 309,1980-05-24,Other,O+,9743520276,patient309@email.com,15,Dr. Ashok Singh,Dermatology,9734036506,dr15@caresync.hospital,2026-08-28,14:30,Completed,Routine,Headache,2026-04-21,30093.47,13834.09,3653.31,Paid
582,882,472,Patient 472,1970-12-14,Male,Ab-,9261985842,patient472@email.com,4,Dr. Priya Singh,Pediatrics,9896233790,dr4@caresync.hospital,2026-06-21,12:30,Cancelled,Check-Up,Diabetes,2026-04-28,37134.46,3148.33,3473.87,Pending
582,1520,472,Patient 472,1970-12-14,Male,Ab-,9261985842,patient472@email.com,4,Dr. Priya Singh,Pediatrics,9896233790,dr4@caresync.hospital,2026-06-21,12:30,Cancelled,Check-Up,Diabetes,2026-07-02,48984.17,3487.95,3695.34,Rejected
582,2239,472,Patient 472,1970-12-14,Male,Ab-,9261985842,patient472@email.com,4,Dr. Priya Singh,Pediatrics,9896233790,dr4@caresync.hospital,2026-06-21,12:30,Cancelled,Check-Up,Diabetes,2026-05-28,29290.95,22617.08,1685.09,Partially Paid
583,700,415,Patient 415,1992-11-05,Male,Ab+,9910080036,patient415@email.com,26,Dr. Priyanka Verma,Ent,9313500298,dr26@caresync.hospital,2026-09-14,17:30,Completed,Pain,Fever,2026-05-02,18918.03,8424.42,1312.41,Rejected
584,54,496,Patient 496,1969-08-04,Male,Ab-,9515985367,patient496@email.com,29,Dr. Manish Tandon,Psychiatry,9853041955,dr29@caresync.hospital,2026-09-11,10:30,Scheduled,Emergency,Cold,2026-05-02,27029.21,26153.09,3037.62,Pending
585,1466,314,Patient 314,1950-12-18,Female,A-,9326810757,patient314@email.com,39,Dr. Gajendra Singh,Psychiatry,9965241839,dr39@caresync.hospital,2026-09-19,13:00,Cancelled,Routine,Headache,2026-04-11,36257.9,28806.52,2721.51,Pending
591,90,255,Patient 255,1980-11-04,Other,Ab+,9779863265,patient255@email.com,19,Dr. Rohit Kapoor,Psychiatry,9200604502,dr19@caresync.hospital,2026-09-15,17:30,Cancelled,Follow-Up,Hypertension,2026-09-27,34987.16,22498.69,4168.75,Pending
592,511,73,Patient 73,1996-06-26,Male,A+,9127681228,patient73@email.com,26,Dr. Priyanka Verma,Ent,9313500298,dr26@caresync.hospital,2026-07-02,16:00,Completed,Check-Up,Diabetes,2026-07-03,33341.24,9788.86,2741.26,Partially Paid
597,596,178,Patient 178,1958-04-14,Male,A-,9200105056,patient178@email.com,31,Dr. Vishal Kumar,Cardiology,9550455977,dr31@caresync.hospital,2026-05-14,15:30,Cancelled,Check-Up,Diabetes,2026-07-29,6524.87,6475.31,1422.84,Rejected
601,1798,454,Patient 454,1980-02-08,Male,O-,9737888347,patient454@email.com,26,Dr. Priyanka Verma,Ent,9313500298,dr26@caresync.hospital,2026-05-08,16:00,Completed,Follow-Up,Hypertension,2026-09-24,33067.71,11140.02,162.71,Pending
602,643,494,Patient 494,1991-07-04,Female,O-,9500346767,patient494@email.com,17,Dr. Nitin Saxena,Neurology,9134126396,dr17@caresync.hospital,2026-05-30,14:00,Scheduled,Check-Up,Diabetes,2026-07-26,38078.96,28978.59,3781.64,Partially Paid
602,2418,494,Patient 494,1991-07-04,Female,O-,9500346767,patient494@email.com,17,Dr. Nitin Saxena,Neurology,9134126396,dr17@caresync.hospital,2026-05-30,14:00,Scheduled,Check-Up,Diabetes,2026-05-24,8951.43,4379.46,1511.82,Pending
603,1174,46,Patient 46,1958-03-22,Male,O-,9945011302,patient46@email.com,6,Dr. Anjali Nair,Ent,9362950628,dr6@caresync.hospital,2026-04-25,10:30,Cancelled,Pain,Fever,2026-07-16,14084.8,6421.13,2119.12,Pending
604,930,421,Patient 421,1991-03-03,Male,O+,9706118438,patient421@email.com,26,Dr. Priyanka Verma,Ent,9313500298,dr26@caresync.hospital,2026-06-18,11:30,Completed,Emergency,Cold,2026-05-15,36162.86,18516.26,3974.49,Pending
604,2287,421,Patient 421,1991-03-03,Male,O+,9706118438,patient421@email.com,26,Dr. Priyanka Verma,Ent,9313500298,dr26@caresync.hospital,2026-06-18,11:30,Completed,Emergency,Cold,2026-07-09,29247.72,15146.55,1930.81,Partially Paid
605,1069,363,Patient 363,1967-10-02,Other,B+,9993381017,patient363@email.com,33,Dr. Arjun Singh,Orthopedics,9582334538,dr33@caresync.hospital,2026-06-14,10:30,Scheduled,Routine,Headache,2026-06-23,47401.12,1269.91,3286.5,Paid
608,244,374,Patient 374,1998-09-02,Female,O-,9184446671,patient374@email.com,9,Dr. Rahul Gupta,Psychiatry,9890779946,dr9@caresync.hospital,2026-06-20,08:30,Scheduled,Pain,Fever,2026-08-06,14782.91,12250.15,79.06,Rejected
608,378,374,Patient 374,1998-09-02,Female,O-,9184446671,patient374@email.com,9,Dr. Rahul Gupta,Psychiatry,9890779946,dr9@caresync.hospital,2026-06-20,08:30,Scheduled,Pain,Fever,2026-07-17,38915.5,28712.58,573.64,Pending
610,533,172,Patient 172,1954-11-11,Male,B-,9837468465,patient172@email.com,36,Dr. Deepak Nair,Ent,9969119330,dr36@caresync.hospital,2026-08-29,08:00,Completed,Routine,Headache,2026-07-04,45787.62,40011.0,839.43,Paid
611,1992,229,Patient 229,1980-01-12,Male,O+,9824750726,patient229@email.com,13,Dr. Karan Sethi,Orthopedics,9685582861,dr13@caresync.hospital,2026-05-28,08:30,Scheduled,Follow-Up,Hypertension,2026-09-22,38757.36,16037.1,3692.18,Rejected
615,348,128,Patient 128,1990-07-27,Female,Ab-,9235497187,patient128@email.com,13,Dr. Karan Sethi,Orthopedics,9685582861,dr13@caresync.hospital,2026-09-01,13:00,Cancelled,Routine,Headache,2026-08-13,29461.43,15320.63,3546.87,Rejected
616,2271,355,Patient 355,1975-05-17,Male,B+,9223666470,patient355@email.com,36,Dr. Deepak Nair,Ent,9969119330,dr36@caresync.hospital,2026-05-26,09:00,Completed,Follow-Up,Hypertension,2026-07-10,41723.75,6354.49,3129.68,Partially Paid
624,285,25,Patient 25,1974-10-15,Male,A+,9792377512,patient25@email.com,21,Dr. Aditya Mishra,Cardiology,9349817734,dr21@caresync.hospital,2026-08-25,08:00,Cancelled,Emergency,Cold,2026-05-11,29098.68,3801.57,59.25,Paid
625,609,198,Patient 198,1962-12-23,Other,O-,9554124989,patient198@email.com,37,Dr. Ekta Roy,Neurology,9106977991,dr37@caresync.hospital,2026-05-14,17:00,Completed,Routine,Headache,2026-09-05,49996.22,12704.43,4250.0,Paid
629,1580,497,Patient 497,1956-04-18,Female,A+,9538912794,patient497@email.com,28,Dr. Kavya Sharma,Gynecology,9797808098,dr28@caresync.hospital,2026-06-22,08:30,Scheduled,Emergency,Cold,2026-09-07,45880.45,39977.85,1767.91,Rejected
631,2135,453,Patient 453,1969-04-13,Other,O+,9760360225,patient453@email.com,23,Dr. Varun Nayar,Orthopedics,9746412689,dr23@caresync.hospital,2026-09-04,09:30,Completed,Follow-Up,Hypertension,2026-09-14,38929.88,13171.77,821.11,Partially Paid
633,2486,253,Patient 253,1962-01-20,Male,O+,9252336745,patient253@email.com,21,Dr. Aditya Mishra,Cardiology,9349817734,dr21@caresync.hospital,2026-05-11,10:00,Cancelled,Pain,Fever,2026-05-23,37592.77,36520.56,4883.32,Pending
634,804,452,Patient 452,1994-05-15,Female,B-,9196955134,patient452@email.com,23,Dr. Varun Nayar,Orthopedics,9746412689,dr23@caresync.hospital,2026-07-22,16:30,Completed,Emergency,Cold,2026-08-19,47588.28,17909.52,335.68,Rejected
637,963,280,Patient 280,1996-10-09,Male,Ab-,9823668399,patient280@email.com,20,Dr. Swati Iyer,Radiology,9334760738,dr20@caresync.hospital,2026-08-26,14:00,Completed,Check-Up,Diabetes,2026-06-11,27910.34,26852.17,3460.7,Partially Paid
640,2252,425,Patient 425,1971-11-28,Female,A+,9447042200,patient425@email.com,40,Dr. Harini Das,Radiology,9271432881,dr40@caresync.hospital,2026-07-18,10:00,Completed,Routine,Headache,2026-07-11,5198.58,5104.23,1254.92,Rejected
641,1293,246,Patient 246,1971-07-09,Other,O-,9106556040,patient246@email.com,29,Dr. Manish Tandon,Psychiatry,9853041955,dr29@caresync.hospital,2026-07-01,15:30,Scheduled,Follow-Up,Hypertension,2026-07-26,24018.23,1021.66,1906.13,Paid
642,902,404,Patient 404,1969-10-19,Female,B-,9746820987,patient404@email.com,40,Dr. Harini Das,Radiology,9271432881,dr40@caresync.hospital,2026-07-19,12:30,Cancelled,Check-Up,Diabetes,2026-05-16,27911.83,12295.01,432.05,Pending
643,1390,443,Patient 443,1974-10-22,Female,B+,9595792218,patient443@email.com,10,Dr. Neha Chopra,Radiology,9210053353,dr10@caresync.hospital,2026-07-21,09:30,Completed,Pain,Fever,2026-08-29,17145.07,3685.69,3634.1,Pending
646,1207,389,Patient 389,1969-09-01,Female,O+,9308202515,patient389@email.com,15,Dr. Ashok Singh,Dermatology,9734036506,dr15@caresync.hospital,2026-08-29,09:30,Completed,Follow-Up,Hypertension,2026-06-20,40042.24,33286.64,3491.47,Partially Paid
647,224,352,Patient 352,1997-10-10,Male,Ab-,9787346882,patient352@email.com,13,Dr. Karan Sethi,Orthopedics,9685582861,dr13@caresync.hospital,2026-08-29,14:30,Scheduled,Check-Up,Diabetes,2026-06-16,20512.07,5247.58,3537.66,Rejected
657,40,164,Patient 164,2000-06-14,Female,B-,9202097643,patient164@email.com,1,Dr. Rajesh Kumar,Cardiology,9786579303,dr1@caresync.hospital,2026-09-03,13:00,Cancelled,Check-Up,Diabetes,2026-06-01,9355.58,8829.75,1207.13,Rejected
659,1001,488,Patient 488,1990-06-04,Female,Ab-,9571825556,patient488@email.com,8,Dr. Deepika Malhotra,Gynecology,9249827706,dr8@caresync.hospital,2026-07-07,16:00,Scheduled,Emergency,Cold,2026-09-17,25809.81,16838.32,2826.73,Paid
665,2359,193,Patient 193,1969-04-26,Male,A+,9231244840,patient193@email.com,14,Dr. Pooja Yadav,Pediatrics,9193349856,dr14@caresync.hospital,2026-07-17,15:30,Scheduled,Routine,Headache,2026-09-27,40649.36,22521.8,1155.55,Partially Paid
666,1694,83,Patient 83,1981-08-07,Female,B+,9287095435,patient83@email.com,35,Dr. Chirag Joshi,Dermatology,9398704996,dr35@caresync.hospital,2026-05-13,15:00,Cancelled,Follow-Up,Hypertension,2026-04-26,33335.59,27769.54,3537.43,Pending
666,2196,83,Patient 83,1981-08-07,Female,B+,9287095435,patient83@email.com,35,Dr. Chirag Joshi,Dermatology,9398704996,dr35@caresync.hospital,2026-05-13,15:00,Cancelled,Follow-Up,Hypertension,2026-09-28,34659.71,1823.9,3767.43,Rejected
669,544,281,Patient 281,1970-04-27,Female,A+,9187597497,patient281@email.com,35,Dr. Chirag Joshi,Dermatology,9398704996,dr35@caresync.hospital,2026-06-30,17:30,Cancelled,Emergency,Cold,2026-04-30,36658.21,13345.03,351.74,Rejected
669,710,281,Patient 281,1970-04-27,Female,A+,9187597497,patient281@email.com,35,Dr. Chirag Joshi,Dermatology,9398704996,dr35@caresync.hospital,2026-06-30,17:30,Cancelled,Emergency,Cold,2026-06-29,28538.72,15381.27,2925.8,Pending
669,1435,281,Patient 281,1970-04-27,Female,A+,9187597497,patient281@email.com,35,Dr. Chirag Joshi,Dermatology,9398704996,dr35@caresync.hospital,2026-06-30,17:30,Cancelled,Emergency,Cold,2026-05-31,33927.41,13201.36,2673.3,Partially Paid
680,1619,221,Patient 221,1964-07-23,Female,O+,9342836476,patient221@email.com,3,Dr. Amit Verma,Orthopedics,9126855092,dr3@caresync.hospital,2026-08-27,17:30,Scheduled,Routine,Headache,2026-05-01,17947.74,6585.93,3866.36,Partially Paid
680,2464,221,Patient 221,1964-07-23,Female,O+,9342836476,patient221@email.com,3,Dr. Amit Verma,Orthopedics,9126855092,dr3@caresync.hospital,2026-08-27,17:30,Scheduled,Routine,Headache,2026-08-07,31239.36,5163.17,2697.81,Rejected
681,1541,483,Patient 483,2000-07-01,Other,B+,9285283722,patient483@email.com,17,Dr. Nitin Saxena,Neurology,9134126396,dr17@caresync.hospital,2026-07-13,09:00,Cancelled,Follow-Up,Hypertension,2026-09-28,32558.12,29469.33,744.69,Paid
682,239,335,Patient 335,1998-04-21,Female,Ab+,9817311263,patient335@email.com,11,Dr. Arjun Bhat,Cardiology,9826600539,dr11@caresync.hospital,2026-09-12,09:30,Completed,Check-Up,Diabetes,2026-09-04,49634.65,23049.2,4645.36,Partially Paid
682,778,335,Patient 335,1998-04-21,Female,Ab+,9817311263,patient335@email.com,11,Dr. Arjun Bhat,Cardiology,9826600539,dr11@caresync.hospital,2026-09-12,09:30,Completed,Check-Up,Diabetes,2026-04-24,18761.67,7932.04,2055.3,Pending
691,1867,106,Patient 106,1965-05-13,Male,A-,9940983577,patient106@email.com,5,Dr. Sanjay Patel,Dermatology,9395310485,dr5@caresync.hospital,2026-05-19,11:00,Completed,Follow-Up,Hypertension,2026-08-17,42369.88,26935.2,3429.93,Partially Paid
692,1665,499,Patient 499,1973-11-24,Male,B+,9463318956,patient499@email.com,25,Dr. Sameer Khan,Dermatology,9702632297,dr25@caresync.hospital,2026-09-23,14:00,Scheduled,Check-Up,Diabetes,2026-07-13,41131.57,34808.8,1088.28,Paid
693,2074,98,Patient 98,1954-11-28,Female,A-,9737444033,patient98@email.com,18,Dr. Shruti Pandey,Gynecology,9131994523,dr18@caresync.hospital,2026-04-16,09:00,Cancelled,Pain,Fever,2026-04-27,35219.98,14052.38,2414.26,Pending
695,1363,357,Patient 357,1955-10-02,Other,O+,9122394554,patient357@email.com,7,Dr. Vikram Sharma,Neurology,9339670711,dr7@caresync.hospital,2026-07-25,08:00,Scheduled,Routine,Headache,2026-08-14,49211.68,36720.23,867.42,Partially Paid
695,1693,357,Patient 357,1955-10-02,Other,O+,9122394554,patient357@email.com,7,Dr. Vikram Sharma,Neurology,9339670711,dr7@caresync.hospital,2026-07-25,08:00,Scheduled,Routine,Headache,2026-06-08,19855.9,11895.38,767.48,Paid
697,1609,370,Patient 370,1970-11-04,Male,A-,9567804106,patient370@email.com,19,Dr. Rohit Kapoor,Psychiatry,9200604502,dr19@caresync.hospital,2026-09-12,14:00,Completed,Check-Up,Diabetes,2026-08-09,22320.43,1709.13,2162.03,Paid
698,1710,474,Patient 474,2000-09-12,Other,A-,9583745511,patient474@email.com,25,Dr. Sameer Khan,Dermatology,9702632297,dr25@caresync.hospital,2026-08-23,13:00,Scheduled,Pain,Fever,2026-07-15,32938.16,31713.39,274.35,Pending
703,2150,145,Patient 145,1960-03-14,Male,A+,9951580447,patient145@email.com,21,Dr. Aditya Mishra,Cardiology,9349817734,dr21@caresync.hospital,2026-05-14,13:00,Completed,Pain,Fever,2026-07-01,36010.71,18272.15,2046.83,Pending
704,1334,153,Patient 153,1979-06-10,Other,A+,9330879256,patient153@email.com,32,Dr. Anjum Fatima,General,9336696312,dr32@caresync.hospital,2026-04-22,09:30,Scheduled,Emergency,Cold,2026-05-24,30690.74,1254.2,2707.89,Pending
704,1638,153,Patient 153,1979-06-10,Other,A+,9330879256,patient153@email.com,32,Dr. Anjum Fatima,General,9336696312,dr32@caresync.hospital,2026-04-22,09:30,Scheduled,Emergency,Cold,2026-04-11,41845.9,5742.76,1802.32,Pending
705,1683,122,Patient 122,1985-03-09,Female,A-,9178910051,patient122@email.com,39,Dr. Gajendra Singh,Psychiatry,9965241839,dr39@caresync.hospital,2026-09-03,14:30,Cancelled,Routine,Headache,2026-06-19,47286.94,45427.38,2149.29,Partially Paid
708,1062,202,Patient 202,1999-02-25,Male,A-,9744685429,patient202@email.com,12,Dr. Sneha Desai,General,9895285932,dr12@caresync.hospital,2026-09-13,09:00,Cancelled,Pain,Fever,2026-08-13,11893.82,2087.01,4586.17,Pending
709,1906,293,Patient 293,1985-04-23,Female,O+,9650127661,patient293@email.com,13,Dr. Karan Sethi,Orthopedics,9685582861,dr13@caresync.hospital,2026-08-16,15:00,Completed,Emergency,Cold,2026-04-28,34020.39,12990.38,3904.46,Pending
711,1790,431,Patient 431,1964-12-03,Female,Ab+,9603500181,patient431@email.com,30,Dr. Ananya Singh,Radiology,9685126461,dr30@caresync.hospital,2026-05-19,08:00,Cancelled,Follow-Up,Hypertension,2026-07-05,28175.18,24770.37,1030.96,Pending
715,1925,185,Patient 185,1991-06-15,Female,A+,9239710404,patient185@email.com,16,Dr. Divya Kumar,Ent,9553035110,dr16@caresync.hospital,2026-05-24,12:00,Completed,Routine,Headache,2026-10-03,30586.43,20012.28,2369.31,Paid
717,1701,219,Patient 219,1971-06-18,Other,B+,9399110343,patient219@email.com,20,Dr. Swati Iyer,Radiology,9334760738,dr20@caresync.hospital,2026-06-05,16:30,Cancelled,Check-Up,Diabetes,2026-07-15,27366.13,22271.71,130.49,Paid
720,480,422,Patient 422,1980-05-11,Female,O-,9790407222,patient422@email.com,26,Dr. Priyanka Verma,Ent,9313500298,dr26@caresync.hospital,2026-09-04,17:30,Cancelled,Routine,Headache,2026-06-01,46727.39,9803.9,2537.49,Rejected
720,1221,422,Patient 422,1980-05-11,Female,O-,9790407222,patient422@email.com,26,Dr. Priyanka Verma,Ent,9313500298,dr26@caresync.hospital,2026-09-04,17:30,Cancelled,Routine,Headache,2026-06-01,16381.96,10819.39,2035.62,Paid
723,1123,308,Patient 308,1962-04-24,Female,B-,9524410834,patient308@email.com,23,Dr. Varun Nayar,Orthopedics,9746412689,dr23@caresync.hospital,2026-08-19,14:30,Cancelled,Pain,Fever,2026-07-05,34020.33,2356.42,4684.97,Partially Paid
725,2478,103,Patient 103,1987-10-17,Male,Ab+,9760465943,patient103@email.com,23,Dr. Varun Nayar,Orthopedics,9746412689,dr23@caresync.hospital,2026-07-26,08:00,Scheduled,Routine,Headache,2026-07-06,43073.86,17833.62,2212.51,Pending
727,2124,14,Patient 14,1975-11-15,Female,O-,9841183219,patient14@email.com,16,Dr. Divya Kumar,Ent,9553035110,dr16@caresync.hospital,2026-08-03,08:00,Completed,Check-Up,Diabetes,2026-04-09,34560.88,29920.75,4053.71,Rejected
728,510,106,Patient 106,1965-05-13,Male,A-,9940983577,patient106@email.com,33,Dr. Arjun Singh,Orthopedics,9582334538,dr33@caresync.hospital,2026-05-09,15:00,Scheduled,Pain,Fever,2026-07-03,20842.75,17817.92,2962.07,Pending
728,1745,106,Patient 106,1965-05-13,Male,A-,9940983577,patient106@email.com,33,Dr. Arjun Singh,Orthopedics,9582334538,dr33@caresync.hospital,2026-05-09,15:00,Scheduled,Pain,Fever,2026-06-04,20721.4,3866.27,3279.82,Paid
732,2352,42,Patient 42,1969-04-02,Other,A-,9944814262,patient42@email.com,25,Dr. Sameer Khan,Dermatology,9702632297,dr25@caresync.hospital,2026-05-02,16:30,Cancelled,Check-Up,Diabetes,2026-07-04,43448.49,34870.38,3392.7,Rejected
733,658,243,Patient 243,1979-03-02,Other,B+,9431769776,patient243@email.com,2,Dr. Meena Joshi,General,9219540831,dr2@caresync.hospital,2026-07-14,10:30,Completed,Pain,Fever,2026-09-03,39438.84,25741.17,2214.28,Pending
736,2184,158,Patient 158,1991-09-13,Female,O-,9463925049,patient158@email.com,15,Dr. Ashok Singh,Dermatology,9734036506,dr15@caresync.hospital,2026-09-23,16:00,Completed,Follow-Up,Hypertension,2026-04-27,24410.3,13131.06,3715.96,Rejected
739,106,242,Patient 242,1977-03-28,Female,A-,9918630985,patient242@email.com,26,Dr. Priyanka Verma,Ent,9313500298,dr26@caresync.hospital,2026-07-09,11:00,Completed,Emergency,Cold,2026-07-12,5317.23,1315.84,4230.44,Pending
739,1183,242,Patient 242,1977-03-28,Female,A-,9918630985,patient242@email.com,26,Dr. Priyanka Verma,Ent,9313500298,dr26@caresync.hospital,2026-07-09,11:00,Completed,Emergency,Cold,2026-04-18,20464.14,5410.27,4703.54,Partially Paid
739,1231,242,Patient 242,1977-03-28,Female,A-,9918630985,patient242@email.com,26,Dr. Priyanka Verma,Ent,9313500298,dr26@caresync.hospital,2026-07-09,11:00,Completed,Emergency,Cold,2026-06-03,35426.67,33538.03,4830.44,Partially Paid
739,1594,242,Patient 242,1977-03-28,Female,A-,9918630985,patient242@email.com,26,Dr. Priyanka Verma,Ent,9313500298,dr26@caresync.hospital,2026-07-09,11:00,Completed,Emergency,Cold,2026-05-10,21974.79,1493.18,431.72,Pending
739,1689,242,Patient 242,1977-03-28,Female,A-,9918630985,patient242@email.com,26,Dr. Priyanka Verma,Ent,9313500298,dr26@caresync.hospital,2026-07-09,11:00,Completed,Emergency,Cold,2026-04-11,39203.78,28643.24,290.16,Paid
742,1175,339,Patient 339,1960-01-14,Other,B+,9526351920,patient339@email.com,25,Dr. Sameer Khan,Dermatology,9702632297,dr25@caresync.hospital,2026-06-20,08:30,Completed,Check-Up,Diabetes,2026-05-13,32463.45,9806.2,4321.36,Partially Paid
747,1482,199,Patient 199,1974-08-13,Male,Ab+,9874233009,patient199@email.com,16,Dr. Divya Kumar,Ent,9553035110,dr16@caresync.hospital,2026-07-31,09:30,Cancelled,Check-Up,Diabetes,2026-09-25,47616.05,1236.46,2291.92,Pending
749,2374,190,Patient 190,1982-11-21,Male,O-,9703102938,patient190@email.com,10,Dr. Neha Chopra,Radiology,9210053353,dr10@caresync.hospital,2026-09-05,13:00,Scheduled,Emergency,Cold,2026-06-24,44790.44,40362.01,1285.86,Pending
750,2042,454,Patient 454,1980-02-08,Male,O-,9737888347,patient454@email.com,28,Dr. Kavya Sharma,Gynecology,9797808098,dr28@caresync.hospital,2026-09-09,13:30,Cancelled,Routine,Headache,2026-05-09,41590.17,15633.04,4661.8,Pending
751,551,196,Patient 196,1989-02-15,Male,B-,9814403943,patient196@email.com,20,Dr. Swati Iyer,Radiology,9334760738,dr20@caresync.hospital,2026-05-19,08:00,Completed,Follow-Up,Hypertension,2026-06-14,15164.06,1145.39,4941.95,Partially Paid
752,1269,190,Patient 190,1982-11-21,Male,O-,9703102938,patient190@email.com,39,Dr. Gajendra Singh,Psychiatry,9965241839,dr39@caresync.hospital,2026-08-22,11:00,Scheduled,Check-Up,Diabetes,2026-07-26,40644.8,14096.95,2697.93,Paid
752,1674,190,Patient 190,1982-11-21,Male,O-,9703102938,patient190@email.com,39,Dr. Gajendra Singh,Psychiatry,9965241839,dr39@caresync.hospital,2026-08-22,11:00,Scheduled,Check-Up,Diabetes,2026-08-01,40713.12,8555.86,150.86,Pending
752,2043,190,Patient 190,1982-11-21,Male,O-,9703102938,patient190@email.com,39,Dr. Gajendra Singh,Psychiatry,9965241839,dr39@caresync.hospital,2026-08-22,11:00,Scheduled,Check-Up,Diabetes,2026-08-17,33419.02,14458.09,4680.04,Partially Paid
753,83,96,Patient 96,1982-02-28,Other,Ab-,9488736388,patient96@email.com,22,Dr. Riya Bhat,General,9642621108,dr22@caresync.hospital,2026-07-23,17:00,Cancelled,Pain,Fever,2026-06-10,21533.83,13738.58,3621.49,Partially Paid
754,2343,229,Patient 229,1980-01-12,Male,O+,9824750726,patient229@email.com,29,Dr. Manish Tandon,Psychiatry,9853041955,dr29@caresync.hospital,2026-08-29,11:30,Completed,Emergency,Cold,2026-08-18,35177.91,3488.03,3355.47,Partially Paid
757,1266,226,Patient 226,1976-07-25,Male,A-,9978779150,patient226@email.com,14,Dr. Pooja Yadav,Pediatrics,9193349856,dr14@caresync.hospital,2026-09-12,08:00,Completed,Check-Up,Diabetes,2026-06-07,11487.94,9277.09,2722.65,Pending
759,1725,135,Patient 135,1959-09-02,Other,Ab+,9449165212,patient135@email.com,38,Dr. Faheem Ahmed,Gynecology,9914763202,dr38@caresync.hospital,2026-07-18,15:00,Cancelled,Emergency,Cold,2026-09-23,32918.25,27485.43,3037.68,Paid
761,1047,429,Patient 429,1989-02-08,Other,O+,9572191734,patient429@email.com,13,Dr. Karan Sethi,Orthopedics,9685582861,dr13@caresync.hospital,2026-04-14,13:30,Scheduled,Follow-Up,Hypertension,2026-06-29,34633.88,29645.15,1191.78,Partially Paid
763,850,289,Patient 289,1988-12-09,Male,A+,9544726404,patient289@email.com,20,Dr. Swati Iyer,Radiology,9334760738,dr20@caresync.hospital,2026-09-19,12:00,Completed,Pain,Fever,2026-09-22,9618.19,250.4,2677.24,Pending
763,1375,289,Patient 289,1988-12-09,Male,A+,9544726404,patient289@email.com,20,Dr. Swati Iyer,Radiology,9334760738,dr20@caresync.hospital,2026-09-19,12:00,Completed,Pain,Fever,2026-06-16,47261.87,28909.43,2349.08,Partially Paid
766,2112,386,Patient 386,1981-02-01,Female,A-,9222435172,patient386@email.com,28,Dr. Kavya Sharma,Gynecology,9797808098,dr28@caresync.hospital,2026-08-19,09:00,Completed,Follow-Up,Hypertension,2026-07-07,21305.63,17585.24,2648.03,Rejected
768,233,342,Patient 342,1964-05-23,Other,O-,9568387228,patient342@email.com,37,Dr. Ekta Roy,Neurology,9106977991,dr37@caresync.hospital,2026-09-20,15:30,Cancelled,Pain,Fever,2026-05-17,32159.26,2390.86,278.93,Paid
777,35,388,Patient 388,1965-12-06,Male,B-,9647556857,patient388@email.com,10,Dr. Neha Chopra,Radiology,9210053353,dr10@caresync.hospital,2026-06-30,11:00,Cancelled,Check-Up,Diabetes,2026-05-08,46401.05,38802.3,2767.04,Partially Paid
783,1540,199,Patient 199,1974-08-13,Male,Ab+,9874233009,patient199@email.com,29,Dr. Manish Tandon,Psychiatry,9853041955,dr29@caresync.hospital,2026-05-07,15:00,Cancelled,Pain,Fever,2026-09-12,43243.96,10783.76,1479.26,Rejected
790,421,444,Patient 444,1965-08-19,Other,B-,9585238820,patient444@email.com,2,Dr. Meena Joshi,General,9219540831,dr2@caresync.hospital,2026-07-28,15:00,Completed,Routine,Headache,2026-09-02,41624.29,37385.94,30.36,Paid
795,1255,121,Patient 121,1957-02-24,Male,A+,9576271425,patient121@email.com,37,Dr. Ekta Roy,Neurology,9106977991,dr37@caresync.hospital,2026-06-22,14:00,Cancelled,Routine,Headache,2026-04-28,43811.12,21774.53,809.76,Partially Paid
796,846,244,Patient 244,1966-07-11,Male,B-,9464883950,patient244@email.com,40,Dr. Harini Das,Radiology,9271432881,dr40@caresync.hospital,2026-09-18,12:00,Completed,Follow-Up,Hypertension,2026-07-25,35582.29,13729.71,1577.78,Pending
796,1724,244,Patient 244,1966-07-11,Male,B-,9464883950,patient244@email.com,40,Dr. Harini Das,Radiology,9271432881,dr40@caresync.hospital,2026-09-18,12:00,Completed,Follow-Up,Hypertension,2026-05-07,46378.04,28117.55,1726.85,Rejected
798,2332,41,Patient 41,1951-02-12,Female,A+,9154308262,patient41@email.com,39,Dr. Gajendra Singh,Psychiatry,9965241839,dr39@caresync.hospital,2026-09-27,08:30,Cancelled,Pain,Fever,2026-05-30,42605.26,7150.73,1727.23,Rejected
804,681,258,Patient 258,1973-03-20,Other,A-,9901131404,patient258@email.com,31,Dr. Vishal Kumar,Cardiology,9550455977,dr31@caresync.hospital,2026-05-16,12:30,Cancelled,Emergency,Cold,2026-06-01,11753.55,456.08,3020.07,Paid
806,1824,462,Patient 462,1968-04-20,Other,O-,9144047803,patient462@email.com,33,Dr. Arjun Singh,Orthopedics,9582334538,dr33@caresync.hospital,2026-04-15,10:30,Scheduled,Follow-Up,Hypertension,2026-06-04,44303.5,19097.15,3746.48,Rejected
809,212,293,Patient 293,1985-04-23,Female,O+,9650127661,patient293@email.com,24,Dr. Isha Menon,Pediatrics,9128492780,dr24@caresync.hospital,2026-05-15,12:30,Scheduled,Emergency,Cold,2026-04-10,14198.03,2580.27,3148.97,Rejected
810,896,347,Patient 347,1992-04-14,Female,B+,9718216692,patient347@email.com,12,Dr. Sneha Desai,General,9895285932,dr12@caresync.hospital,2026-04-21,09:00,Cancelled,Routine,Headache,2026-04-11,33112.25,17870.84,3029.98,Rejected
810,2433,347,Patient 347,1992-04-14,Female,B+,9718216692,patient347@email.com,12,Dr. Sneha Desai,General,9895285932,dr12@caresync.hospital,2026-04-21,09:00,Cancelled,Routine,Headache,2026-06-20,44632.22,26052.68,3322.37,Paid
813,1606,62,Patient 62,1965-05-22,Female,O-,9739930411,patient62@email.com,31,Dr. Vishal Kumar,Cardiology,9550455977,dr31@caresync.hospital,2026-05-12,08:30,Cancelled,Pain,Fever,2026-09-09,35673.83,6117.16,1010.64,Pending
819,2245,86,Patient 86,1966-08-10,Female,O-,9236105947,patient86@email.com,27,Dr. Harish Reddy,Neurology,9868820204,dr27@caresync.hospital,2026-08-13,15:30,Cancelled,Emergency,Cold,2026-06-21,24771.46,11222.74,3834.11,Paid
820,1138,498,Patient 498,1958-07-15,Other,A-,9931575232,patient498@email.com,1,Dr. Rajesh Kumar,Cardiology,9786579303,dr1@caresync.hospital,2026-08-29,08:30,Completed,Routine,Headache,2026-05-19,43424.7,3127.78,819.83,Pending
820,1816,498,Patient 498,1958-07-15,Other,A-,9931575232,patient498@email.com,1,Dr. Rajesh Kumar,Cardiology,9786579303,dr1@caresync.hospital,2026-08-29,08:30,Completed,Routine,Headache,2026-08-25,45329.56,14354.02,4451.31,Rejected
826,713,217,Patient 217,1978-02-23,Male,A+,9223357166,patient217@email.com,5,Dr. Sanjay Patel,Dermatology,9395310485,dr5@caresync.hospital,2026-06-18,12:30,Completed,Follow-Up,Hypertension,2026-06-14,44746.22,17920.35,1723.38,Paid
830,709,104,Patient 104,1970-05-07,Female,Ab-,9146562851,patient104@email.com,32,Dr. Anjum Fatima,General,9336696312,dr32@caresync.hospital,2026-10-04,15:00,Scheduled,Routine,Headache,2026-08-30,48255.07,18084.36,4431.15,Paid
831,806,422,Patient 422,1980-05-11,Female,O-,9790407222,patient422@email.com,21,Dr. Aditya Mishra,Cardiology,9349817734,dr21@caresync.hospital,2026-06-08,11:00,Cancelled,Follow-Up,Hypertension,2026-05-05,41546.4,15534.03,539.07,Pending
837,43,164,Patient 164,2000-06-14,Female,B-,9202097643,patient164@email.com,39,Dr. Gajendra Singh,Psychiatry,9965241839,dr39@caresync.hospital,2026-09-19,08:00,Cancelled,Check-Up,Diabetes,2026-06-14,36566.06,27724.25,4472.73,Partially Paid
838,2071,467,Patient 467,1958-11-04,Female,B+,9302120588,patient467@email.com,25,Dr. Sameer Khan,Dermatology,9702632297,dr25@caresync.hospital,2026-06-03,08:30,Completed,Pain,Fever,2026-08-19,33998.47,27863.41,923.62,Partially Paid
840,529,469,Patient 469,1969-08-02,Male,O+,9749620068,patient469@email.com,26,Dr. Priyanka Verma,Ent,9313500298,dr26@caresync.hospital,2026-05-04,13:00,Cancelled,Routine,Headache,2026-07-31,29395.6,22830.93,3989.96,Paid
841,2068,414,Patient 414,1995-07-13,Other,O-,9598165815,patient414@email.com,40,Dr. Harini Das,Radiology,9271432881,dr40@caresync.hospital,2026-08-01,17:00,Completed,Follow-Up,Hypertension,2026-09-10,21059.13,7439.97,4289.89,Rejected
842,1341,35,Patient 35,1956-11-10,Female,B+,9811642514,patient35@email.com,37,Dr. Ekta Roy,Neurology,9106977991,dr37@caresync.hospital,2026-04-13,13:00,Scheduled,Check-Up,Diabetes,2026-07-05,34222.44,30174.21,3611.88,Paid
843,1802,45,Patient 45,1954-09-25,Other,O+,9235209737,patient45@email.com,39,Dr. Gajendra Singh,Psychiatry,9965241839,dr39@caresync.hospital,2026-06-29,09:30,Cancelled,Pain,Fever,2026-06-12,11735.3,7834.58,2594.41,Pending
844,2111,199,Patient 199,1974-08-13,Male,Ab+,9874233009,patient199@email.com,35,Dr. Chirag Joshi,Dermatology,9398704996,dr35@caresync.hospital,2026-07-07,09:00,Completed,Emergency,Cold,2026-04-28,46769.64,22905.07,4126.37,Partially Paid
845,1182,285,Patient 285,1971-01-16,Other,O+,9555282394,patient285@email.com,34,Dr. Bhavna Patel,Pediatrics,9732719211,dr34@caresync.hospital,2026-04-26,11:00,Scheduled,Routine,Headache,2026-08-30,5603.91,4130.42,2623.68,Pending
851,584,267,Patient 267,1969-11-20,Other,B+,9434618074,patient267@email.com,3,Dr. Amit Verma,Orthopedics,9126855092,dr3@caresync.hospital,2026-08-24,13:30,Scheduled,Follow-Up,Hypertension,2026-08-26,20886.58,13549.5,2730.49,Rejected
853,1093,470,Patient 470,1987-06-24,Female,O-,9610702777,patient470@email.com,34,Dr. Bhavna Patel,Pediatrics,9732719211,dr34@caresync.hospital,2026-05-13,12:00,Completed,Pain,Fever,2026-06-30,44222.4,39906.33,1586.69,Paid
853,1426,470,Patient 470,1987-06-24,Female,O-,9610702777,patient470@email.com,34,Dr. Bhavna Patel,Pediatrics,9732719211,dr34@caresync.hospital,2026-05-13,12:00,Completed,Pain,Fever,2026-06-15,42986.42,11289.91,2497.31,Pending
855,1265,7,Patient 7,1967-11-23,Male,Ab+,9206323670,patient7@email.com,26,Dr. Priyanka Verma,Ent,9313500298,dr26@caresync.hospital,2026-07-20,08:30,Cancelled,Routine,Headache,2026-08-29,40650.39,31825.43,71.68,Paid
856,1607,403,Patient 403,1950-05-24,Male,B+,9286293158,patient403@email.com,3,Dr. Amit Verma,Orthopedics,9126855092,dr3@caresync.hospital,2026-09-12,10:00,Completed,Follow-Up,Hypertension,2026-08-12,46785.86,44385.69,3004.13,Partially Paid
859,601,301,Patient 301,1977-12-18,Male,O+,9736873048,patient301@email.com,34,Dr. Bhavna Patel,Pediatrics,9732719211,dr34@caresync.hospital,2026-09-03,11:30,Completed,Emergency,Cold,2026-07-18,7830.12,7288.36,4119.31,Paid
860,1554,268,Patient 268,1957-10-26,Male,B-,9874807770,patient268@email.com,4,Dr. Priya Singh,Pediatrics,9896233790,dr4@caresync.hospital,2026-08-30,17:00,Scheduled,Routine,Headache,2026-04-11,20753.77,115.31,283.42,Pending
861,1177,401,Patient 401,2000-07-11,Female,A+,9374843786,patient401@email.com,13,Dr. Karan Sethi,Orthopedics,9685582861,dr13@caresync.hospital,2026-05-15,10:30,Cancelled,Follow-Up,Hypertension,2026-10-01,23175.03,3777.94,3098.37,Paid
865,2034,77,Patient 77,1967-08-08,Female,O+,9948239575,patient77@email.com,20,Dr. Swati Iyer,Radiology,9334760738,dr20@caresync.hospital,2026-05-01,16:00,Completed,Routine,Headache,2026-08-05,31458.97,18234.19,323.75,Pending
868,904,302,Patient 302,1971-06-23,Female,O-,9622517939,patient302@email.com,11,Dr. Arjun Bhat,Cardiology,9826600539,dr11@caresync.hospital,2026-04-13,13:30,Completed,Pain,Fever,2026-04-18,32576.15,24856.37,2569.75,Rejected
870,1958,389,Patient 389,1969-09-01,Female,O+,9308202515,patient389@email.com,19,Dr. Rohit Kapoor,Psychiatry,9200604502,dr19@caresync.hospital,2026-04-25,11:30,Cancelled,Routine,Headache,2026-08-25,29470.16,18715.41,4654.21,Pending
874,848,474,Patient 474,2000-09-12,Other,A-,9583745511,patient474@email.com,10,Dr. Neha Chopra,Radiology,9210053353,dr10@caresync.hospital,2026-08-03,11:30,Completed,Emergency,Cold,2026-08-09,21799.2,9826.75,1620.75,Rejected
885,1252,450,Patient 450,1978-06-19,Other,A-,9182389284,patient450@email.com,27,Dr. Harish Reddy,Neurology,9868820204,dr27@caresync.hospital,2026-04-22,12:30,Cancelled,Routine,Headache,2026-09-19,24501.43,528.36,2460.29,Rejected
887,1039,136,Patient 136,1973-10-18,Male,Ab-,9508992977,patient136@email.com,29,Dr. Manish Tandon,Psychiatry,9853041955,dr29@caresync.hospital,2026-05-02,09:30,Scheduled,Check-Up,Diabetes,2026-09-05,39237.74,37083.18,3593.99,Partially Paid
888,1658,197,Patient 197,1976-11-19,Female,O+,9905611583,patient197@email.com,2,Dr. Meena Joshi,General,9219540831,dr2@caresync.hospital,2026-06-05,14:00,Cancelled,Pain,Fever,2026-04-15,33247.6,18042.62,1501.96,Pending
893,1104,243,Patient 243,1979-03-02,Other,B+,9431769776,patient243@email.com,30,Dr. Ananya Singh,Radiology,9685126461,dr30@caresync.hospital,2026-06-21,14:30,Scheduled,Pain,Fever,2026-04-18,38775.12,24340.35,4810.8,Rejected
894,2060,20,Patient 20,1958-09-16,Female,B-,9489431174,patient20@email.com,6,Dr. Anjali Nair,Ent,9362950628,dr6@caresync.hospital,2026-05-15,16:30,Cancelled,Emergency,Cold,2026-09-11,37141.49,1897.1,862.31,Rejected
895,1779,89,Patient 89,1995-08-05,Female,A+,9664880035,patient89@email.com,17,Dr. Nitin Saxena,Neurology,9134126396,dr17@caresync.hospital,2026-04-09,09:00,Completed,Routine,Headache,2026-08-13,42304.55,35414.0,571.64,Partially Paid
895,2337,89,Patient 89,1995-08-05,Female,A+,9664880035,patient89@email.com,17,Dr. Nitin Saxena,Neurology,9134126396,dr17@caresync.hospital,2026-04-09,09:00,Completed,Routine,Headache,2026-04-23,16446.75,10570.92,1658.11,Paid
897,1303,207,Patient 207,1979-11-17,Other,Ab+,9644830077,patient207@email.com,11,Dr. Arjun Bhat,Cardiology,9826600539,dr11@caresync.hospital,2026-06-26,08:00,Cancelled,Check-Up,Diabetes,2026-05-08,25445.74,16814.65,2684.28,Partially Paid
898,322,74,Patient 74,1956-04-07,Female,A-,9241522640,patient74@email.com,8,Dr. Deepika Malhotra,Gynecology,9249827706,dr8@caresync.hospital,2026-05-20,09:00,Completed,Pain,Fever,2026-06-05,44863.75,42773.36,2133.8,Pending
898,462,74,Patient 74,1956-04-07,Female,A-,9241522640,patient74@email.com,8,Dr. Deepika Malhotra,Gynecology,9249827706,dr8@caresync.hospital,2026-05-20,09:00,Completed,Pain,Fever,2026-04-17,34251.34,18050.3,1623.12,Pending
900,1739,312,Patient 312,1962-05-08,Other,Ab-,9319497661,patient312@email.com,8,Dr. Deepika Malhotra,Gynecology,9249827706,dr8@caresync.hospital,2026-04-21,14:30,Cancelled,Routine,Headache,2026-07-24,23814.48,5157.03,1591.38,Partially Paid
903,918,206,Patient 206,1957-08-05,Female,O-,9720535283,patient206@email.com,6,Dr. Anjali Nair,Ent,9362950628,dr6@caresync.hospital,2026-05-20,12:00,Cancelled,Pain,Fever,2026-07-21,41382.33,28058.93,1888.28,Pending
909,2224,354,Patient 354,1994-05-23,Other,A-,9410864588,patient354@email.com,25,Dr. Sameer Khan,Dermatology,9702632297,dr25@caresync.hospital,2026-07-06,14:30,Cancelled,Emergency,Cold,2026-05-13,6153.53,5317.83,2172.38,Rejected
911,1753,26,Patient 26,1983-05-18,Female,A-,9485123110,patient26@email.com,25,Dr. Sameer Khan,Dermatology,9702632297,dr25@caresync.hospital,2026-05-04,10:00,Scheduled,Follow-Up,Hypertension,2026-08-04,49842.43,23332.28,4447.76,Paid
911,2399,26,Patient 26,1983-05-18,Female,A-,9485123110,patient26@email.com,25,Dr. Sameer Khan,Dermatology,9702632297,dr25@caresync.hospital,2026-05-04,10:00,Scheduled,Follow-Up,Hypertension,2026-04-26,38141.52,19659.22,4864.87,Partially Paid
912,398,382,Patient 382,1981-11-15,Male,O-,9280531127,patient382@email.com,3,Dr. Amit Verma,Orthopedics,9126855092,dr3@caresync.hospital,2026-07-05,10:00,Cancelled,Check-Up,Diabetes,2026-04-12,34722.09,27588.16,4549.41,Pending
914,1799,472,Patient 472,1970-12-14,Male,Ab-,9261985842,patient472@email.com,22,Dr. Riya Bhat,General,9642621108,dr22@caresync.hospital,2026-08-20,15:30,Scheduled,Emergency,Cold,2026-04-24,47991.36,25926.37,3474.28,Partially Paid
916,770,460,Patient 460,1993-12-02,Male,B-,9950207886,patient460@email.com,10,Dr. Neha Chopra,Radiology,9210053353,dr10@caresync.hospital,2026-10-02,10:30,Completed,Follow-Up,Hypertension,2026-09-21,42369.3,11552.55,1081.94,Pending
917,1274,191,Patient 191,1989-06-03,Female,Ab+,9453954673,patient191@email.com,11,Dr. Arjun Bhat,Cardiology,9826600539,dr11@caresync.hospital,2026-09-03,09:00,Scheduled,Check-Up,Diabetes,2026-09-15,47197.7,5148.9,4410.02,Pending
920,501,419,Patient 419,1983-08-01,Female,B+,9582008349,patient419@email.com,4,Dr. Priya Singh,Pediatrics,9896233790,dr4@caresync.hospital,2026-08-16,17:30,Scheduled,Routine,Headache,2026-05-27,8881.3,7736.88,1763.12,Paid
921,119,407,Patient 407,1980-06-11,Female,Ab+,9915133660,patient407@email.com,27,Dr. Harish Reddy,Neurology,9868820204,dr27@caresync.hospital,2026-06-13,12:30,Cancelled,Follow-Up,Hypertension,2026-07-04,29120.21,16935.33,699.66,Partially Paid
923,1388,160,Patient 160,1951-02-09,Male,Ab-,9586940738,patient160@email.com,20,Dr. Swati Iyer,Radiology,9334760738,dr20@caresync.hospital,2026-08-09,10:00,Scheduled,Pain,Fever,2026-04-20,13451.88,2849.2,3943.3,Rejected
924,79,144,Patient 144,1959-04-28,Other,Ab-,9206492059,patient144@email.com,29,Dr. Manish Tandon,Psychiatry,9853041955,dr29@caresync.hospital,2026-09-29,08:00,Cancelled,Emergency,Cold,2026-06-22,29366.56,13698.44,1252.69,Partially Paid
924,651,144,Patient 144,1959-04-28,Other,Ab-,9206492059,patient144@email.com,29,Dr. Manish Tandon,Psychiatry,9853041955,dr29@caresync.hospital,2026-09-29,08:00,Cancelled,Emergency,Cold,2026-09-14,14741.07,12979.26,4979.99,Partially Paid
924,1896,144,Patient 144,1959-04-28,Other,Ab-,9206492059,patient144@email.com,29,Dr. Manish Tandon,Psychiatry,9853041955,dr29@caresync.hospital,2026-09-29,08:00,Cancelled,Emergency,Cold,2026-06-07,22073.42,15030.7,2675.4,Rejected
927,1411,440,Patient 440,1986-11-26,Female,Ab-,9644748834,patient440@email.com,8,Dr. Deepika Malhotra,Gynecology,9249827706,dr8@caresync.hospital,2026-07-05,09:30,Cancelled,Check-Up,Diabetes,2026-05-06,14539.74,469.5,3921.71,Partially Paid
929,791,351,Patient 351,1960-05-20,Other,Ab+,9861818706,patient351@email.com,13,Dr. Karan Sethi,Orthopedics,9685582861,dr13@caresync.hospital,2026-09-11,09:30,Scheduled,Emergency,Cold,2026-08-21,40616.29,7824.51,4734.73,Partially Paid
931,1002,498,Patient 498,1958-07-15,Other,A-,9931575232,patient498@email.com,40,Dr. Harini Das,Radiology,9271432881,dr40@caresync.hospital,2026-04-27,15:00,Completed,Follow-Up,Hypertension,2026-05-27,29639.69,12728.12,817.36,Pending
932,418,445,Patient 445,1959-04-15,Male,O+,9140380477,patient445@email.com,17,Dr. Nitin Saxena,Neurology,9134126396,dr17@caresync.hospital,2026-07-19,10:30,Scheduled,Check-Up,Diabetes,2026-08-26,44734.79,41915.14,2931.74,Pending
935,1044,154,Patient 154,2000-04-08,Male,A-,9561784080,patient154@email.com,32,Dr. Anjum Fatima,General,9336696312,dr32@caresync.hospital,2026-05-31,10:00,Scheduled,Routine,Headache,2026-08-19,44702.49,912.14,1831.94,Rejected
937,928,381,Patient 381,1973-10-25,Other,O+,9936571442,patient381@email.com,35,Dr. Chirag Joshi,Dermatology,9398704996,dr35@caresync.hospital,2026-09-25,08:00,Completed,Check-Up,Diabetes,2026-09-26,19238.26,3233.7,1989.07,Rejected
942,1034,138,Patient 138,1952-05-12,Other,A-,9669681065,patient138@email.com,14,Dr. Pooja Yadav,Pediatrics,9193349856,dr14@caresync.hospital,2026-10-03,17:30,Cancelled,Check-Up,Diabetes,2026-04-19,13829.9,13124.57,3242.23,Pending
944,214,214,Patient 214,1990-05-25,Male,O-,9475932035,patient214@email.com,31,Dr. Vishal Kumar,Cardiology,9550455977,dr31@caresync.hospital,2026-04-24,15:30,Scheduled,Emergency,Cold,2026-05-16,32030.32,21123.1,3648.23,Pending
944,1547,214,Patient 214,1990-05-25,Male,O-,9475932035,patient214@email.com,31,Dr. Vishal Kumar,Cardiology,9550455977,dr31@caresync.hospital,2026-04-24,15:30,Scheduled,Emergency,Cold,2026-04-16,5365.53,1376.5,3825.17,Partially Paid
945,1446,310,Patient 310,1987-09-20,Male,O-,9158821683,patient310@email.com,30,Dr. Ananya Singh,Radiology,9685126461,dr30@caresync.hospital,2026-06-25,09:00,Cancelled,Routine,Headache,2026-05-19,14350.27,10860.83,4209.34,Pending
946,2435,331,Patient 331,1978-08-10,Male,B+,9347079497,patient331@email.com,27,Dr. Harish Reddy,Neurology,9868820204,dr27@caresync.hospital,2026-09-06,15:30,Completed,Follow-Up,Hypertension,2026-05-08,39649.68,15015.68,3070.19,Partially Paid
947,946,46,Patient 46,1958-03-22,Male,O-,9945011302,patient46@email.com,29,Dr. Manish Tandon,Psychiatry,9853041955,dr29@caresync.hospital,2026-07-25,15:30,Scheduled,Check-Up,Diabetes,2026-09-12,28447.67,16817.21,667.68,Pending
956,2140,389,Patient 389,1969-09-01,Female,O+,9308202515,patient389@email.com,36,Dr. Deepak Nair,Ent,9969119330,dr36@caresync.hospital,2026-04-15,13:00,Scheduled,Follow-Up,Hypertension,2026-08-21,23208.94,22472.02,4819.51,Rejected
957,649,265,Patient 265,1994-11-08,Male,A+,9269016920,patient265@email.com,14,Dr. Pooja Yadav,Pediatrics,9193349856,dr14@caresync.hospital,2026-04-13,14:00,Cancelled,Check-Up,Diabetes,2026-07-03,44800.27,21782.58,1892.08,Paid
958,1122,445,Patient 445,1959-04-15,Male,O+,9140380477,patient445@email.com,4,Dr. Priya Singh,Pediatrics,9896233790,dr4@caresync.hospital,2026-05-03,16:30,Completed,Pain,Fever,2026-09-14,17110.62,13605.25,1374.99,Pending
960,984,421,Patient 421,1991-03-03,Male,O+,9706118438,patient421@email.com,10,Dr. Neha Chopra,Radiology,9210053353,dr10@caresync.hospital,2026-08-21,08:00,Cancelled,Routine,Headache,2026-08-28,44430.63,2386.93,2061.42,Rejected
964,598,82,Patient 82,1965-03-14,Male,A-,9116944811,patient82@email.com,10,Dr. Neha Chopra,Radiology,9210053353,dr10@caresync.hospital,2026-09-18,10:30,Completed,Emergency,Cold,2026-06-20,33150.25,31364.86,3058.6,Pending
968,2011,260,Patient 260,1957-03-10,Female,B-,9330997172,patient260@email.com,20,Dr. Swati Iyer,Radiology,9334760738,dr20@caresync.hospital,2026-08-07,16:00,Scheduled,Pain,Fever,2026-08-03,37248.86,35647.53,2709.11,Partially Paid
969,1,207,Patient 207,1979-11-17,Other,Ab+,9644830077,patient207@email.com,22,Dr. Riya Bhat,General,9642621108,dr22@caresync.hospital,2026-05-24,08:30,Cancelled,Emergency,Cold,2026-07-22,15041.4,4663.53,3085.94,Paid
974,1562,451,Patient 451,1969-11-14,Male,B+,9792205349,patient451@email.com,12,Dr. Sneha Desai,General,9895285932,dr12@caresync.hospital,2026-04-10,17:30,Scheduled,Emergency,Cold,2026-06-01,38908.87,15276.03,1422.57,Pending
981,263,103,Patient 103,1987-10-17,Male,Ab+,9760465943,patient103@email.com,12,Dr. Sneha Desai,General,9895285932,dr12@caresync.hospital,2026-06-10,17:30,Cancelled,Follow-Up,Hypertension,2026-05-22,43932.77,6916.87,4756.94,Partially Paid
982,698,429,Patient 429,1989-02-08,Other,O+,9572191734,patient429@email.com,30,Dr. Ananya Singh,Radiology,9685126461,dr30@caresync.hospital,2026-10-04,16:30,Completed,Check-Up,Diabetes,2026-05-24,17551.79,16132.61,1423.72,Pending
984,2324,128,Patient 128,1990-07-27,Female,Ab-,9235497187,patient128@email.com,24,Dr. Isha Menon,Pediatrics,9128492780,dr24@caresync.hospital,2026-04-23,11:00,Cancelled,Emergency,Cold,2026-09-24,21344.35,5096.78,401.51,Rejected
990,1282,361,Patient 361,1986-10-01,Male,A+,9763706947,patient361@email.com,25,Dr. Sameer Khan,Dermatology,9702632297,dr25@caresync.hospital,2026-06-22,09:30,Cancelled,Routine,Headache,2026-05-02,45846.83,16425.32,1482.26,Pending
993,472,189,Patient 189,1992-02-10,Other,O+,9702998820,patient189@email.com,36,Dr. Deepak Nair,Ent,9969119330,dr36@caresync.hospital,2026-04-13,17:30,Cancelled,Pain,Fever,2026-07-21,32932.63,29379.83,1381.8,Rejected
993,2390,189,Patient 189,1992-02-10,Other,O+,9702998820,patient189@email.com,36,Dr. Deepak Nair,Ent,9969119330,dr36@caresync.hospital,2026-04-13,17:30,Cancelled,Pain,Fever,2026-05-19,28338.97,12913.56,3691.65,Pending
995,1467,238,Patient 238,1979-03-20,Male,O-,9131088245,patient238@email.com,19,Dr. Rohit Kapoor,Psychiatry,9200604502,dr19@caresync.hospital,2026-06-07,12:30,Scheduled,Routine,Headache,2026-08-19,29671.98,19610.24,1238.76,Partially Paid
997,24,204,Patient 204,1994-09-15,Other,B-,9477577220,patient204@email.com,9,Dr. Rahul Gupta,Psychiatry,9890779946,dr9@caresync.hospital,2026-07-04,14:00,Completed,Check-Up,Diabetes,2026-04-10,31868.43,30225.4,3963.9,Rejected
1004,75,191,Patient 191,1989-06-03,Female,Ab+,9453954673,patient191@email.com,14,Dr. Pooja Yadav,Pediatrics,9193349856,dr14@caresync.hospital,2026-05-21,15:00,Scheduled,Emergency,Cold,2026-08-01,11075.98,10070.46,2429.99,Partially Paid
1005,2203,251,Patient 251,1954-11-02,Female,B+,9530338918,patient251@email.com,14,Dr. Pooja Yadav,Pediatrics,9193349856,dr14@caresync.hospital,2026-06-12,13:00,Cancelled,Routine,Headache,2026-09-15,49397.65,11845.08,1714.15,Partially Paid
1007,1695,229,Patient 229,1980-01-12,Male,O+,9824750726,patient229@email.com,4,Dr. Priya Singh,Pediatrics,9896233790,dr4@caresync.hospital,2026-10-03,14:00,Scheduled,Check-Up,Diabetes,2026-08-27,30079.29,19894.82,3265.09,Partially Paid
1007,1740,229,Patient 229,1980-01-12,Male,O+,9824750726,patient229@email.com,4,Dr. Priya Singh,Pediatrics,9896233790,dr4@caresync.hospital,2026-10-03,14:00,Scheduled,Check-Up,Diabetes,2026-06-23,46253.43,26776.31,4093.96,Rejected
1007,2026,229,Patient 229,1980-01-12,Male,O+,9824750726,patient229@email.com,4,Dr. Priya Singh,Pediatrics,9896233790,dr4@caresync.hospital,2026-10-03,14:00,Scheduled,Check-Up,Diabetes,2026-07-20,2852.44,872.47,3186.07,Pending
1008,878,91,Patient 91,1953-10-24,Male,B+,9900651998,patient91@email.com,7,Dr. Vikram Sharma,Neurology,9339670711,dr7@caresync.hospital,2026-06-26,17:00,Cancelled,Pain,Fever,2026-08-20,22334.06,19754.39,3233.66,Pending
1013,687,283,Patient 283,1965-08-19,Male,B+,9575788930,patient283@email.com,39,Dr. Gajendra Singh,Psychiatry,9965241839,dr39@caresync.hospital,2026-09-28,09:30,Scheduled,Pain,Fever,2026-08-12,31217.97,3982.07,434.99,Partially Paid
1013,1393,283,Patient 283,1965-08-19,Male,B+,9575788930,patient283@email.com,39,Dr. Gajendra Singh,Psychiatry,9965241839,dr39@caresync.hospital,2026-09-28,09:30,Scheduled,Pain,Fever,2026-06-27,42767.59,19099.34,1451.77,Paid
1016,2490,84,Patient 84,1975-01-06,Other,B-,9384936197,patient84@email.com,39,Dr. Gajendra Singh,Psychiatry,9965241839,dr39@caresync.hospital,2026-06-18,13:00,Scheduled,Follow-Up,Hypertension,2026-08-05,9137.73,8087.93,3031.15,Pending
1019,258,133,Patient 133,1977-09-01,Male,O+,9688793237,patient133@email.com,34,Dr. Bhavna Patel,Pediatrics,9732719211,dr34@caresync.hospital,2026-08-15,10:30,Scheduled,Emergency,Cold,2026-08-31,38410.68,34206.92,3981.52,Pending
1019,2425,133,Patient 133,1977-09-01,Male,O+,9688793237,patient133@email.com,34,Dr. Bhavna Patel,Pediatrics,9732719211,dr34@caresync.hospital,2026-08-15,10:30,Scheduled,Emergency,Cold,2026-07-11,40632.54,39340.27,3729.42,Paid
1027,1079,26,Patient 26,1983-05-18,Female,A-,9485123110,patient26@email.com,34,Dr. Bhavna Patel,Pediatrics,9732719211,dr34@caresync.hospital,2026-09-27,12:00,Completed,Check-Up,Diabetes,2026-07-28,46165.18,1763.29,4780.01,Partially Paid
1029,1839,438,Patient 438,1973-07-05,Other,O-,9160314355,patient438@email.com,32,Dr. Anjum Fatima,General,9336696312,dr32@caresync.hospital,2026-06-16,08:30,Cancelled,Emergency,Cold,2026-07-24,17439.96,2932.37,991.22,Partially Paid
1030,812,293,Patient 293,1985-04-23,Female,O+,9650127661,patient293@email.com,12,Dr. Sneha Desai,General,9895285932,dr12@caresync.hospital,2026-09-28,09:30,Completed,Routine,Headache,2026-09-25,6401.56,396.81,2285.48,Rejected
1032,1517,495,Patient 495,1958-01-02,Other,Ab+,9403754671,patient495@email.com,15,Dr. Ashok Singh,Dermatology,9734036506,dr15@caresync.hospital,2026-04-27,12:00,Cancelled,Check-Up,Diabetes,2026-09-22,49678.65,43967.09,1724.87,Paid
1032,1688,495,Patient 495,1958-01-02,Other,Ab+,9403754671,patient495@email.com,15,Dr. Ashok Singh,Dermatology,9734036506,dr15@caresync.hospital,2026-04-27,12:00,Cancelled,Check-Up,Diabetes,2026-08-25,24993.5,10083.16,1954.2,Rejected
1035,2235,114,Patient 114,1965-06-10,Other,A-,9614302907,patient114@email.com,1,Dr. Rajesh Kumar,Cardiology,9786579303,dr1@caresync.hospital,2026-08-02,08:00,Cancelled,Routine,Headache,2026-09-09,26271.67,26093.45,4164.5,Partially Paid
1040,1270,138,Patient 138,1952-05-12,Other,A-,9669681065,patient138@email.com,14,Dr. Pooja Yadav,Pediatrics,9193349856,dr14@caresync.hospital,2026-09-21,16:00,Scheduled,Routine,Headache,2026-08-29,35650.96,26177.63,3989.73,Pending
1042,1586,210,Patient 210,1996-09-14,Other,A-,9805165232,patient210@email.com,27,Dr. Harish Reddy,Neurology,9868820204,dr27@caresync.hospital,2026-05-24,15:00,Completed,Check-Up,Diabetes,2026-06-22,29248.62,26470.36,2392.26,Pending
1046,162,400,Patient 400,1954-05-25,Male,Ab-,9257243284,patient400@email.com,23,Dr. Varun Nayar,Orthopedics,9746412689,dr23@caresync.hospital,2026-04-29,14:00,Scheduled,Follow-Up,Hypertension,2026-04-15,43518.52,42224.22,3190.37,Pending
1047,1887,496,Patient 496,1969-08-04,Male,Ab-,9515985367,patient496@email.com,36,Dr. Deepak Nair,Ent,9969119330,dr36@caresync.hospital,2026-06-14,11:30,Cancelled,Check-Up,Diabetes,2026-04-14,21482.87,11813.88,3434.95,Partially Paid
1051,2458,243,Patient 243,1979-03-02,Other,B+,9431769776,patient243@email.com,19,Dr. Rohit Kapoor,Psychiatry,9200604502,dr19@caresync.hospital,2026-05-09,14:00,Completed,Follow-Up,Hypertension,2026-04-17,49489.82,45372.66,2873.24,Pending
1052,73,467,Patient 467,1958-11-04,Female,B+,9302120588,patient467@email.com,17,Dr. Nitin Saxena,Neurology,9134126396,dr17@caresync.hospital,2026-09-03,15:30,Scheduled,Check-Up,Diabetes,2026-09-05,23594.56,6230.04,3141.96,Paid
1055,1146,89,Patient 89,1995-08-05,Female,A+,9664880035,patient89@email.com,20,Dr. Swati Iyer,Radiology,9334760738,dr20@caresync.hospital,2026-09-26,17:00,Scheduled,Routine,Headache,2026-07-04,44996.64,2577.48,4841.93,Pending
1057,901,411,Patient 411,1986-07-08,Other,B+,9929839316,patient411@email.com,36,Dr. Deepak Nair,Ent,9969119330,dr36@caresync.hospital,2026-07-16,15:30,Completed,Check-Up,Diabetes,2026-04-21,28987.18,10875.4,4970.04,Paid
1061,180,312,Patient 312,1962-05-08,Other,Ab-,9319497661,patient312@email.com,22,Dr. Riya Bhat,General,9642621108,dr22@caresync.hospital,2026-09-19,09:00,Scheduled,Follow-Up,Hypertension,2026-04-23,18499.05,12224.69,736.71,Rejected
1061,1809,312,Patient 312,1962-05-08,Other,Ab-,9319497661,patient312@email.com,22,Dr. Riya Bhat,General,9642621108,dr22@caresync.hospital,2026-09-19,09:00,Scheduled,Follow-Up,Hypertension,2026-05-25,41306.03,14841.45,491.32,Paid
1062,342,413,Patient 413,1970-12-16,Female,O+,9630554118,patient413@email.com,22,Dr. Riya Bhat,General,9642621108,dr22@caresync.hospital,2026-06-13,11:30,Cancelled,Check-Up,Diabetes,2026-08-30,37657.3,10751.82,1977.8,Pending
1062,1383,413,Patient 413,1970-12-16,Female,O+,9630554118,patient413@email.com,22,Dr. Riya Bhat,General,9642621108,dr22@caresync.hospital,2026-06-13,11:30,Cancelled,Check-Up,Diabetes,2026-06-15,25444.01,24296.62,4079.07,Partially Paid
1063,534,483,Patient 483,2000-07-01,Other,B+,9285283722,patient483@email.com,26,Dr. Priyanka Verma,Ent,9313500298,dr26@caresync.hospital,2026-09-20,17:00,Completed,Pain,Fever,2026-08-01,18264.96,16276.82,581.43,Pending
1064,993,157,Patient 157,1954-05-12,Male,O+,9544328940,patient157@email.com,37,Dr. Ekta Roy,Neurology,9106977991,dr37@caresync.hospital,2026-07-19,09:00,Scheduled,Emergency,Cold,2026-07-22,47534.02,3587.83,4076.21,Paid
1064,1129,157,Patient 157,1954-05-12,Male,O+,9544328940,patient157@email.com,37,Dr. Ekta Roy,Neurology,9106977991,dr37@caresync.hospital,2026-07-19,09:00,Scheduled,Emergency,Cold,2026-07-31,28333.42,11335.55,2092.96,Paid
1064,1173,157,Patient 157,1954-05-12,Male,O+,9544328940,patient157@email.com,37,Dr. Ekta Roy,Neurology,9106977991,dr37@caresync.hospital,2026-07-19,09:00,Scheduled,Emergency,Cold,2026-09-03,32899.24,6312.79,4485.28,Paid
1069,1572,141,Patient 141,1992-02-12,Other,O+,9642831335,patient141@email.com,22,Dr. Riya Bhat,General,9642621108,dr22@caresync.hospital,2026-09-08,12:30,Completed,Emergency,Cold,2026-06-13,28708.86,27784.32,2879.37,Rejected
1073,1956,437,Patient 437,1953-05-12,Female,O+,9735032128,patient437@email.com,3,Dr. Amit Verma,Orthopedics,9126855092,dr3@caresync.hospital,2026-09-21,11:30,Scheduled,Pain,Fever,2026-07-13,42859.81,1081.94,3712.43,Rejected
1075,1718,236,Patient 236,1971-11-22,Female,B-,9844609017,patient236@email.com,31,Dr. Vishal Kumar,Cardiology,9550455977,dr31@caresync.hospital,2026-06-29,13:00,Completed,Routine,Headache,2026-05-19,43692.76,33465.47,3060.26,Pending
1075,2097,236,Patient 236,1971-11-22,Female,B-,9844609017,patient236@email.com,31,Dr. Vishal Kumar,Cardiology,9550455977,dr31@caresync.hospital,2026-06-29,13:00,Completed,Routine,Headache,2026-08-23,32883.43,19009.68,2045.5,Paid
1075,2149,236,Patient 236,1971-11-22,Female,B-,9844609017,patient236@email.com,31,Dr. Vishal Kumar,Cardiology,9550455977,dr31@caresync.hospital,2026-06-29,13:00,Completed,Routine,Headache,2026-09-05,32936.2,30381.01,2201.29,Paid
1080,1029,347,Patient 347,1992-04-14,Female,B+,9718216692,patient347@email.com,30,Dr. Ananya Singh,Radiology,9685126461,dr30@caresync.hospital,2026-08-06,10:00,Cancelled,Routine,Headache,2026-10-03,35256.59,20439.21,756.74,Paid
1084,492,204,Patient 204,1994-09-15,Other,B-,9477577220,patient204@email.com,20,Dr. Swati Iyer,Radiology,9334760738,dr20@caresync.hospital,2026-10-02,08:30,Completed,Emergency,Cold,2026-06-17,48217.19,28711.66,1839.88,Rejected
1091,1237,432,Patient 432,1977-02-25,Other,Ab-,9574817290,patient432@email.com,37,Dr. Ekta Roy,Neurology,9106977991,dr37@caresync.hospital,2026-09-09,12:30,Scheduled,Follow-Up,Hypertension,2026-10-02,29866.72,16182.16,4331.94,Paid
1091,1649,432,Patient 432,1977-02-25,Other,Ab-,9574817290,patient432@email.com,37,Dr. Ekta Roy,Neurology,9106977991,dr37@caresync.hospital,2026-09-09,12:30,Scheduled,Follow-Up,Hypertension,2026-07-16,17324.82,16923.77,3635.3,Paid
1091,1911,432,Patient 432,1977-02-25,Other,Ab-,9574817290,patient432@email.com,37,Dr. Ekta Roy,Neurology,9106977991,dr37@caresync.hospital,2026-09-09,12:30,Scheduled,Follow-Up,Hypertension,2026-08-26,9075.55,6247.05,165.73,Partially Paid
1091,2376,432,Patient 432,1977-02-25,Other,Ab-,9574817290,patient432@email.com,37,Dr. Ekta Roy,Neurology,9106977991,dr37@caresync.hospital,2026-09-09,12:30,Scheduled,Follow-Up,Hypertension,2026-09-18,30091.88,19486.27,2982.37,Rejected
1093,1873,192,Patient 192,1998-04-22,Other,Ab-,9819421270,patient192@email.com,23,Dr. Varun Nayar,Orthopedics,9746412689,dr23@caresync.hospital,2026-04-21,17:00,Completed,Pain,Fever,2026-07-02,43539.66,34219.59,143.31,Paid
1099,1484,153,Patient 153,1979-06-10,Other,A+,9330879256,patient153@email.com,25,Dr. Sameer Khan,Dermatology,9702632297,dr25@caresync.hospital,2026-05-07,11:30,Completed,Emergency,Cold,2026-08-26,27415.88,520.83,3279.69,Rejected
1101,1535,56,Patient 56,1951-10-18,Female,Ab-,9973008988,patient56@email.com,11,Dr. Arjun Bhat,Cardiology,9826600539,dr11@caresync.hospital,2026-09-07,16:30,Cancelled,Follow-Up,Hypertension,2026-07-29,15767.02,8198.17,3548.83,Partially Paid
1101,1879,56,Patient 56,1951-10-18,Female,Ab-,9973008988,patient56@email.com,11,Dr. Arjun Bhat,Cardiology,9826600539,dr11@caresync.hospital,2026-09-07,16:30,Cancelled,Follow-Up,Hypertension,2026-05-12,25927.93,12459.82,4897.09,Partially Paid
1102,217,247,Patient 247,1998-07-09,Male,Ab+,9294782734,patient247@email.com,37,Dr. Ekta Roy,Neurology,9106977991,dr37@caresync.hospital,2026-09-08,08:30,Completed,Check-Up,Diabetes,2026-06-03,41603.69,10564.24,4859.97,Paid
1105,573,142,Patient 142,1999-09-28,Male,O-,9750072069,patient142@email.com,12,Dr. Sneha Desai,General,9895285932,dr12@caresync.hospital,2026-09-17,09:00,Completed,Routine,Headache,2026-04-10,32589.96,31640.98,2705.02,Paid
1106,95,328,Patient 328,1985-07-20,Male,Ab-,9508244633,patient328@email.com,39,Dr. Gajendra Singh,Psychiatry,9965241839,dr39@caresync.hospital,2026-05-06,12:00,Scheduled,Follow-Up,Hypertension,2026-07-17,16566.34,5324.59,4924.56,Partially Paid
1107,1450,167,Patient 167,1966-01-23,Female,Ab+,9435569630,patient167@email.com,8,Dr. Deepika Malhotra,Gynecology,9249827706,dr8@caresync.hospital,2026-08-16,11:00,Cancelled,Check-Up,Diabetes,2026-09-09,47740.75,976.69,2062.9,Pending
1108,133,442,Patient 442,1955-10-28,Male,A-,9433297890,patient442@email.com,20,Dr. Swati Iyer,Radiology,9334760738,dr20@caresync.hospital,2026-05-11,16:30,Completed,Pain,Fever,2026-09-27,48851.94,44379.59,3369.27,Paid
1108,1538,442,Patient 442,1955-10-28,Male,A-,9433297890,patient442@email.com,20,Dr. Swati Iyer,Radiology,9334760738,dr20@caresync.hospital,2026-05-11,16:30,Completed,Pain,Fever,2026-07-19,23981.36,12092.82,1871.3,Pending
1110,1553,134,Patient 134,1957-02-23,Female,O-,9864668242,patient134@email.com,3,Dr. Amit Verma,Orthopedics,9126855092,dr3@caresync.hospital,2026-04-24,08:30,Cancelled,Routine,Headache,2026-04-08,47930.43,34002.55,1500.93,Paid
1113,102,488,Patient 488,1990-06-04,Female,Ab-,9571825556,patient488@email.com,6,Dr. Anjali Nair,Ent,9362950628,dr6@caresync.hospital,2026-07-06,16:00,Cancelled,Pain,Fever,2026-07-07,40109.29,4250.18,276.91,Pending
1120,374,392,Patient 392,1957-11-27,Female,Ab-,9476990466,patient392@email.com,34,Dr. Bhavna Patel,Pediatrics,9732719211,dr34@caresync.hospital,2026-08-30,09:00,Completed,Routine,Headache,2026-09-02,8905.51,8203.56,1373.29,Pending
1121,1696,124,Patient 124,1995-06-07,Male,B-,9445864933,patient124@email.com,20,Dr. Swati Iyer,Radiology,9334760738,dr20@caresync.hospital,2026-09-23,09:00,Scheduled,Follow-Up,Hypertension,2026-08-23,45113.93,35360.89,760.12,Rejected
1123,1509,30,Patient 30,1991-06-04,Other,O-,9303805386,patient30@email.com,8,Dr. Deepika Malhotra,Gynecology,9249827706,dr8@caresync.hospital,2026-09-02,12:00,Completed,Pain,Fever,2026-08-25,39100.59,2044.01,414.89,Paid
1129,2299,207,Patient 207,1979-11-17,Other,Ab+,9644830077,patient207@email.com,33,Dr. Arjun Singh,Orthopedics,9582334538,dr33@caresync.hospital,2026-07-05,11:00,Completed,Emergency,Cold,2026-07-22,39869.56,3840.47,2175.38,Partially Paid
1130,1957,339,Patient 339,1960-01-14,Other,B+,9526351920,patient339@email.com,2,Dr. Meena Joshi,General,9219540831,dr2@caresync.hospital,2026-07-17,17:00,Scheduled,Routine,Headache,2026-06-12,33391.39,28502.84,4980.24,Paid
1131,1821,164,Patient 164,2000-06-14,Female,B-,9202097643,patient164@email.com,31,Dr. Vishal Kumar,Cardiology,9550455977,dr31@caresync.hospital,2026-05-08,10:00,Cancelled,Follow-Up,Hypertension,2026-07-29,49691.06,20759.98,2566.93,Paid
1132,959,349,Patient 349,1991-03-09,Male,O+,9715683222,patient349@email.com,33,Dr. Arjun Singh,Orthopedics,9582334538,dr33@caresync.hospital,2026-05-19,15:00,Completed,Check-Up,Diabetes,2026-04-28,37870.8,10512.34,2611.5,Partially Paid
1133,628,72,Patient 72,1956-01-13,Other,Ab-,9809805235,patient72@email.com,10,Dr. Neha Chopra,Radiology,9210053353,dr10@caresync.hospital,2026-08-28,13:00,Scheduled,Pain,Fever,2026-08-24,39098.55,2195.89,3261.3,Rejected
1133,2428,72,Patient 72,1956-01-13,Other,Ab-,9809805235,patient72@email.com,10,Dr. Neha Chopra,Radiology,9210053353,dr10@caresync.hospital,2026-08-28,13:00,Scheduled,Pain,Fever,2026-05-30,12658.86,1872.59,3777.27,Rejected
1136,320,336,Patient 336,1963-05-22,Other,Ab-,9965650861,patient336@email.com,31,Dr. Vishal Kumar,Cardiology,9550455977,dr31@caresync.hospital,2026-07-17,14:30,Scheduled,Follow-Up,Hypertension,2026-05-05,45239.88,1840.96,3183.38,Rejected
1136,663,336,Patient 336,1963-05-22,Other,Ab-,9965650861,patient336@email.com,31,Dr. Vishal Kumar,Cardiology,9550455977,dr31@caresync.hospital,2026-07-17,14:30,Scheduled,Follow-Up,Hypertension,2026-09-01,23741.78,19045.85,1939.65,Partially Paid
1137,1845,255,Patient 255,1980-11-04,Other,Ab+,9779863265,patient255@email.com,34,Dr. Bhavna Patel,Pediatrics,9732719211,dr34@caresync.hospital,2026-05-03,13:30,Cancelled,Check-Up,Diabetes,2026-08-18,45488.42,37607.11,3913.47,Paid
1138,360,152,Patient 152,1980-04-07,Female,Ab-,9873995963,patient152@email.com,20,Dr. Swati Iyer,Radiology,9334760738,dr20@caresync.hospital,2026-07-09,16:00,Completed,Pain,Fever,2026-08-30,45596.64,42924.97,238.28,Rejected
1139,1477,133,Patient 133,1977-09-01,Male,O+,9688793237,patient133@email.com,21,Dr. Aditya Mishra,Cardiology,9349817734,dr21@caresync.hospital,2026-07-22,11:30,Scheduled,Emergency,Cold,2026-08-05,48375.24,34156.17,4093.05,Paid
1141,2409,215,Patient 215,1999-09-16,Female,Ab+,9697285504,patient215@email.com,7,Dr. Vikram Sharma,Neurology,9339670711,dr7@caresync.hospital,2026-10-02,15:30,Completed,Follow-Up,Hypertension,2026-07-18,34774.32,21331.36,2260.09,Paid
1142,215,208,Patient 208,1985-10-11,Male,Ab-,9328426553,patient208@email.com,34,Dr. Bhavna Patel,Pediatrics,9732719211,dr34@caresync.hospital,2026-05-25,12:30,Scheduled,Check-Up,Diabetes,2026-06-17,18345.9,12686.47,2175.03,Partially Paid
1142,1279,208,Patient 208,1985-10-11,Male,Ab-,9328426553,patient208@email.com,34,Dr. Bhavna Patel,Pediatrics,9732719211,dr34@caresync.hospital,2026-05-25,12:30,Scheduled,Check-Up,Diabetes,2026-04-10,41000.13,33564.31,1158.23,Partially Paid
1145,61,19,Patient 19,1975-06-08,Male,B+,9353524015,patient19@email.com,3,Dr. Amit Verma,Orthopedics,9126855092,dr3@caresync.hospital,2026-04-14,10:30,Scheduled,Routine,Headache,2026-06-10,14161.67,412.84,2786.46,Paid
1150,2335,98,Patient 98,1954-11-28,Female,A-,9737444033,patient98@email.com,1,Dr. Rajesh Kumar,Cardiology,9786579303,dr1@caresync.hospital,2026-05-14,13:00,Completed,Routine,Headache,2026-08-23,31789.82,28009.95,3424.74,Partially Paid
1151,1903,176,Patient 176,1976-06-13,Female,Ab-,9993108266,patient176@email.com,20,Dr. Swati Iyer,Radiology,9334760738,dr20@caresync.hospital,2026-09-21,08:30,Scheduled,Follow-Up,Hypertension,2026-06-23,27222.72,12470.98,4899.2,Partially Paid
1153,1778,366,Patient 366,1967-03-19,Other,O-,9194628740,patient366@email.com,39,Dr. Gajendra Singh,Psychiatry,9965241839,dr39@caresync.hospital,2026-07-08,14:00,Completed,Pain,Fever,2026-05-31,45395.78,32288.2,3101.03,Pending
1156,903,274,Patient 274,1977-06-21,Male,A-,9156488296,patient274@email.com,30,Dr. Ananya Singh,Radiology,9685126461,dr30@caresync.hospital,2026-04-24,10:00,Completed,Follow-Up,Hypertension,2026-07-27,41157.66,980.51,4524.41,Partially Paid
1157,2175,327,Patient 327,1955-04-04,Other,Ab+,9238712095,patient327@email.com,3,Dr. Amit Verma,Orthopedics,9126855092,dr3@caresync.hospital,2026-08-14,11:30,Scheduled,Check-Up,Diabetes,2026-09-23,44415.17,24051.57,3823.57,Partially Paid
1160,1810,465,Patient 465,1993-12-25,Other,A+,9713811693,patient465@email.com,20,Dr. Swati Iyer,Radiology,9334760738,dr20@caresync.hospital,2026-08-17,13:00,Scheduled,Routine,Headache,2026-07-31,37654.54,14650.57,1154.44,Pending
1162,1413,344,Patient 344,1979-02-22,Female,Ab-,9593657365,patient344@email.com,37,Dr. Ekta Roy,Neurology,9106977991,dr37@caresync.hospital,2026-06-05,16:00,Completed,Check-Up,Diabetes,2026-06-26,40709.5,15508.2,4347.23,Paid
1163,2445,184,Patient 184,2000-10-20,Male,Ab-,9971630639,patient184@email.com,20,Dr. Swati Iyer,Radiology,9334760738,dr20@caresync.hospital,2026-04-10,17:30,Scheduled,Pain,Fever,2026-05-12,12610.21,12322.82,4592.29,Paid
1167,757,88,Patient 88,2000-09-22,Male,Ab-,9552002959,patient88@email.com,13,Dr. Karan Sethi,Orthopedics,9685582861,dr13@caresync.hospital,2026-04-10,12:00,Cancelled,Check-Up,Diabetes,2026-06-07,25858.05,20475.21,1619.21,Paid
1168,1728,431,Patient 431,1964-12-03,Female,Ab+,9603500181,patient431@email.com,19,Dr. Rohit Kapoor,Psychiatry,9200604502,dr19@caresync.hospital,2026-07-12,17:00,Completed,Pain,Fever,2026-06-18,42806.46,11342.24,4186.49,Rejected
1176,1868,66,Patient 66,2000-08-26,Other,A-,9239577989,patient66@email.com,11,Dr. Arjun Bhat,Cardiology,9826600539,dr11@caresync.hospital,2026-08-24,09:00,Cancelled,Follow-Up,Hypertension,2026-05-02,33556.14,12117.86,1404.05,Rejected
1178,1698,133,Patient 133,1977-09-01,Male,O+,9688793237,patient133@email.com,8,Dr. Deepika Malhotra,Gynecology,9249827706,dr8@caresync.hospital,2026-06-10,13:00,Scheduled,Pain,Fever,2026-06-25,45461.7,2448.72,1886.62,Pending
1182,913,391,Patient 391,1964-02-15,Male,Ab+,9475138838,patient391@email.com,33,Dr. Arjun Singh,Orthopedics,9582334538,dr33@caresync.hospital,2026-10-04,10:30,Cancelled,Check-Up,Diabetes,2026-06-02,19844.18,19883.25,4944.52,Paid
1184,1212,94,Patient 94,1987-08-17,Male,O-,9581331845,patient94@email.com,14,Dr. Pooja Yadav,Pediatrics,9193349856,dr14@caresync.hospital,2026-08-08,14:30,Scheduled,Emergency,Cold,2026-09-13,41664.42,22507.27,554.4,Rejected
1188,1625,172,Patient 172,1954-11-11,Male,B-,9837468465,patient172@email.com,21,Dr. Aditya Mishra,Cardiology,9349817734,dr21@caresync.hospital,2026-04-28,10:30,Cancelled,Pain,Fever,2026-06-12,42154.92,24853.15,197.17,Paid
1189,2010,336,Patient 336,1963-05-22,Other,Ab-,9965650861,patient336@email.com,18,Dr. Shruti Pandey,Gynecology,9131994523,dr18@caresync.hospital,2026-08-11,08:30,Completed,Emergency,Cold,2026-09-30,32487.0,3419.08,4067.86,Pending
1192,942,182,Patient 182,1985-01-10,Female,O-,9893276164,patient182@email.com,37,Dr. Ekta Roy,Neurology,9106977991,dr37@caresync.hospital,2026-07-12,10:00,Completed,Check-Up,Diabetes,2026-06-12,41593.82,26000.67,4487.83,Pending
1193,1262,115,Patient 115,1960-08-27,Male,B+,9531233244,patient115@email.com,16,Dr. Divya Kumar,Ent,9553035110,dr16@caresync.hospital,2026-06-30,12:30,Scheduled,Pain,Fever,2026-05-15,24210.0,21053.39,650.29,Pending
1196,2153,158,Patient 158,1991-09-13,Female,O-,9463925049,patient158@email.com,20,Dr. Swati Iyer,Radiology,9334760738,dr20@caresync.hospital,2026-08-18,15:00,Scheduled,Follow-Up,Hypertension,2026-07-24,48090.03,12447.19,1738.07,Paid
1198,1841,404,Patient 404,1969-10-19,Female,B-,9746820987,patient404@email.com,22,Dr. Riya Bhat,General,9642621108,dr22@caresync.hospital,2026-07-04,09:00,Completed,Pain,Fever,2026-06-17,31780.08,16604.39,446.63,Paid
1199,1007,455,Patient 455,1974-10-12,Female,Ab+,9644459924,patient455@email.com,35,Dr. Chirag Joshi,Dermatology,9398704996,dr35@caresync.hospital,2026-10-02,09:00,Scheduled,Emergency,Cold,2026-08-20,18696.6,15451.03,163.86,Partially Paid
1200,915,170,Patient 170,1997-12-22,Female,A-,9501902658,patient170@email.com,29,Dr. Manish Tandon,Psychiatry,9853041955,dr29@caresync.hospital,2026-09-16,09:00,Cancelled,Routine,Headache,2026-07-30,34147.76,13349.75,3435.09,Partially Paid
1202,1893,134,Patient 134,1957-02-23,Female,O-,9864668242,patient134@email.com,9,Dr. Rahul Gupta,Psychiatry,9890779946,dr9@caresync.hospital,2026-09-27,10:00,Scheduled,Check-Up,Diabetes,2026-05-03,46185.88,1896.78,4014.61,Paid
1203,1951,300,Patient 300,1985-09-12,Other,B-,9828519068,patient300@email.com,2,Dr. Meena Joshi,General,9219540831,dr2@caresync.hospital,2026-05-15,11:30,Cancelled,Pain,Fever,2026-06-29,30944.33,15511.31,1713.97,Partially Paid
1203,2389,300,Patient 300,1985-09-12,Other,B-,9828519068,patient300@email.com,2,Dr. Meena Joshi,General,9219540831,dr2@caresync.hospital,2026-05-15,11:30,Cancelled,Pain,Fever,2026-07-27,36604.3,22486.68,267.88,Paid
1210,2354,444,Patient 444,1965-08-19,Other,B-,9585238820,patient444@email.com,28,Dr. Kavya Sharma,Gynecology,9797808098,dr28@caresync.hospital,2026-05-08,10:30,Completed,Routine,Headache,2026-09-11,45277.88,15743.14,711.63,Pending
1213,2279,298,Patient 298,1965-05-22,Male,A-,9404133583,patient298@email.com,39,Dr. Gajendra Singh,Psychiatry,9965241839,dr39@caresync.hospital,2026-09-27,11:00,Completed,Pain,Fever,2026-08-15,24656.18,20814.21,4676.24,Partially Paid
1215,1049,318,Patient 318,1998-08-04,Other,O-,9374361983,patient318@email.com,29,Dr. Manish Tandon,Psychiatry,9853041955,dr29@caresync.hospital,2026-08-15,15:30,Cancelled,Routine,Headache,2026-10-03,33572.44,31679.93,4916.5,Paid
1221,1748,62,Patient 62,1965-05-22,Female,O-,9739930411,patient62@email.com,35,Dr. Chirag Joshi,Dermatology,9398704996,dr35@caresync.hospital,2026-07-10,10:00,Cancelled,Follow-Up,Hypertension,2026-04-19,33015.92,32296.22,913.03,Rejected
1223,1322,349,Patient 349,1991-03-09,Male,O+,9715683222,patient349@email.com,30,Dr. Ananya Singh,Radiology,9685126461,dr30@caresync.hospital,2026-08-03,12:00,Scheduled,Pain,Fever,2026-09-06,33279.65,3349.24,796.71,Pending
1223,2255,349,Patient 349,1991-03-09,Male,O+,9715683222,patient349@email.com,30,Dr. Ananya Singh,Radiology,9685126461,dr30@caresync.hospital,2026-08-03,12:00,Scheduled,Pain,Fever,2026-06-25,49747.59,25932.85,2228.85,Partially Paid
1226,2280,153,Patient 153,1979-06-10,Other,A+,9330879256,patient153@email.com,6,Dr. Anjali Nair,Ent,9362950628,dr6@caresync.hospital,2026-09-29,12:00,Scheduled,Follow-Up,Hypertension,2026-09-15,28247.41,16319.25,3387.66,Rejected
1227,1561,212,Patient 212,1997-08-15,Female,B-,9340781088,patient212@email.com,30,Dr. Ananya Singh,Radiology,9685126461,dr30@caresync.hospital,2026-08-20,15:30,Cancelled,Check-Up,Diabetes,2026-08-09,20127.36,7028.74,3689.13,Paid
1228,1814,28,Patient 28,1957-11-18,Male,B-,9527499187,patient28@email.com,7,Dr. Vikram Sharma,Neurology,9339670711,dr7@caresync.hospital,2026-07-29,08:00,Completed,Pain,Fever,2026-10-02,4394.13,1528.56,528.25,Pending
1229,516,446,Patient 446,1990-05-15,Female,O-,9161085229,patient446@email.com,30,Dr. Ananya Singh,Radiology,9685126461,dr30@caresync.hospital,2026-09-09,16:00,Scheduled,Emergency,Cold,2026-08-07,40800.36,40423.37,713.98,Rejected
1229,1681,446,Patient 446,1990-05-15,Female,O-,9161085229,patient446@email.com,30,Dr. Ananya Singh,Radiology,9685126461,dr30@caresync.hospital,2026-09-09,16:00,Scheduled,Emergency,Cold,2026-08-24,22836.0,19912.15,3995.06,Paid
1230,1074,438,Patient 438,1973-07-05,Other,O-,9160314355,patient438@email.com,20,Dr. Swati Iyer,Radiology,9334760738,dr20@caresync.hospital,2026-09-29,15:00,Cancelled,Routine,Headache,2026-05-07,34824.07,30788.73,2545.7,Pending
1235,595,210,Patient 210,1996-09-14,Other,A-,9805165232,patient210@email.com,10,Dr. Neha Chopra,Radiology,9210053353,dr10@caresync.hospital,2026-09-06,13:00,Scheduled,Routine,Headache,2026-05-06,36145.69,17584.75,2482.21,Partially Paid
1235,1356,210,Patient 210,1996-09-14,Other,A-,9805165232,patient210@email.com,10,Dr. Neha Chopra,Radiology,9210053353,dr10@caresync.hospital,2026-09-06,13:00,Scheduled,Routine,Headache,2026-05-24,23215.21,16903.6,4066.33,Rejected
1240,2089,74,Patient 74,1956-04-07,Female,A-,9241522640,patient74@email.com,12,Dr. Sneha Desai,General,9895285932,dr12@caresync.hospital,2026-08-04,12:00,Completed,Routine,Headache,2026-04-14,2992.53,2287.3,3854.47,Paid
1248,2072,171,Patient 171,1962-06-14,Other,B+,9263894795,patient171@email.com,8,Dr. Deepika Malhotra,Gynecology,9249827706,dr8@caresync.hospital,2026-09-18,15:30,Cancelled,Pain,Fever,2026-09-27,34170.95,26897.35,2485.21,Rejected
1250,103,91,Patient 91,1953-10-24,Male,B+,9900651998,patient91@email.com,31,Dr. Vishal Kumar,Cardiology,9550455977,dr31@caresync.hospital,2026-08-29,11:00,Scheduled,Routine,Headache,2026-06-02,24551.32,13043.11,4089.88,Partially Paid
1252,508,325,Patient 325,1993-01-05,Male,O+,9562412302,patient325@email.com,11,Dr. Arjun Bhat,Cardiology,9826600539,dr11@caresync.hospital,2026-08-17,12:30,Completed,Check-Up,Diabetes,2026-04-16,17108.01,4192.37,941.83,Rejected
1255,74,232,Patient 232,1997-09-26,Male,Ab-,9128189836,patient232@email.com,39,Dr. Gajendra Singh,Psychiatry,9965241839,dr39@caresync.hospital,2026-06-30,12:00,Completed,Routine,Headache,2026-05-07,41283.03,27472.4,1638.29,Pending
1258,1043,390,Patient 390,1985-07-03,Other,O-,9933468715,patient390@email.com,33,Dr. Arjun Singh,Orthopedics,9582334538,dr33@caresync.hospital,2026-07-15,08:00,Completed,Pain,Fever,2026-07-18,10196.24,94.05,3399.67,Partially Paid
1260,602,87,Patient 87,1977-12-24,Other,Ab+,9896413702,patient87@email.com,26,Dr. Priyanka Verma,Ent,9313500298,dr26@caresync.hospital,2026-06-17,13:30,Cancelled,Routine,Headache,2026-05-03,9161.97,2331.32,3909.17,Pending
1261,1872,296,Patient 296,1951-02-10,Female,Ab-,9561616250,patient296@email.com,7,Dr. Vikram Sharma,Neurology,9339670711,dr7@caresync.hospital,2026-04-25,14:00,Completed,Follow-Up,Hypertension,2026-04-24,36234.73,30822.84,3939.65,Rejected
1262,2147,392,Patient 392,1957-11-27,Female,Ab-,9476990466,patient392@email.com,21,Dr. Aditya Mishra,Cardiology,9349817734,dr21@caresync.hospital,2026-08-03,15:00,Scheduled,Check-Up,Diabetes,2026-05-27,36607.21,21555.37,2458.54,Partially Paid
1266,347,391,Patient 391,1964-02-15,Male,Ab+,9475138838,patient391@email.com,35,Dr. Chirag Joshi,Dermatology,9398704996,dr35@caresync.hospital,2026-08-17,10:00,Cancelled,Follow-Up,Hypertension,2026-08-26,37528.53,15597.95,456.87,Partially Paid
1266,1474,391,Patient 391,1964-02-15,Male,Ab+,9475138838,patient391@email.com,35,Dr. Chirag Joshi,Dermatology,9398704996,dr35@caresync.hospital,2026-08-17,10:00,Cancelled,Follow-Up,Hypertension,2026-06-22,40572.34,28263.72,2704.19,Pending
1272,2451,325,Patient 325,1993-01-05,Male,O+,9562412302,patient325@email.com,40,Dr. Harini Das,Radiology,9271432881,dr40@caresync.hospital,2026-09-21,09:30,Cancelled,Check-Up,Diabetes,2026-07-12,35226.81,196.44,2796.14,Partially Paid
1274,680,207,Patient 207,1979-11-17,Other,Ab+,9644830077,patient207@email.com,36,Dr. Deepak Nair,Ent,9969119330,dr36@caresync.hospital,2026-07-25,11:30,Scheduled,Emergency,Cold,2026-06-19,33847.58,27800.63,2908.21,Rejected
1282,1922,103,Patient 103,1987-10-17,Male,Ab+,9760465943,patient103@email.com,28,Dr. Kavya Sharma,Gynecology,9797808098,dr28@caresync.hospital,2026-04-18,16:00,Completed,Check-Up,Diabetes,2026-08-09,14941.74,9822.65,2809.86,Pending
1283,19,375,Patient 375,1979-02-11,Other,Ab+,9524951250,patient375@email.com,28,Dr. Kavya Sharma,Gynecology,9797808098,dr28@caresync.hospital,2026-04-30,13:30,Scheduled,Pain,Fever,2026-04-14,29435.55,9391.03,773.85,Partially Paid
1283,599,375,Patient 375,1979-02-11,Other,Ab+,9524951250,patient375@email.com,28,Dr. Kavya Sharma,Gynecology,9797808098,dr28@caresync.hospital,2026-04-30,13:30,Scheduled,Pain,Fever,2026-07-29,7430.35,2457.82,3914.78,Partially Paid
1292,1536,98,Patient 98,1954-11-28,Female,A-,9737444033,patient98@email.com,8,Dr. Deepika Malhotra,Gynecology,9249827706,dr8@caresync.hospital,2026-05-25,11:00,Scheduled,Check-Up,Diabetes,2026-07-27,33529.67,9629.62,462.66,Rejected
1296,927,321,Patient 321,1971-03-02,Other,A+,9228832213,patient321@email.com,21,Dr. Aditya Mishra,Cardiology,9349817734,dr21@caresync.hospital,2026-07-01,10:30,Cancelled,Follow-Up,Hypertension,2026-07-31,43515.73,30357.49,3643.18,Partially Paid
1302,545,177,Patient 177,1994-05-18,Other,A+,9191659287,patient177@email.com,26,Dr. Priyanka Verma,Ent,9313500298,dr26@caresync.hospital,2026-07-28,14:00,Cancelled,Check-Up,Diabetes,2026-08-09,21917.95,7635.05,3358.1,Paid
1305,230,53,Patient 53,1973-08-17,Female,O+,9322433532,patient53@email.com,7,Dr. Vikram Sharma,Neurology,9339670711,dr7@caresync.hospital,2026-04-24,14:00,Cancelled,Routine,Headache,2026-04-09,48041.84,4438.86,1738.6,Pending
1305,1511,53,Patient 53,1973-08-17,Female,O+,9322433532,patient53@email.com,7,Dr. Vikram Sharma,Neurology,9339670711,dr7@caresync.hospital,2026-04-24,14:00,Cancelled,Routine,Headache,2026-08-29,49078.94,28475.15,2569.73,Partially Paid
1310,149,86,Patient 86,1966-08-10,Female,O-,9236105947,patient86@email.com,4,Dr. Priya Singh,Pediatrics,9896233790,dr4@caresync.hospital,2026-08-09,14:00,Scheduled,Routine,Headache,2026-05-14,29646.76,6785.72,692.51,Paid
1311,969,34,Patient 34,1998-03-17,Male,A-,9198433586,patient34@email.com,6,Dr. Anjali Nair,Ent,9362950628,dr6@caresync.hospital,2026-08-14,12:30,Cancelled,Follow-Up,Hypertension,2026-06-05,44828.08,7043.2,197.05,Paid
1314,1639,153,Patient 153,1979-06-10,Other,A+,9330879256,patient153@email.com,38,Dr. Faheem Ahmed,Gynecology,9914763202,dr38@caresync.hospital,2026-06-25,16:30,Cancelled,Emergency,Cold,2026-05-04,24818.13,417.1,941.28,Partially Paid
1314,2492,153,Patient 153,1979-06-10,Other,A+,9330879256,patient153@email.com,38,Dr. Faheem Ahmed,Gynecology,9914763202,dr38@caresync.hospital,2026-06-25,16:30,Cancelled,Emergency,Cold,2026-05-29,35700.69,5444.9,1594.56,Rejected
1315,974,486,Patient 486,1997-11-09,Other,O-,9859803019,patient486@email.com,1,Dr. Rajesh Kumar,Cardiology,9786579303,dr1@caresync.hospital,2026-08-10,15:30,Completed,Routine,Headache,2026-05-10,33531.3,2688.41,1426.16,Pending
1316,1931,149,Patient 149,1965-05-06,Female,O+,9798916441,patient149@email.com,10,Dr. Neha Chopra,Radiology,9210053353,dr10@caresync.hospital,2026-07-18,16:30,Scheduled,Follow-Up,Hypertension,2026-05-25,39378.95,9161.24,1653.6,Partially Paid
1317,1589,234,Patient 234,1964-05-14,Other,A-,9806340901,patient234@email.com,10,Dr. Neha Chopra,Radiology,9210053353,dr10@caresync.hospital,2026-06-18,09:00,Cancelled,Check-Up,Diabetes,2026-07-10,27005.3,22203.32,4002.39,Paid
1318,365,373,Patient 373,1992-07-27,Male,O+,9662600500,patient373@email.com,29,Dr. Manish Tandon,Psychiatry,9853041955,dr29@caresync.hospital,2026-06-30,14:30,Completed,Pain,Fever,2026-09-08,49483.94,37018.7,1611.19,Paid
1318,1152,373,Patient 373,1992-07-27,Male,O+,9662600500,patient373@email.com,29,Dr. Manish Tandon,Psychiatry,9853041955,dr29@caresync.hospital,2026-06-30,14:30,Completed,Pain,Fever,2026-05-03,44781.55,18237.87,2699.16,Rejected
1319,884,267,Patient 267,1969-11-20,Other,B+,9434618074,patient267@email.com,35,Dr. Chirag Joshi,Dermatology,9398704996,dr35@caresync.hospital,2026-05-11,09:00,Scheduled,Emergency,Cold,2026-04-14,47276.56,7657.85,4082.85,Rejected
1331,415,385,Patient 385,1968-08-23,Male,A+,9779919809,patient385@email.com,28,Dr. Kavya Sharma,Gynecology,9797808098,dr28@caresync.hospital,2026-08-07,08:30,Scheduled,Follow-Up,Hypertension,2026-06-14,42496.83,11296.51,2064.37,Partially Paid
1332,500,97,Patient 97,1961-02-20,Male,A+,9651085057,patient97@email.com,23,Dr. Varun Nayar,Orthopedics,9746412689,dr23@caresync.hospital,2026-05-08,10:30,Cancelled,Check-Up,Diabetes,2026-05-21,49938.41,25750.52,3682.26,Rejected
1334,1787,486,Patient 486,1997-11-09,Other,O-,9859803019,patient486@email.com,38,Dr. Faheem Ahmed,Gynecology,9914763202,dr38@caresync.hospital,2026-06-07,08:30,Scheduled,Emergency,Cold,2026-05-12,46306.12,42996.4,1176.04,Partially Paid
1336,213,471,Patient 471,1958-02-10,Other,Ab+,9638339044,patient471@email.com,40,Dr. Harini Das,Radiology,9271432881,dr40@caresync.hospital,2026-04-28,08:00,Completed,Follow-Up,Hypertension,2026-07-17,28856.0,9715.15,3833.72,Paid
1336,2338,471,Patient 471,1958-02-10,Other,Ab+,9638339044,patient471@email.com,40,Dr. Harini Das,Radiology,9271432881,dr40@caresync.hospital,2026-04-28,08:00,Completed,Follow-Up,Hypertension,2026-05-05,48073.17,3169.53,1980.61,Pending
1339,2167,10,Patient 10,1952-06-13,Male,A-,9761051532,patient10@email.com,9,Dr. Rahul Gupta,Psychiatry,9890779946,dr9@caresync.hospital,2026-06-11,11:00,Completed,Emergency,Cold,2026-08-31,31497.37,12011.32,2233.74,Partially Paid
1341,1142,115,Patient 115,1960-08-27,Male,B+,9531233244,patient115@email.com,4,Dr. Priya Singh,Pediatrics,9896233790,dr4@caresync.hospital,2026-06-16,10:00,Cancelled,Follow-Up,Hypertension,2026-07-26,41331.07,35179.68,4606.94,Pending
1343,1849,68,Patient 68,1956-11-14,Female,B-,9369137895,patient68@email.com,36,Dr. Deepak Nair,Ent,9969119330,dr36@caresync.hospital,2026-07-02,12:30,Scheduled,Pain,Fever,2026-05-18,24093.51,3291.68,4856.74,Paid
1346,2243,12,Patient 12,1986-12-11,Other,B-,9400368694,patient12@email.com,36,Dr. Deepak Nair,Ent,9969119330,dr36@caresync.hospital,2026-07-27,08:00,Scheduled,Follow-Up,Hypertension,2026-06-07,46527.99,6369.74,1147.14,Partially Paid
1348,2059,259,Patient 259,1988-12-23,Male,B+,9669601448,patient259@email.com,8,Dr. Deepika Malhotra,Gynecology,9249827706,dr8@caresync.hospital,2026-09-28,08:00,Completed,Pain,Fever,2026-10-04,38661.94,38273.09,4001.22,Partially Paid
1352,949,365,Patient 365,1983-11-15,Female,O+,9488536370,patient365@email.com,28,Dr. Kavya Sharma,Gynecology,9797808098,dr28@caresync.hospital,2026-07-29,14:30,Scheduled,Check-Up,Diabetes,2026-04-22,35300.43,22247.06,1865.4,Paid
1360,439,395,Patient 395,1967-07-27,Female,B+,9793039113,patient395@email.com,35,Dr. Chirag Joshi,Dermatology,9398704996,dr35@caresync.hospital,2026-05-18,11:30,Completed,Routine,Headache,2026-05-15,44463.68,38622.3,4677.24,Partially Paid
1364,522,305,Patient 305,1996-04-11,Female,A+,9431162800,patient305@email.com,9,Dr. Rahul Gupta,Psychiatry,9890779946,dr9@caresync.hospital,2026-08-07,10:30,Scheduled,Emergency,Cold,2026-06-29,44724.35,2372.63,2.81,Pending
1367,26,56,Patient 56,1951-10-18,Female,Ab-,9973008988,patient56@email.com,25,Dr. Sameer Khan,Dermatology,9702632297,dr25@caresync.hospital,2026-09-16,08:30,Scheduled,Check-Up,Diabetes,2026-09-01,38017.71,12867.71,4113.42,Pending
1367,1630,56,Patient 56,1951-10-18,Female,Ab-,9973008988,patient56@email.com,25,Dr. Sameer Khan,Dermatology,9702632297,dr25@caresync.hospital,2026-09-16,08:30,Scheduled,Check-Up,Diabetes,2026-09-17,38806.46,15485.76,2628.21,Pending
1371,1126,25,Patient 25,1974-10-15,Male,A+,9792377512,patient25@email.com,19,Dr. Rohit Kapoor,Psychiatry,9200604502,dr19@caresync.hospital,2026-08-14,09:00,Cancelled,Follow-Up,Hypertension,2026-07-19,22025.86,8248.42,199.42,Pending
1374,1882,214,Patient 214,1990-05-25,Male,O-,9475932035,patient214@email.com,1,Dr. Rajesh Kumar,Cardiology,9786579303,dr1@caresync.hospital,2026-04-15,09:30,Cancelled,Emergency,Cold,2026-05-15,39285.04,8308.2,4782.31,Pending
1380,304,243,Patient 243,1979-03-02,Other,B+,9431769776,patient243@email.com,9,Dr. Rahul Gupta,Psychiatry,9890779946,dr9@caresync.hospital,2026-08-17,13:30,Cancelled,Routine,Headache,2026-07-23,32961.04,26266.69,2540.82,Rejected
1382,652,79,Patient 79,1985-02-02,Male,Ab+,9355477113,patient79@email.com,9,Dr. Rahul Gupta,Psychiatry,9890779946,dr9@caresync.hospital,2026-08-30,15:00,Scheduled,Check-Up,Diabetes,2026-08-24,43402.73,1763.86,1090.4,Rejected
1383,1412,106,Patient 106,1965-05-13,Male,A-,9940983577,patient106@email.com,27,Dr. Harish Reddy,Neurology,9868820204,dr27@caresync.hospital,2026-05-18,15:30,Cancelled,Pain,Fever,2026-08-15,41671.84,13990.77,1427.45,Rejected
1386,1092,323,Patient 323,1954-07-16,Female,B+,9634063428,patient323@email.com,28,Dr. Kavya Sharma,Gynecology,9797808098,dr28@caresync.hospital,2026-07-20,14:00,Cancelled,Follow-Up,Hypertension,2026-07-27,49427.76,5492.1,3824.26,Rejected
1388,819,155,Patient 155,1951-11-07,Female,B+,9584853393,patient155@email.com,12,Dr. Sneha Desai,General,9895285932,dr12@caresync.hospital,2026-07-08,15:30,Scheduled,Pain,Fever,2026-04-28,41793.53,5512.86,968.19,Partially Paid
1389,1162,216,Patient 216,1990-04-09,Other,Ab-,9494665673,patient216@email.com,30,Dr. Ananya Singh,Radiology,9685126461,dr30@caresync.hospital,2026-06-23,09:00,Cancelled,Emergency,Cold,2026-08-21,32083.84,23543.78,2372.2,Pending
1389,1917,216,Patient 216,1990-04-09,Other,Ab-,9494665673,patient216@email.com,30,Dr. Ananya Singh,Radiology,9685126461,dr30@caresync.hospital,2026-06-23,09:00,Cancelled,Emergency,Cold,2026-06-30,26764.34,22143.73,3768.08,Paid
1394,1850,139,Patient 139,2000-01-12,Male,B+,9416644047,patient139@email.com,25,Dr. Sameer Khan,Dermatology,9702632297,dr25@caresync.hospital,2026-06-06,10:00,Scheduled,Emergency,Cold,2026-09-15,45142.92,24567.12,4548.83,Pending
1396,769,311,Patient 311,1968-02-27,Female,Ab+,9108253947,patient311@email.com,15,Dr. Ashok Singh,Dermatology,9734036506,dr15@caresync.hospital,2026-05-26,17:30,Completed,Follow-Up,Hypertension,2026-07-09,23197.53,7327.96,4614.66,Paid
1401,1490,461,Patient 461,1988-12-16,Female,O+,9893410426,patient461@email.com,37,Dr. Ekta Roy,Neurology,9106977991,dr37@caresync.hospital,2026-08-12,14:00,Cancelled,Follow-Up,Hypertension,2026-07-14,2943.76,570.39,1829.07,Pending
1403,1258,262,Patient 262,1969-10-22,Male,O-,9550791704,patient262@email.com,16,Dr. Divya Kumar,Ent,9553035110,dr16@caresync.hospital,2026-08-06,11:00,Scheduled,Pain,Fever,2026-05-31,26014.2,23251.61,1760.72,Pending
1404,1719,369,Patient 369,1972-07-11,Other,A+,9361259074,patient369@email.com,33,Dr. Arjun Singh,Orthopedics,9582334538,dr33@caresync.hospital,2026-05-25,09:30,Cancelled,Emergency,Cold,2026-07-01,25580.49,1385.44,4298.57,Partially Paid
1408,2227,59,Patient 59,1990-01-08,Female,B+,9931471931,patient59@email.com,37,Dr. Ekta Roy,Neurology,9106977991,dr37@caresync.hospital,2026-06-08,14:30,Completed,Pain,Fever,2026-08-23,47327.01,32190.9,747.24,Partially Paid
1410,1406,55,Patient 55,1964-02-11,Male,Ab+,9331875999,patient55@email.com,3,Dr. Amit Verma,Orthopedics,9126855092,dr3@caresync.hospital,2026-09-13,09:30,Cancelled,Routine,Headache,2026-07-18,48529.81,38198.2,2789.59,Pending
1411,426,255,Patient 255,1980-11-04,Other,Ab+,9779863265,patient255@email.com,3,Dr. Amit Verma,Orthopedics,9126855092,dr3@caresync.hospital,2026-07-16,16:30,Completed,Follow-Up,Hypertension,2026-05-21,49962.96,43226.38,2865.73,Pending
1413,2480,312,Patient 312,1962-05-08,Other,Ab-,9319497661,patient312@email.com,31,Dr. Vishal Kumar,Cardiology,9550455977,dr31@caresync.hospital,2026-06-17,15:30,Cancelled,Pain,Fever,2026-05-07,41179.55,21143.7,1514.71,Rejected
1420,409,104,Patient 104,1970-05-07,Female,Ab-,9146562851,patient104@email.com,34,Dr. Bhavna Patel,Pediatrics,9732719211,dr34@caresync.hospital,2026-09-27,17:30,Completed,Routine,Headache,2026-09-13,48778.32,13122.78,137.35,Paid
1423,672,210,Patient 210,1996-09-14,Other,A-,9805165232,patient210@email.com,34,Dr. Bhavna Patel,Pediatrics,9732719211,dr34@caresync.hospital,2026-05-10,17:00,Completed,Pain,Fever,2026-04-25,46353.75,32357.72,1939.52,Rejected
1426,1319,21,Patient 21,1955-01-28,Other,O+,9206681214,patient21@email.com,40,Dr. Harini Das,Radiology,9271432881,dr40@caresync.hospital,2026-10-02,08:30,Completed,Follow-Up,Hypertension,2026-09-29,37073.54,8757.58,3667.93,Partially Paid
1428,1391,255,Patient 255,1980-11-04,Other,Ab+,9779863265,patient255@email.com,16,Dr. Divya Kumar,Ent,9553035110,dr16@caresync.hospital,2026-04-19,10:30,Cancelled,Pain,Fever,2026-07-13,23057.86,12682.46,761.96,Partially Paid
1433,536,247,Patient 247,1998-07-09,Male,Ab+,9294782734,patient247@email.com,20,Dr. Swati Iyer,Radiology,9334760738,dr20@caresync.hospital,2026-06-18,13:00,Scheduled,Pain,Fever,2026-08-15,14475.16,5983.97,1894.58,Rejected
1436,1670,2,Patient 2,1992-05-23,Female,A-,9897005281,patient2@email.com,22,Dr. Riya Bhat,General,9642621108,dr22@caresync.hospital,2026-04-11,10:30,Scheduled,Follow-Up,Hypertension,2026-07-26,39231.72,23323.38,3965.92,Pending
1440,1968,465,Patient 465,1993-12-25,Other,A+,9713811693,patient465@email.com,30,Dr. Ananya Singh,Radiology,9685126461,dr30@caresync.hospital,2026-05-07,17:30,Cancelled,Routine,Headache,2026-09-20,19796.43,16332.68,1171.17,Rejected
1443,2420,294,Patient 294,1980-11-23,Other,O-,9222210617,patient294@email.com,37,Dr. Ekta Roy,Neurology,9106977991,dr37@caresync.hospital,2026-09-26,17:30,Cancelled,Pain,Fever,2026-05-10,13883.46,4060.71,1981.65,Rejected
1444,861,343,Patient 343,1968-12-28,Male,Ab+,9120123575,patient343@email.com,22,Dr. Riya Bhat,General,9642621108,dr22@caresync.hospital,2026-08-30,10:00,Completed,Emergency,Cold,2026-06-02,49876.29,16314.8,4799.93,Paid
1445,1675,253,Patient 253,1962-01-20,Male,O+,9252336745,patient253@email.com,27,Dr. Harish Reddy,Neurology,9868820204,dr27@caresync.hospital,2026-08-26,15:00,Scheduled,Routine,Headache,2026-08-10,39382.07,34047.3,1195.89,Partially Paid
1447,116,487,Patient 487,1987-07-27,Male,Ab+,9570039364,patient487@email.com,19,Dr. Rohit Kapoor,Psychiatry,9200604502,dr19@caresync.hospital,2026-05-12,14:30,Completed,Check-Up,Diabetes,2026-06-26,41973.7,20941.57,6.04,Rejected
1450,1545,262,Patient 262,1969-10-22,Male,O-,9550791704,patient262@email.com,3,Dr. Amit Verma,Orthopedics,9126855092,dr3@caresync.hospital,2026-05-02,16:00,Completed,Routine,Headache,2026-06-03,21643.47,20056.78,677.53,Paid
1450,1783,262,Patient 262,1969-10-22,Male,O-,9550791704,patient262@email.com,3,Dr. Amit Verma,Orthopedics,9126855092,dr3@caresync.hospital,2026-05-02,16:00,Completed,Routine,Headache,2026-07-03,17595.3,14853.35,1073.86,Partially Paid
1454,746,52,Patient 52,1975-11-21,Male,B-,9695076080,patient52@email.com,17,Dr. Nitin Saxena,Neurology,9134126396,dr17@caresync.hospital,2026-08-13,14:00,Scheduled,Emergency,Cold,2026-06-10,41949.5,26347.12,2705.1,Pending
1467,1016,448,Patient 448,1979-05-22,Male,Ab-,9993027458,patient448@email.com,9,Dr. Rahul Gupta,Psychiatry,9890779946,dr9@caresync.hospital,2026-09-11,11:30,Cancelled,Check-Up,Diabetes,2026-06-06,19462.34,18335.93,2303.56,Rejected
1467,1101,448,Patient 448,1979-05-22,Male,Ab-,9993027458,patient448@email.com,9,Dr. Rahul Gupta,Psychiatry,9890779946,dr9@caresync.hospital,2026-09-11,11:30,Cancelled,Check-Up,Diabetes,2026-07-25,45946.24,12499.33,2590.39,Paid
1467,1616,448,Patient 448,1979-05-22,Male,Ab-,9993027458,patient448@email.com,9,Dr. Rahul Gupta,Psychiatry,9890779946,dr9@caresync.hospital,2026-09-11,11:30,Cancelled,Check-Up,Diabetes,2026-06-06,41236.76,10442.38,642.11,Rejected
1471,136,185,Patient 185,1991-06-15,Female,A+,9239710404,patient185@email.com,17,Dr. Nitin Saxena,Neurology,9134126396,dr17@caresync.hospital,2026-05-16,17:30,Completed,Follow-Up,Hypertension,2026-05-25,34921.04,16383.31,3326.55,Rejected
1471,1892,185,Patient 185,1991-06-15,Female,A+,9239710404,patient185@email.com,17,Dr. Nitin Saxena,Neurology,9134126396,dr17@caresync.hospital,2026-05-16,17:30,Completed,Follow-Up,Hypertension,2026-08-15,42282.08,794.96,3718.72,Rejected
1472,246,411,Patient 411,1986-07-08,Other,B+,9929839316,patient411@email.com,9,Dr. Rahul Gupta,Psychiatry,9890779946,dr9@caresync.hospital,2026-08-20,17:00,Scheduled,Check-Up,Diabetes,2026-08-25,49625.25,26909.14,4772.65,Pending
1477,8,60,Patient 60,1954-01-28,Other,B-,9258435089,patient60@email.com,1,Dr. Rajesh Kumar,Cardiology,9786579303,dr1@caresync.hospital,2026-09-28,12:30,Completed,Check-Up,Diabetes,2026-07-11,45444.3,812.13,3588.17,Rejected
1477,84,60,Patient 60,1954-01-28,Other,B-,9258435089,patient60@email.com,1,Dr. Rajesh Kumar,Cardiology,9786579303,dr1@caresync.hospital,2026-09-28,12:30,Completed,Check-Up,Diabetes,2026-08-08,25934.72,14240.1,4927.82,Rejected
1480,1722,389,Patient 389,1969-09-01,Female,O+,9308202515,patient389@email.com,12,Dr. Sneha Desai,General,9895285932,dr12@caresync.hospital,2026-09-17,12:00,Completed,Routine,Headache,2026-10-01,42879.41,6534.79,4348.23,Pending
1482,1027,24,Patient 24,1988-02-13,Other,Ab-,9684615760,patient24@email.com,10,Dr. Neha Chopra,Radiology,9210053353,dr10@caresync.hospital,2026-07-24,17:30,Cancelled,Check-Up,Diabetes,2026-08-26,47260.56,46398.3,4157.08,Partially Paid
1484,992,437,Patient 437,1953-05-12,Female,O+,9735032128,patient437@email.com,24,Dr. Isha Menon,Pediatrics,9128492780,dr24@caresync.hospital,2026-08-06,11:00,Scheduled,Emergency,Cold,2026-10-04,12820.9,12019.6,2344.91,Rejected
1485,1656,71,Patient 71,1993-11-21,Female,Ab+,9218032515,patient71@email.com,12,Dr. Sneha Desai,General,9895285932,dr12@caresync.hospital,2026-07-22,11:30,Cancelled,Routine,Headache,2026-09-12,37834.65,4113.45,1993.46,Rejected
1489,2012,169,Patient 169,1984-11-24,Male,A+,9373685835,patient169@email.com,12,Dr. Sneha Desai,General,9895285932,dr12@caresync.hospital,2026-06-10,15:00,Completed,Emergency,Cold,2026-04-13,26276.78,23522.31,3199.53,Rejected
1491,897,458,Patient 458,1992-07-09,Female,A-,9723123952,patient458@email.com,3,Dr. Amit Verma,Orthopedics,9126855092,dr3@caresync.hospital,2026-07-02,17:30,Cancelled,Follow-Up,Hypertension,2026-08-31,32581.08,16049.12,2082.87,Paid
1492,2371,225,Patient 225,1976-01-07,Other,A+,9924024405,patient225@email.com,22,Dr. Riya Bhat,General,9642621108,dr22@caresync.hospital,2026-05-25,16:30,Completed,Check-Up,Diabetes,2026-08-20,11272.59,3460.45,3383.32,Partially Paid
1494,937,319,Patient 319,1950-10-10,Male,Ab+,9410791488,patient319@email.com,10,Dr. Neha Chopra,Radiology,9210053353,dr10@caresync.hospital,2026-08-22,10:30,Cancelled,Emergency,Cold,2026-05-27,30510.56,16952.66,2886.14,Paid
1501,835,176,Patient 176,1976-06-13,Female,Ab-,9993108266,patient176@email.com,29,Dr. Manish Tandon,Psychiatry,9853041955,dr29@caresync.hospital,2026-05-20,17:00,Completed,Follow-Up,Hypertension,2026-05-20,29459.41,23979.87,866.68,Partially Paid
1507,1980,234,Patient 234,1964-05-14,Other,A-,9806340901,patient234@email.com,17,Dr. Nitin Saxena,Neurology,9134126396,dr17@caresync.hospital,2026-09-01,08:30,Completed,Check-Up,Diabetes,2026-06-16,24714.0,13669.14,4261.21,Rejected
1507,2192,234,Patient 234,1964-05-14,Other,A-,9806340901,patient234@email.com,17,Dr. Nitin Saxena,Neurology,9134126396,dr17@caresync.hospital,2026-09-01,08:30,Completed,Check-Up,Diabetes,2026-06-29,34304.12,14789.37,3058.94,Rejected
1513,340,245,Patient 245,1963-08-11,Female,O+,9476908532,patient245@email.com,31,Dr. Vishal Kumar,Cardiology,9550455977,dr31@caresync.hospital,2026-08-25,11:30,Completed,Pain,Fever,2026-08-12,42201.17,34142.36,3810.16,Rejected
1514,2427,410,Patient 410,1962-12-08,Female,A-,9290209201,patient410@email.com,20,Dr. Swati Iyer,Radiology,9334760738,dr20@caresync.hospital,2026-05-03,10:00,Scheduled,Emergency,Cold,2026-06-22,33848.61,11292.97,1521.03,Partially Paid
1515,1895,216,Patient 216,1990-04-09,Other,Ab-,9494665673,patient216@email.com,31,Dr. Vishal Kumar,Cardiology,9550455977,dr31@caresync.hospital,2026-05-10,11:30,Cancelled,Routine,Headache,2026-05-18,47516.11,2780.11,2651.88,Partially Paid
1518,1127,409,Patient 409,1979-06-28,Male,A+,9180909963,patient409@email.com,25,Dr. Sameer Khan,Dermatology,9702632297,dr25@caresync.hospital,2026-08-14,16:30,Cancelled,Pain,Fever,2026-10-03,45841.07,31762.64,780.98,Partially Paid
1520,679,58,Patient 58,1950-02-23,Male,A-,9452788129,patient58@email.com,31,Dr. Vishal Kumar,Cardiology,9550455977,dr31@caresync.hospital,2026-04-12,09:00,Scheduled,Routine,Headache,2026-06-13,48419.35,43406.81,945.45,Partially Paid
1520,1195,58,Patient 58,1950-02-23,Male,A-,9452788129,patient58@email.com,31,Dr. Vishal Kumar,Cardiology,9550455977,dr31@caresync.hospital,2026-04-12,09:00,Scheduled,Routine,Headache,2026-07-03,45638.91,31458.85,4678.1,Partially Paid
1522,1377,357,Patient 357,1955-10-02,Other,O+,9122394554,patient357@email.com,10,Dr. Neha Chopra,Radiology,9210053353,dr10@caresync.hospital,2026-07-26,08:00,Completed,Check-Up,Diabetes,2026-04-19,35253.9,16943.74,629.14,Paid
1523,1476,372,Patient 372,1994-08-10,Other,B-,9529979713,patient372@email.com,34,Dr. Bhavna Patel,Pediatrics,9732719211,dr34@caresync.hospital,2026-08-14,11:00,Scheduled,Pain,Fever,2026-04-26,41285.51,8320.97,584.84,Rejected
1524,1210,31,Patient 31,1968-07-06,Male,Ab+,9231167999,patient31@email.com,28,Dr. Kavya Sharma,Gynecology,9797808098,dr28@caresync.hospital,2026-10-03,17:30,Cancelled,Emergency,Cold,2026-08-06,28653.14,4266.4,1245.98,Pending
1526,1503,433,Patient 433,1990-12-28,Male,A+,9777944609,patient433@email.com,19,Dr. Rohit Kapoor,Psychiatry,9200604502,dr19@caresync.hospital,2026-06-12,16:00,Scheduled,Follow-Up,Hypertension,2026-05-05,33881.77,31239.79,1713.02,Partially Paid
1527,1986,82,Patient 82,1965-03-14,Male,A-,9116944811,patient82@email.com,29,Dr. Manish Tandon,Psychiatry,9853041955,dr29@caresync.hospital,2026-09-18,13:00,Cancelled,Check-Up,Diabetes,2026-09-09,45044.68,15277.42,3415.44,Pending
1532,2361,248,Patient 248,1955-08-01,Female,Ab-,9253815116,patient248@email.com,7,Dr. Vikram Sharma,Neurology,9339670711,dr7@caresync.hospital,2026-07-12,16:00,Scheduled,Check-Up,Diabetes,2026-08-15,27329.0,20703.53,1552.1,Paid
1533,1403,411,Patient 411,1986-07-08,Other,B+,9929839316,patient411@email.com,35,Dr. Chirag Joshi,Dermatology,9398704996,dr35@caresync.hospital,2026-05-12,17:30,Cancelled,Pain,Fever,2026-07-29,28721.65,27930.78,1465.86,Partially Paid
1534,1576,292,Patient 292,1996-07-16,Male,B-,9910614025,patient292@email.com,23,Dr. Varun Nayar,Orthopedics,9746412689,dr23@caresync.hospital,2026-06-01,12:00,Completed,Emergency,Cold,2026-07-10,47505.32,12270.45,2758.39,Rejected
1537,1963,93,Patient 93,1970-01-02,Other,O+,9611365210,patient93@email.com,18,Dr. Shruti Pandey,Gynecology,9131994523,dr18@caresync.hospital,2026-05-10,11:30,Completed,Check-Up,Diabetes,2026-06-21,7780.33,2241.12,2304.79,Partially Paid
1538,2391,313,Patient 313,1973-03-10,Male,A+,9423646570,patient313@email.com,22,Dr. Riya Bhat,General,9642621108,dr22@caresync.hospital,2026-09-24,08:30,Scheduled,Pain,Fever,2026-07-06,37588.29,31369.38,455.2,Partially Paid
1542,995,314,Patient 314,1950-12-18,Female,A-,9326810757,patient314@email.com,17,Dr. Nitin Saxena,Neurology,9134126396,dr17@caresync.hospital,2026-06-10,16:30,Cancelled,Check-Up,Diabetes,2026-06-03,19916.47,13120.75,3684.55,Partially Paid
1544,257,442,Patient 442,1955-10-28,Male,A-,9433297890,patient442@email.com,26,Dr. Priyanka Verma,Ent,9313500298,dr26@caresync.hospital,2026-04-08,16:00,Scheduled,Emergency,Cold,2026-08-03,31872.62,30663.79,362.3,Paid
1544,2220,442,Patient 442,1955-10-28,Male,A-,9433297890,patient442@email.com,26,Dr. Priyanka Verma,Ent,9313500298,dr26@caresync.hospital,2026-04-08,16:00,Scheduled,Emergency,Cold,2026-09-06,14397.91,11301.27,3835.35,Rejected
1544,2384,442,Patient 442,1955-10-28,Male,A-,9433297890,patient442@email.com,26,Dr. Priyanka Verma,Ent,9313500298,dr26@caresync.hospital,2026-04-08,16:00,Scheduled,Emergency,Cold,2026-09-12,18436.94,2732.63,3264.59,Rejected
1545,934,351,Patient 351,1960-05-20,Other,Ab+,9861818706,patient351@email.com,30,Dr. Ananya Singh,Radiology,9685126461,dr30@caresync.hospital,2026-07-20,13:30,Cancelled,Routine,Headache,2026-04-10,25150.02,4798.87,1889.99,Pending
1551,1897,67,Patient 67,1976-04-04,Male,B+,9680051935,patient67@email.com,12,Dr. Sneha Desai,General,9895285932,dr12@caresync.hospital,2026-08-20,15:00,Cancelled,Follow-Up,Hypertension,2026-05-20,24956.56,22664.13,3290.6,Paid
1555,2233,58,Patient 58,1950-02-23,Male,A-,9452788129,patient58@email.com,1,Dr. Rajesh Kumar,Cardiology,9786579303,dr1@caresync.hospital,2026-06-28,13:00,Completed,Routine,Headache,2026-04-14,36590.37,34659.35,2326.77,Paid
1559,2182,24,Patient 24,1988-02-13,Other,Ab-,9684615760,patient24@email.com,7,Dr. Vikram Sharma,Neurology,9339670711,dr7@caresync.hospital,2026-05-12,13:30,Scheduled,Emergency,Cold,2026-08-14,19681.21,630.76,291.74,Pending
1560,45,33,Patient 33,1996-05-17,Other,A+,9588249062,patient33@email.com,34,Dr. Bhavna Patel,Pediatrics,9732719211,dr34@caresync.hospital,2026-09-10,09:30,Cancelled,Routine,Headache,2026-09-18,41671.3,22488.34,3044.79,Paid
1562,2438,336,Patient 336,1963-05-22,Other,Ab-,9965650861,patient336@email.com,29,Dr. Manish Tandon,Psychiatry,9853041955,dr29@caresync.hospital,2026-04-09,17:00,Scheduled,Check-Up,Diabetes,2026-07-28,38158.57,31807.48,2421.72,Pending
1563,2340,161,Patient 161,1961-10-09,Female,A+,9528133274,patient161@email.com,23,Dr. Varun Nayar,Orthopedics,9746412689,dr23@caresync.hospital,2026-09-23,13:00,Cancelled,Pain,Fever,2026-08-03,22178.3,13091.68,4557.55,Rejected
1566,141,445,Patient 445,1959-04-15,Male,O+,9140380477,patient445@email.com,17,Dr. Nitin Saxena,Neurology,9134126396,dr17@caresync.hospital,2026-07-26,17:00,Cancelled,Follow-Up,Hypertension,2026-08-30,5231.03,831.94,4743.44,Paid
1569,517,393,Patient 393,1959-08-23,Other,A+,9881017363,patient393@email.com,2,Dr. Meena Joshi,General,9219540831,dr2@caresync.hospital,2026-07-22,12:00,Cancelled,Emergency,Cold,2026-05-14,17188.19,14841.63,4370.25,Paid
1570,1518,381,Patient 381,1973-10-25,Other,O+,9936571442,patient381@email.com,40,Dr. Harini Das,Radiology,9271432881,dr40@caresync.hospital,2026-04-17,12:30,Completed,Routine,Headache,2026-06-02,43226.63,40394.85,802.27,Pending
1571,1058,296,Patient 296,1951-02-10,Female,Ab-,9561616250,patient296@email.com,6,Dr. Anjali Nair,Ent,9362950628,dr6@caresync.hospital,2026-09-17,12:30,Scheduled,Follow-Up,Hypertension,2026-04-20,26227.74,6224.28,1896.6,Pending
1573,2470,290,Patient 290,1985-01-17,Female,A-,9393310667,patient290@email.com,39,Dr. Gajendra Singh,Psychiatry,9965241839,dr39@caresync.hospital,2026-08-10,13:30,Completed,Pain,Fever,2026-06-09,31996.23,2603.54,1627.91,Pending
1574,1028,115,Patient 115,1960-08-27,Male,B+,9531233244,patient115@email.com,14,Dr. Pooja Yadav,Pediatrics,9193349856,dr14@caresync.hospital,2026-05-31,13:30,Scheduled,Emergency,Cold,2026-08-02,37114.91,4886.05,834.99,Rejected
1577,2311,448,Patient 448,1979-05-22,Male,Ab-,9993027458,patient448@email.com,8,Dr. Deepika Malhotra,Gynecology,9249827706,dr8@caresync.hospital,2026-09-03,14:00,Scheduled,Check-Up,Diabetes,2026-06-01,29130.59,13178.51,4807.77,Partially Paid
1578,706,174,Patient 174,1957-12-10,Other,O-,9172083844,patient174@email.com,6,Dr. Anjali Nair,Ent,9362950628,dr6@caresync.hospital,2026-07-02,14:00,Cancelled,Pain,Fever,2026-09-04,44792.24,22980.07,374.18,Pending
1587,2066,373,Patient 373,1992-07-27,Male,O+,9662600500,patient373@email.com,19,Dr. Rohit Kapoor,Psychiatry,9200604502,dr19@caresync.hospital,2026-08-12,16:00,Cancelled,Check-Up,Diabetes,2026-06-28,39096.89,2502.76,3352.57,Pending
1589,1975,247,Patient 247,1998-07-09,Male,Ab+,9294782734,patient247@email.com,5,Dr. Sanjay Patel,Dermatology,9395310485,dr5@caresync.hospital,2026-09-23,12:00,Scheduled,Emergency,Cold,2026-04-13,42171.72,2706.95,4547.23,Partially Paid
1590,744,178,Patient 178,1958-04-14,Male,A-,9200105056,patient178@email.com,30,Dr. Ananya Singh,Radiology,9685126461,dr30@caresync.hospital,2026-06-08,09:00,Cancelled,Routine,Headache,2026-09-18,13832.99,80.52,4346.52,Rejected
1590,940,178,Patient 178,1958-04-14,Male,A-,9200105056,patient178@email.com,30,Dr. Ananya Singh,Radiology,9685126461,dr30@caresync.hospital,2026-06-08,09:00,Cancelled,Routine,Headache,2026-05-21,46978.51,13779.63,2331.06,Rejected
1591,890,340,Patient 340,1978-12-20,Male,B-,9896760809,patient340@email.com,18,Dr. Shruti Pandey,Gynecology,9131994523,dr18@caresync.hospital,2026-09-28,10:30,Completed,Follow-Up,Hypertension,2026-06-17,22842.31,7678.19,2346.37,Pending
1592,312,347,Patient 347,1992-04-14,Female,B+,9718216692,patient347@email.com,28,Dr. Kavya Sharma,Gynecology,9797808098,dr28@caresync.hospital,2026-09-16,15:30,Scheduled,Check-Up,Diabetes,2026-06-29,34711.1,33841.7,4545.56,Rejected
1593,1885,329,Patient 329,1988-10-08,Female,A+,9671855941,patient329@email.com,21,Dr. Aditya Mishra,Cardiology,9349817734,dr21@caresync.hospital,2026-04-24,08:30,Cancelled,Pain,Fever,2026-06-09,29663.19,15059.74,2935.22,Paid
1594,1819,198,Patient 198,1962-12-23,Other,O-,9554124989,patient198@email.com,17,Dr. Nitin Saxena,Neurology,9134126396,dr17@caresync.hospital,2026-04-10,15:00,Completed,Emergency,Cold,2026-07-13,17953.35,17716.83,186.58,Partially Paid
1601,853,28,Patient 28,1957-11-18,Male,B-,9527499187,patient28@email.com,22,Dr. Riya Bhat,General,9642621108,dr22@caresync.hospital,2026-06-25,10:00,Scheduled,Follow-Up,Hypertension,2026-04-27,34012.26,10958.68,2737.51,Paid
1602,2,6,Patient 6,1960-08-13,Other,O-,9803217037,patient6@email.com,4,Dr. Priya Singh,Pediatrics,9896233790,dr4@caresync.hospital,2026-09-25,13:30,Cancelled,Check-Up,Diabetes,2026-09-06,31030.68,12502.42,3984.84,Pending
1602,405,6,Patient 6,1960-08-13,Other,O-,9803217037,patient6@email.com,4,Dr. Priya Singh,Pediatrics,9896233790,dr4@caresync.hospital,2026-09-25,13:30,Cancelled,Check-Up,Diabetes,2026-07-27,49701.79,43237.2,3428.87,Paid
1606,556,259,Patient 259,1988-12-23,Male,B+,9669601448,patient259@email.com,29,Dr. Manish Tandon,Psychiatry,9853041955,dr29@caresync.hospital,2026-08-31,16:00,Completed,Follow-Up,Hypertension,2026-07-04,23056.39,19026.77,1232.08,Rejected
1610,207,254,Patient 254,1959-04-05,Female,O-,9895609471,patient254@email.com,40,Dr. Harini Das,Radiology,9271432881,dr40@caresync.hospital,2026-06-02,08:00,Scheduled,Routine,Headache,2026-04-10,37642.53,18802.39,1506.42,Partially Paid
1616,1065,165,Patient 165,1988-09-04,Other,O+,9435596237,patient165@email.com,35,Dr. Chirag Joshi,Dermatology,9398704996,dr35@caresync.hospital,2026-08-03,13:30,Scheduled,Follow-Up,Hypertension,2026-07-28,14983.94,14170.06,2482.02,Paid
1616,1709,165,Patient 165,1988-09-04,Other,O+,9435596237,patient165@email.com,35,Dr. Chirag Joshi,Dermatology,9398704996,dr35@caresync.hospital,2026-08-03,13:30,Scheduled,Follow-Up,Hypertension,2026-05-18,14394.03,4986.15,4883.02,Paid
1619,849,497,Patient 497,1956-04-18,Female,A+,9538912794,patient497@email.com,40,Dr. Harini Das,Radiology,9271432881,dr40@caresync.hospital,2026-06-06,10:00,Scheduled,Emergency,Cold,2026-09-28,19150.75,15000.61,3676.69,Paid
1619,1331,497,Patient 497,1956-04-18,Female,A+,9538912794,patient497@email.com,40,Dr. Harini Das,Radiology,9271432881,dr40@caresync.hospital,2026-06-06,10:00,Scheduled,Emergency,Cold,2026-05-21,31729.39,5654.08,2402.65,Partially Paid
1623,1961,115,Patient 115,1960-08-27,Male,B+,9531233244,patient115@email.com,7,Dr. Vikram Sharma,Neurology,9339670711,dr7@caresync.hospital,2026-09-30,16:30,Cancelled,Pain,Fever,2026-04-26,5806.55,2748.24,2234.15,Paid
1624,2029,282,Patient 282,1955-05-15,Other,A-,9392168202,patient282@email.com,3,Dr. Amit Verma,Orthopedics,9126855092,dr3@caresync.hospital,2026-05-02,08:30,Completed,Emergency,Cold,2026-05-14,39539.61,20525.87,4139.69,Paid
1629,455,121,Patient 121,1957-02-24,Male,A+,9576271425,patient121@email.com,29,Dr. Manish Tandon,Psychiatry,9853041955,dr29@caresync.hospital,2026-05-21,17:00,Cancelled,Emergency,Cold,2026-09-27,42833.03,35294.09,3381.81,Partially Paid
1629,1240,121,Patient 121,1957-02-24,Male,A+,9576271425,patient121@email.com,29,Dr. Manish Tandon,Psychiatry,9853041955,dr29@caresync.hospital,2026-05-21,17:00,Cancelled,Emergency,Cold,2026-07-09,8381.51,5564.61,175.62,Rejected
1629,1289,121,Patient 121,1957-02-24,Male,A+,9576271425,patient121@email.com,29,Dr. Manish Tandon,Psychiatry,9853041955,dr29@caresync.hospital,2026-05-21,17:00,Cancelled,Emergency,Cold,2026-04-22,28000.71,16145.06,380.13,Paid
1638,625,256,Patient 256,1986-04-15,Male,Ab-,9132917811,patient256@email.com,22,Dr. Riya Bhat,General,9642621108,dr22@caresync.hospital,2026-06-14,13:00,Cancelled,Pain,Fever,2026-04-13,47311.79,47386.26,4001.66,Paid
1638,2495,256,Patient 256,1986-04-15,Male,Ab-,9132917811,patient256@email.com,22,Dr. Riya Bhat,General,9642621108,dr22@caresync.hospital,2026-06-14,13:00,Cancelled,Pain,Fever,2026-06-09,49949.41,10555.8,788.71,Partially Paid
1639,1767,229,Patient 229,1980-01-12,Male,O+,9824750726,patient229@email.com,26,Dr. Priyanka Verma,Ent,9313500298,dr26@caresync.hospital,2026-07-05,10:30,Completed,Emergency,Cold,2026-05-22,41225.22,3986.42,2622.99,Partially Paid
1639,2413,229,Patient 229,1980-01-12,Male,O+,9824750726,patient229@email.com,26,Dr. Priyanka Verma,Ent,9313500298,dr26@caresync.hospital,2026-07-05,10:30,Completed,Emergency,Cold,2026-04-12,48743.74,35141.15,3337.66,Paid
1639,2430,229,Patient 229,1980-01-12,Male,O+,9824750726,patient229@email.com,26,Dr. Priyanka Verma,Ent,9313500298,dr26@caresync.hospital,2026-07-05,10:30,Completed,Emergency,Cold,2026-06-24,21977.04,1065.92,2788.1,Pending
1643,1096,382,Patient 382,1981-11-15,Male,O-,9280531127,patient382@email.com,32,Dr. Anjum Fatima,General,9336696312,dr32@caresync.hospital,2026-04-15,08:30,Scheduled,Pain,Fever,2026-08-04,47482.84,33229.12,546.4,Rejected
1645,691,10,Patient 10,1952-06-13,Male,A-,9761051532,patient10@email.com,28,Dr. Kavya Sharma,Gynecology,9797808098,dr28@caresync.hospital,2026-08-10,11:30,Completed,Routine,Headache,2026-08-10,45241.05,10365.73,4005.81,Partially Paid
1645,1469,10,Patient 10,1952-06-13,Male,A-,9761051532,patient10@email.com,28,Dr. Kavya Sharma,Gynecology,9797808098,dr28@caresync.hospital,2026-08-10,11:30,Completed,Routine,Headache,2026-09-25,29961.84,18102.87,3122.77,Paid
1645,2104,10,Patient 10,1952-06-13,Male,A-,9761051532,patient10@email.com,28,Dr. Kavya Sharma,Gynecology,9797808098,dr28@caresync.hospital,2026-08-10,11:30,Completed,Routine,Headache,2026-05-05,38355.02,36200.12,2746.57,Rejected
1648,2115,212,Patient 212,1997-08-15,Female,B-,9340781088,patient212@email.com,35,Dr. Chirag Joshi,Dermatology,9398704996,dr35@caresync.hospital,2026-09-22,17:30,Completed,Pain,Fever,2026-08-03,17533.8,11163.81,5.82,Partially Paid
1648,2270,212,Patient 212,1997-08-15,Female,B-,9340781088,patient212@email.com,35,Dr. Chirag Joshi,Dermatology,9398704996,dr35@caresync.hospital,2026-09-22,17:30,Completed,Pain,Fever,2026-04-12,47776.66,10875.49,4454.26,Pending
1650,1068,286,Patient 286,1970-03-16,Male,O-,9621475287,patient286@email.com,1,Dr. Rajesh Kumar,Cardiology,9786579303,dr1@caresync.hospital,2026-05-24,11:30,Cancelled,Routine,Headache,2026-04-24,47215.31,6133.06,1505.89,Rejected
1656,943,310,Patient 310,1987-09-20,Male,O-,9158821683,patient310@email.com,23,Dr. Varun Nayar,Orthopedics,9746412689,dr23@caresync.hospital,2026-04-11,10:30,Cancelled,Follow-Up,Hypertension,2026-07-27,38759.0,33648.19,4400.59,Partially Paid
1656,1215,310,Patient 310,1987-09-20,Male,O-,9158821683,patient310@email.com,23,Dr. Varun Nayar,Orthopedics,9746412689,dr23@caresync.hospital,2026-04-11,10:30,Cancelled,Follow-Up,Hypertension,2026-04-12,35783.94,16906.37,2639.93,Partially Paid
1657,375,494,Patient 494,1991-07-04,Female,O-,9500346767,patient494@email.com,22,Dr. Riya Bhat,General,9642621108,dr22@caresync.hospital,2026-07-18,09:30,Completed,Check-Up,Diabetes,2026-08-20,39370.73,11633.52,4978.82,Partially Paid
1657,1645,494,Patient 494,1991-07-04,Female,O-,9500346767,patient494@email.com,22,Dr. Riya Bhat,General,9642621108,dr22@caresync.hospital,2026-07-18,09:30,Completed,Check-Up,Diabetes,2026-08-03,29687.7,16209.07,350.52,Paid
1658,2036,317,Patient 317,1994-03-21,Female,O+,9920511515,patient317@email.com,20,Dr. Swati Iyer,Radiology,9334760738,dr20@caresync.hospital,2026-06-13,13:00,Scheduled,Pain,Fever,2026-05-18,36318.27,21628.76,4939.53,Rejected
1659,1419,327,Patient 327,1955-04-04,Other,Ab+,9238712095,patient327@email.com,26,Dr. Priyanka Verma,Ent,9313500298,dr26@caresync.hospital,2026-09-21,11:00,Cancelled,Emergency,Cold,2026-05-23,40955.7,33816.12,3043.61,Partially Paid
1660,668,156,Patient 156,1975-06-09,Other,B-,9345343109,patient156@email.com,4,Dr. Priya Singh,Pediatrics,9896233790,dr4@caresync.hospital,2026-05-04,12:00,Completed,Routine,Headache,2026-06-04,27754.83,11882.75,127.7,Rejected
1660,2151,156,Patient 156,1975-06-09,Other,B-,9345343109,patient156@email.com,4,Dr. Priya Singh,Pediatrics,9896233790,dr4@caresync.hospital,2026-05-04,12:00,Completed,Routine,Headache,2026-09-16,47790.53,20108.53,3420.57,Partially Paid
1660,2379,156,Patient 156,1975-06-09,Other,B-,9345343109,patient156@email.com,4,Dr. Priya Singh,Pediatrics,9896233790,dr4@caresync.hospital,2026-05-04,12:00,Completed,Routine,Headache,2026-06-06,38870.92,38228.52,1739.33,Partially Paid
1662,1679,261,Patient 261,1956-10-01,Other,O+,9503935666,patient261@email.com,24,Dr. Isha Menon,Pediatrics,9128492780,dr24@caresync.hospital,2026-09-22,11:00,Cancelled,Check-Up,Diabetes,2026-08-01,13348.34,2540.04,4930.51,Partially Paid
1664,277,106,Patient 106,1965-05-13,Male,A-,9940983577,patient106@email.com,22,Dr. Riya Bhat,General,9642621108,dr22@caresync.hospital,2026-08-14,10:30,Scheduled,Emergency,Cold,2026-05-26,46595.4,7514.88,1274.28,Paid
1664,2315,106,Patient 106,1965-05-13,Male,A-,9940983577,patient106@email.com,22,Dr. Riya Bhat,General,9642621108,dr22@caresync.hospital,2026-08-14,10:30,Scheduled,Emergency,Cold,2026-04-20,41822.29,20438.21,2860.83,Partially Paid
1665,1112,336,Patient 336,1963-05-22,Other,Ab-,9965650861,patient336@email.com,6,Dr. Anjali Nair,Ent,9362950628,dr6@caresync.hospital,2026-08-02,09:30,Cancelled,Routine,Headache,2026-09-13,47376.33,6404.36,4092.53,Rejected
1666,887,344,Patient 344,1979-02-22,Female,Ab-,9593657365,patient344@email.com,30,Dr. Ananya Singh,Radiology,9685126461,dr30@caresync.hospital,2026-07-01,08:30,Completed,Follow-Up,Hypertension,2026-06-12,35115.33,20438.4,1087.59,Partially Paid
1668,76,487,Patient 487,1987-07-27,Male,Ab+,9570039364,patient487@email.com,13,Dr. Karan Sethi,Orthopedics,9685582861,dr13@caresync.hospital,2026-08-14,08:30,Cancelled,Pain,Fever,2026-07-15,7133.65,1881.78,4234.78,Rejected
1668,2109,487,Patient 487,1987-07-27,Male,Ab+,9570039364,patient487@email.com,13,Dr. Karan Sethi,Orthopedics,9685582861,dr13@caresync.hospital,2026-08-14,08:30,Cancelled,Pain,Fever,2026-09-06,32307.82,22371.43,2049.34,Paid
1670,62,187,Patient 187,1963-09-16,Male,B+,9164404084,patient187@email.com,36,Dr. Deepak Nair,Ent,9969119330,dr36@caresync.hospital,2026-09-30,11:00,Scheduled,Routine,Headache,2026-04-23,36695.15,28465.91,939.89,Pending
1671,2363,423,Patient 423,1989-12-13,Other,Ab+,9782146375,patient423@email.com,3,Dr. Amit Verma,Orthopedics,9126855092,dr3@caresync.hospital,2026-06-19,14:00,Cancelled,Follow-Up,Hypertension,2026-05-21,30112.59,13744.52,1905.67,Partially Paid
1677,10,170,Patient 170,1997-12-22,Female,A-,9501902658,patient170@email.com,23,Dr. Varun Nayar,Orthopedics,9746412689,dr23@caresync.hospital,2026-04-16,13:30,Cancelled,Check-Up,Diabetes,2026-05-11,15704.91,11524.77,3067.12,Pending
1679,1715,393,Patient 393,1959-08-23,Other,A+,9881017363,patient393@email.com,6,Dr. Anjali Nair,Ent,9362950628,dr6@caresync.hospital,2026-08-09,09:30,Scheduled,Emergency,Cold,2026-05-03,46410.18,24817.57,154.88,Partially Paid
1681,229,308,Patient 308,1962-04-24,Female,B-,9524410834,patient308@email.com,13,Dr. Karan Sethi,Orthopedics,9685582861,dr13@caresync.hospital,2026-04-17,16:00,Completed,Follow-Up,Hypertension,2026-09-19,44912.66,33981.38,1586.32,Paid
1681,1804,308,Patient 308,1962-04-24,Female,B-,9524410834,patient308@email.com,13,Dr. Karan Sethi,Orthopedics,9685582861,dr13@caresync.hospital,2026-04-17,16:00,Completed,Follow-Up,Hypertension,2026-08-26,45488.36,2343.76,4492.93,Rejected
1682,1949,243,Patient 243,1979-03-02,Other,B+,9431769776,patient243@email.com,9,Dr. Rahul Gupta,Psychiatry,9890779946,dr9@caresync.hospital,2026-08-23,15:00,Scheduled,Check-Up,Diabetes,2026-08-18,15308.15,9039.43,4223.7,Paid
1684,362,337,Patient 337,1955-03-08,Male,A+,9480284107,patient337@email.com,13,Dr. Karan Sethi,Orthopedics,9685582861,dr13@caresync.hospital,2026-09-23,14:30,Completed,Emergency,Cold,2026-06-29,28574.27,27378.0,53.68,Pending
1684,2431,337,Patient 337,1955-03-08,Male,A+,9480284107,patient337@email.com,13,Dr. Karan Sethi,Orthopedics,9685582861,dr13@caresync.hospital,2026-09-23,14:30,Completed,Emergency,Cold,2026-06-08,15772.79,14044.94,2855.1,Partially Paid
1688,2013,59,Patient 59,1990-01-08,Female,B+,9931471931,patient59@email.com,32,Dr. Anjum Fatima,General,9336696312,dr32@caresync.hospital,2026-07-13,12:00,Scheduled,Pain,Fever,2026-04-21,28242.84,16659.08,2416.97,Paid
1689,2253,50,Patient 50,1984-12-23,Female,A-,9991010113,patient50@email.com,25,Dr. Sameer Khan,Dermatology,9702632297,dr25@caresync.hospital,2026-07-14,09:30,Cancelled,Emergency,Cold,2026-08-17,31180.65,17971.29,4480.58,Paid
1691,588,338,Patient 338,1961-09-03,Female,A-,9177390472,patient338@email.com,35,Dr. Chirag Joshi,Dermatology,9398704996,dr35@caresync.hospital,2026-04-27,12:30,Scheduled,Follow-Up,Hypertension,2026-07-05,48613.8,194.11,2337.06,Rejected
1693,1232,2,Patient 2,1992-05-23,Female,A-,9897005281,patient2@email.com,32,Dr. Anjum Fatima,General,9336696312,dr32@caresync.hospital,2026-04-28,11:00,Completed,Pain,Fever,2026-06-26,27498.9,8290.63,4056.95,Rejected
1693,1267,2,Patient 2,1992-05-23,Female,A-,9897005281,patient2@email.com,32,Dr. Anjum Fatima,General,9336696312,dr32@caresync.hospital,2026-04-28,11:00,Completed,Pain,Fever,2026-07-04,16174.46,4690.46,930.04,Partially Paid
1697,2214,325,Patient 325,1993-01-05,Male,O+,9562412302,patient325@email.com,3,Dr. Amit Verma,Orthopedics,9126855092,dr3@caresync.hospital,2026-06-17,08:00,Scheduled,Check-Up,Diabetes,2026-08-28,46863.75,1374.85,123.62,Pending
1699,2070,410,Patient 410,1962-12-08,Female,A-,9290209201,patient410@email.com,4,Dr. Priya Singh,Pediatrics,9896233790,dr4@caresync.hospital,2026-08-06,12:30,Completed,Emergency,Cold,2026-07-03,27104.82,26222.25,4850.34,Pending
1708,2471,85,Patient 85,1974-01-13,Male,O+,9156263020,patient85@email.com,10,Dr. Neha Chopra,Radiology,9210053353,dr10@caresync.hospital,2026-07-16,14:30,Completed,Pain,Fever,2026-04-19,15354.06,1825.68,2505.87,Partially Paid
1711,1708,421,Patient 421,1991-03-03,Male,O+,9706118438,patient421@email.com,5,Dr. Sanjay Patel,Dermatology,9395310485,dr5@caresync.hospital,2026-08-11,13:00,Completed,Follow-Up,Hypertension,2026-06-12,36365.4,25008.38,3359.19,Rejected
1713,1140,381,Patient 381,1973-10-25,Other,O+,9936571442,patient381@email.com,10,Dr. Neha Chopra,Radiology,9210053353,dr10@caresync.hospital,2026-08-09,10:30,Cancelled,Pain,Fever,2026-07-18,46561.16,26008.0,4348.7,Rejected
1713,1772,381,Patient 381,1973-10-25,Other,O+,9936571442,patient381@email.com,10,Dr. Neha Chopra,Radiology,9210053353,dr10@caresync.hospital,2026-08-09,10:30,Cancelled,Pain,Fever,2026-06-21,30373.67,28755.24,1869.17,Rejected
1715,444,210,Patient 210,1996-09-14,Other,A-,9805165232,patient210@email.com,2,Dr. Meena Joshi,General,9219540831,dr2@caresync.hospital,2026-04-19,17:00,Scheduled,Routine,Headache,2026-05-27,34920.27,26361.41,2225.27,Rejected
1715,1358,210,Patient 210,1996-09-14,Other,A-,9805165232,patient210@email.com,2,Dr. Meena Joshi,General,9219540831,dr2@caresync.hospital,2026-04-19,17:00,Scheduled,Routine,Headache,2026-07-15,34880.6,28695.51,4893.15,Pending
1715,2136,210,Patient 210,1996-09-14,Other,A-,9805165232,patient210@email.com,2,Dr. Meena Joshi,General,9219540831,dr2@caresync.hospital,2026-04-19,17:00,Scheduled,Routine,Headache,2026-06-08,27423.19,1765.93,2493.55,Rejected
1715,2179,210,Patient 210,1996-09-14,Other,A-,9805165232,patient210@email.com,2,Dr. Meena Joshi,General,9219540831,dr2@caresync.hospital,2026-04-19,17:00,Scheduled,Routine,Headache,2026-05-24,19720.76,18558.83,897.76,Partially Paid
1717,513,131,Patient 131,1966-03-24,Female,B+,9779760958,patient131@email.com,40,Dr. Harini Das,Radiology,9271432881,dr40@caresync.hospital,2026-04-21,08:30,Completed,Check-Up,Diabetes,2026-05-30,9684.53,3138.59,1527.25,Paid
1717,2302,131,Patient 131,1966-03-24,Female,B+,9779760958,patient131@email.com,40,Dr. Harini Das,Radiology,9271432881,dr40@caresync.hospital,2026-04-21,08:30,Completed,Check-Up,Diabetes,2026-06-12,11479.27,3683.67,727.35,Pending
1718,823,313,Patient 313,1973-03-10,Male,A+,9423646570,patient313@email.com,3,Dr. Amit Verma,Orthopedics,9126855092,dr3@caresync.hospital,2026-04-28,11:00,Scheduled,Pain,Fever,2026-09-05,37700.45,36820.41,3673.46,Partially Paid
1723,961,437,Patient 437,1953-05-12,Female,O+,9735032128,patient437@email.com,4,Dr. Priya Singh,Pediatrics,9896233790,dr4@caresync.hospital,2026-06-21,10:00,Completed,Pain,Fever,2026-04-20,13263.81,11132.76,3512.26,Paid
1723,2044,437,Patient 437,1953-05-12,Female,O+,9735032128,patient437@email.com,4,Dr. Priya Singh,Pediatrics,9896233790,dr4@caresync.hospital,2026-06-21,10:00,Completed,Pain,Fever,2026-07-28,22597.16,2736.75,2438.21,Rejected
1724,113,202,Patient 202,1999-02-25,Male,A-,9744685429,patient202@email.com,20,Dr. Swati Iyer,Radiology,9334760738,dr20@caresync.hospital,2026-07-19,12:30,Scheduled,Emergency,Cold,2026-07-13,42028.0,5131.45,409.5,Paid
1730,1245,367,Patient 367,1977-11-27,Male,Ab+,9568915703,patient367@email.com,5,Dr. Sanjay Patel,Dermatology,9395310485,dr5@caresync.hospital,2026-08-22,17:00,Scheduled,Routine,Headache,2026-07-17,24357.9,80.97,264.29,Paid
1733,1203,388,Patient 388,1965-12-06,Male,B-,9647556857,patient388@email.com,32,Dr. Anjum Fatima,General,9336696312,dr32@caresync.hospital,2026-05-04,10:00,Scheduled,Pain,Fever,2026-06-27,5123.74,3820.55,909.98,Partially Paid
1733,2305,388,Patient 388,1965-12-06,Male,B-,9647556857,patient388@email.com,32,Dr. Anjum Fatima,General,9336696312,dr32@caresync.hospital,2026-05-04,10:00,Scheduled,Pain,Fever,2026-05-30,46085.7,26650.68,4848.61,Paid
1735,1508,24,Patient 24,1988-02-13,Other,Ab-,9684615760,patient24@email.com,40,Dr. Harini Das,Radiology,9271432881,dr40@caresync.hospital,2026-04-26,14:30,Completed,Routine,Headache,2026-07-26,28817.89,18729.26,3550.37,Rejected
1736,1793,475,Patient 475,1983-09-09,Male,B+,9211134294,patient475@email.com,15,Dr. Ashok Singh,Dermatology,9734036506,dr15@caresync.hospital,2026-04-09,17:00,Scheduled,Follow-Up,Hypertension,2026-05-09,33990.91,18095.16,4390.17,Paid
1741,1223,64,Patient 64,1958-12-19,Male,Ab-,9397721596,patient64@email.com,26,Dr. Priyanka Verma,Ent,9313500298,dr26@caresync.hospital,2026-07-11,10:30,Completed,Follow-Up,Hypertension,2026-06-11,48497.51,36113.85,349.53,Partially Paid
1741,2023,64,Patient 64,1958-12-19,Male,Ab-,9397721596,patient64@email.com,26,Dr. Priyanka Verma,Ent,9313500298,dr26@caresync.hospital,2026-07-11,10:30,Completed,Follow-Up,Hypertension,2026-09-12,38181.01,32479.76,692.61,Partially Paid
1742,923,396,Patient 396,1980-08-08,Other,B-,9975139327,patient396@email.com,21,Dr. Aditya Mishra,Cardiology,9349817734,dr21@caresync.hospital,2026-08-21,14:30,Scheduled,Check-Up,Diabetes,2026-09-07,34355.79,33315.19,372.66,Partially Paid
1744,1524,231,Patient 231,1976-09-24,Other,Ab+,9697794767,patient231@email.com,37,Dr. Ekta Roy,Neurology,9106977991,dr37@caresync.hospital,2026-04-11,14:00,Completed,Emergency,Cold,2026-08-02,37213.25,11918.14,308.51,Rejected
1747,465,302,Patient 302,1971-06-23,Female,O-,9622517939,patient302@email.com,21,Dr. Aditya Mishra,Cardiology,9349817734,dr21@caresync.hospital,2026-06-03,08:00,Completed,Check-Up,Diabetes,2026-05-08,49819.76,43267.54,907.88,Paid
1748,1437,490,Patient 490,1951-10-18,Male,A-,9661296425,patient490@email.com,14,Dr. Pooja Yadav,Pediatrics,9193349856,dr14@caresync.hospital,2026-09-17,10:30,Scheduled,Pain,Fever,2026-05-02,27532.17,5815.52,2188.52,Paid
1750,485,69,Patient 69,1972-07-14,Other,O+,9957397689,patient69@email.com,38,Dr. Faheem Ahmed,Gynecology,9914763202,dr38@caresync.hospital,2026-09-30,17:30,Completed,Routine,Headache,2026-05-13,42532.09,6356.76,337.03,Paid
1755,2014,377,Patient 377,1999-07-28,Female,A+,9900801837,patient377@email.com,18,Dr. Shruti Pandey,Gynecology,9131994523,dr18@caresync.hospital,2026-05-27,16:30,Cancelled,Routine,Headache,2026-04-14,27970.1,24860.62,3372.51,Pending
1758,1145,479,Patient 479,1954-03-25,Female,Ab+,9866990485,patient479@email.com,11,Dr. Arjun Bhat,Cardiology,9826600539,dr11@caresync.hospital,2026-05-29,13:00,Cancelled,Pain,Fever,2026-05-28,4333.54,550.19,3048.79,Paid
1762,1613,248,Patient 248,1955-08-01,Female,Ab-,9253815116,patient248@email.com,29,Dr. Manish Tandon,Psychiatry,9853041955,dr29@caresync.hospital,2026-09-29,16:30,Completed,Check-Up,Diabetes,2026-09-22,27796.08,16301.43,435.92,Paid
1763,1723,474,Patient 474,2000-09-12,Other,A-,9583745511,patient474@email.com,16,Dr. Divya Kumar,Ent,9553035110,dr16@caresync.hospital,2026-04-30,09:30,Scheduled,Pain,Fever,2026-09-23,33236.85,5957.9,113.55,Partially Paid
1764,1327,261,Patient 261,1956-10-01,Other,O+,9503935666,patient261@email.com,38,Dr. Faheem Ahmed,Gynecology,9914763202,dr38@caresync.hospital,2026-09-03,14:00,Cancelled,Emergency,Cold,2026-06-24,35734.79,17046.41,4900.81,Partially Paid
1765,2058,400,Patient 400,1954-05-25,Male,Ab-,9257243284,patient400@email.com,3,Dr. Amit Verma,Orthopedics,9126855092,dr3@caresync.hospital,2026-07-17,16:00,Completed,Routine,Headache,2026-05-16,9103.72,2101.64,2287.38,Pending
1768,1601,91,Patient 91,1953-10-24,Male,B+,9900651998,patient91@email.com,40,Dr. Harini Das,Radiology,9271432881,dr40@caresync.hospital,2026-08-03,09:30,Completed,Pain,Fever,2026-08-30,18783.2,1370.65,3649.3,Paid
1770,376,297,Patient 297,1964-07-23,Other,A+,9219066986,patient297@email.com,11,Dr. Arjun Bhat,Cardiology,9826600539,dr11@caresync.hospital,2026-09-14,12:30,Cancelled,Routine,Headache,2026-09-15,28775.35,11577.87,1654.47,Rejected
1773,615,418,Patient 418,1956-08-04,Male,A-,9722199123,patient418@email.com,6,Dr. Anjali Nair,Ent,9362950628,dr6@caresync.hospital,2026-07-01,14:00,Cancelled,Pain,Fever,2026-07-23,27935.12,16733.86,1928.01,Partially Paid
1778,1909,308,Patient 308,1962-04-24,Female,B-,9524410834,patient308@email.com,38,Dr. Faheem Ahmed,Gynecology,9914763202,dr38@caresync.hospital,2026-06-30,16:30,Scheduled,Pain,Fever,2026-06-14,33996.59,14207.01,3414.84,Paid
1780,324,452,Patient 452,1994-05-15,Female,B-,9196955134,patient452@email.com,27,Dr. Harish Reddy,Neurology,9868820204,dr27@caresync.hospital,2026-04-23,16:00,Completed,Routine,Headache,2026-09-29,14117.38,3934.07,4598.27,Rejected
1783,499,452,Patient 452,1994-05-15,Female,B-,9196955134,patient452@email.com,14,Dr. Pooja Yadav,Pediatrics,9193349856,dr14@caresync.hospital,2026-05-04,17:00,Completed,Pain,Fever,2026-05-12,39231.64,8669.44,225.98,Partially Paid
1783,1813,452,Patient 452,1994-05-15,Female,B-,9196955134,patient452@email.com,14,Dr. Pooja Yadav,Pediatrics,9193349856,dr14@caresync.hospital,2026-05-04,17:00,Completed,Pain,Fever,2026-09-12,16865.28,2528.23,2001.62,Paid
1786,1775,312,Patient 312,1962-05-08,Other,Ab-,9319497661,patient312@email.com,34,Dr. Bhavna Patel,Pediatrics,9732719211,dr34@caresync.hospital,2026-08-31,08:30,Completed,Follow-Up,Hypertension,2026-09-04,23638.31,23491.34,1780.35,Partially Paid
1788,1166,355,Patient 355,1975-05-17,Male,B+,9223666470,patient355@email.com,27,Dr. Harish Reddy,Neurology,9868820204,dr27@caresync.hospital,2026-07-15,16:30,Cancelled,Pain,Fever,2026-08-31,17754.26,3415.48,392.61,Pending
1790,874,128,Patient 128,1990-07-27,Female,Ab-,9235497187,patient128@email.com,12,Dr. Sneha Desai,General,9895285932,dr12@caresync.hospital,2026-09-24,13:00,Scheduled,Routine,Headache,2026-09-23,39201.08,6889.31,65.7,Pending
1791,219,141,Patient 141,1992-02-12,Other,O+,9642831335,patient141@email.com,40,Dr. Harini Das,Radiology,9271432881,dr40@caresync.hospital,2026-05-24,12:00,Cancelled,Follow-Up,Hypertension,2026-05-24,41824.54,20148.32,1545.55,Partially Paid
1791,1641,141,Patient 141,1992-02-12,Other,O+,9642831335,patient141@email.com,40,Dr. Harini Das,Radiology,9271432881,dr40@caresync.hospital,2026-05-24,12:00,Cancelled,Follow-Up,Hypertension,2026-08-28,49624.69,9137.56,538.46,Paid
1801,2407,212,Patient 212,1997-08-15,Female,B-,9340781088,patient212@email.com,1,Dr. Rajesh Kumar,Cardiology,9786579303,dr1@caresync.hospital,2026-05-19,11:30,Completed,Follow-Up,Hypertension,2026-05-03,21725.22,19265.42,1022.53,Partially Paid
1802,512,309,Patient 309,1980-05-24,Other,O+,9743520276,patient309@email.com,36,Dr. Deepak Nair,Ent,9969119330,dr36@caresync.hospital,2026-09-21,09:00,Scheduled,Check-Up,Diabetes,2026-08-12,48307.68,2698.69,91.61,Rejected
1805,1276,384,Patient 384,1967-09-05,Other,Ab-,9648127255,patient384@email.com,8,Dr. Deepika Malhotra,Gynecology,9249827706,dr8@caresync.hospital,2026-04-12,17:00,Scheduled,Routine,Headache,2026-04-08,48429.9,28715.14,4308.83,Rejected
1808,1854,432,Patient 432,1977-02-25,Other,Ab-,9574817290,patient432@email.com,40,Dr. Harini Das,Radiology,9271432881,dr40@caresync.hospital,2026-05-02,13:00,Scheduled,Pain,Fever,2026-08-20,34371.02,637.41,1898.87,Pending
1809,1018,360,Patient 360,1955-04-22,Other,Ab-,9960413104,patient360@email.com,24,Dr. Isha Menon,Pediatrics,9128492780,dr24@caresync.hospital,2026-06-29,09:30,Cancelled,Emergency,Cold,2026-07-09,43008.04,27634.38,3318.06,Pending
1811,568,441,Patient 441,1961-03-06,Other,A+,9179661615,patient441@email.com,33,Dr. Arjun Singh,Orthopedics,9582334538,dr33@caresync.hospital,2026-07-14,17:30,Scheduled,Follow-Up,Hypertension,2026-07-01,46088.58,26777.36,4561.83,Rejected
1811,571,441,Patient 441,1961-03-06,Other,A+,9179661615,patient441@email.com,33,Dr. Arjun Singh,Orthopedics,9582334538,dr33@caresync.hospital,2026-07-14,17:30,Scheduled,Follow-Up,Hypertension,2026-08-06,49348.02,6297.29,2604.35,Partially Paid
1813,869,365,Patient 365,1983-11-15,Female,O+,9488536370,patient365@email.com,30,Dr. Ananya Singh,Radiology,9685126461,dr30@caresync.hospital,2026-06-13,12:00,Completed,Pain,Fever,2026-07-10,37273.54,24227.79,1828.37,Paid
1817,1280,324,Patient 324,1954-10-21,Other,B-,9902100304,patient324@email.com,13,Dr. Karan Sethi,Orthopedics,9685582861,dr13@caresync.hospital,2026-06-01,08:30,Scheduled,Check-Up,Diabetes,2026-09-24,47098.16,19356.13,2165.04,Rejected
1817,1712,324,Patient 324,1954-10-21,Other,B-,9902100304,patient324@email.com,13,Dr. Karan Sethi,Orthopedics,9685582861,dr13@caresync.hospital,2026-06-01,08:30,Scheduled,Check-Up,Diabetes,2026-06-03,48771.56,18249.13,3450.13,Rejected
1820,1455,108,Patient 108,1969-08-11,Other,B-,9659903980,patient108@email.com,31,Dr. Vishal Kumar,Cardiology,9550455977,dr31@caresync.hospital,2026-09-21,17:00,Scheduled,Routine,Headache,2026-09-15,49423.42,38972.52,4720.27,Partially Paid
1820,2021,108,Patient 108,1969-08-11,Other,B-,9659903980,patient108@email.com,31,Dr. Vishal Kumar,Cardiology,9550455977,dr31@caresync.hospital,2026-09-21,17:00,Scheduled,Routine,Headache,2026-07-14,16152.31,8683.88,3297.72,Paid
1826,329,472,Patient 472,1970-12-14,Male,Ab-,9261985842,patient472@email.com,24,Dr. Isha Menon,Pediatrics,9128492780,dr24@caresync.hospital,2026-08-21,08:00,Scheduled,Follow-Up,Hypertension,2026-07-27,39295.84,33283.74,320.27,Paid
1828,104,68,Patient 68,1956-11-14,Female,B-,9369137895,patient68@email.com,14,Dr. Pooja Yadav,Pediatrics,9193349856,dr14@caresync.hospital,2026-05-17,12:30,Completed,Pain,Fever,2026-07-15,27650.92,22015.74,2120.66,Rejected
1833,822,92,Patient 92,1984-01-24,Female,B-,9168244921,patient92@email.com,30,Dr. Ananya Singh,Radiology,9685126461,dr30@caresync.hospital,2026-06-17,17:30,Cancelled,Pain,Fever,2026-07-07,41060.63,4293.07,1156.05,Pending
1836,1489,356,Patient 356,1984-08-15,Female,B-,9534900128,patient356@email.com,4,Dr. Priya Singh,Pediatrics,9896233790,dr4@caresync.hospital,2026-08-23,15:30,Cancelled,Follow-Up,Hypertension,2026-09-02,37109.96,37082.15,4630.01,Paid
1838,1526,166,Patient 166,1974-10-07,Male,O-,9558234365,patient166@email.com,12,Dr. Sneha Desai,General,9895285932,dr12@caresync.hospital,2026-08-03,08:00,Scheduled,Pain,Fever,2026-05-26,30837.21,6500.82,3343.68,Pending
1839,2386,364,Patient 364,1998-03-16,Male,B-,9840463141,patient364@email.com,11,Dr. Arjun Bhat,Cardiology,9826600539,dr11@caresync.hospital,2026-06-18,17:00,Cancelled,Emergency,Cold,2026-09-22,27149.78,1366.07,2349.65,Pending
1840,221,60,Patient 60,1954-01-28,Other,B-,9258435089,patient60@email.com,2,Dr. Meena Joshi,General,9219540831,dr2@caresync.hospital,2026-08-20,17:00,Completed,Routine,Headache,2026-07-31,34573.71,18876.0,1103.93,Paid
1840,979,60,Patient 60,1954-01-28,Other,B-,9258435089,patient60@email.com,2,Dr. Meena Joshi,General,9219540831,dr2@caresync.hospital,2026-08-20,17:00,Completed,Routine,Headache,2026-07-05,19949.51,17288.71,3660.05,Partially Paid
1845,1154,299,Patient 299,1987-06-16,Female,B+,9828230915,patient299@email.com,16,Dr. Divya Kumar,Ent,9553035110,dr16@caresync.hospital,2026-05-10,15:00,Cancelled,Routine,Headache,2026-05-29,27274.22,19491.6,1932.98,Pending
1846,1249,293,Patient 293,1985-04-23,Female,O+,9650127661,patient293@email.com,29,Dr. Manish Tandon,Psychiatry,9853041955,dr29@caresync.hospital,2026-06-12,14:30,Completed,Follow-Up,Hypertension,2026-09-16,40812.0,23435.64,4424.76,Paid
1847,1070,483,Patient 483,2000-07-01,Other,B+,9285283722,patient483@email.com,38,Dr. Faheem Ahmed,Gynecology,9914763202,dr38@caresync.hospital,2026-04-25,08:00,Scheduled,Check-Up,Diabetes,2026-07-10,38821.48,30424.16,3999.69,Pending
1849,1966,364,Patient 364,1998-03-16,Male,B-,9840463141,patient364@email.com,21,Dr. Aditya Mishra,Cardiology,9349817734,dr21@caresync.hospital,2026-07-27,08:30,Completed,Emergency,Cold,2026-08-23,46838.32,6275.67,3756.31,Pending
1849,2378,364,Patient 364,1998-03-16,Male,B-,9840463141,patient364@email.com,21,Dr. Aditya Mishra,Cardiology,9349817734,dr21@caresync.hospital,2026-07-27,08:30,Completed,Emergency,Cold,2026-04-15,36975.48,6257.16,2781.66,Pending
1850,38,214,Patient 214,1990-05-25,Male,O-,9475932035,patient214@email.com,27,Dr. Harish Reddy,Neurology,9868820204,dr27@caresync.hospital,2026-06-03,09:30,Scheduled,Routine,Headache,2026-05-16,27604.87,14213.94,391.2,Pending
1851,2423,346,Patient 346,2000-11-19,Male,A-,9436146289,patient346@email.com,13,Dr. Karan Sethi,Orthopedics,9685582861,dr13@caresync.hospital,2026-09-14,14:00,Cancelled,Follow-Up,Hypertension,2026-09-09,39699.68,32200.36,2211.83,Partially Paid
1852,2054,383,Patient 383,1998-01-07,Female,Ab+,9182011731,patient383@email.com,21,Dr. Aditya Mishra,Cardiology,9349817734,dr21@caresync.hospital,2026-07-04,15:30,Completed,Check-Up,Diabetes,2026-05-03,12133.56,10788.59,4996.79,Pending
1854,1330,431,Patient 431,1964-12-03,Female,Ab+,9603500181,patient431@email.com,8,Dr. Deepika Malhotra,Gynecology,9249827706,dr8@caresync.hospital,2026-06-30,13:00,Cancelled,Emergency,Cold,2026-05-29,29191.38,7029.78,4363.5,Pending
1855,1350,274,Patient 274,1977-06-21,Male,A-,9156488296,patient274@email.com,21,Dr. Aditya Mishra,Cardiology,9349817734,dr21@caresync.hospital,2026-08-23,12:30,Completed,Routine,Headache,2026-06-21,42061.49,213.09,36.27,Pending
1856,553,147,Patient 147,1971-07-26,Other,B+,9222851168,patient147@email.com,15,Dr. Ashok Singh,Dermatology,9734036506,dr15@caresync.hospital,2026-06-06,08:30,Scheduled,Follow-Up,Hypertension,2026-08-29,49530.89,45885.9,1952.08,Paid
1859,2474,217,Patient 217,1978-02-23,Male,A+,9223357166,patient217@email.com,27,Dr. Harish Reddy,Neurology,9868820204,dr27@caresync.hospital,2026-05-28,16:30,Scheduled,Emergency,Cold,2026-08-17,31855.17,4641.28,1944.96,Pending
1862,427,268,Patient 268,1957-10-26,Male,B-,9874807770,patient268@email.com,15,Dr. Ashok Singh,Dermatology,9734036506,dr15@caresync.hospital,2026-08-26,09:30,Scheduled,Check-Up,Diabetes,2026-09-07,37525.49,23953.3,3525.4,Partially Paid
1862,2005,268,Patient 268,1957-10-26,Male,B-,9874807770,patient268@email.com,15,Dr. Ashok Singh,Dermatology,9734036506,dr15@caresync.hospital,2026-08-26,09:30,Scheduled,Check-Up,Diabetes,2026-08-22,14071.12,11160.69,4002.08,Paid
1863,72,55,Patient 55,1964-02-11,Male,Ab+,9331875999,patient55@email.com,5,Dr. Sanjay Patel,Dermatology,9395310485,dr5@caresync.hospital,2026-06-03,13:00,Cancelled,Pain,Fever,2026-07-04,26536.17,12930.71,3313.11,Rejected
1866,2095,75,Patient 75,1962-09-15,Other,B+,9115956152,patient75@email.com,32,Dr. Anjum Fatima,General,9336696312,dr32@caresync.hospital,2026-06-17,14:30,Cancelled,Follow-Up,Hypertension,2026-08-20,43632.4,27840.22,4857.95,Partially Paid
1867,1953,28,Patient 28,1957-11-18,Male,B-,9527499187,patient28@email.com,4,Dr. Priya Singh,Pediatrics,9896233790,dr4@caresync.hospital,2026-09-13,17:30,Completed,Check-Up,Diabetes,2026-08-28,39879.5,7626.35,4836.15,Paid
1868,862,344,Patient 344,1979-02-22,Female,Ab-,9593657365,patient344@email.com,28,Dr. Kavya Sharma,Gynecology,9797808098,dr28@caresync.hospital,2026-07-20,10:30,Scheduled,Pain,Fever,2026-07-13,40688.83,13628.28,4904.25,Pending
1869,179,29,Patient 29,1998-05-25,Female,O+,9396225446,patient29@email.com,10,Dr. Neha Chopra,Radiology,9210053353,dr10@caresync.hospital,2026-05-05,11:30,Cancelled,Emergency,Cold,2026-08-23,32266.25,14376.11,4183.01,Partially Paid
1869,2327,29,Patient 29,1998-05-25,Female,O+,9396225446,patient29@email.com,10,Dr. Neha Chopra,Radiology,9210053353,dr10@caresync.hospital,2026-05-05,11:30,Cancelled,Emergency,Cold,2026-08-06,34164.08,6259.73,473.02,Partially Paid
1871,291,137,Patient 137,1959-07-05,Female,A+,9741444618,patient137@email.com,40,Dr. Harini Das,Radiology,9271432881,dr40@caresync.hospital,2026-08-26,13:30,Scheduled,Follow-Up,Hypertension,2026-07-24,29716.77,2909.44,4314.23,Partially Paid
1875,2286,147,Patient 147,1971-07-26,Other,B+,9222851168,patient147@email.com,24,Dr. Isha Menon,Pediatrics,9128492780,dr24@caresync.hospital,2026-06-29,11:30,Cancelled,Routine,Headache,2026-04-17,29703.88,14092.41,3262.74,Pending
1878,475,75,Patient 75,1962-09-15,Other,B+,9115956152,patient75@email.com,13,Dr. Karan Sethi,Orthopedics,9685582861,dr13@caresync.hospital,2026-06-10,14:00,Cancelled,Pain,Fever,2026-08-19,42098.95,28596.98,99.36,Partially Paid
1880,1268,32,Patient 32,1979-01-24,Female,Ab-,9984968439,patient32@email.com,18,Dr. Shruti Pandey,Gynecology,9131994523,dr18@caresync.hospital,2026-06-30,09:30,Scheduled,Routine,Headache,2026-07-20,32079.58,7364.09,4520.39,Rejected
1881,1055,354,Patient 354,1994-05-23,Other,A-,9410864588,patient354@email.com,13,Dr. Karan Sethi,Orthopedics,9685582861,dr13@caresync.hospital,2026-05-14,12:00,Cancelled,Follow-Up,Hypertension,2026-05-20,42969.49,40331.85,2867.14,Partially Paid
1884,297,105,Patient 105,1992-12-11,Other,A+,9880871219,patient105@email.com,3,Dr. Amit Verma,Orthopedics,9126855092,dr3@caresync.hospital,2026-09-16,14:00,Cancelled,Emergency,Cold,2026-09-08,21056.39,20452.06,1026.43,Paid
1884,1473,105,Patient 105,1992-12-11,Other,A+,9880871219,patient105@email.com,3,Dr. Amit Verma,Orthopedics,9126855092,dr3@caresync.hospital,2026-09-16,14:00,Cancelled,Emergency,Cold,2026-06-18,36492.36,7492.9,378.48,Paid
1884,1825,105,Patient 105,1992-12-11,Other,A+,9880871219,patient105@email.com,3,Dr. Amit Verma,Orthopedics,9126855092,dr3@caresync.hospital,2026-09-16,14:00,Cancelled,Emergency,Cold,2026-05-07,40947.19,38960.29,1346.77,Paid
1887,1021,17,Patient 17,1984-05-24,Female,A+,9576078963,patient17@email.com,18,Dr. Shruti Pandey,Gynecology,9131994523,dr18@caresync.hospital,2026-06-06,15:00,Cancelled,Check-Up,Diabetes,2026-08-29,43385.22,29103.65,4340.78,Paid
1890,30,232,Patient 232,1997-09-26,Male,Ab-,9128189836,patient232@email.com,30,Dr. Ananya Singh,Radiology,9685126461,dr30@caresync.hospital,2026-08-17,15:00,Cancelled,Routine,Headache,2026-06-30,42614.99,26340.51,3306.27,Pending
1890,1762,232,Patient 232,1997-09-26,Male,Ab-,9128189836,patient232@email.com,30,Dr. Ananya Singh,Radiology,9685126461,dr30@caresync.hospital,2026-08-17,15:00,Cancelled,Routine,Headache,2026-06-30,36176.18,23387.2,2340.6,Pending
1895,1012,379,Patient 379,1984-08-14,Male,B+,9337911187,patient379@email.com,15,Dr. Ashok Singh,Dermatology,9734036506,dr15@caresync.hospital,2026-06-01,11:00,Scheduled,Routine,Headache,2026-09-22,47949.41,30978.72,1822.37,Rejected
1899,171,381,Patient 381,1973-10-25,Other,O+,9936571442,patient381@email.com,40,Dr. Harini Das,Radiology,9271432881,dr40@caresync.hospital,2026-07-01,14:00,Cancelled,Emergency,Cold,2026-06-21,37996.66,37778.49,1193.68,Partially Paid
1899,644,381,Patient 381,1973-10-25,Other,O+,9936571442,patient381@email.com,40,Dr. Harini Das,Radiology,9271432881,dr40@caresync.hospital,2026-07-01,14:00,Cancelled,Emergency,Cold,2026-09-24,26447.45,12858.78,4609.66,Rejected
1899,2440,381,Patient 381,1973-10-25,Other,O+,9936571442,patient381@email.com,40,Dr. Harini Das,Radiology,9271432881,dr40@caresync.hospital,2026-07-01,14:00,Cancelled,Emergency,Cold,2026-06-24,42723.83,29547.1,291.4,Rejected
1900,1025,332,Patient 332,1987-07-10,Female,B-,9637152602,patient332@email.com,11,Dr. Arjun Bhat,Cardiology,9826600539,dr11@caresync.hospital,2026-06-28,16:30,Completed,Routine,Headache,2026-08-18,35692.62,15070.59,2256.52,Paid
1900,1749,332,Patient 332,1987-07-10,Female,B-,9637152602,patient332@email.com,11,Dr. Arjun Bhat,Cardiology,9826600539,dr11@caresync.hospital,2026-06-28,16:30,Completed,Routine,Headache,2026-07-17,32616.98,4164.1,1491.22,Paid
1900,2141,332,Patient 332,1987-07-10,Female,B-,9637152602,patient332@email.com,11,Dr. Arjun Bhat,Cardiology,9826600539,dr11@caresync.hospital,2026-06-28,16:30,Completed,Routine,Headache,2026-07-21,10182.06,3418.91,4450.6,Paid
1901,1827,288,Patient 288,1966-06-09,Other,Ab-,9574641329,patient288@email.com,37,Dr. Ekta Roy,Neurology,9106977991,dr37@caresync.hospital,2026-06-01,17:30,Scheduled,Follow-Up,Hypertension,2026-07-02,21989.49,6921.05,1849.36,Partially Paid
1901,2498,288,Patient 288,1966-06-09,Other,Ab-,9574641329,patient288@email.com,37,Dr. Ekta Roy,Neurology,9106977991,dr37@caresync.hospital,2026-06-01,17:30,Scheduled,Follow-Up,Hypertension,2026-05-02,28707.45,63.11,225.39,Pending
1903,1250,122,Patient 122,1985-03-09,Female,A-,9178910051,patient122@email.com,15,Dr. Ashok Singh,Dermatology,9734036506,dr15@caresync.hospital,2026-04-23,12:30,Completed,Pain,Fever,2026-06-01,46487.01,24145.23,3252.84,Pending
1905,16,402,Patient 402,2000-09-09,Other,A-,9311818984,patient402@email.com,27,Dr. Harish Reddy,Neurology,9868820204,dr27@caresync.hospital,2026-09-16,11:30,Cancelled,Routine,Headache,2026-04-12,37704.59,18927.34,4345.27,Rejected
1907,837,409,Patient 409,1979-06-28,Male,A+,9180909963,patient409@email.com,32,Dr. Anjum Fatima,General,9336696312,dr32@caresync.hospital,2026-09-25,09:00,Scheduled,Check-Up,Diabetes,2026-06-15,12348.3,2440.99,4329.46,Paid
1908,125,357,Patient 357,1955-10-02,Other,O+,9122394554,patient357@email.com,14,Dr. Pooja Yadav,Pediatrics,9193349856,dr14@caresync.hospital,2026-09-03,13:00,Cancelled,Pain,Fever,2026-05-08,35483.07,33109.32,3122.47,Paid
1910,1573,355,Patient 355,1975-05-17,Male,B+,9223666470,patient355@email.com,31,Dr. Vishal Kumar,Cardiology,9550455977,dr31@caresync.hospital,2026-05-13,09:30,Scheduled,Routine,Headache,2026-07-05,34545.44,14363.42,451.27,Paid
1912,759,25,Patient 25,1974-10-15,Male,A+,9792377512,patient25@email.com,18,Dr. Shruti Pandey,Gynecology,9131994523,dr18@caresync.hospital,2026-08-16,09:00,Completed,Check-Up,Diabetes,2026-08-07,14058.38,923.61,2903.16,Partially Paid
1913,2297,475,Patient 475,1983-09-09,Male,B+,9211134294,patient475@email.com,1,Dr. Rajesh Kumar,Cardiology,9786579303,dr1@caresync.hospital,2026-06-15,13:00,Scheduled,Pain,Fever,2026-08-24,49559.85,43415.32,2317.84,Paid
1914,577,196,Patient 196,1989-02-15,Male,B-,9814403943,patient196@email.com,28,Dr. Kavya Sharma,Gynecology,9797808098,dr28@caresync.hospital,2026-07-31,15:30,Cancelled,Emergency,Cold,2026-04-15,39478.94,32519.17,2566.82,Paid
1914,1621,196,Patient 196,1989-02-15,Male,B-,9814403943,patient196@email.com,28,Dr. Kavya Sharma,Gynecology,9797808098,dr28@caresync.hospital,2026-07-31,15:30,Cancelled,Emergency,Cold,2026-07-12,40170.9,28293.01,4414.26,Paid
1916,417,214,Patient 214,1990-05-25,Male,O-,9475932035,patient214@email.com,16,Dr. Divya Kumar,Ent,9553035110,dr16@caresync.hospital,2026-05-27,15:30,Scheduled,Follow-Up,Hypertension,2026-05-20,46173.69,32256.99,2578.62,Paid
1917,787,490,Patient 490,1951-10-18,Male,A-,9661296425,patient490@email.com,21,Dr. Aditya Mishra,Cardiology,9349817734,dr21@caresync.hospital,2026-06-01,15:30,Cancelled,Check-Up,Diabetes,2026-05-02,46580.41,14556.63,4740.2,Partially Paid
1917,792,490,Patient 490,1951-10-18,Male,A-,9661296425,patient490@email.com,21,Dr. Aditya Mishra,Cardiology,9349817734,dr21@caresync.hospital,2026-06-01,15:30,Cancelled,Check-Up,Diabetes,2026-09-27,26505.36,22188.14,918.81,Rejected
1920,1013,351,Patient 351,1960-05-20,Other,Ab+,9861818706,patient351@email.com,15,Dr. Ashok Singh,Dermatology,9734036506,dr15@caresync.hospital,2026-07-02,16:00,Cancelled,Routine,Headache,2026-08-09,29140.43,15703.69,3121.85,Paid
1925,1828,7,Patient 7,1967-11-23,Male,Ab+,9206323670,patient7@email.com,27,Dr. Harish Reddy,Neurology,9868820204,dr27@caresync.hospital,2026-06-18,08:30,Scheduled,Routine,Headache,2026-08-15,33944.38,18298.37,891.31,Rejected
1926,803,381,Patient 381,1973-10-25,Other,O+,9936571442,patient381@email.com,3,Dr. Amit Verma,Orthopedics,9126855092,dr3@caresync.hospital,2026-08-02,14:00,Cancelled,Follow-Up,Hypertension,2026-07-08,24525.96,3597.07,4588.43,Partially Paid
1927,121,129,Patient 129,1967-01-01,Other,A+,9395296179,patient129@email.com,3,Dr. Amit Verma,Orthopedics,9126855092,dr3@caresync.hospital,2026-08-03,14:00,Completed,Check-Up,Diabetes,2026-07-18,46262.64,25259.16,2654.28,Paid
1929,2067,318,Patient 318,1998-08-04,Other,O-,9374361983,patient318@email.com,33,Dr. Arjun Singh,Orthopedics,9582334538,dr33@caresync.hospital,2026-09-26,16:30,Cancelled,Emergency,Cold,2026-08-10,20848.19,10827.45,4586.23,Partially Paid
1935,2314,425,Patient 425,1971-11-28,Female,A+,9447042200,patient425@email.com,7,Dr. Vikram Sharma,Neurology,9339670711,dr7@caresync.hospital,2026-04-17,09:00,Cancelled,Routine,Headache,2026-05-14,34617.73,33476.81,3178.3,Pending
1936,970,116,Patient 116,1984-12-10,Female,B-,9557707813,patient116@email.com,29,Dr. Manish Tandon,Psychiatry,9853041955,dr29@caresync.hospital,2026-04-22,16:30,Completed,Follow-Up,Hypertension,2026-09-21,46007.82,133.64,2336.7,Pending
1940,1510,364,Patient 364,1998-03-16,Male,B-,9840463141,patient364@email.com,36,Dr. Deepak Nair,Ent,9969119330,dr36@caresync.hospital,2026-06-10,15:00,Scheduled,Routine,Headache,2026-09-19,44759.41,32712.72,573.66,Pending
1941,1156,332,Patient 332,1987-07-10,Female,B-,9637152602,patient332@email.com,1,Dr. Rajesh Kumar,Cardiology,9786579303,dr1@caresync.hospital,2026-04-13,13:00,Cancelled,Follow-Up,Hypertension,2026-08-21,47607.1,8705.31,2919.37,Rejected
1942,70,189,Patient 189,1992-02-10,Other,O+,9702998820,patient189@email.com,27,Dr. Harish Reddy,Neurology,9868820204,dr27@caresync.hospital,2026-08-28,09:30,Completed,Check-Up,Diabetes,2026-09-25,34985.77,23516.21,77.88,Pending
1944,105,302,Patient 302,1971-06-23,Female,O-,9622517939,patient302@email.com,9,Dr. Rahul Gupta,Psychiatry,9890779946,dr9@caresync.hospital,2026-08-02,14:30,Cancelled,Emergency,Cold,2026-05-27,27665.24,4101.77,2076.39,Paid
1945,729,280,Patient 280,1996-10-09,Male,Ab-,9823668399,patient280@email.com,23,Dr. Varun Nayar,Orthopedics,9746412689,dr23@caresync.hospital,2026-05-03,15:00,Completed,Routine,Headache,2026-05-30,46358.95,37410.73,3829.86,Paid
1947,1109,309,Patient 309,1980-05-24,Other,O+,9743520276,patient309@email.com,16,Dr. Divya Kumar,Ent,9553035110,dr16@caresync.hospital,2026-04-18,09:30,Cancelled,Check-Up,Diabetes,2026-06-27,42531.21,29717.32,3341.56,Paid
1948,2046,101,Patient 101,1988-01-20,Female,O+,9640992677,patient101@email.com,6,Dr. Anjali Nair,Ent,9362950628,dr6@caresync.hospital,2026-08-24,13:00,Completed,Pain,Fever,2026-06-19,43631.7,32976.52,579.97,Pending
1953,1833,151,Patient 151,1974-01-28,Male,Ab+,9691991695,patient151@email.com,30,Dr. Ananya Singh,Radiology,9685126461,dr30@caresync.hospital,2026-06-28,11:30,Cancelled,Pain,Fever,2026-06-02,26416.84,11546.44,342.21,Paid
1955,1727,91,Patient 91,1953-10-24,Male,B+,9900651998,patient91@email.com,38,Dr. Faheem Ahmed,Gynecology,9914763202,dr38@caresync.hospital,2026-05-07,15:00,Scheduled,Routine,Headache,2026-04-17,31684.06,6316.39,2985.98,Partially Paid
1956,2494,350,Patient 350,1959-02-02,Female,O-,9534245762,patient350@email.com,2,Dr. Meena Joshi,General,9219540831,dr2@caresync.hospital,2026-09-14,16:30,Cancelled,Follow-Up,Hypertension,2026-08-21,33366.27,1325.69,202.88,Pending
1958,1643,96,Patient 96,1982-02-28,Other,Ab-,9488736388,patient96@email.com,30,Dr. Ananya Singh,Radiology,9685126461,dr30@caresync.hospital,2026-08-17,16:00,Scheduled,Pain,Fever,2026-07-08,32306.74,331.46,2950.45,Partially Paid
1959,1088,493,Patient 493,1979-12-10,Male,O+,9490732457,patient493@email.com,9,Dr. Rahul Gupta,Psychiatry,9890779946,dr9@caresync.hospital,2026-06-18,13:00,Cancelled,Emergency,Cold,2026-06-17,48986.85,15630.05,3086.01,Rejected
1962,163,264,Patient 264,1962-02-19,Other,Ab-,9466034277,patient264@email.com,24,Dr. Isha Menon,Pediatrics,9128492780,dr24@caresync.hospital,2026-08-01,08:30,Cancelled,Check-Up,Diabetes,2026-07-15,29561.76,16521.92,3136.89,Partially Paid
1968,893,285,Patient 285,1971-01-16,Other,O+,9555282394,patient285@email.com,34,Dr. Bhavna Patel,Pediatrics,9732719211,dr34@caresync.hospital,2026-06-29,13:00,Cancelled,Pain,Fever,2026-05-19,35719.17,8535.62,70.47,Paid
1971,1472,83,Patient 83,1981-08-07,Female,B+,9287095435,patient83@email.com,28,Dr. Kavya Sharma,Gynecology,9797808098,dr28@caresync.hospital,2026-06-21,15:00,Cancelled,Follow-Up,Hypertension,2026-07-10,26291.54,17071.02,3875.3,Rejected
1973,1502,434,Patient 434,1956-08-06,Female,A-,9425150964,patient434@email.com,40,Dr. Harini Das,Radiology,9271432881,dr40@caresync.hospital,2026-09-07,15:00,Scheduled,Pain,Fever,2026-07-16,49259.74,23817.89,127.09,Pending
1973,2080,434,Patient 434,1956-08-06,Female,A-,9425150964,patient434@email.com,40,Dr. Harini Das,Radiology,9271432881,dr40@caresync.hospital,2026-09-07,15:00,Scheduled,Pain,Fever,2026-08-27,35468.33,5694.08,2343.78,Rejected
1985,2349,306,Patient 306,1957-12-18,Other,A-,9148766522,patient306@email.com,25,Dr. Sameer Khan,Dermatology,9702632297,dr25@caresync.hospital,2026-06-01,13:00,Scheduled,Routine,Headache,2026-08-05,45209.81,485.37,468.1,Paid
1988,818,478,Patient 478,1971-02-15,Male,O-,9468763500,patient478@email.com,40,Dr. Harini Das,Radiology,9271432881,dr40@caresync.hospital,2026-09-17,11:30,Scheduled,Pain,Fever,2026-04-29,42992.67,3051.28,2756.17,Pending
1988,1567,478,Patient 478,1971-02-15,Male,O-,9468763500,patient478@email.com,40,Dr. Harini Das,Radiology,9271432881,dr40@caresync.hospital,2026-09-17,11:30,Scheduled,Pain,Fever,2026-06-14,9611.73,1650.31,4993.34,Partially Paid
1991,1763,432,Patient 432,1977-02-25,Other,Ab-,9574817290,patient432@email.com,24,Dr. Isha Menon,Pediatrics,9128492780,dr24@caresync.hospital,2026-05-23,17:00,Scheduled,Follow-Up,Hypertension,2026-07-06,29996.1,11911.19,2998.89,Partially Paid
2009,814,403,Patient 403,1950-05-24,Male,B+,9286293158,patient403@email.com,33,Dr. Arjun Singh,Orthopedics,9582334538,dr33@caresync.hospital,2026-08-18,12:00,Scheduled,Emergency,Cold,2026-08-05,29721.84,28286.23,4470.23,Pending
2010,192,259,Patient 259,1988-12-23,Male,B+,9669601448,patient259@email.com,28,Dr. Kavya Sharma,Gynecology,9797808098,dr28@caresync.hospital,2026-08-14,13:00,Cancelled,Routine,Headache,2026-04-29,9690.69,7065.11,4025.22,Rejected
2010,964,259,Patient 259,1988-12-23,Male,B+,9669601448,patient259@email.com,28,Dr. Kavya Sharma,Gynecology,9797808098,dr28@caresync.hospital,2026-08-14,13:00,Cancelled,Routine,Headache,2026-05-20,40171.65,32862.14,3897.22,Rejected
2010,2132,259,Patient 259,1988-12-23,Male,B+,9669601448,patient259@email.com,28,Dr. Kavya Sharma,Gynecology,9797808098,dr28@caresync.hospital,2026-08-14,13:00,Cancelled,Routine,Headache,2026-04-20,37238.17,23072.53,2173.22,Rejected
2014,242,275,Patient 275,1979-12-05,Female,B+,9267052653,patient275@email.com,24,Dr. Isha Menon,Pediatrics,9128492780,dr24@caresync.hospital,2026-07-30,13:00,Completed,Emergency,Cold,2026-06-07,29289.44,20673.82,2885.64,Pending
2015,532,207,Patient 207,1979-11-17,Other,Ab+,9644830077,patient207@email.com,23,Dr. Varun Nayar,Orthopedics,9746412689,dr23@caresync.hospital,2026-06-22,14:00,Scheduled,Routine,Headache,2026-08-25,26269.52,11869.04,4641.83,Rejected
2015,1201,207,Patient 207,1979-11-17,Other,Ab+,9644830077,patient207@email.com,23,Dr. Varun Nayar,Orthopedics,9746412689,dr23@caresync.hospital,2026-06-22,14:00,Scheduled,Routine,Headache,2026-04-09,24444.78,15851.28,1641.47,Paid
2019,1602,453,Patient 453,1969-04-13,Other,O+,9760360225,patient453@email.com,34,Dr. Bhavna Patel,Pediatrics,9732719211,dr34@caresync.hospital,2026-09-07,10:00,Cancelled,Emergency,Cold,2026-09-17,37231.58,9021.31,1166.12,Pending
2026,1857,112,Patient 112,1963-09-09,Male,Ab-,9133447745,patient112@email.com,40,Dr. Harini Das,Radiology,9271432881,dr40@caresync.hospital,2026-09-03,11:30,Completed,Follow-Up,Hypertension,2026-08-29,46228.41,13294.76,4715.43,Paid
2028,23,386,Patient 386,1981-02-01,Female,A-,9222435172,patient386@email.com,5,Dr. Sanjay Patel,Dermatology,9395310485,dr5@caresync.hospital,2026-09-18,11:30,Cancelled,Pain,Fever,2026-06-18,44734.58,25869.62,4591.24,Partially Paid
2030,2500,272,Patient 272,1971-01-28,Female,Ab-,9740190407,patient272@email.com,30,Dr. Ananya Singh,Radiology,9685126461,dr30@caresync.hospital,2026-09-27,10:00,Scheduled,Routine,Headache,2026-08-10,27094.34,2770.06,3224.62,Rejected
2033,1876,422,Patient 422,1980-05-11,Female,O-,9790407222,patient422@email.com,26,Dr. Priyanka Verma,Ent,9313500298,dr26@caresync.hospital,2026-06-04,14:30,Scheduled,Pain,Fever,2026-04-15,44207.02,23833.31,431.17,Rejected
2035,699,333,Patient 333,1986-10-02,Other,O+,9699924859,patient333@email.com,19,Dr. Rohit Kapoor,Psychiatry,9200604502,dr19@caresync.hospital,2026-04-15,14:00,Completed,Routine,Headache,2026-08-10,24902.84,12294.59,2252.45,Partially Paid
2039,497,178,Patient 178,1958-04-14,Male,A-,9200105056,patient178@email.com,18,Dr. Shruti Pandey,Gynecology,9131994523,dr18@caresync.hospital,2026-07-28,12:00,Scheduled,Emergency,Cold,2026-10-02,33052.26,29381.45,1822.33,Paid
2042,2424,464,Patient 464,1962-10-09,Female,Ab-,9969533218,patient464@email.com,32,Dr. Anjum Fatima,General,9336696312,dr32@caresync.hospital,2026-05-08,11:00,Scheduled,Check-Up,Diabetes,2026-07-26,36231.28,14766.13,4880.81,Rejected
2045,526,471,Patient 471,1958-02-10,Other,Ab+,9638339044,patient471@email.com,34,Dr. Bhavna Patel,Pediatrics,9732719211,dr34@caresync.hospital,2026-08-11,09:00,Scheduled,Routine,Headache,2026-08-30,36172.86,27451.48,2653.03,Pending
2048,1160,491,Patient 491,1970-10-08,Female,B+,9754773573,patient491@email.com,27,Dr. Harish Reddy,Neurology,9868820204,dr27@caresync.hospital,2026-06-30,14:30,Scheduled,Pain,Fever,2026-04-12,36897.25,20754.03,2738.22,Rejected
2049,175,21,Patient 21,1955-01-28,Other,O+,9206681214,patient21@email.com,35,Dr. Chirag Joshi,Dermatology,9398704996,dr35@caresync.hospital,2026-05-03,16:30,Cancelled,Emergency,Cold,2026-05-29,26942.16,3567.24,2955.27,Partially Paid
2049,1024,21,Patient 21,1955-01-28,Other,O+,9206681214,patient21@email.com,35,Dr. Chirag Joshi,Dermatology,9398704996,dr35@caresync.hospital,2026-05-03,16:30,Cancelled,Emergency,Cold,2026-06-03,43852.89,37341.87,3742.36,Rejected
2052,410,165,Patient 165,1988-09-04,Other,O+,9435596237,patient165@email.com,23,Dr. Varun Nayar,Orthopedics,9746412689,dr23@caresync.hospital,2026-06-02,14:00,Cancelled,Check-Up,Diabetes,2026-05-21,29127.92,5155.58,1645.99,Pending
2053,1884,196,Patient 196,1989-02-15,Male,B-,9814403943,patient196@email.com,27,Dr. Harish Reddy,Neurology,9868820204,dr27@caresync.hospital,2026-06-05,09:30,Completed,Pain,Fever,2026-09-28,8409.3,8176.29,1882.04,Rejected
2054,344,469,Patient 469,1969-08-02,Male,O+,9749620068,patient469@email.com,29,Dr. Manish Tandon,Psychiatry,9853041955,dr29@caresync.hospital,2026-07-10,11:00,Scheduled,Emergency,Cold,2026-09-11,40889.26,39377.77,3123.53,Rejected
2054,2403,469,Patient 469,1969-08-02,Male,O+,9749620068,patient469@email.com,29,Dr. Manish Tandon,Psychiatry,9853041955,dr29@caresync.hospital,2026-07-10,11:00,Scheduled,Emergency,Cold,2026-07-31,43928.57,40791.02,1024.44,Partially Paid
2056,1582,484,Patient 484,1966-09-04,Male,B-,9142028540,patient484@email.com,19,Dr. Rohit Kapoor,Psychiatry,9200604502,dr19@caresync.hospital,2026-06-17,15:30,Completed,Follow-Up,Hypertension,2026-06-07,44653.54,12796.25,2914.97,Pending
2058,2061,198,Patient 198,1962-12-23,Other,O-,9554124989,patient198@email.com,5,Dr. Sanjay Patel,Dermatology,9395310485,dr5@caresync.hospital,2026-07-02,11:00,Cancelled,Pain,Fever,2026-04-15,34414.5,2206.57,3837.23,Paid
2060,657,277,Patient 277,1983-11-09,Male,O+,9910069356,patient277@email.com,15,Dr. Ashok Singh,Dermatology,9734036506,dr15@caresync.hospital,2026-07-09,09:00,Scheduled,Routine,Headache,2026-09-14,38073.19,6726.86,283.95,Paid
2063,1632,13,Patient 13,1963-11-16,Male,O+,9135128844,patient13@email.com,27,Dr. Harish Reddy,Neurology,9868820204,dr27@caresync.hospital,2026-07-04,15:00,Scheduled,Pain,Fever,2026-05-03,30371.72,20434.59,2780.29,Rejected
2066,223,421,Patient 421,1991-03-03,Male,O+,9706118438,patient421@email.com,21,Dr. Aditya Mishra,Cardiology,9349817734,dr21@caresync.hospital,2026-06-30,11:30,Scheduled,Follow-Up,Hypertension,2026-08-27,49100.9,12230.26,121.54,Partially Paid
2066,1421,421,Patient 421,1991-03-03,Male,O+,9706118438,patient421@email.com,21,Dr. Aditya Mishra,Cardiology,9349817734,dr21@caresync.hospital,2026-06-30,11:30,Scheduled,Follow-Up,Hypertension,2026-09-05,18560.92,11658.89,4826.74,Paid
2070,705,412,Patient 412,1999-07-02,Male,B-,9774254861,patient412@email.com,36,Dr. Deepak Nair,Ent,9969119330,dr36@caresync.hospital,2026-07-12,13:30,Cancelled,Routine,Headache,2026-07-08,9735.34,6101.76,2410.36,Paid
2070,1954,412,Patient 412,1999-07-02,Male,B-,9774254861,patient412@email.com,36,Dr. Deepak Nair,Ent,9969119330,dr36@caresync.hospital,2026-07-12,13:30,Cancelled,Routine,Headache,2026-08-12,44386.63,37907.65,561.23,Pending
2071,965,261,Patient 261,1956-10-01,Other,O+,9503935666,patient261@email.com,29,Dr. Manish Tandon,Psychiatry,9853041955,dr29@caresync.hospital,2026-09-09,11:00,Completed,Follow-Up,Hypertension,2026-05-01,25098.15,5092.43,3425.77,Paid
2076,989,460,Patient 460,1993-12-02,Male,B-,9950207886,patient460@email.com,20,Dr. Swati Iyer,Radiology,9334760738,dr20@caresync.hospital,2026-08-30,11:30,Cancelled,Follow-Up,Hypertension,2026-10-01,47181.82,11435.81,4143.39,Paid
2077,394,334,Patient 334,1989-12-04,Male,O-,9994807263,patient334@email.com,11,Dr. Arjun Bhat,Cardiology,9826600539,dr11@caresync.hospital,2026-09-28,15:00,Completed,Check-Up,Diabetes,2026-09-04,39831.01,1611.58,46.25,Pending
2079,752,165,Patient 165,1988-09-04,Other,O+,9435596237,patient165@email.com,15,Dr. Ashok Singh,Dermatology,9734036506,dr15@caresync.hospital,2026-09-03,11:30,Cancelled,Emergency,Cold,2026-09-21,33927.95,21354.7,2787.29,Rejected
2080,2289,264,Patient 264,1962-02-19,Other,Ab-,9466034277,patient264@email.com,31,Dr. Vishal Kumar,Cardiology,9550455977,dr31@caresync.hospital,2026-05-22,16:00,Completed,Routine,Headache,2026-06-12,19902.21,8003.53,3530.1,Paid
2081,1648,43,Patient 43,1965-10-03,Male,B+,9458102728,patient43@email.com,24,Dr. Isha Menon,Pediatrics,9128492780,dr24@caresync.hospital,2026-07-25,10:30,Scheduled,Follow-Up,Hypertension,2026-07-04,43920.83,24383.41,4821.13,Rejected
2084,1514,86,Patient 86,1966-08-10,Female,O-,9236105947,patient86@email.com,10,Dr. Neha Chopra,Radiology,9210053353,dr10@caresync.hospital,2026-07-02,16:00,Scheduled,Emergency,Cold,2026-07-20,43654.84,18812.43,1431.12,Pending
2085,2125,498,Patient 498,1958-07-15,Other,A-,9931575232,patient498@email.com,23,Dr. Varun Nayar,Orthopedics,9746412689,dr23@caresync.hospital,2026-06-11,17:00,Cancelled,Routine,Headache,2026-04-11,33948.62,31440.54,2437.09,Paid
2086,2025,490,Patient 490,1951-10-18,Male,A-,9661296425,patient490@email.com,19,Dr. Rohit Kapoor,Psychiatry,9200604502,dr19@caresync.hospital,2026-04-29,13:30,Completed,Follow-Up,Hypertension,2026-04-17,32604.41,20478.98,1891.79,Paid
2087,48,396,Patient 396,1980-08-08,Other,B-,9975139327,patient396@email.com,30,Dr. Ananya Singh,Radiology,9685126461,dr30@caresync.hospital,2026-04-12,08:00,Scheduled,Check-Up,Diabetes,2026-06-04,14783.15,1085.44,29.32,Rejected
2091,590,321,Patient 321,1971-03-02,Other,A+,9228832213,patient321@email.com,35,Dr. Chirag Joshi,Dermatology,9398704996,dr35@caresync.hospital,2026-06-21,14:00,Cancelled,Follow-Up,Hypertension,2026-04-12,24550.14,11519.73,255.75,Pending
2094,182,344,Patient 344,1979-02-22,Female,Ab-,9593657365,patient344@email.com,12,Dr. Sneha Desai,General,9895285932,dr12@caresync.hospital,2026-10-04,08:30,Cancelled,Emergency,Cold,2026-09-07,47790.16,42972.57,3332.13,Pending
2094,2241,344,Patient 344,1979-02-22,Female,Ab-,9593657365,patient344@email.com,12,Dr. Sneha Desai,General,9895285932,dr12@caresync.hospital,2026-10-04,08:30,Cancelled,Emergency,Cold,2026-09-06,30213.24,20211.02,510.04,Paid
2096,1852,397,Patient 397,1979-09-05,Male,O+,9258580752,patient397@email.com,11,Dr. Arjun Bhat,Cardiology,9826600539,dr11@caresync.hospital,2026-07-14,12:30,Scheduled,Follow-Up,Hypertension,2026-06-02,41525.47,21055.21,1991.18,Rejected
2098,800,443,Patient 443,1974-10-22,Female,B+,9595792218,patient443@email.com,8,Dr. Deepika Malhotra,Gynecology,9249827706,dr8@caresync.hospital,2026-04-25,15:30,Completed,Pain,Fever,2026-05-24,31053.21,13411.04,2158.33,Rejected
2100,2200,218,Patient 218,1968-04-09,Female,A-,9918841563,patient218@email.com,21,Dr. Aditya Mishra,Cardiology,9349817734,dr21@caresync.hospital,2026-09-23,15:00,Cancelled,Routine,Headache,2026-08-20,37467.59,28401.42,1905.49,Rejected
2102,2261,54,Patient 54,1978-02-08,Other,O-,9729624046,patient54@email.com,9,Dr. Rahul Gupta,Psychiatry,9890779946,dr9@caresync.hospital,2026-04-14,11:00,Scheduled,Check-Up,Diabetes,2026-09-30,42780.72,38610.14,3133.72,Paid
2105,166,425,Patient 425,1971-11-28,Female,A+,9447042200,patient425@email.com,24,Dr. Isha Menon,Pediatrics,9128492780,dr24@caresync.hospital,2026-05-02,10:30,Scheduled,Routine,Headache,2026-09-25,18935.69,12035.87,777.7,Pending
2109,2497,380,Patient 380,1953-04-17,Female,B-,9457629711,patient380@email.com,3,Dr. Amit Verma,Orthopedics,9126855092,dr3@caresync.hospital,2026-09-14,14:00,Cancelled,Emergency,Cold,2026-04-29,38880.7,12190.15,748.98,Paid
2110,319,397,Patient 397,1979-09-05,Male,O+,9258580752,patient397@email.com,21,Dr. Aditya Mishra,Cardiology,9349817734,dr21@caresync.hospital,2026-07-07,14:00,Completed,Routine,Headache,2026-07-02,47966.83,43085.05,416.12,Partially Paid
2110,2076,397,Patient 397,1979-09-05,Male,O+,9258580752,patient397@email.com,21,Dr. Aditya Mishra,Cardiology,9349817734,dr21@caresync.hospital,2026-07-07,14:00,Completed,Routine,Headache,2026-08-04,37044.83,19536.96,3373.45,Rejected
2115,1073,37,Patient 37,1962-03-12,Male,O+,9789024924,patient37@email.com,35,Dr. Chirag Joshi,Dermatology,9398704996,dr35@caresync.hospital,2026-09-09,14:30,Cancelled,Routine,Headache,2026-09-02,44101.13,23005.87,1954.93,Paid
2115,2288,37,Patient 37,1962-03-12,Male,O+,9789024924,patient37@email.com,35,Dr. Chirag Joshi,Dermatology,9398704996,dr35@caresync.hospital,2026-09-09,14:30,Cancelled,Routine,Headache,2026-09-27,29469.75,740.66,1847.65,Rejected
2118,1117,79,Patient 79,1985-02-02,Male,Ab+,9355477113,patient79@email.com,20,Dr. Swati Iyer,Radiology,9334760738,dr20@caresync.hospital,2026-05-02,10:00,Cancelled,Pain,Fever,2026-05-29,25188.88,11524.2,3330.04,Paid
2120,1987,236,Patient 236,1971-11-22,Female,B-,9844609017,patient236@email.com,2,Dr. Meena Joshi,General,9219540831,dr2@caresync.hospital,2026-08-29,11:00,Scheduled,Routine,Headache,2026-07-20,39448.89,3934.81,3114.81,Partially Paid
2128,1985,407,Patient 407,1980-06-11,Female,Ab+,9915133660,patient407@email.com,35,Dr. Chirag Joshi,Dermatology,9398704996,dr35@caresync.hospital,2026-07-19,08:00,Completed,Pain,Fever,2026-07-06,20154.98,17044.45,517.2,Paid
2129,1629,129,Patient 129,1967-01-01,Other,A+,9395296179,patient129@email.com,33,Dr. Arjun Singh,Orthopedics,9582334538,dr33@caresync.hospital,2026-04-15,11:30,Scheduled,Emergency,Cold,2026-05-13,32748.67,7875.27,813.81,Paid
2138,2347,199,Patient 199,1974-08-13,Male,Ab+,9874233009,patient199@email.com,22,Dr. Riya Bhat,General,9642621108,dr22@caresync.hospital,2026-08-04,13:30,Scheduled,Pain,Fever,2026-04-11,31652.84,28118.15,1488.32,Partially Paid
2144,332,9,Patient 9,1970-01-08,Other,A+,9625432379,patient9@email.com,8,Dr. Deepika Malhotra,Gynecology,9249827706,dr8@caresync.hospital,2026-09-12,08:00,Scheduled,Emergency,Cold,2026-07-06,38776.41,30000.35,1474.63,Rejected
2144,1118,9,Patient 9,1970-01-08,Other,A+,9625432379,patient9@email.com,8,Dr. Deepika Malhotra,Gynecology,9249827706,dr8@caresync.hospital,2026-09-12,08:00,Scheduled,Emergency,Cold,2026-04-08,37133.27,17270.3,261.58,Pending
2144,1831,9,Patient 9,1970-01-08,Other,A+,9625432379,patient9@email.com,8,Dr. Deepika Malhotra,Gynecology,9249827706,dr8@caresync.hospital,2026-09-12,08:00,Scheduled,Emergency,Cold,2026-09-01,17525.33,11041.19,1070.88,Partially Paid
2154,1781,388,Patient 388,1965-12-06,Male,B-,9647556857,patient388@email.com,4,Dr. Priya Singh,Pediatrics,9896233790,dr4@caresync.hospital,2026-04-17,12:00,Cancelled,Emergency,Cold,2026-09-17,13847.23,8592.55,2104.15,Paid
2159,1172,435,Patient 435,1994-05-01,Other,B+,9955052486,patient435@email.com,15,Dr. Ashok Singh,Dermatology,9734036506,dr15@caresync.hospital,2026-08-31,10:30,Scheduled,Emergency,Cold,2026-08-25,26360.81,4423.03,3107.47,Rejected
2160,1634,38,Patient 38,1998-03-18,Female,O-,9786650291,patient38@email.com,18,Dr. Shruti Pandey,Gynecology,9131994523,dr18@caresync.hospital,2026-05-21,12:00,Cancelled,Routine,Headache,2026-09-23,29921.11,5655.01,3557.02,Pending
2162,228,476,Patient 476,1960-05-27,Female,B-,9970768982,patient476@email.com,2,Dr. Meena Joshi,General,9219540831,dr2@caresync.hospital,2026-06-01,15:00,Scheduled,Check-Up,Diabetes,2026-05-30,24652.3,18539.19,4204.56,Rejected
2162,2229,476,Patient 476,1960-05-27,Female,B-,9970768982,patient476@email.com,2,Dr. Meena Joshi,General,9219540831,dr2@caresync.hospital,2026-06-01,15:00,Scheduled,Check-Up,Diabetes,2026-08-10,42475.12,13573.49,3485.76,Paid
2164,661,55,Patient 55,1964-02-11,Male,Ab+,9331875999,patient55@email.com,35,Dr. Chirag Joshi,Dermatology,9398704996,dr35@caresync.hospital,2026-04-10,14:30,Completed,Emergency,Cold,2026-10-03,46526.83,25522.52,4200.99,Paid
2164,1067,55,Patient 55,1964-02-11,Male,Ab+,9331875999,patient55@email.com,35,Dr. Chirag Joshi,Dermatology,9398704996,dr35@caresync.hospital,2026-04-10,14:30,Completed,Emergency,Cold,2026-08-03,42123.36,20121.1,3978.58,Partially Paid
2165,780,149,Patient 149,1965-05-06,Female,O+,9798916441,patient149@email.com,29,Dr. Manish Tandon,Psychiatry,9853041955,dr29@caresync.hospital,2026-07-11,14:30,Scheduled,Routine,Headache,2026-09-28,49839.09,31132.62,889.72,Rejected
2167,1105,352,Patient 352,1997-10-10,Male,Ab-,9787346882,patient352@email.com,33,Dr. Arjun Singh,Orthopedics,9582334538,dr33@caresync.hospital,2026-05-10,17:30,Completed,Check-Up,Diabetes,2026-06-02,43549.05,12007.64,1251.43,Paid
2167,1760,352,Patient 352,1997-10-10,Male,Ab-,9787346882,patient352@email.com,33,Dr. Arjun Singh,Orthopedics,9582334538,dr33@caresync.hospital,2026-05-10,17:30,Completed,Check-Up,Diabetes,2026-08-18,40085.64,9175.93,4376.36,Rejected
2168,205,155,Patient 155,1951-11-07,Female,B+,9584853393,patient155@email.com,26,Dr. Priyanka Verma,Ent,9313500298,dr26@caresync.hospital,2026-05-04,15:00,Scheduled,Pain,Fever,2026-06-01,47562.4,24486.28,2072.37,Paid
2172,1045,392,Patient 392,1957-11-27,Female,Ab-,9476990466,patient392@email.com,39,Dr. Gajendra Singh,Psychiatry,9965241839,dr39@caresync.hospital,2026-06-30,13:00,Cancelled,Check-Up,Diabetes,2026-07-09,23342.72,5088.1,4502.28,Paid
2173,2321,475,Patient 475,1983-09-09,Male,B+,9211134294,patient475@email.com,39,Dr. Gajendra Singh,Psychiatry,9965241839,dr39@caresync.hospital,2026-06-29,10:00,Completed,Pain,Fever,2026-07-27,38937.98,25068.03,3360.65,Paid
2175,408,196,Patient 196,1989-02-15,Male,B-,9814403943,patient196@email.com,4,Dr. Priya Singh,Pediatrics,9896233790,dr4@caresync.hospital,2026-04-23,14:00,Cancelled,Routine,Headache,2026-04-08,20322.61,16365.72,1656.44,Rejected
2176,642,203,Patient 203,1977-04-06,Female,B+,9435489452,patient203@email.com,24,Dr. Isha Menon,Pediatrics,9128492780,dr24@caresync.hospital,2026-05-14,09:00,Completed,Follow-Up,Hypertension,2026-04-17,2526.28,2082.9,2252.2,Pending
2179,294,16,Patient 16,1965-12-18,Male,Ab-,9333291547,patient16@email.com,28,Dr. Kavya Sharma,Gynecology,9797808098,dr28@caresync.hospital,2026-08-08,17:30,Completed,Emergency,Cold,2026-07-24,44526.23,28548.77,4740.37,Pending
2183,2406,113,Patient 113,1958-06-03,Female,A+,9165310776,patient113@email.com,1,Dr. Rajesh Kumar,Cardiology,9786579303,dr1@caresync.hospital,2026-09-12,16:30,Scheduled,Pain,Fever,2026-04-18,10009.42,215.35,4735.37,Pending
2185,1673,383,Patient 383,1998-01-07,Female,Ab+,9182011731,patient383@email.com,23,Dr. Varun Nayar,Orthopedics,9746412689,dr23@caresync.hospital,2026-09-12,15:30,Completed,Routine,Headache,2026-06-26,47050.8,4883.76,4065.7,Paid
2187,2145,408,Patient 408,1985-09-13,Other,Ab-,9803847447,patient408@email.com,20,Dr. Swati Iyer,Radiology,9334760738,dr20@caresync.hospital,2026-05-06,11:30,Cancelled,Check-Up,Diabetes,2026-07-31,41246.63,4200.05,3361.93,Paid
2205,909,491,Patient 491,1970-10-08,Female,B+,9754773573,patient491@email.com,20,Dr. Swati Iyer,Radiology,9334760738,dr20@caresync.hospital,2026-07-03,12:00,Cancelled,Routine,Headache,2026-07-30,31434.91,19313.87,1994.43,Paid
2207,2188,6,Patient 6,1960-08-13,Other,O-,9803217037,patient6@email.com,34,Dr. Bhavna Patel,Pediatrics,9732719211,dr34@caresync.hospital,2026-09-02,13:00,Scheduled,Check-Up,Diabetes,2026-08-20,48083.91,14503.62,4765.15,Rejected
2207,2212,6,Patient 6,1960-08-13,Other,O-,9803217037,patient6@email.com,34,Dr. Bhavna Patel,Pediatrics,9732719211,dr34@caresync.hospital,2026-09-02,13:00,Scheduled,Check-Up,Diabetes,2026-08-24,13579.01,10987.95,3164.38,Rejected
2209,391,448,Patient 448,1979-05-22,Male,Ab-,9993027458,patient448@email.com,5,Dr. Sanjay Patel,Dermatology,9395310485,dr5@caresync.hospital,2026-04-18,09:00,Completed,Emergency,Cold,2026-08-31,40105.33,10814.07,4180.74,Partially Paid
2211,1591,73,Patient 73,1996-06-26,Male,A+,9127681228,patient73@email.com,25,Dr. Sameer Khan,Dermatology,9702632297,dr25@caresync.hospital,2026-05-06,13:00,Cancelled,Follow-Up,Hypertension,2026-08-02,17399.22,15134.17,4521.19,Partially Paid
2212,1285,64,Patient 64,1958-12-19,Male,Ab-,9397721596,patient64@email.com,6,Dr. Anjali Nair,Ent,9362950628,dr6@caresync.hospital,2026-08-09,10:00,Completed,Check-Up,Diabetes,2026-05-20,36241.99,23363.41,3142.39,Paid
2212,2303,64,Patient 64,1958-12-19,Male,Ab-,9397721596,patient64@email.com,6,Dr. Anjali Nair,Ent,9362950628,dr6@caresync.hospital,2026-08-09,10:00,Completed,Check-Up,Diabetes,2026-09-19,49191.65,41778.69,4119.54,Partially Paid
2214,155,3,Patient 3,1993-11-03,Other,B+,9880179899,patient3@email.com,27,Dr. Harish Reddy,Neurology,9868820204,dr27@caresync.hospital,2026-06-25,08:00,Cancelled,Emergency,Cold,2026-07-08,42515.83,23581.44,2053.3,Partially Paid
2215,44,294,Patient 294,1980-11-23,Other,O-,9222210617,patient294@email.com,18,Dr. Shruti Pandey,Gynecology,9131994523,dr18@caresync.hospital,2026-10-02,13:00,Completed,Routine,Headache,2026-07-02,48949.1,17176.27,2408.03,Rejected
2216,1312,306,Patient 306,1957-12-18,Other,A-,9148766522,patient306@email.com,27,Dr. Harish Reddy,Neurology,9868820204,dr27@caresync.hospital,2026-05-20,10:30,Scheduled,Follow-Up,Hypertension,2026-09-12,42948.7,28693.41,3349.24,Rejected
2218,1637,276,Patient 276,1977-03-24,Other,B-,9269017588,patient276@email.com,36,Dr. Deepak Nair,Ent,9969119330,dr36@caresync.hospital,2026-07-16,17:00,Completed,Pain,Fever,2026-09-06,22636.68,15485.48,1510.09,Paid
2220,303,485,Patient 485,1979-06-22,Female,O+,9366012797,patient485@email.com,37,Dr. Ekta Roy,Neurology,9106977991,dr37@caresync.hospital,2026-07-21,11:00,Cancelled,Routine,Headache,2026-06-17,39189.77,17170.26,3715.58,Partially Paid
2221,1384,44,Patient 44,1955-12-16,Female,B-,9361530104,patient44@email.com,9,Dr. Rahul Gupta,Psychiatry,9890779946,dr9@caresync.hospital,2026-08-09,10:00,Completed,Follow-Up,Hypertension,2026-04-17,7160.24,1341.28,4050.53,Rejected
2221,1965,44,Patient 44,1955-12-16,Female,B-,9361530104,patient44@email.com,9,Dr. Rahul Gupta,Psychiatry,9890779946,dr9@caresync.hospital,2026-08-09,10:00,Completed,Follow-Up,Hypertension,2026-05-02,47461.83,19988.06,1422.83,Paid
2224,1623,384,Patient 384,1967-09-05,Other,Ab-,9648127255,patient384@email.com,25,Dr. Sameer Khan,Dermatology,9702632297,dr25@caresync.hospital,2026-06-10,11:00,Completed,Emergency,Cold,2026-08-19,22349.36,7973.98,2512.5,Partially Paid
2228,11,177,Patient 177,1994-05-18,Other,A+,9191659287,patient177@email.com,3,Dr. Amit Verma,Orthopedics,9126855092,dr3@caresync.hospital,2026-08-28,15:00,Scheduled,Pain,Fever,2026-07-19,43493.41,39699.57,3237.97,Partially Paid
2234,1583,263,Patient 263,1974-07-23,Female,Ab+,9587098457,patient263@email.com,30,Dr. Ananya Singh,Radiology,9685126461,dr30@caresync.hospital,2026-07-17,11:30,Scheduled,Emergency,Cold,2026-09-10,27119.9,18105.5,305.65,Partially Paid
2237,977,95,Patient 95,1983-03-02,Female,Ab+,9935389432,patient95@email.com,1,Dr. Rajesh Kumar,Cardiology,9786579303,dr1@caresync.hospital,2026-09-03,11:00,Scheduled,Check-Up,Diabetes,2026-06-16,17978.41,12049.55,4875.21,Paid
2238,1246,114,Patient 114,1965-06-10,Other,A-,9614302907,patient114@email.com,10,Dr. Neha Chopra,Radiology,9210053353,dr10@caresync.hospital,2026-07-26,13:00,Cancelled,Pain,Fever,2026-07-12,28198.12,24084.17,4184.98,Pending
2240,639,428,Patient 428,1981-09-02,Female,B-,9262089272,patient428@email.com,20,Dr. Swati Iyer,Radiology,9334760738,dr20@caresync.hospital,2026-06-04,17:30,Scheduled,Routine,Headache,2026-06-22,33412.79,19956.97,4830.63,Partially Paid
2241,829,130,Patient 130,1971-03-21,Male,A-,9770355806,patient130@email.com,31,Dr. Vishal Kumar,Cardiology,9550455977,dr31@caresync.hospital,2026-04-26,17:30,Cancelled,Follow-Up,Hypertension,2026-08-15,26816.12,26216.28,3243.99,Paid
2244,308,93,Patient 93,1970-01-02,Other,O+,9611365210,patient93@email.com,27,Dr. Harish Reddy,Neurology,9868820204,dr27@caresync.hospital,2026-07-22,12:30,Cancelled,Emergency,Cold,2026-09-13,25106.59,18272.85,4971.13,Rejected
2246,2489,410,Patient 410,1962-12-08,Female,A-,9290209201,patient410@email.com,32,Dr. Anjum Fatima,General,9336696312,dr32@caresync.hospital,2026-09-19,12:30,Scheduled,Follow-Up,Hypertension,2026-06-05,31891.58,18701.28,1773.8,Paid
2249,441,28,Patient 28,1957-11-18,Male,B-,9527499187,patient28@email.com,8,Dr. Deepika Malhotra,Gynecology,9249827706,dr8@caresync.hospital,2026-08-12,15:30,Scheduled,Emergency,Cold,2026-05-06,10871.73,3926.74,4187.27,Paid
2252,1234,478,Patient 478,1971-02-15,Male,O-,9468763500,patient478@email.com,5,Dr. Sanjay Patel,Dermatology,9395310485,dr5@caresync.hospital,2026-09-21,08:00,Scheduled,Check-Up,Diabetes,2026-05-14,47616.84,13051.77,2094.43,Pending
2253,1298,282,Patient 282,1955-05-15,Other,A-,9392168202,patient282@email.com,39,Dr. Gajendra Singh,Psychiatry,9965241839,dr39@caresync.hospital,2026-08-20,13:30,Cancelled,Pain,Fever,2026-08-30,38117.79,28227.99,1362.54,Pending
2254,2276,237,Patient 237,1975-12-06,Other,O+,9387169808,patient237@email.com,24,Dr. Isha Menon,Pediatrics,9128492780,dr24@caresync.hospital,2026-06-02,17:00,Completed,Emergency,Cold,2026-04-15,21218.34,1682.27,4004.73,Rejected
2255,383,331,Patient 331,1978-08-10,Male,B+,9347079497,patient331@email.com,38,Dr. Faheem Ahmed,Gynecology,9914763202,dr38@caresync.hospital,2026-06-26,17:30,Scheduled,Routine,Headache,2026-06-14,37840.35,13911.97,4322.34,Partially Paid
2259,2375,344,Patient 344,1979-02-22,Female,Ab-,9593657365,patient344@email.com,17,Dr. Nitin Saxena,Neurology,9134126396,dr17@caresync.hospital,2026-09-29,12:30,Cancelled,Emergency,Cold,2026-07-16,40148.5,38146.37,1684.08,Partially Paid
2263,1214,102,Patient 102,1955-07-22,Other,O-,9337887233,patient102@email.com,33,Dr. Arjun Singh,Orthopedics,9582334538,dr33@caresync.hospital,2026-06-18,14:30,Completed,Pain,Fever,2026-06-24,29167.55,914.52,4207.45,Pending
2263,1684,102,Patient 102,1955-07-22,Other,O-,9337887233,patient102@email.com,33,Dr. Arjun Singh,Orthopedics,9582334538,dr33@caresync.hospital,2026-06-18,14:30,Completed,Pain,Fever,2026-05-07,36871.46,17082.72,4790.75,Rejected
2267,1978,488,Patient 488,1990-06-04,Female,Ab-,9571825556,patient488@email.com,11,Dr. Arjun Bhat,Cardiology,9826600539,dr11@caresync.hospital,2026-06-26,10:00,Scheduled,Check-Up,Diabetes,2026-04-24,37310.14,31702.5,455.48,Pending
2271,1422,344,Patient 344,1979-02-22,Female,Ab-,9593657365,patient344@email.com,21,Dr. Aditya Mishra,Cardiology,9349817734,dr21@caresync.hospital,2026-07-24,10:30,Cancelled,Follow-Up,Hypertension,2026-06-02,39044.67,4001.44,2574.5,Pending
2273,739,121,Patient 121,1957-02-24,Male,A+,9576271425,patient121@email.com,9,Dr. Rahul Gupta,Psychiatry,9890779946,dr9@caresync.hospital,2026-04-09,14:00,Scheduled,Pain,Fever,2026-10-03,36282.85,9278.57,2092.38,Partially Paid
2274,1072,52,Patient 52,1975-11-21,Male,B-,9695076080,patient52@email.com,23,Dr. Varun Nayar,Orthopedics,9746412689,dr23@caresync.hospital,2026-08-16,10:00,Cancelled,Emergency,Cold,2026-08-17,32432.83,964.75,3076.88,Rejected
2275,338,146,Patient 146,1951-03-24,Female,A-,9853529912,patient146@email.com,11,Dr. Arjun Bhat,Cardiology,9826600539,dr11@caresync.hospital,2026-04-08,11:00,Completed,Routine,Headache,2026-04-11,41651.71,4017.49,2450.28,Pending
2275,1283,146,Patient 146,1951-03-24,Female,A-,9853529912,patient146@email.com,11,Dr. Arjun Bhat,Cardiology,9826600539,dr11@caresync.hospital,2026-04-08,11:00,Completed,Routine,Headache,2026-08-22,46230.96,20030.28,2614.43,Partially Paid
2276,1666,318,Patient 318,1998-08-04,Other,O-,9374361983,patient318@email.com,4,Dr. Priya Singh,Pediatrics,9896233790,dr4@caresync.hospital,2026-05-17,08:30,Scheduled,Follow-Up,Hypertension,2026-05-04,31882.4,2777.68,2739.28,Pending
2278,2496,461,Patient 461,1988-12-16,Female,O+,9893410426,patient461@email.com,24,Dr. Isha Menon,Pediatrics,9128492780,dr24@caresync.hospital,2026-09-10,12:30,Completed,Pain,Fever,2026-08-22,30197.44,11706.91,1616.85,Rejected
2283,129,169,Patient 169,1984-11-24,Male,A+,9373685835,patient169@email.com,19,Dr. Rohit Kapoor,Psychiatry,9200604502,dr19@caresync.hospital,2026-07-19,11:00,Cancelled,Pain,Fever,2026-04-15,10164.26,10220.51,3544.43,Paid
2284,186,316,Patient 316,1953-09-10,Male,B-,9247354744,patient316@email.com,34,Dr. Bhavna Patel,Pediatrics,9732719211,dr34@caresync.hospital,2026-06-09,15:30,Completed,Emergency,Cold,2026-08-30,30086.39,25607.45,4887.55,Pending
2287,537,356,Patient 356,1984-08-15,Female,B-,9534900128,patient356@email.com,13,Dr. Karan Sethi,Orthopedics,9685582861,dr13@caresync.hospital,2026-05-10,08:30,Completed,Check-Up,Diabetes,2026-05-03,28725.55,27918.09,2608.44,Paid
2292,1900,187,Patient 187,1963-09-16,Male,B+,9164404084,patient187@email.com,35,Dr. Chirag Joshi,Dermatology,9398704996,dr35@caresync.hospital,2026-07-22,16:30,Cancelled,Check-Up,Diabetes,2026-04-19,35757.71,15588.21,1624.22,Rejected
2293,824,414,Patient 414,1995-07-13,Other,O-,9598165815,patient414@email.com,21,Dr. Aditya Mishra,Cardiology,9349817734,dr21@caresync.hospital,2026-08-28,11:30,Completed,Pain,Fever,2026-06-09,48573.24,28780.36,4275.84,Rejected
2296,1869,220,Patient 220,1955-03-05,Male,B-,9716435189,patient220@email.com,18,Dr. Shruti Pandey,Gynecology,9131994523,dr18@caresync.hospital,2026-08-15,13:30,Completed,Follow-Up,Hypertension,2026-08-26,41607.54,39696.76,1689.81,Paid
2298,2099,3,Patient 3,1993-11-03,Other,B+,9880179899,patient3@email.com,7,Dr. Vikram Sharma,Neurology,9339670711,dr7@caresync.hospital,2026-10-02,17:00,Cancelled,Pain,Fever,2026-09-23,30529.48,1713.74,3640.06,Partially Paid
2300,2199,127,Patient 127,1966-01-03,Male,Ab+,9170525764,patient127@email.com,38,Dr. Faheem Ahmed,Gynecology,9914763202,dr38@caresync.hospital,2026-05-10,16:30,Scheduled,Routine,Headache,2026-08-11,48788.71,42146.55,196.11,Partially Paid
2302,2134,114,Patient 114,1965-06-10,Other,A-,9614302907,patient114@email.com,10,Dr. Neha Chopra,Radiology,9210053353,dr10@caresync.hospital,2026-04-14,10:30,Completed,Check-Up,Diabetes,2026-04-24,19393.3,19376.41,2900.2,Pending
2303,2007,365,Patient 365,1983-11-15,Female,O+,9488536370,patient365@email.com,1,Dr. Rajesh Kumar,Cardiology,9786579303,dr1@caresync.hospital,2026-08-28,17:30,Scheduled,Pain,Fever,2026-08-01,40538.79,30562.02,1753.02,Partially Paid
2307,27,142,Patient 142,1999-09-28,Male,O-,9750072069,patient142@email.com,24,Dr. Isha Menon,Pediatrics,9128492780,dr24@caresync.hospital,2026-08-22,11:30,Cancelled,Check-Up,Diabetes,2026-04-19,32148.26,23631.99,4228.99,Partially Paid
2307,1323,142,Patient 142,1999-09-28,Male,O-,9750072069,patient142@email.com,24,Dr. Isha Menon,Pediatrics,9128492780,dr24@caresync.hospital,2026-08-22,11:30,Cancelled,Check-Up,Diabetes,2026-05-27,49280.05,12448.41,83.85,Partially Paid
2309,2466,185,Patient 185,1991-06-15,Female,A+,9239710404,patient185@email.com,27,Dr. Harish Reddy,Neurology,9868820204,dr27@caresync.hospital,2026-09-10,15:30,Scheduled,Emergency,Cold,2026-06-11,3715.2,3694.22,4410.92,Pending
2313,188,170,Patient 170,1997-12-22,Female,A-,9501902658,patient170@email.com,14,Dr. Pooja Yadav,Pediatrics,9193349856,dr14@caresync.hospital,2026-09-21,13:00,Cancelled,Pain,Fever,2026-04-17,43065.96,36004.52,4498.5,Rejected
2313,1860,170,Patient 170,1997-12-22,Female,A-,9501902658,patient170@email.com,14,Dr. Pooja Yadav,Pediatrics,9193349856,dr14@caresync.hospital,2026-09-21,13:00,Cancelled,Pain,Fever,2026-04-29,27418.91,10871.38,2499.16,Rejected
2315,1370,246,Patient 246,1971-07-09,Other,O-,9106556040,patient246@email.com,33,Dr. Arjun Singh,Orthopedics,9582334538,dr33@caresync.hospital,2026-05-26,11:30,Scheduled,Routine,Headache,2026-07-12,38232.02,28567.84,182.75,Pending
2315,2293,246,Patient 246,1971-07-09,Other,O-,9106556040,patient246@email.com,33,Dr. Arjun Singh,Orthopedics,9582334538,dr33@caresync.hospital,2026-05-26,11:30,Scheduled,Routine,Headache,2026-05-22,38298.69,26834.56,479.3,Paid
2317,2177,229,Patient 229,1980-01-12,Male,O+,9824750726,patient229@email.com,13,Dr. Karan Sethi,Orthopedics,9685582861,dr13@caresync.hospital,2026-07-10,08:30,Completed,Check-Up,Diabetes,2026-08-05,24220.29,8044.41,305.05,Paid
2320,46,157,Patient 157,1954-05-12,Male,O+,9544328940,patient157@email.com,34,Dr. Bhavna Patel,Pediatrics,9732719211,dr34@caresync.hospital,2026-08-27,17:30,Completed,Routine,Headache,2026-08-10,39198.87,10210.12,2201.59,Pending
2320,1487,157,Patient 157,1954-05-12,Male,O+,9544328940,patient157@email.com,34,Dr. Bhavna Patel,Pediatrics,9732719211,dr34@caresync.hospital,2026-08-27,17:30,Completed,Routine,Headache,2026-09-01,31437.17,19011.28,2304.04,Partially Paid
2323,2452,56,Patient 56,1951-10-18,Female,Ab-,9973008988,patient56@email.com,8,Dr. Deepika Malhotra,Gynecology,9249827706,dr8@caresync.hospital,2026-08-03,09:30,Completed,Pain,Fever,2026-09-15,46930.01,3590.8,72.39,Rejected
2326,283,311,Patient 311,1968-02-27,Female,Ab+,9108253947,patient311@email.com,5,Dr. Sanjay Patel,Dermatology,9395310485,dr5@caresync.hospital,2026-08-04,13:00,Completed,Follow-Up,Hypertension,2026-05-29,37579.6,17536.61,1957.57,Partially Paid
2326,1901,311,Patient 311,1968-02-27,Female,Ab+,9108253947,patient311@email.com,5,Dr. Sanjay Patel,Dermatology,9395310485,dr5@caresync.hospital,2026-08-04,13:00,Completed,Follow-Up,Hypertension,2026-07-21,36194.63,7282.45,3395.9,Paid
2328,272,431,Patient 431,1964-12-03,Female,Ab+,9603500181,patient431@email.com,9,Dr. Rahul Gupta,Psychiatry,9890779946,dr9@caresync.hospital,2026-06-01,11:00,Cancelled,Pain,Fever,2026-08-11,43238.86,23809.91,2894.35,Rejected
2333,66,457,Patient 457,1968-01-27,Male,A+,9596832859,patient457@email.com,24,Dr. Isha Menon,Pediatrics,9128492780,dr24@caresync.hospital,2026-04-20,15:30,Scheduled,Pain,Fever,2026-07-25,29222.85,14168.96,2003.22,Pending
2334,1699,276,Patient 276,1977-03-24,Other,B-,9269017588,patient276@email.com,9,Dr. Rahul Gupta,Psychiatry,9890779946,dr9@caresync.hospital,2026-06-30,17:00,Cancelled,Emergency,Cold,2026-05-29,13157.75,4396.23,3731.93,Partially Paid
2335,2377,101,Patient 101,1988-01-20,Female,O+,9640992677,patient101@email.com,29,Dr. Manish Tandon,Psychiatry,9853041955,dr29@caresync.hospital,2026-04-10,11:00,Completed,Routine,Headache,2026-09-18,26305.16,15735.12,36.11,Paid
2336,1889,135,Patient 135,1959-09-02,Other,Ab+,9449165212,patient135@email.com,39,Dr. Gajendra Singh,Psychiatry,9965241839,dr39@caresync.hospital,2026-04-16,12:00,Scheduled,Follow-Up,Hypertension,2026-04-17,30373.61,2135.3,3258.17,Paid
2339,2090,321,Patient 321,1971-03-02,Other,A+,9228832213,patient321@email.com,12,Dr. Sneha Desai,General,9895285932,dr12@caresync.hospital,2026-06-08,14:00,Scheduled,Emergency,Cold,2026-09-17,23957.51,17525.87,4141.56,Pending
2340,7,40,Patient 40,1988-06-16,Male,Ab-,9122932394,patient40@email.com,20,Dr. Swati Iyer,Radiology,9334760738,dr20@caresync.hospital,2026-04-21,12:30,Cancelled,Routine,Headache,2026-07-03,42647.58,30441.49,3596.7,Partially Paid
2340,1530,40,Patient 40,1988-06-16,Male,Ab-,9122932394,patient40@email.com,20,Dr. Swati Iyer,Radiology,9334760738,dr20@caresync.hospital,2026-04-21,12:30,Cancelled,Routine,Headache,2026-05-13,25439.99,1624.1,3796.54,Pending
2340,1989,40,Patient 40,1988-06-16,Male,Ab-,9122932394,patient40@email.com,20,Dr. Swati Iyer,Radiology,9334760738,dr20@caresync.hospital,2026-04-21,12:30,Cancelled,Routine,Headache,2026-06-28,34130.17,18566.79,1689.2,Paid
2345,1385,435,Patient 435,1994-05-01,Other,B+,9955052486,patient435@email.com,10,Dr. Neha Chopra,Radiology,9210053353,dr10@caresync.hospital,2026-06-13,15:00,Scheduled,Routine,Headache,2026-08-01,17758.13,1632.92,4613.9,Paid
2346,1315,260,Patient 260,1957-03-10,Female,B-,9330997172,patient260@email.com,15,Dr. Ashok Singh,Dermatology,9734036506,dr15@caresync.hospital,2026-07-02,15:30,Cancelled,Follow-Up,Hypertension,2026-08-17,14868.24,7110.08,3084.47,Partially Paid
2346,1886,260,Patient 260,1957-03-10,Female,B-,9330997172,patient260@email.com,15,Dr. Ashok Singh,Dermatology,9734036506,dr15@caresync.hospital,2026-07-02,15:30,Cancelled,Follow-Up,Hypertension,2026-06-16,46679.01,36429.7,4535.49,Pending
2349,346,417,Patient 417,1982-10-11,Other,A+,9915911873,patient417@email.com,14,Dr. Pooja Yadav,Pediatrics,9193349856,dr14@caresync.hospital,2026-09-05,13:00,Cancelled,Emergency,Cold,2026-04-16,23270.47,21319.26,1767.41,Pending
2349,1700,417,Patient 417,1982-10-11,Other,A+,9915911873,patient417@email.com,14,Dr. Pooja Yadav,Pediatrics,9193349856,dr14@caresync.hospital,2026-09-05,13:00,Cancelled,Emergency,Cold,2026-08-04,36157.87,12980.79,588.36,Rejected
2355,367,109,Patient 109,1998-02-01,Male,O+,9423873102,patient109@email.com,2,Dr. Meena Joshi,General,9219540831,dr2@caresync.hospital,2026-05-27,13:00,Cancelled,Routine,Headache,2026-06-24,34255.44,18443.01,3270.97,Partially Paid
2355,622,109,Patient 109,1998-02-01,Male,O+,9423873102,patient109@email.com,2,Dr. Meena Joshi,General,9219540831,dr2@caresync.hospital,2026-05-27,13:00,Cancelled,Routine,Headache,2026-08-07,12690.6,1153.4,2840.23,Pending
2363,1997,242,Patient 242,1977-03-28,Female,A-,9918630985,patient242@email.com,38,Dr. Faheem Ahmed,Gynecology,9914763202,dr38@caresync.hospital,2026-04-10,13:00,Scheduled,Pain,Fever,2026-05-29,22382.51,3768.39,2831.39,Paid
2364,1216,335,Patient 335,1998-04-21,Female,Ab+,9817311263,patient335@email.com,4,Dr. Priya Singh,Pediatrics,9896233790,dr4@caresync.hospital,2026-09-10,12:30,Cancelled,Emergency,Cold,2026-07-17,10497.25,2896.93,3938.13,Rejected
2365,295,397,Patient 397,1979-09-05,Male,O+,9258580752,patient397@email.com,31,Dr. Vishal Kumar,Cardiology,9550455977,dr31@caresync.hospital,2026-05-06,17:00,Completed,Routine,Headache,2026-05-22,27545.76,13888.16,1458.32,Partially Paid
2367,1139,188,Patient 188,2000-12-06,Female,B-,9729712082,patient188@email.com,17,Dr. Nitin Saxena,Neurology,9134126396,dr17@caresync.hospital,2026-06-28,10:30,Cancelled,Check-Up,Diabetes,2026-05-30,45450.79,34725.2,2872.23,Partially Paid
2368,911,201,Patient 201,1994-01-25,Other,A+,9408839723,patient201@email.com,3,Dr. Amit Verma,Orthopedics,9126855092,dr3@caresync.hospital,2026-06-03,09:00,Completed,Pain,Fever,2026-08-28,12672.37,10877.21,2993.7,Partially Paid
2370,1224,457,Patient 457,1968-01-27,Male,A+,9596832859,patient457@email.com,20,Dr. Swati Iyer,Radiology,9334760738,dr20@caresync.hospital,2026-04-08,09:00,Cancelled,Routine,Headache,2026-06-24,27047.33,25649.55,1800.71,Rejected
2375,280,149,Patient 149,1965-05-06,Female,O+,9798916441,patient149@email.com,14,Dr. Pooja Yadav,Pediatrics,9193349856,dr14@caresync.hospital,2026-09-09,09:30,Scheduled,Routine,Headache,2026-06-13,33137.76,23362.29,367.45,Rejected
2375,1453,149,Patient 149,1965-05-06,Female,O+,9798916441,patient149@email.com,14,Dr. Pooja Yadav,Pediatrics,9193349856,dr14@caresync.hospital,2026-09-09,09:30,Scheduled,Routine,Headache,2026-07-03,32425.75,24182.44,1031.64,Paid
2379,1721,262,Patient 262,1969-10-22,Male,O-,9550791704,patient262@email.com,23,Dr. Varun Nayar,Orthopedics,9746412689,dr23@caresync.hospital,2026-08-18,16:00,Cancelled,Emergency,Cold,2026-09-24,28297.43,3680.7,2122.63,Paid
2382,2123,187,Patient 187,1963-09-16,Male,B+,9164404084,patient187@email.com,10,Dr. Neha Chopra,Radiology,9210053353,dr10@caresync.hospital,2026-09-29,12:00,Cancelled,Check-Up,Diabetes,2026-05-10,40638.61,26021.44,2235.09,Partially Paid
2383,1936,258,Patient 258,1973-03-20,Other,A-,9901131404,patient258@email.com,18,Dr. Shruti Pandey,Gynecology,9131994523,dr18@caresync.hospital,2026-06-26,11:00,Completed,Pain,Fever,2026-07-05,18868.73,11121.6,906.21,Rejected
2384,292,6,Patient 6,1960-08-13,Other,O-,9803217037,patient6@email.com,38,Dr. Faheem Ahmed,Gynecology,9914763202,dr38@caresync.hospital,2026-05-15,16:00,Scheduled,Emergency,Cold,2026-06-07,12200.03,1615.91,520.36,Rejected
2384,1558,6,Patient 6,1960-08-13,Other,O-,9803217037,patient6@email.com,38,Dr. Faheem Ahmed,Gynecology,9914763202,dr38@caresync.hospital,2026-05-15,16:00,Scheduled,Emergency,Cold,2026-06-05,33505.03,21882.3,861.51,Pending
2390,12,315,Patient 315,1958-05-02,Other,B+,9923935280,patient315@email.com,16,Dr. Divya Kumar,Ent,9553035110,dr16@caresync.hospital,2026-05-08,13:30,Scheduled,Routine,Headache,2026-08-31,19156.26,6340.83,2281.81,Rejected
2390,2476,315,Patient 315,1958-05-02,Other,B+,9923935280,patient315@email.com,16,Dr. Divya Kumar,Ent,9553035110,dr16@caresync.hospital,2026-05-08,13:30,Scheduled,Routine,Headache,2026-09-19,45510.27,4306.55,4936.83,Rejected
2398,2446,92,Patient 92,1984-01-24,Female,B-,9168244921,patient92@email.com,14,Dr. Pooja Yadav,Pediatrics,9193349856,dr14@caresync.hospital,2026-05-04,17:30,Completed,Pain,Fever,2026-08-26,41920.81,40406.18,1463.18,Pending
2402,1347,338,Patient 338,1961-09-03,Female,A-,9177390472,patient338@email.com,35,Dr. Chirag Joshi,Dermatology,9398704996,dr35@caresync.hospital,2026-05-15,14:00,Scheduled,Check-Up,Diabetes,2026-09-15,35813.3,9606.21,1343.19,Partially Paid
2408,94,248,Patient 248,1955-08-01,Female,Ab-,9253815116,patient248@email.com,24,Dr. Isha Menon,Pediatrics,9128492780,dr24@caresync.hospital,2026-05-10,17:30,Scheduled,Pain,Fever,2026-06-23,29323.71,20429.15,868.17,Pending
2409,1342,481,Patient 481,1993-07-28,Male,A+,9641755366,patient481@email.com,38,Dr. Faheem Ahmed,Gynecology,9914763202,dr38@caresync.hospital,2026-08-13,13:00,Cancelled,Emergency,Cold,2026-08-26,26438.75,9949.34,747.72,Pending
2413,1687,390,Patient 390,1985-07-03,Other,O-,9933468715,patient390@email.com,12,Dr. Sneha Desai,General,9895285932,dr12@caresync.hospital,2026-05-14,08:30,Completed,Pain,Fever,2026-08-28,40544.14,40250.47,2373.75,Partially Paid
2415,318,119,Patient 119,1985-05-22,Female,Ab+,9626422169,patient119@email.com,25,Dr. Sameer Khan,Dermatology,9702632297,dr25@caresync.hospital,2026-09-26,11:00,Cancelled,Routine,Headache,2026-06-08,40818.65,38134.58,2623.82,Pending
2415,1611,119,Patient 119,1985-05-22,Female,Ab+,9626422169,patient119@email.com,25,Dr. Sameer Khan,Dermatology,9702632297,dr25@caresync.hospital,2026-09-26,11:00,Cancelled,Routine,Headache,2026-08-02,39145.07,31071.6,2308.4,Partially Paid
2420,1593,22,Patient 22,1957-03-21,Male,O-,9836243579,patient22@email.com,27,Dr. Harish Reddy,Neurology,9868820204,dr27@caresync.hospital,2026-07-03,11:30,Scheduled,Routine,Headache,2026-08-10,23510.23,16651.07,2033.18,Paid
2422,1568,106,Patient 106,1965-05-13,Male,A-,9940983577,patient106@email.com,21,Dr. Aditya Mishra,Cardiology,9349817734,dr21@caresync.hospital,2026-08-22,08:00,Completed,Check-Up,Diabetes,2026-06-25,21896.64,19127.01,2182.54,Rejected
2423,1120,266,Patient 266,1956-12-25,Female,A-,9497341481,patient266@email.com,8,Dr. Deepika Malhotra,Gynecology,9249827706,dr8@caresync.hospital,2026-06-18,17:30,Scheduled,Pain,Fever,2026-06-15,10738.85,9692.5,3616.07,Rejected
2427,2306,199,Patient 199,1974-08-13,Male,Ab+,9874233009,patient199@email.com,9,Dr. Rahul Gupta,Psychiatry,9890779946,dr9@caresync.hospital,2026-07-20,13:00,Cancelled,Check-Up,Diabetes,2026-05-28,40215.36,34772.51,4841.46,Pending
2430,1531,233,Patient 233,1988-04-16,Female,A+,9753903309,patient233@email.com,19,Dr. Rohit Kapoor,Psychiatry,9200604502,dr19@caresync.hospital,2026-07-21,14:00,Cancelled,Routine,Headache,2026-05-02,48947.23,26981.96,1971.79,Partially Paid
2432,264,24,Patient 24,1988-02-13,Other,Ab-,9684615760,patient24@email.com,3,Dr. Amit Verma,Orthopedics,9126855092,dr3@caresync.hospital,2026-05-21,16:30,Scheduled,Check-Up,Diabetes,2026-05-13,35500.17,17707.08,2342.04,Rejected
2436,715,53,Patient 53,1973-08-17,Female,O+,9322433532,patient53@email.com,8,Dr. Deepika Malhotra,Gynecology,9249827706,dr8@caresync.hospital,2026-06-01,17:00,Cancelled,Follow-Up,Hypertension,2026-09-17,40149.63,36770.83,4943.15,Partially Paid
2437,2339,361,Patient 361,1986-10-01,Male,A+,9763706947,patient361@email.com,25,Dr. Sameer Khan,Dermatology,9702632297,dr25@caresync.hospital,2026-04-10,08:30,Completed,Check-Up,Diabetes,2026-06-13,17430.27,2263.32,2172.01,Partially Paid
2439,1158,267,Patient 267,1969-11-20,Other,B+,9434618074,patient267@email.com,30,Dr. Ananya Singh,Radiology,9685126461,dr30@caresync.hospital,2026-05-24,15:30,Cancelled,Emergency,Cold,2026-08-12,29065.32,9073.74,4792.05,Pending
2440,1916,325,Patient 325,1993-01-05,Male,O+,9562412302,patient325@email.com,39,Dr. Gajendra Singh,Psychiatry,9965241839,dr39@caresync.hospital,2026-07-06,17:00,Completed,Routine,Headache,2026-06-26,46028.01,36735.37,4280.66,Rejected
2442,1143,141,Patient 141,1992-02-12,Other,O+,9642831335,patient141@email.com,29,Dr. Manish Tandon,Psychiatry,9853041955,dr29@caresync.hospital,2026-05-20,13:00,Cancelled,Check-Up,Diabetes,2026-08-22,48471.61,42707.71,2740.3,Partially Paid
2444,2364,380,Patient 380,1953-04-17,Female,B-,9457629711,patient380@email.com,36,Dr. Deepak Nair,Ent,9969119330,dr36@caresync.hospital,2026-08-12,13:00,Scheduled,Emergency,Cold,2026-09-27,18221.37,2388.32,763.52,Rejected
2452,999,194,Patient 194,1962-03-01,Female,A-,9541102414,patient194@email.com,12,Dr. Sneha Desai,General,9895285932,dr12@caresync.hospital,2026-08-29,10:00,Completed,Check-Up,Diabetes,2026-06-27,20831.27,18264.12,742.99,Partially Paid
2453,788,188,Patient 188,2000-12-06,Female,B-,9729712082,patient188@email.com,1,Dr. Rajesh Kumar,Cardiology,9786579303,dr1@caresync.hospital,2026-07-20,09:00,Scheduled,Pain,Fever,2026-09-19,42492.01,26328.17,2120.44,Rejected
2453,2183,188,Patient 188,2000-12-06,Female,B-,9729712082,patient188@email.com,1,Dr. Rajesh Kumar,Cardiology,9786579303,dr1@caresync.hospital,2026-07-20,09:00,Scheduled,Pain,Fever,2026-07-24,25770.43,5174.82,625.04,Partially Paid
2457,2310,428,Patient 428,1981-09-02,Female,B-,9262089272,patient428@email.com,29,Dr. Manish Tandon,Psychiatry,9853041955,dr29@caresync.hospital,2026-05-16,17:30,Cancelled,Check-Up,Diabetes,2026-05-01,16806.43,6089.18,1315.37,Pending
2461,2274,193,Patient 193,1969-04-26,Male,A+,9231244840,patient193@email.com,10,Dr. Neha Chopra,Radiology,9210053353,dr10@caresync.hospital,2026-07-25,08:00,Completed,Follow-Up,Hypertension,2026-09-29,43403.34,13770.55,2199.44,Pending
2463,1461,465,Patient 465,1993-12-25,Other,A+,9713811693,patient465@email.com,26,Dr. Priyanka Verma,Ent,9313500298,dr26@caresync.hospital,2026-04-28,15:30,Cancelled,Pain,Fever,2026-06-29,38250.04,23865.95,1206.62,Paid
2464,2171,115,Patient 115,1960-08-27,Male,B+,9531233244,patient115@email.com,38,Dr. Faheem Ahmed,Gynecology,9914763202,dr38@caresync.hospital,2026-06-18,10:00,Completed,Emergency,Cold,2026-08-18,6078.39,921.43,17.46,Partially Paid
2465,460,265,Patient 265,1994-11-08,Male,A+,9269016920,patient265@email.com,7,Dr. Vikram Sharma,Neurology,9339670711,dr7@caresync.hospital,2026-09-15,17:00,Scheduled,Routine,Headache,2026-09-23,39243.2,27700.03,1648.06,Rejected
2473,1302,247,Patient 247,1998-07-09,Male,Ab+,9294782734,patient247@email.com,26,Dr. Priyanka Verma,Ent,9313500298,dr26@caresync.hospital,2026-06-10,16:30,Completed,Pain,Fever,2026-08-14,24296.21,14918.39,1550.81,Pending
2475,337,310,Patient 310,1987-09-20,Male,O-,9158821683,patient310@email.com,15,Dr. Ashok Singh,Dermatology,9734036506,dr15@caresync.hospital,2026-07-31,12:30,Cancelled,Routine,Headache,2026-09-27,29118.56,15717.91,3582.35,Paid
2476,720,4,Patient 4,1988-11-06,Male,B-,9265917699,patient4@email.com,28,Dr. Kavya Sharma,Gynecology,9797808098,dr28@caresync.hospital,2026-04-14,09:30,Completed,Follow-Up,Hypertension,2026-08-01,21308.74,11053.13,1257.38,Rejected
2481,1705,85,Patient 85,1974-01-13,Male,O+,9156263020,patient85@email.com,18,Dr. Shruti Pandey,Gynecology,9131994523,dr18@caresync.hospital,2026-08-13,13:30,Cancelled,Follow-Up,Hypertension,2026-09-22,13031.03,3773.87,3640.45,Paid
2486,1199,144,Patient 144,1959-04-28,Other,Ab-,9206492059,patient144@email.com,26,Dr. Priyanka Verma,Ent,9313500298,dr26@caresync.hospital,2026-04-09,10:30,Scheduled,Follow-Up,Hypertension,2026-06-08,28158.35,9043.17,4452.61,Partially Paid
2488,368,77,Patient 77,1967-08-08,Female,O+,9948239575,patient77@email.com,33,Dr. Arjun Singh,Orthopedics,9582334538,dr33@caresync.hospital,2026-08-16,13:30,Completed,Pain,Fever,2026-04-21,27759.84,17154.67,1154.57,Rejected
2488,1110,77,Patient 77,1967-08-08,Female,O+,9948239575,patient77@email.com,33,Dr. Arjun Singh,Orthopedics,9582334538,dr33@caresync.hospital,2026-08-16,13:30,Completed,Pain,Fever,2026-05-14,33946.91,2273.77,3634.48,Pending
2491,208,186,Patient 186,1978-08-22,Other,A-,9697398528,patient186@email.com,30,Dr. Ananya Singh,Radiology,9685126461,dr30@caresync.hospital,2026-04-19,13:30,Completed,Follow-Up,Hypertension,2026-10-01,32014.54,23742.41,2601.18,Rejected
2499,2383,416,Patient 416,1981-01-05,Female,Ab-,9705306363,patient416@email.com,2,Dr. Meena Joshi,General,9219540831,dr2@caresync.hospital,2026-06-15,09:30,Cancelled,Emergency,Cold,2026-09-15,33249.29,13439.66,3893.48,Partially Paid
2500,2482,170,Patient 170,1997-12-22,Female,A-,9501902658,patient170@email.com,7,Dr. Vikram Sharma,Neurology,9339670711,dr7@caresync.hospital,2026-06-29,09:00,Completed,Routine,Headache,2026-04-11,32328.71,11618.11,452.85,Pending
2501,2178,369,Patient 369,1972-07-11,Other,A+,9361259074,patient369@email.com,4,Dr. Priya Singh,Pediatrics,9896233790,dr4@caresync.hospital,2026-09-28,16:00,Scheduled,Follow-Up,Hypertension,2026-04-19,42165.09,20784.17,2187.32,Pending
2504,694,346,Patient 346,2000-11-19,Male,A-,9436146289,patient346@email.com,2,Dr. Meena Joshi,General,9219540831,dr2@caresync.hospital,2026-09-15,11:30,Scheduled,Emergency,Cold,2026-06-10,28997.59,12817.55,1189.46,Pending
2506,1460,246,Patient 246,1971-07-09,Other,O-,9106556040,patient246@email.com,25,Dr. Sameer Khan,Dermatology,9702632297,dr25@caresync.hospital,2026-09-03,13:30,Completed,Follow-Up,Hypertension,2026-07-06,30114.5,14944.8,3469.05,Rejected
2510,1297,332,Patient 332,1987-07-10,Female,B-,9637152602,patient332@email.com,20,Dr. Swati Iyer,Radiology,9334760738,dr20@caresync.hospital,2026-05-17,14:00,Scheduled,Routine,Headache,2026-06-04,6483.09,1659.52,4761.43,Paid
2517,948,294,Patient 294,1980-11-23,Other,O-,9222210617,patient294@email.com,30,Dr. Ananya Singh,Radiology,9685126461,dr30@caresync.hospital,2026-07-11,12:00,Cancelled,Check-Up,Diabetes,2026-06-25,43748.22,13605.67,1191.11,Rejected
2517,2051,294,Patient 294,1980-11-23,Other,O-,9222210617,patient294@email.com,30,Dr. Ananya Singh,Radiology,9685126461,dr30@caresync.hospital,2026-07-11,12:00,Cancelled,Check-Up,Diabetes,2026-08-13,27501.86,23028.96,1909.12,Partially Paid
2519,1462,83,Patient 83,1981-08-07,Female,B+,9287095435,patient83@email.com,19,Dr. Rohit Kapoor,Psychiatry,9200604502,dr19@caresync.hospital,2026-08-28,11:00,Scheduled,Emergency,Cold,2026-08-22,44889.71,41597.76,4726.61,Pending
2523,1295,21,Patient 21,1955-01-28,Other,O+,9206681214,patient21@email.com,17,Dr. Nitin Saxena,Neurology,9134126396,dr17@caresync.hospital,2026-09-09,09:00,Cancelled,Pain,Fever,2026-09-19,37471.33,12508.63,4556.66,Partially Paid
2527,749,29,Patient 29,1998-05-25,Female,O+,9396225446,patient29@email.com,35,Dr. Chirag Joshi,Dermatology,9398704996,dr35@caresync.hospital,2026-09-08,08:30,Completed,Check-Up,Diabetes,2026-04-17,40234.01,2086.72,132.07,Paid
2527,1208,29,Patient 29,1998-05-25,Female,O+,9396225446,patient29@email.com,35,Dr. Chirag Joshi,Dermatology,9398704996,dr35@caresync.hospital,2026-09-08,08:30,Completed,Check-Up,Diabetes,2026-05-17,48899.42,38225.72,1043.97,Rejected
2529,1808,133,Patient 133,1977-09-01,Male,O+,9688793237,patient133@email.com,3,Dr. Amit Verma,Orthopedics,9126855092,dr3@caresync.hospital,2026-08-21,13:00,Cancelled,Emergency,Cold,2026-07-27,34385.04,938.14,3558.56,Rejected
2530,1617,473,Patient 473,1961-04-05,Female,A+,9166436383,patient473@email.com,28,Dr. Kavya Sharma,Gynecology,9797808098,dr28@caresync.hospital,2026-05-23,12:30,Completed,Routine,Headache,2026-04-29,29716.45,29593.33,3840.02,Paid
2533,1409,491,Patient 491,1970-10-08,Female,B+,9754773573,patient491@email.com,29,Dr. Manish Tandon,Psychiatry,9853041955,dr29@caresync.hospital,2026-06-01,15:00,Completed,Pain,Fever,2026-06-19,49255.08,33361.56,3943.57,Paid
2537,1744,289,Patient 289,1988-12-09,Male,A+,9544726404,patient289@email.com,30,Dr. Ananya Singh,Radiology,9685126461,dr30@caresync.hospital,2026-04-08,14:00,Scheduled,Check-Up,Diabetes,2026-09-04,44249.18,40527.7,328.51,Rejected
2539,194,10,Patient 10,1952-06-13,Male,A-,9761051532,patient10@email.com,3,Dr. Amit Verma,Orthopedics,9126855092,dr3@caresync.hospital,2026-07-24,15:00,Completed,Emergency,Cold,2026-05-31,38739.5,18868.63,874.02,Pending
2539,433,10,Patient 10,1952-06-13,Male,A-,9761051532,patient10@email.com,3,Dr. Amit Verma,Orthopedics,9126855092,dr3@caresync.hospital,2026-07-24,15:00,Completed,Emergency,Cold,2026-09-26,42358.79,9394.92,1657.08,Paid
2539,875,10,Patient 10,1952-06-13,Male,A-,9761051532,patient10@email.com,3,Dr. Amit Verma,Orthopedics,9126855092,dr3@caresync.hospital,2026-07-24,15:00,Completed,Emergency,Cold,2026-07-21,38534.79,6801.65,2839.34,Partially Paid
2539,1380,10,Patient 10,1952-06-13,Male,A-,9761051532,patient10@email.com,3,Dr. Amit Verma,Orthopedics,9126855092,dr3@caresync.hospital,2026-07-24,15:00,Completed,Emergency,Cold,2026-05-10,41525.8,4998.31,3345.97,Rejected
2540,2467,450,Patient 450,1978-06-19,Other,A-,9182389284,patient450@email.com,12,Dr. Sneha Desai,General,9895285932,dr12@caresync.hospital,2026-05-16,14:00,Scheduled,Routine,Headache,2026-05-28,10029.76,5330.85,3721.0,Partially Paid
2543,1523,339,Patient 339,1960-01-14,Other,B+,9526351920,patient339@email.com,11,Dr. Arjun Bhat,Cardiology,9826600539,dr11@caresync.hospital,2026-09-09,16:00,Scheduled,Pain,Fever,2026-08-11,33879.99,21890.24,4045.03,Partially Paid
2546,567,485,Patient 485,1979-06-22,Female,O+,9366012797,patient485@email.com,9,Dr. Rahul Gupta,Psychiatry,9890779946,dr9@caresync.hospital,2026-07-15,14:30,Scheduled,Follow-Up,Hypertension,2026-09-01,49947.28,6174.89,4675.21,Partially Paid
2552,719,445,Patient 445,1959-04-15,Male,O+,9140380477,patient445@email.com,32,Dr. Anjum Fatima,General,9336696312,dr32@caresync.hospital,2026-05-16,10:00,Scheduled,Check-Up,Diabetes,2026-04-27,19731.11,16569.06,567.73,Partially Paid
2555,574,113,Patient 113,1958-06-03,Female,A+,9165310776,patient113@email.com,37,Dr. Ekta Roy,Neurology,9106977991,dr37@caresync.hospital,2026-06-04,15:30,Scheduled,Routine,Headache,2026-05-08,48070.41,24961.07,2595.24,Pending
2556,1427,426,Patient 426,1984-07-11,Other,A-,9773469560,patient426@email.com,31,Dr. Vishal Kumar,Cardiology,9550455977,dr31@caresync.hospital,2026-05-06,17:30,Cancelled,Follow-Up,Hypertension,2026-06-03,29816.11,13209.83,1141.32,Partially Paid
2560,2325,407,Patient 407,1980-06-11,Female,Ab+,9915133660,patient407@email.com,33,Dr. Arjun Singh,Orthopedics,9582334538,dr33@caresync.hospital,2026-04-12,10:30,Completed,Routine,Headache,2026-07-10,48400.45,29008.06,1861.47,Paid
2560,2442,407,Patient 407,1980-06-11,Female,Ab+,9915133660,patient407@email.com,33,Dr. Arjun Singh,Orthopedics,9582334538,dr33@caresync.hospital,2026-04-12,10:30,Completed,Routine,Headache,2026-09-10,49269.86,25838.22,3354.48,Pending
2562,210,421,Patient 421,1991-03-03,Male,O+,9706118438,patient421@email.com,26,Dr. Priyanka Verma,Ent,9313500298,dr26@caresync.hospital,2026-08-26,08:30,Cancelled,Check-Up,Diabetes,2026-09-10,45293.08,19364.56,1241.56,Pending
2564,528,94,Patient 94,1987-08-17,Male,O-,9581331845,patient94@email.com,32,Dr. Anjum Fatima,General,9336696312,dr32@caresync.hospital,2026-09-02,14:00,Scheduled,Emergency,Cold,2026-09-29,35525.54,15643.1,4742.97,Rejected
2569,484,86,Patient 86,1966-08-10,Female,O-,9236105947,patient86@email.com,19,Dr. Rohit Kapoor,Psychiatry,9200604502,dr19@caresync.hospital,2026-09-21,10:30,Completed,Emergency,Cold,2026-07-26,22088.92,9453.93,2717.84,Rejected
2574,446,233,Patient 233,1988-04-16,Female,A+,9753903309,patient233@email.com,3,Dr. Amit Verma,Orthopedics,9126855092,dr3@caresync.hospital,2026-05-02,09:00,Cancelled,Emergency,Cold,2026-04-10,33729.34,31884.77,1749.21,Pending
2574,1587,233,Patient 233,1988-04-16,Female,A+,9753903309,patient233@email.com,3,Dr. Amit Verma,Orthopedics,9126855092,dr3@caresync.hospital,2026-05-02,09:00,Cancelled,Emergency,Cold,2026-06-17,12470.96,323.07,4565.49,Partially Paid
2577,2262,36,Patient 36,1990-09-20,Other,B-,9327746886,patient36@email.com,23,Dr. Varun Nayar,Orthopedics,9746412689,dr23@caresync.hospital,2026-08-19,15:30,Cancelled,Check-Up,Diabetes,2026-08-22,43330.24,25342.05,4436.19,Pending
2579,1515,194,Patient 194,1962-03-01,Female,A-,9541102414,patient194@email.com,2,Dr. Meena Joshi,General,9219540831,dr2@caresync.hospital,2026-07-06,08:30,Scheduled,Emergency,Cold,2026-08-17,45612.35,24850.12,371.53,Partially Paid
2582,2341,56,Patient 56,1951-10-18,Female,Ab-,9973008988,patient56@email.com,7,Dr. Vikram Sharma,Neurology,9339670711,dr7@caresync.hospital,2026-07-23,08:30,Scheduled,Check-Up,Diabetes,2026-08-30,13980.29,14045.18,3246.75,Paid
2584,2254,104,Patient 104,1970-05-07,Female,Ab-,9146562851,patient104@email.com,23,Dr. Varun Nayar,Orthopedics,9746412689,dr23@caresync.hospital,2026-06-17,09:00,Completed,Emergency,Cold,2026-05-28,33314.02,32964.76,1022.07,Pending
2586,2298,441,Patient 441,1961-03-06,Other,A+,9179661615,patient441@email.com,27,Dr. Harish Reddy,Neurology,9868820204,dr27@caresync.hospital,2026-08-07,13:30,Cancelled,Follow-Up,Hypertension,2026-05-17,17728.92,11735.27,3343.59,Pending
2587,448,466,Patient 466,1992-11-27,Male,A-,9799905142,patient466@email.com,23,Dr. Varun Nayar,Orthopedics,9746412689,dr23@caresync.hospital,2026-07-18,14:00,Completed,Check-Up,Diabetes,2026-04-16,46990.96,24447.97,286.33,Rejected
2596,810,244,Patient 244,1966-07-11,Male,B-,9464883950,patient244@email.com,20,Dr. Swati Iyer,Radiology,9334760738,dr20@caresync.hospital,2026-09-15,09:00,Completed,Follow-Up,Hypertension,2026-05-12,46416.75,21338.4,1264.26,Pending
2597,515,462,Patient 462,1968-04-20,Other,O-,9144047803,patient462@email.com,8,Dr. Deepika Malhotra,Gynecology,9249827706,dr8@caresync.hospital,2026-08-04,11:00,Scheduled,Check-Up,Diabetes,2026-05-06,27619.44,9490.47,2058.39,Partially Paid
2602,1948,402,Patient 402,2000-09-09,Other,A-,9311818984,patient402@email.com,21,Dr. Aditya Mishra,Cardiology,9349817734,dr21@caresync.hospital,2026-09-13,09:30,Completed,Check-Up,Diabetes,2026-06-04,10554.6,10409.57,4845.93,Rejected
2604,1678,258,Patient 258,1973-03-20,Other,A-,9901131404,patient258@email.com,30,Dr. Ananya Singh,Radiology,9685126461,dr30@caresync.hospital,2026-05-16,12:00,Cancelled,Emergency,Cold,2026-07-22,21461.99,8540.51,3817.21,Pending
2606,758,61,Patient 61,1971-02-17,Male,O+,9946799779,patient61@email.com,37,Dr. Ekta Roy,Neurology,9106977991,dr37@caresync.hospital,2026-10-02,15:00,Scheduled,Follow-Up,Hypertension,2026-06-11,38456.22,24760.45,4697.89,Pending
2610,614,67,Patient 67,1976-04-04,Male,B+,9680051935,patient67@email.com,2,Dr. Meena Joshi,General,9219540831,dr2@caresync.hospital,2026-08-31,10:30,Cancelled,Routine,Headache,2026-05-31,36451.35,4418.62,2130.22,Pending
2612,1659,309,Patient 309,1980-05-24,Other,O+,9743520276,patient309@email.com,38,Dr. Faheem Ahmed,Gynecology,9914763202,dr38@caresync.hospital,2026-05-30,10:00,Scheduled,Check-Up,Diabetes,2026-08-18,30235.97,18328.7,4628.85,Partially Paid
2613,1570,277,Patient 277,1983-11-09,Male,O+,9910069356,patient277@email.com,2,Dr. Meena Joshi,General,9219540831,dr2@caresync.hospital,2026-05-26,16:00,Cancelled,Pain,Fever,2026-06-14,41624.72,12690.42,4177.48,Pending
2618,583,397,Patient 397,1979-09-05,Male,O+,9258580752,patient397@email.com,21,Dr. Aditya Mishra,Cardiology,9349817734,dr21@caresync.hospital,2026-09-03,13:00,Scheduled,Pain,Fever,2026-07-28,49033.04,9677.64,3259.81,Partially Paid
2620,996,333,Patient 333,1986-10-02,Other,O+,9699924859,patient333@email.com,7,Dr. Vikram Sharma,Neurology,9339670711,dr7@caresync.hospital,2026-10-01,08:30,Completed,Routine,Headache,2026-04-27,46552.44,26827.98,140.39,Rejected
2626,1485,23,Patient 23,1960-11-14,Female,Ab+,9494422907,patient23@email.com,33,Dr. Arjun Singh,Orthopedics,9582334538,dr33@caresync.hospital,2026-05-21,10:30,Completed,Follow-Up,Hypertension,2026-07-23,47194.59,25373.53,2455.01,Paid
2626,2221,23,Patient 23,1960-11-14,Female,Ab+,9494422907,patient23@email.com,33,Dr. Arjun Singh,Orthopedics,9582334538,dr33@caresync.hospital,2026-05-21,10:30,Completed,Follow-Up,Hypertension,2026-09-09,6641.82,888.01,3002.4,Paid
2628,114,272,Patient 272,1971-01-28,Female,Ab-,9740190407,patient272@email.com,11,Dr. Arjun Bhat,Cardiology,9826600539,dr11@caresync.hospital,2026-08-03,10:00,Cancelled,Pain,Fever,2026-08-04,20624.03,19609.45,4737.79,Pending
2630,704,118,Patient 118,1950-11-27,Male,O-,9215923129,patient118@email.com,20,Dr. Swati Iyer,Radiology,9334760738,dr20@caresync.hospital,2026-05-22,15:00,Scheduled,Routine,Headache,2026-09-14,38098.24,35564.9,1228.34,Rejected
2630,2344,118,Patient 118,1950-11-27,Male,O-,9215923129,patient118@email.com,20,Dr. Swati Iyer,Radiology,9334760738,dr20@caresync.hospital,2026-05-22,15:00,Scheduled,Routine,Headache,2026-05-13,9620.68,5182.23,184.12,Rejected
2634,1807,405,Patient 405,1992-08-28,Other,O+,9264142683,patient405@email.com,32,Dr. Anjum Fatima,General,9336696312,dr32@caresync.hospital,2026-05-02,10:00,Cancelled,Emergency,Cold,2026-06-25,34489.9,26697.05,2398.04,Partially Paid
2638,386,302,Patient 302,1971-06-23,Female,O-,9622517939,patient302@email.com,19,Dr. Rohit Kapoor,Psychiatry,9200604502,dr19@caresync.hospital,2026-05-23,12:30,Completed,Pain,Fever,2026-07-03,48617.11,26751.5,1981.98,Pending
2641,2031,465,Patient 465,1993-12-25,Other,A+,9713811693,patient465@email.com,20,Dr. Swati Iyer,Radiology,9334760738,dr20@caresync.hospital,2026-09-15,14:00,Completed,Follow-Up,Hypertension,2026-08-07,34399.78,3721.67,2801.84,Partially Paid
2643,1445,429,Patient 429,1989-02-08,Other,O+,9572191734,patient429@email.com,26,Dr. Priyanka Verma,Ent,9313500298,dr26@caresync.hospital,2026-08-31,09:30,Cancelled,Pain,Fever,2026-08-17,38401.66,36268.09,2964.12,Paid
2643,2228,429,Patient 429,1989-02-08,Other,O+,9572191734,patient429@email.com,26,Dr. Priyanka Verma,Ent,9313500298,dr26@caresync.hospital,2026-08-31,09:30,Cancelled,Pain,Fever,2026-05-22,32774.18,15704.6,4718.38,Rejected
2650,2296,245,Patient 245,1963-08-11,Female,O+,9476908532,patient245@email.com,22,Dr. Riya Bhat,General,9642621108,dr22@caresync.hospital,2026-08-22,13:30,Completed,Routine,Headache,2026-07-15,4304.56,3524.83,3957.75,Rejected
2651,1729,393,Patient 393,1959-08-23,Other,A+,9881017363,patient393@email.com,18,Dr. Shruti Pandey,Gynecology,9131994523,dr18@caresync.hospital,2026-07-01,11:30,Scheduled,Follow-Up,Hypertension,2026-08-11,41690.19,7469.73,1984.51,Paid
2651,2056,393,Patient 393,1959-08-23,Other,A+,9881017363,patient393@email.com,18,Dr. Shruti Pandey,Gynecology,9131994523,dr18@caresync.hospital,2026-07-01,11:30,Scheduled,Follow-Up,Hypertension,2026-04-26,8868.42,1198.93,1205.59,Rejected
2653,1947,466,Patient 466,1992-11-27,Male,A-,9799905142,patient466@email.com,37,Dr. Ekta Roy,Neurology,9106977991,dr37@caresync.hospital,2026-07-10,12:30,Completed,Pain,Fever,2026-05-11,42616.56,41912.86,3476.56,Partially Paid
2654,2098,440,Patient 440,1986-11-26,Female,Ab-,9644748834,patient440@email.com,34,Dr. Bhavna Patel,Pediatrics,9732719211,dr34@caresync.hospital,2026-04-14,17:30,Scheduled,Emergency,Cold,2026-06-02,26890.08,8804.86,2029.33,Pending
2659,2385,279,Patient 279,1980-08-14,Other,Ab+,9153432064,patient279@email.com,5,Dr. Sanjay Patel,Dermatology,9395310485,dr5@caresync.hospital,2026-07-20,17:00,Completed,Emergency,Cold,2026-06-09,39518.87,36282.2,991.93,Paid
2665,2234,381,Patient 381,1973-10-25,Other,O+,9936571442,patient381@email.com,21,Dr. Aditya Mishra,Cardiology,9349817734,dr21@caresync.hospital,2026-04-26,14:30,Completed,Routine,Headache,2026-09-28,41907.3,17961.31,4476.05,Pending
2667,2342,4,Patient 4,1988-11-06,Male,B-,9265917699,patient4@email.com,27,Dr. Harish Reddy,Neurology,9868820204,dr27@caresync.hospital,2026-06-26,16:30,Cancelled,Check-Up,Diabetes,2026-05-17,41764.53,9900.21,2023.93,Pending
2671,1404,267,Patient 267,1969-11-20,Other,B+,9434618074,patient267@email.com,33,Dr. Arjun Singh,Orthopedics,9582334538,dr33@caresync.hospital,2026-05-26,14:30,Completed,Follow-Up,Hypertension,2026-06-18,41001.0,5765.17,519.99,Rejected
2672,1030,4,Patient 4,1988-11-06,Male,B-,9265917699,patient4@email.com,30,Dr. Ananya Singh,Radiology,9685126461,dr30@caresync.hospital,2026-09-25,08:00,Scheduled,Check-Up,Diabetes,2026-09-28,30887.5,2215.57,3315.53,Pending
2674,397,336,Patient 336,1963-05-22,Other,Ab-,9965650861,patient336@email.com,12,Dr. Sneha Desai,General,9895285932,dr12@caresync.hospital,2026-04-29,15:30,Completed,Emergency,Cold,2026-09-07,27502.02,12181.8,1869.08,Paid
2679,2240,210,Patient 210,1996-09-14,Other,A-,9805165232,patient210@email.com,32,Dr. Anjum Fatima,General,9336696312,dr32@caresync.hospital,2026-04-30,15:00,Cancelled,Emergency,Cold,2026-09-06,22715.39,16365.32,2898.65,Rejected
2681,37,55,Patient 55,1964-02-11,Male,Ab+,9331875999,patient55@email.com,30,Dr. Ananya Singh,Radiology,9685126461,dr30@caresync.hospital,2026-07-12,14:30,Scheduled,Follow-Up,Hypertension,2026-05-30,46002.69,14398.51,1303.87,Paid
2688,1151,438,Patient 438,1973-07-05,Other,O-,9160314355,patient438@email.com,34,Dr. Bhavna Patel,Pediatrics,9732719211,dr34@caresync.hospital,2026-06-24,10:00,Cancelled,Pain,Fever,2026-09-07,35912.06,21847.65,3044.25,Partially Paid
2690,682,217,Patient 217,1978-02-23,Male,A+,9223357166,patient217@email.com,24,Dr. Isha Menon,Pediatrics,9128492780,dr24@caresync.hospital,2026-10-02,08:00,Scheduled,Routine,Headache,2026-06-03,28136.4,13972.11,649.48,Pending
2693,185,314,Patient 314,1950-12-18,Female,A-,9326810757,patient314@email.com,16,Dr. Divya Kumar,Ent,9553035110,dr16@caresync.hospital,2026-06-01,12:30,Scheduled,Pain,Fever,2026-06-10,12541.22,9793.12,3292.95,Paid
2696,2238,204,Patient 204,1994-09-15,Other,B-,9477577220,patient204@email.com,28,Dr. Kavya Sharma,Gynecology,9797808098,dr28@caresync.hospital,2026-05-22,16:30,Scheduled,Follow-Up,Hypertension,2026-06-12,44772.31,16841.19,883.57,Pending
2698,1653,105,Patient 105,1992-12-11,Other,A+,9880871219,patient105@email.com,21,Dr. Aditya Mishra,Cardiology,9349817734,dr21@caresync.hospital,2026-08-26,08:30,Completed,Pain,Fever,2026-07-23,31465.42,7960.54,1167.52,Paid
2698,1829,105,Patient 105,1992-12-11,Other,A+,9880871219,patient105@email.com,21,Dr. Aditya Mishra,Cardiology,9349817734,dr21@caresync.hospital,2026-08-26,08:30,Completed,Pain,Fever,2026-06-10,45352.48,29694.97,563.7,Paid
2698,2202,105,Patient 105,1992-12-11,Other,A+,9880871219,patient105@email.com,21,Dr. Aditya Mishra,Cardiology,9349817734,dr21@caresync.hospital,2026-08-26,08:30,Completed,Pain,Fever,2026-04-09,47769.87,31554.87,2163.4,Pending
2700,1764,283,Patient 283,1965-08-19,Male,B+,9575788930,patient283@email.com,14,Dr. Pooja Yadav,Pediatrics,9193349856,dr14@caresync.hospital,2026-09-03,14:00,Cancelled,Routine,Headache,2026-04-21,26834.58,20602.27,26.02,Rejected
2700,1981,283,Patient 283,1965-08-19,Male,B+,9575788930,patient283@email.com,14,Dr. Pooja Yadav,Pediatrics,9193349856,dr14@caresync.hospital,2026-09-03,14:00,Cancelled,Routine,Headache,2026-06-20,41094.8,7615.63,265.1,Paid
2703,2290,248,Patient 248,1955-08-01,Female,Ab-,9253815116,patient248@email.com,19,Dr. Rohit Kapoor,Psychiatry,9200604502,dr19@caresync.hospital,2026-08-26,17:30,Cancelled,Pain,Fever,2026-07-14,48912.47,48854.05,1535.82,Pending
2712,2355,177,Patient 177,1994-05-18,Other,A+,9191659287,patient177@email.com,13,Dr. Karan Sethi,Orthopedics,9685582861,dr13@caresync.hospital,2026-06-17,12:30,Cancelled,Check-Up,Diabetes,2026-08-25,5761.54,5792.21,2917.88,Partially Paid
2714,579,362,Patient 362,1998-11-27,Female,A-,9594025283,patient362@email.com,16,Dr. Divya Kumar,Ent,9553035110,dr16@caresync.hospital,2026-05-20,15:00,Scheduled,Emergency,Cold,2026-05-05,39012.45,30914.16,4816.18,Partially Paid
2719,1677,443,Patient 443,1974-10-22,Female,B+,9595792218,patient443@email.com,28,Dr. Kavya Sharma,Gynecology,9797808098,dr28@caresync.hospital,2026-06-14,17:30,Completed,Emergency,Cold,2026-07-28,32734.81,12643.12,794.44,Paid
2722,98,383,Patient 383,1998-01-07,Female,Ab+,9182011731,patient383@email.com,13,Dr. Karan Sethi,Orthopedics,9685582861,dr13@caresync.hospital,2026-07-06,14:30,Completed,Check-Up,Diabetes,2026-08-02,21940.14,1112.45,3918.86,Pending
2723,353,118,Patient 118,1950-11-27,Male,O-,9215923129,patient118@email.com,11,Dr. Arjun Bhat,Cardiology,9826600539,dr11@caresync.hospital,2026-06-15,13:00,Scheduled,Pain,Fever,2026-09-07,41122.64,20418.13,3092.22,Paid
2725,1367,401,Patient 401,2000-07-11,Female,A+,9374843786,patient401@email.com,9,Dr. Rahul Gupta,Psychiatry,9890779946,dr9@caresync.hospital,2026-07-05,15:00,Completed,Routine,Headache,2026-09-12,14583.44,7527.09,4196.09,Partially Paid
2729,1563,52,Patient 52,1975-11-21,Male,B-,9695076080,patient52@email.com,36,Dr. Deepak Nair,Ent,9969119330,dr36@caresync.hospital,2026-07-24,11:00,Scheduled,Emergency,Cold,2026-06-15,32174.07,6827.01,4956.45,Partially Paid
2730,865,110,Patient 110,1979-10-19,Female,O-,9591819409,patient110@email.com,12,Dr. Sneha Desai,General,9895285932,dr12@caresync.hospital,2026-09-24,13:30,Cancelled,Routine,Headache,2026-05-19,39799.13,29288.53,2767.03,Paid
2736,947,282,Patient 282,1955-05-15,Other,A-,9392168202,patient282@email.com,21,Dr. Aditya Mishra,Cardiology,9349817734,dr21@caresync.hospital,2026-08-24,09:30,Cancelled,Follow-Up,Hypertension,2026-09-21,34996.08,28518.23,3423.56,Partially Paid
2736,1513,282,Patient 282,1955-05-15,Other,A-,9392168202,patient282@email.com,21,Dr. Aditya Mishra,Cardiology,9349817734,dr21@caresync.hospital,2026-08-24,09:30,Cancelled,Follow-Up,Hypertension,2026-05-22,42416.81,20313.39,4785.35,Paid
2747,634,412,Patient 412,1999-07-02,Male,B-,9774254861,patient412@email.com,37,Dr. Ekta Roy,Neurology,9106977991,dr37@caresync.hospital,2026-04-13,10:00,Scheduled,Check-Up,Diabetes,2026-09-01,41369.28,39158.78,4311.09,Pending
2751,998,242,Patient 242,1977-03-28,Female,A-,9918630985,patient242@email.com,38,Dr. Faheem Ahmed,Gynecology,9914763202,dr38@caresync.hospital,2026-05-29,11:00,Cancelled,Follow-Up,Hypertension,2026-08-14,23728.45,17619.88,1861.12,Pending
2753,1942,308,Patient 308,1962-04-24,Female,B-,9524410834,patient308@email.com,17,Dr. Nitin Saxena,Neurology,9134126396,dr17@caresync.hospital,2026-09-01,17:00,Scheduled,Pain,Fever,2026-08-19,29728.27,12313.67,1468.42,Pending
2755,2333,46,Patient 46,1958-03-22,Male,O-,9945011302,patient46@email.com,6,Dr. Anjali Nair,Ent,9362950628,dr6@caresync.hospital,2026-09-07,16:30,Completed,Routine,Headache,2026-08-24,49959.93,15188.69,1814.03,Paid
2757,2128,135,Patient 135,1959-09-02,Other,Ab+,9449165212,patient135@email.com,39,Dr. Gajendra Singh,Psychiatry,9965241839,dr39@caresync.hospital,2026-09-02,12:00,Cancelled,Check-Up,Diabetes,2026-04-09,42399.64,12765.16,2560.58,Rejected
2767,1588,315,Patient 315,1958-05-02,Other,B+,9923935280,patient315@email.com,7,Dr. Vikram Sharma,Neurology,9339670711,dr7@caresync.hospital,2026-06-17,11:00,Completed,Check-Up,Diabetes,2026-09-07,16240.56,12379.06,442.7,Rejected
2774,653,30,Patient 30,1991-06-04,Other,O-,9303805386,patient30@email.com,38,Dr. Faheem Ahmed,Gynecology,9914763202,dr38@caresync.hospital,2026-06-02,16:00,Scheduled,Emergency,Cold,2026-05-16,47189.5,45029.0,1532.92,Paid
2779,2208,328,Patient 328,1985-07-20,Male,Ab-,9508244633,patient328@email.com,8,Dr. Deepika Malhotra,Gynecology,9249827706,dr8@caresync.hospital,2026-08-26,14:00,Completed,Emergency,Cold,2026-07-07,19473.44,659.48,610.86,Rejected
2783,1121,104,Patient 104,1970-05-07,Female,Ab-,9146562851,patient104@email.com,31,Dr. Vishal Kumar,Cardiology,9550455977,dr31@caresync.hospital,2026-07-25,17:30,Scheduled,Pain,Fever,2026-08-18,931.99,365.07,992.8,Paid
2785,2073,337,Patient 337,1955-03-08,Male,A+,9480284107,patient337@email.com,18,Dr. Shruti Pandey,Gynecology,9131994523,dr18@caresync.hospital,2026-07-29,15:00,Completed,Routine,Headache,2026-10-03,32601.39,10356.2,3608.06,Paid
2788,2348,266,Patient 266,1956-12-25,Female,A-,9497341481,patient266@email.com,31,Dr. Vishal Kumar,Cardiology,9550455977,dr31@caresync.hospital,2026-04-17,10:00,Completed,Pain,Fever,2026-05-17,42230.62,5178.43,2087.76,Rejected
2793,1150,307,Patient 307,1998-12-06,Male,B+,9336779871,patient307@email.com,3,Dr. Amit Verma,Orthopedics,9126855092,dr3@caresync.hospital,2026-04-08,14:30,Cancelled,Pain,Fever,2026-08-01,45031.7,38708.97,3415.44,Pending
2798,1416,315,Patient 315,1958-05-02,Other,B+,9923935280,patient315@email.com,25,Dr. Sameer Khan,Dermatology,9702632297,dr25@caresync.hospital,2026-05-06,10:30,Scheduled,Pain,Fever,2026-07-24,47149.36,35720.31,4207.04,Rejected
2801,747,19,Patient 19,1975-06-08,Male,B+,9353524015,patient19@email.com,8,Dr. Deepika Malhotra,Gynecology,9249827706,dr8@caresync.hospital,2026-08-27,17:30,Scheduled,Follow-Up,Hypertension,2026-08-09,43054.22,7713.12,1184.28,Partially Paid
2807,1259,81,Patient 81,1950-02-25,Other,A+,9447646966,patient81@email.com,26,Dr. Priyanka Verma,Ent,9313500298,dr26@caresync.hospital,2026-07-26,15:00,Scheduled,Check-Up,Diabetes,2026-05-22,10623.17,7219.06,940.27,Partially Paid
2807,1771,81,Patient 81,1950-02-25,Other,A+,9447646966,patient81@email.com,26,Dr. Priyanka Verma,Ent,9313500298,dr26@caresync.hospital,2026-07-26,15:00,Scheduled,Check-Up,Diabetes,2026-07-21,49297.67,15018.96,706.87,Partially Paid
2808,288,45,Patient 45,1954-09-25,Other,O+,9235209737,patient45@email.com,17,Dr. Nitin Saxena,Neurology,9134126396,dr17@caresync.hospital,2026-08-16,08:00,Cancelled,Pain,Fever,2026-06-23,36671.09,32587.03,4806.5,Rejected
2812,243,181,Patient 181,1986-05-13,Male,O+,9899496315,patient181@email.com,20,Dr. Swati Iyer,Radiology,9334760738,dr20@caresync.hospital,2026-04-30,11:00,Completed,Check-Up,Diabetes,2026-10-01,18858.07,6795.24,3440.48,Partially Paid
2814,2161,203,Patient 203,1977-04-06,Female,B+,9435489452,patient203@email.com,11,Dr. Arjun Bhat,Cardiology,9826600539,dr11@caresync.hospital,2026-09-11,15:30,Cancelled,Emergency,Cold,2026-04-27,47595.69,1618.62,2354.46,Paid
2816,1133,301,Patient 301,1977-12-18,Male,O+,9736873048,patient301@email.com,21,Dr. Aditya Mishra,Cardiology,9349817734,dr21@caresync.hospital,2026-06-29,15:30,Scheduled,Follow-Up,Hypertension,2026-06-17,41780.2,23989.2,3313.49,Paid
2819,1904,8,Patient 8,1985-04-22,Female,Ab-,9995171130,patient8@email.com,18,Dr. Shruti Pandey,Gynecology,9131994523,dr18@caresync.hospital,2026-07-18,14:00,Scheduled,Emergency,Cold,2026-06-09,45925.42,36877.28,2927.38,Rejected
2826,733,146,Patient 146,1951-03-24,Female,A-,9853529912,patient146@email.com,7,Dr. Vikram Sharma,Neurology,9339670711,dr7@caresync.hospital,2026-06-04,13:30,Cancelled,Follow-Up,Hypertension,2026-06-05,44996.46,33041.48,2985.33,Paid
2828,799,425,Patient 425,1971-11-28,Female,A+,9447042200,patient425@email.com,17,Dr. Nitin Saxena,Neurology,9134126396,dr17@caresync.hospital,2026-05-27,09:30,Scheduled,Pain,Fever,2026-09-03,44146.44,16732.26,3027.46,Partially Paid
2833,1099,178,Patient 178,1958-04-14,Male,A-,9200105056,patient178@email.com,39,Dr. Gajendra Singh,Psychiatry,9965241839,dr39@caresync.hospital,2026-09-06,08:00,Completed,Pain,Fever,2026-09-26,33956.51,21211.03,4813.99,Partially Paid
2836,2172,142,Patient 142,1999-09-28,Male,O-,9750072069,patient142@email.com,30,Dr. Ananya Singh,Radiology,9685126461,dr30@caresync.hospital,2026-07-25,08:30,Completed,Follow-Up,Hypertension,2026-09-26,20140.72,10003.14,4597.19,Rejected
2837,1577,116,Patient 116,1984-12-10,Female,B-,9557707813,patient116@email.com,2,Dr. Meena Joshi,General,9219540831,dr2@caresync.hospital,2026-07-07,14:30,Scheduled,Check-Up,Diabetes,2026-07-14,49480.77,5822.4,193.93,Paid
2841,2077,233,Patient 233,1988-04-16,Female,A+,9753903309,patient233@email.com,9,Dr. Rahul Gupta,Psychiatry,9890779946,dr9@caresync.hospital,2026-09-22,08:00,Cancelled,Follow-Up,Hypertension,2026-05-09,30211.52,5729.01,4856.44,Paid
2842,1711,477,Patient 477,1980-05-24,Other,O+,9999126903,patient477@email.com,1,Dr. Rajesh Kumar,Cardiology,9786579303,dr1@caresync.hospital,2026-08-19,15:30,Completed,Check-Up,Diabetes,2026-04-16,44868.01,348.37,3852.72,Partially Paid
2842,2207,477,Patient 477,1980-05-24,Other,O+,9999126903,patient477@email.com,1,Dr. Rajesh Kumar,Cardiology,9786579303,dr1@caresync.hospital,2026-08-19,15:30,Completed,Check-Up,Diabetes,2026-04-13,46784.59,19586.39,2393.18,Partially Paid
2843,1114,207,Patient 207,1979-11-17,Other,Ab+,9644830077,patient207@email.com,26,Dr. Priyanka Verma,Ent,9313500298,dr26@caresync.hospital,2026-09-24,14:00,Scheduled,Pain,Fever,2026-04-24,46955.99,10719.94,1784.83,Pending
2845,2094,3,Patient 3,1993-11-03,Other,B+,9880179899,patient3@email.com,20,Dr. Swati Iyer,Radiology,9334760738,dr20@caresync.hospital,2026-09-21,10:30,Completed,Routine,Headache,2026-05-16,28251.12,20012.99,2415.35,Pending
2848,1425,209,Patient 209,1998-08-20,Female,A+,9266140258,patient209@email.com,6,Dr. Anjali Nair,Ent,9362950628,dr6@caresync.hospital,2026-08-11,10:00,Completed,Pain,Fever,2026-08-17,16987.09,2230.36,3355.65,Paid
2849,2158,260,Patient 260,1957-03-10,Female,B-,9330997172,patient260@email.com,8,Dr. Deepika Malhotra,Gynecology,9249827706,dr8@caresync.hospital,2026-07-23,09:30,Scheduled,Emergency,Cold,2026-09-05,21501.01,10475.45,1701.57,Pending
2853,2075,258,Patient 258,1973-03-20,Other,A-,9901131404,patient258@email.com,9,Dr. Rahul Gupta,Psychiatry,9890779946,dr9@caresync.hospital,2026-09-09,08:00,Cancelled,Pain,Fever,2026-08-26,49522.68,48690.56,1461.96,Partially Paid
2857,2205,60,Patient 60,1954-01-28,Other,B-,9258435089,patient60@email.com,29,Dr. Manish Tandon,Psychiatry,9853041955,dr29@caresync.hospital,2026-06-01,14:30,Completed,Check-Up,Diabetes,2026-08-06,33235.37,6755.23,1358.81,Paid
2863,712,276,Patient 276,1977-03-24,Other,B-,9269017588,patient276@email.com,21,Dr. Aditya Mishra,Cardiology,9349817734,dr21@caresync.hospital,2026-04-16,10:30,Completed,Pain,Fever,2026-06-01,15252.85,11968.42,1569.82,Rejected
2863,1301,276,Patient 276,1977-03-24,Other,B-,9269017588,patient276@email.com,21,Dr. Aditya Mishra,Cardiology,9349817734,dr21@caresync.hospital,2026-04-16,10:30,Completed,Pain,Fever,2026-06-16,34818.06,773.29,2629.86,Paid
2866,1640,295,Patient 295,1981-08-26,Male,Ab+,9470626529,patient295@email.com,6,Dr. Anjali Nair,Ent,9362950628,dr6@caresync.hospital,2026-05-16,17:30,Completed,Follow-Up,Hypertension,2026-09-06,32152.87,9734.91,4122.51,Rejected
2867,2405,129,Patient 129,1967-01-01,Other,A+,9395296179,patient129@email.com,27,Dr. Harish Reddy,Neurology,9868820204,dr27@caresync.hospital,2026-09-01,15:30,Scheduled,Check-Up,Diabetes,2026-06-12,31274.15,15022.97,929.44,Paid
2868,2101,356,Patient 356,1984-08-15,Female,B-,9534900128,patient356@email.com,24,Dr. Isha Menon,Pediatrics,9128492780,dr24@caresync.hospital,2026-07-12,17:30,Cancelled,Pain,Fever,2026-08-03,11226.23,7804.12,2151.89,Paid
2871,1308,194,Patient 194,1962-03-01,Female,A-,9541102414,patient194@email.com,25,Dr. Sameer Khan,Dermatology,9702632297,dr25@caresync.hospital,2026-05-07,17:00,Cancelled,Follow-Up,Hypertension,2026-07-31,45416.3,2654.01,2245.04,Rejected
2871,2038,194,Patient 194,1962-03-01,Female,A-,9541102414,patient194@email.com,25,Dr. Sameer Khan,Dermatology,9702632297,dr25@caresync.hospital,2026-05-07,17:00,Cancelled,Follow-Up,Hypertension,2026-05-18,21486.22,462.91,187.6,Pending
2875,2414,125,Patient 125,1993-11-28,Female,O+,9753154389,patient125@email.com,2,Dr. Meena Joshi,General,9219540831,dr2@caresync.hospital,2026-08-05,16:30,Completed,Routine,Headache,2026-09-14,35464.19,27826.06,25.44,Pending
2878,2137,493,Patient 493,1979-12-10,Male,O+,9490732457,patient493@email.com,15,Dr. Ashok Singh,Dermatology,9734036506,dr15@caresync.hospital,2026-08-12,12:00,Completed,Pain,Fever,2026-06-30,47027.8,21739.08,4203.26,Paid
2879,905,398,Patient 398,1974-04-20,Female,O-,9353691745,patient398@email.com,6,Dr. Anjali Nair,Ent,9362950628,dr6@caresync.hospital,2026-05-08,10:00,Scheduled,Emergency,Cold,2026-07-14,24101.11,17009.21,3033.32,Paid
2882,558,236,Patient 236,1971-11-22,Female,B-,9844609017,patient236@email.com,17,Dr. Nitin Saxena,Neurology,9134126396,dr17@caresync.hospital,2026-09-07,09:30,Scheduled,Check-Up,Diabetes,2026-09-08,7096.82,863.47,3021.49,Pending
2884,373,301,Patient 301,1977-12-18,Male,O+,9736873048,patient301@email.com,4,Dr. Priya Singh,Pediatrics,9896233790,dr4@caresync.hospital,2026-04-26,14:30,Completed,Emergency,Cold,2026-07-04,19786.66,13811.32,4096.37,Paid
2885,2380,442,Patient 442,1955-10-28,Male,A-,9433297890,patient442@email.com,26,Dr. Priyanka Verma,Ent,9313500298,dr26@caresync.hospital,2026-05-03,12:00,Scheduled,Routine,Headache,2026-04-24,31277.24,22886.23,3939.38,Rejected
2889,1542,133,Patient 133,1977-09-01,Male,O+,9688793237,patient133@email.com,17,Dr. Nitin Saxena,Neurology,9134126396,dr17@caresync.hospital,2026-04-20,08:30,Cancelled,Emergency,Cold,2026-04-29,37994.67,11489.26,4019.16,Pending
2892,2019,325,Patient 325,1993-01-05,Male,O+,9562412302,patient325@email.com,24,Dr. Isha Menon,Pediatrics,9128492780,dr24@caresync.hospital,2026-06-12,15:00,Cancelled,Check-Up,Diabetes,2026-06-17,44084.64,19616.59,2868.89,Partially Paid
2894,390,113,Patient 113,1958-06-03,Female,A+,9165310776,patient113@email.com,37,Dr. Ekta Roy,Neurology,9106977991,dr37@caresync.hospital,2026-09-15,09:30,Scheduled,Emergency,Cold,2026-04-16,24360.54,17727.67,3061.08,Pending
2901,690,490,Patient 490,1951-10-18,Male,A-,9661296425,patient490@email.com,8,Dr. Deepika Malhotra,Gynecology,9249827706,dr8@caresync.hospital,2026-05-21,13:00,Cancelled,Follow-Up,Hypertension,2026-07-29,46592.57,25446.99,4106.81,Pending
2903,1780,265,Patient 265,1994-11-08,Male,A+,9269016920,patient265@email.com,14,Dr. Pooja Yadav,Pediatrics,9193349856,dr14@caresync.hospital,2026-09-23,17:30,Scheduled,Pain,Fever,2026-07-16,29719.38,23054.4,2880.54,Rejected
2908,60,135,Patient 135,1959-09-02,Other,Ab+,9449165212,patient135@email.com,25,Dr. Sameer Khan,Dermatology,9702632297,dr25@caresync.hospital,2026-08-01,15:00,Completed,Pain,Fever,2026-04-30,46295.0,31577.76,4057.33,Rejected
2911,1642,48,Patient 48,1966-09-28,Other,Ab-,9320337809,patient48@email.com,14,Dr. Pooja Yadav,Pediatrics,9193349856,dr14@caresync.hospital,2026-07-03,10:00,Completed,Follow-Up,Hypertension,2026-06-13,31509.74,27835.39,2878.57,Pending
2919,1811,477,Patient 477,1980-05-24,Other,O+,9999126903,patient477@email.com,10,Dr. Neha Chopra,Radiology,9210053353,dr10@caresync.hospital,2026-05-23,08:00,Cancelled,Emergency,Cold,2026-04-24,31211.81,29059.12,3833.62,Partially Paid
2921,944,244,Patient 244,1966-07-11,Male,B-,9464883950,patient244@email.com,19,Dr. Rohit Kapoor,Psychiatry,9200604502,dr19@caresync.hospital,2026-09-29,14:30,Scheduled,Follow-Up,Hypertension,2026-04-29,12660.08,12226.86,3804.85,Rejected
2922,1782,161,Patient 161,1961-10-09,Female,A+,9528133274,patient161@email.com,17,Dr. Nitin Saxena,Neurology,9134126396,dr17@caresync.hospital,2026-08-23,09:30,Cancelled,Check-Up,Diabetes,2026-05-26,39529.21,37574.81,119.63,Pending
2923,702,182,Patient 182,1985-01-10,Female,O-,9893276164,patient182@email.com,16,Dr. Divya Kumar,Ent,9553035110,dr16@caresync.hospital,2026-05-04,17:30,Completed,Pain,Fever,2026-05-09,35044.7,14492.41,941.87,Pending
2927,235,138,Patient 138,1952-05-12,Other,A-,9669681065,patient138@email.com,24,Dr. Isha Menon,Pediatrics,9128492780,dr24@caresync.hospital,2026-07-22,15:30,Scheduled,Check-Up,Diabetes,2026-06-06,45848.06,41909.92,1943.28,Partially Paid
2929,1368,485,Patient 485,1979-06-22,Female,O+,9366012797,patient485@email.com,30,Dr. Ananya Singh,Radiology,9685126461,dr30@caresync.hospital,2026-05-13,15:00,Completed,Emergency,Cold,2026-04-19,33752.21,27153.99,2498.53,Rejected
2930,494,383,Patient 383,1998-01-07,Female,Ab+,9182011731,patient383@email.com,6,Dr. Anjali Nair,Ent,9362950628,dr6@caresync.hospital,2026-09-19,12:00,Scheduled,Routine,Headache,2026-09-21,32039.03,12108.14,4798.12,Pending
2934,379,98,Patient 98,1954-11-28,Female,A-,9737444033,patient98@email.com,21,Dr. Aditya Mishra,Cardiology,9349817734,dr21@caresync.hospital,2026-05-31,16:30,Cancelled,Emergency,Cold,2026-07-29,12721.48,9296.79,2173.7,Partially Paid
2938,1732,121,Patient 121,1957-02-24,Male,A+,9576271425,patient121@email.com,28,Dr. Kavya Sharma,Gynecology,9797808098,dr28@caresync.hospital,2026-09-15,11:00,Completed,Pain,Fever,2026-07-09,41578.58,41567.04,3578.57,Rejected
2944,1328,118,Patient 118,1950-11-27,Male,O-,9215923129,patient118@email.com,4,Dr. Priya Singh,Pediatrics,9896233790,dr4@caresync.hospital,2026-06-27,15:00,Completed,Emergency,Cold,2026-07-06,21646.06,8593.61,633.88,Rejected
2946,2309,428,Patient 428,1981-09-02,Female,B-,9262089272,patient428@email.com,22,Dr. Riya Bhat,General,9642621108,dr22@caresync.hospital,2026-05-02,12:30,Cancelled,Follow-Up,Hypertension,2026-06-11,43118.65,29358.02,3083.7,Paid
2948,936,429,Patient 429,1989-02-08,Other,O+,9572191734,patient429@email.com,31,Dr. Vishal Kumar,Cardiology,9550455977,dr31@caresync.hospital,2026-08-13,15:30,Scheduled,Pain,Fever,2026-05-13,42367.25,39037.63,4847.07,Rejected
2954,387,62,Patient 62,1965-05-22,Female,O-,9739930411,patient62@email.com,17,Dr. Nitin Saxena,Neurology,9134126396,dr17@caresync.hospital,2026-05-06,11:30,Scheduled,Emergency,Cold,2026-08-14,11164.49,8736.76,619.84,Partially Paid
2956,4,41,Patient 41,1951-02-12,Female,A+,9154308262,patient41@email.com,40,Dr. Harini Das,Radiology,9271432881,dr40@caresync.hospital,2026-10-02,08:30,Completed,Follow-Up,Hypertension,2026-09-03,38954.77,31255.63,1923.63,Rejected
2957,751,347,Patient 347,1992-04-14,Female,B+,9718216692,patient347@email.com,25,Dr. Sameer Khan,Dermatology,9702632297,dr25@caresync.hospital,2026-05-26,14:00,Scheduled,Check-Up,Diabetes,2026-07-04,26809.44,25711.96,1416.42,Partially Paid
2958,1107,490,Patient 490,1951-10-18,Male,A-,9661296425,patient490@email.com,20,Dr. Swati Iyer,Radiology,9334760738,dr20@caresync.hospital,2026-06-10,15:30,Cancelled,Pain,Fever,2026-07-24,49646.14,39779.18,4485.34,Partially Paid
2961,1351,315,Patient 315,1958-05-02,Other,B+,9923935280,patient315@email.com,9,Dr. Rahul Gupta,Psychiatry,9890779946,dr9@caresync.hospital,2026-07-30,13:30,Cancelled,Follow-Up,Hypertension,2026-05-02,47276.33,18104.39,909.98,Partially Paid
2961,2237,315,Patient 315,1958-05-02,Other,B+,9923935280,patient315@email.com,9,Dr. Rahul Gupta,Psychiatry,9890779946,dr9@caresync.hospital,2026-07-30,13:30,Cancelled,Follow-Up,Hypertension,2026-06-24,29039.28,7838.11,2486.46,Paid
2963,2106,392,Patient 392,1957-11-27,Female,Ab-,9476990466,patient392@email.com,3,Dr. Amit Verma,Orthopedics,9126855092,dr3@caresync.hospital,2026-08-09,08:00,Scheduled,Pain,Fever,2026-06-03,29414.97,5612.99,2855.45,Pending
2964,479,439,Patient 439,1965-09-14,Male,Ab+,9477895080,patient439@email.com,38,Dr. Faheem Ahmed,Gynecology,9914763202,dr38@caresync.hospital,2026-07-21,12:30,Cancelled,Emergency,Cold,2026-05-31,45477.63,2774.36,4454.47,Partially Paid
2966,659,491,Patient 491,1970-10-08,Female,B+,9754773573,patient491@email.com,17,Dr. Nitin Saxena,Neurology,9134126396,dr17@caresync.hospital,2026-05-16,13:00,Scheduled,Follow-Up,Hypertension,2026-09-30,25771.66,24606.85,3349.62,Partially Paid
2972,506,162,Patient 162,1952-02-20,Other,A-,9546665485,patient162@email.com,9,Dr. Rahul Gupta,Psychiatry,9890779946,dr9@caresync.hospital,2026-08-05,13:30,Scheduled,Check-Up,Diabetes,2026-06-15,35644.33,20078.87,4262.95,Pending
2977,296,295,Patient 295,1981-08-26,Male,Ab+,9470626529,patient295@email.com,10,Dr. Neha Chopra,Radiology,9210053353,dr10@caresync.hospital,2026-07-25,11:00,Completed,Check-Up,Diabetes,2026-09-03,33035.01,1674.86,4250.81,Rejected
2977,1094,295,Patient 295,1981-08-26,Male,Ab+,9470626529,patient295@email.com,10,Dr. Neha Chopra,Radiology,9210053353,dr10@caresync.hospital,2026-07-25,11:00,Completed,Check-Up,Diabetes,2026-09-09,41359.35,28915.04,4870.07,Pending
2978,241,445,Patient 445,1959-04-15,Male,O+,9140380477,patient445@email.com,17,Dr. Nitin Saxena,Neurology,9134126396,dr17@caresync.hospital,2026-08-31,13:30,Scheduled,Pain,Fever,2026-06-08,20513.83,8652.97,4611.47,Paid
2988,1676,385,Patient 385,1968-08-23,Male,A+,9779919809,patient385@email.com,17,Dr. Nitin Saxena,Neurology,9134126396,dr17@caresync.hospital,2026-07-08,15:00,Cancelled,Pain,Fever,2026-06-26,45282.58,28557.61,1029.72,Rejected
